OBJECTID,Shape,INCKEY,COLDETKEY,ADDRTYPE,COLLISIONTYPE,DIAGRAMLINK,DISTANCE,EXCEPTRSNCODE,EXCEPTRSNDESC,FATALITIES,INATTENTIONIND,INCDATE,INCDTTM,INJURIES,INTKEY,JUNCTIONTYPE,LIGHTCOND,LOCATION,PEDCOUNT,PEDCYLCOUNT,PEDROWNOTGRNT,PERSONCOUNT,REPORTLINK,REPORTNO,ROADCOND,SDOT_COLCODE,SDOT_COLDESC,SDOTCOLNUM,SEGKEY,SERIOUSINJURIES,SEVERITYCODE,SEVERITYDESC,SPEEDING,ST_COLCODE,ST_COLDESC,STATUS,UNDERINFL,VEHCOUNT,WEATHER,WIDTH,SEGLANEKEY,CROSSWALKKEY,HITPARKEDCAR,SPDCASENO
2968,"""(47.60801107700007, -122.30372151999995)""",114466,114466,Intersection,Cycles,\\sdotnasvfa\sdot_vol1\H8\PROD\ATTACHMENTS\COL_DIAGRAM\33515500.bmp,0,,,0,,04/11/2010 07:00:00 AM +0000,4/11/2010 16:41,1,30174,At Intersection (intersection related),Daylight,22ND AVE AND E CHERRY ST,0,1,,2,\\sdotnasvfa\sdot_vol1\H8\PROD\ATTACHMENTS\COL_REPORT\3329146.pdf,3329146,Dry,51,PEDALCYCLIST STRUCK MOTOR VEHICLE FRONT END AT ANGLE,10101001,3229,0,2,Injury Collision,,45,Bicycle,Matched,N,1,Clear or Partly Cloudy,0,9559,0,N,2010-117642
3034,"""(47.61156267600006, -122.31677888999997)""",113103,113103,Intersection,Cycles,\\sdotnasvfa\sdot_vol1\H8\PROD\ATTACHMENTS\COL_DIAGRAM\11511200.bmp,0,,,0,,10/20/2010 07:00:00 AM +0000,10/20/2010 18:26,1,29774,At Intersection (intersection related),Dark - Street Lights On,12TH AVE AND E SPRING ST,0,1,Y,2,\\sdotnasvfa\sdot_vol1\H8\PROD\ATTACHMENTS\COL_REPORT\3386779.pdf,3386779,Dry,51,PEDALCYCLIST STRUCK MOTOR VEHICLE FRONT END AT ANGLE,10293028,1535,0,2,Injury Collision,,45,Bicycle,Matched,N,1,Clear or Partly Cloudy,0,10730,0,N,2010-367354
3037,"""(47.54397624500007, -122.38722466799999)""",113635,113635,Block,Cycles,\\sdotnasvfa\sdot_vol1\H8\PROD\ATTACHMENTS\COL_DIAGRAM\11517900.bmp,327.5,,,0,Y,08/01/2010 07:00:00 AM +0000,8/1/2010 21:04,0,,Mid-Block (not related to intersection),Dark - Street Lights On,CALIFORNIA AVE SW BETWEEN FAUNTLEROY WAY SW AND SW HOLLY ST,0,1,,2,\\sdotnasvfa\sdot_vol1\H8\PROD\ATTACHMENTS\COL_REPORT\3288027.pdf,3288027,Dry,51,PEDALCYCLIST STRUCK MOTOR VEHICLE FRONT END AT ANGLE,10213023,9566,0,1,Property Damage Only Collision,,45,Bicycle,Matched,N,1,Clear or Partly Cloudy,0,0,0,N,10-266377
3047,"""(47.67598716400005, -122.38158360999995)""",113366,113366,Block,Cycles,\\sdotnasvfa\sdot_vol1\H8\PROD\ATTACHMENTS\COL_DIAGRAM\77217900.bmp,133.5,,,0,Y,01/26/2010 08:00:00 AM +0000,1/26/2010 21:44,1,,Mid-Block (but intersection related),Dark - Street Lights On,NW 65TH ST BETWEEN 19TH AVE NW AND 20TH AVE NW,0,1,,2,\\sdotnasvfa\sdot_vol1\H8\PROD\ATTACHMENTS\COL_REPORT\3327810.pdf,3327810,Dry,21,"MOTOR VEHICLE STRUCK PEDALCYCLIST, REAR END",10026003,18624,0,2,Injury Collision,,45,Bicycle,Matched,N,1,Clear or Partly Cloudy,0,3710,0,N,10-29973
3117,"""(47.61788948000003, -122.35415335399995)""",114203,114203,Intersection,Cycles,\\sdotnasvfa\sdot_vol1\H8\PROD\ATTACHMENTS\COL_DIAGRAM\42188800.bmp,0,,,0,,11/16/2010 08:00:00 AM +0000,11/16/2010 17:07,1,29661,At Intersection (intersection related),Dark - Street Lights On,1ST AVE AND WARREN PL,0,1,Y,2,\\sdotnasvfa\sdot_vol1\H8\PROD\ATTACHMENTS\COL_REPORT\3346099.pdf,3346099,Dry,18,"MOTOR VEHICLE STRUCK PEDALCYCLIST, FRONT END AT ANGLE",10320027,1023,0,2,Injury Collision,,45,Bicycle,Matched,N,1,Overcast,0,14422,0,N,10-400040
3142,"""(47.66366435200007, -122.37612339299994)""",112971,112971,Intersection,Cycles,\\sdotnasvfa\sdot_vol1\H8\PROD\ATTACHMENTS\COL_DIAGRAM\11511800.bmp,0,,,0,,09/12/2010 07:00:00 AM +0000,9/12/2010 17:40,1,25468,At Intersection (intersection related),Daylight,15TH NB AVE NW AND NW LEARY WAY,0,1,,3,\\sdotnasvfa\sdot_vol1\H8\PROD\ATTACHMENTS\COL_REPORT\2892788.pdf,2892788,Dry,51,PEDALCYCLIST STRUCK MOTOR VEHICLE FRONT END AT ANGLE,10255013,2212,0,2,Injury Collision,,45,Bicycle,Matched,N,1,Clear or Partly Cloudy,0,18245,0,N,2010-320109
3189,"""(47.63954711300005, -122.32006287099995)""",113511,113511,Intersection,Cycles,\\sdotnasvfa\sdot_vol1\H8\PROD\ATTACHMENTS\COL_DIAGRAM\11513300.bmp,0,,,0,,09/18/2010 07:00:00 AM +0000,9/18/2010 2:17,1,28237,At Intersection (intersection related),Dark - Street Lights On,10TH AVE E AND E LYNN ST,0,1,Y,3,\\sdotnasvfa\sdot_vol1\H8\PROD\ATTACHMENTS\COL_REPORT\2796239.pdf,2796239,Wet,51,PEDALCYCLIST STRUCK MOTOR VEHICLE FRONT END AT ANGLE,10261001,1300,0,2,Injury Collision,,45,Bicycle,Matched,Y,1,Raining,0,6102,0,N,10-326917
3191,"""(47.57165394200007, -122.34924289499997)""",113242,113242,Intersection,Cycles,\\sdotnasvfa\sdot_vol1\H8\PROD\ATTACHMENTS\COL_DIAGRAM\11517700.bmp,0, ,,0,,07/15/2010 07:00:00 AM +0000,7/15/2010 7:06,1,32203,At Intersection (intersection related),Daylight,11TH AVE SW AND SW SPOKANE NR ST,0,1,,2,\\sdotnasvfa\sdot_vol1\H8\PROD\ATTACHMENTS\COL_REPORT\3197889.pdf,3197889,Dry,51,PEDALCYCLIST STRUCK MOTOR VEHICLE FRONT END AT ANGLE,10196011,22833,0,2,Injury Collision,,45,Bicycle,Matched,N,1,Clear or Partly Cloudy,0,0,525537,N,10-242885
3211,"""(47.614075667000066, -122.32078036699994)""",114212,114212,Intersection,Cycles,\\sdotnasvfa\sdot_vol1\H8\PROD\ATTACHMENTS\COL_DIAGRAM\17185500.bmp,0,,,0,,12/18/2010 08:00:00 AM +0000,12/18/2010 1:14,1,29745,At Intersection (intersection related),Dark - Street Lights On,BROADWAY AND E PIKE ST,0,1,Y,3,\\sdotnasvfa\sdot_vol1\H8\PROD\ATTACHMENTS\COL_REPORT\3559503.pdf,3559503,Dry,18,"MOTOR VEHICLE STRUCK PEDALCYCLIST, FRONT END AT ANGLE",10352016,9447,1,2b,Serious Injury Collision,,45,Bicycle,Matched,N,1,Clear or Partly Cloudy,0,6859,0,N,10 434483
3221,"""(47.57863325400007, -122.31335343299997)""",113931,113931,Intersection,Cycles,\\sdotnasvfa\sdot_vol1\H8\PROD\ATTACHMENTS\COL_DIAGRAM\77511100.bmp,0, ,,0,,07/21/2010 07:00:00 AM +0000,7/21/2010 17:52,1,31304,At Intersection (intersection related),Daylight,15TH AVE S AND S MCCLELLAN ST,0,1,,3,\\sdotnasvfa\sdot_vol1\H8\PROD\ATTACHMENTS\COL_REPORT\3335532.pdf,3335532,Dry,51,PEDALCYCLIST STRUCK MOTOR VEHICLE FRONT END AT ANGLE,10202013,2145,0,2,Injury Collision,Y,45,Bicycle,Matched,N,1,Clear or Partly Cloudy,0,0,520973,N,2010-251392
3262,"""(47.64409158900003, -122.34468815199995)""",114750,114750,Intersection,Cycles,\\sdotnasvfa\sdot_vol1\H8\PROD\ATTACHMENTS\COL_DIAGRAM\66184670.bmp,0,,,0,,12/09/2010 08:00:00 AM +0000,12/9/2010 7:18,1,28006,At Intersection (intersection related),Dawn,WESTLAKE EAST RDWY AVE N AND NEWELL ST,0,1,Y,2,\\sdotnasvfa\sdot_vol1\H8\PROD\ATTACHMENTS\COL_REPORT\3377776.pdf,3377776,Wet,18,"MOTOR VEHICLE STRUCK PEDALCYCLIST, FRONT END AT ANGLE",10343004,13557,0,2,Injury Collision,,45,Bicycle,Matched,N,1,Raining,0,0,0,N,10-423845
3264,"""(47.60230560100007, -122.33251943999994)""",114482,114482,Intersection,Cycles,\\sdotnasvfa\sdot_vol1\H8\PROD\ATTACHMENTS\COL_DIAGRAM\44514200.bmp,0, ,,0,,10/22/2010 07:00:00 AM +0000,10/22/2010 16:27,0,30482,At Intersection (intersection related),Daylight,2ND AVE AND JAMES ST,0,1,,2,\\sdotnasvfa\sdot_vol1\H8\PROD\ATTACHMENTS\COL_REPORT\3329930.pdf,3329930,Dry,51,PEDALCYCLIST STRUCK MOTOR VEHICLE FRONT END AT ANGLE,10295034,2749,0,1,Property Damage Only Collision,,45,Bicycle,Matched,N,1,Overcast,0,0,523248,N,2010-369696
3380,"""(47.60981423000004, -122.34092204399997)""",114624,114624,Intersection,Cycles,\\sdotnasvfa\sdot_vol1\H8\PROD\ATTACHMENTS\COL_DIAGRAM\44518700.bmp,0,,,0,,07/14/2010 07:00:00 AM +0000,7/14/2010 16:40,1,29585,At Intersection (intersection related),Daylight,1ST AVE AND PINE ST,0,1,Y,2,\\sdotnasvfa\sdot_vol1\H8\PROD\ATTACHMENTS\COL_REPORT\3346533.pdf,3346533,Dry,51,PEDALCYCLIST STRUCK MOTOR VEHICLE FRONT END AT ANGLE,10195032,1010,0,2,Injury Collision,,45,Bicycle,Matched,N,1,Clear or Partly Cloudy,0,36650,0,N,10-243041
3450,"""(47.629166619000046, -122.29603606699999)""",113391,113391,Block,Cycles,\\sdotnasvfa\sdot_vol1\H8\PROD\ATTACHMENTS\COL_DIAGRAM\87518800.bmp,631.5,,,0,,11/10/2010 08:00:00 AM +0000,11/10/2010 7:50,0,,Mid-Block (not related to intersection),Unknown,LAKE WASHINGTON BLVD E BETWEEN ARBORETUM DR E AND E INTERLAKEN BLVD,0,1,,2,\\sdotnasvfa\sdot_vol1\H8\PROD\ATTACHMENTS\COL_REPORT\3383078.pdf,3383078,Unknown,51,PEDALCYCLIST STRUCK MOTOR VEHICLE FRONT END AT ANGLE,10314044,11210,0,1,Property Damage Only Collision,,45,Bicycle,Matched,N,1,Unknown,0,8939,0,N,2010-392555
3487,"""(47.66135978400007, -122.32826075599996)""",113803,113803,Intersection,Cycles,\\sdotnasvfa\sdot_vol1\H8\PROD\ATTACHMENTS\COL_DIAGRAM\12183300.bmp,0,,,0,,10/10/2010 07:00:00 AM +0000,10/10/2010 16:14,1,27183,At Intersection (intersection related),Daylight,1ST AVE NE AND NE 45TH ST,0,1,,6,\\sdotnasvfa\sdot_vol1\H8\PROD\ATTACHMENTS\COL_REPORT\3559307.pdf,3559307,Dry,18,"MOTOR VEHICLE STRUCK PEDALCYCLIST, FRONT END AT ANGLE",10283043,1067,0,2,Injury Collision,,45,Bicycle,Matched,N,1,Overcast,0,6528,0,N,10 354811
3570,"""(47.69735921200004, -122.27762238799994)""",113533,113533,Intersection,Cycles,\\sdotnasvfa\sdot_vol1\H8\PROD\ATTACHMENTS\COL_DIAGRAM\55615500.bmp,0,,,0,,06/27/2010 07:00:00 AM +0000,6/27/2010 16:20,1,37812,At Intersection (intersection related),Daylight,SAND POINT WAY NE AND NE 95TH ST,0,1,Y,3,\\sdotnasvfa\sdot_vol1\H8\PROD\ATTACHMENTS\COL_REPORT\3377056.pdf,3377056,Dry,61,PEDALCYCLIST STRUCK PEDALCYCLIST REAR END,10178016,12735,0,2,Injury Collision,,45,Bicycle,Matched,N,1,Overcast,0,28117,0,N,10-218597
3593,"""(47.66500561700008, -122.32866697099996)""",114233,114233,Block,Cycles,\\sdotnasvfa\sdot_vol1\H8\PROD\ATTACHMENTS\COL_DIAGRAM\78517700.bmp,98,,,0,Y,12/17/2010 08:00:00 AM +0000,12/17/2010 8:23,1,,Mid-Block (but intersection related),Daylight,N 50TH ST BETWEEN EASTERN AVE N AND 1ST AVE NE,0,1,,5,\\sdotnasvfa\sdot_vol1\H8\PROD\ATTACHMENTS\COL_REPORT\3565043.pdf,3565043,Dry,51,PEDALCYCLIST STRUCK MOTOR VEHICLE FRONT END AT ANGLE,10351037,15656,1,2b,Serious Injury Collision,,45,Bicycle,Matched,N,1,Clear or Partly Cloudy,0,21542,0,N,10433464
3653,"""(47.552821136000034, -122.36297547599997)""",114373,114373,Block,Cycles,\\sdotnasvfa\sdot_vol1\H8\PROD\ATTACHMENTS\COL_DIAGRAM\33181907.bmp,329,,,0,,05/22/2010 07:00:00 AM +0000,5/22/2010 17:45,1,,Driveway Junction,Unknown,DELRIDGE WAY SW BETWEEN SW BRANDON ST AND SW FINDLAY ST,0,1,,2,\\sdotnasvfa\sdot_vol1\H8\PROD\ATTACHMENTS\COL_REPORT\2796612.pdf,2796612,Unknown,18,"MOTOR VEHICLE STRUCK PEDALCYCLIST, FRONT END AT ANGLE",10142030,9968,0,2,Injury Collision,,45,Bicycle,Matched,N,1,Unknown,0,0,0,N,10-176431
3687,"""(47.60378134500007, -122.33842408999999)""",112873,112873,Intersection,Cycles,\\sdotnasvfa\sdot_vol1\H8\PROD\ATTACHMENTS\COL_DIAGRAM\88548800.bmp,0,,,0,,10/01/2010 07:00:00 AM +0000,10/1/2010 13:35,0,29631,At Intersection (intersection related),Daylight,ALASKAN WAY AND MADISON ST,0,1,,2,\\sdotnasvfa\sdot_vol1\H8\PROD\ATTACHMENTS\COL_REPORT\3345654.pdf,3345654,Dry,54,PEDALCYCLIST STRUCK MOTOR VEHICLE REAR END,10274041,8720,0,1,Property Damage Only Collision,,45,Bicycle,Matched,N,1,Clear or Partly Cloudy,0,38504,0,N,2010-343382
3730,"""(47.71359991400004, -122.29859196199999)""",113965,113965,Block,Cycles,\\sdotnasvfa\sdot_vol1\H8\PROD\ATTACHMENTS\COL_DIAGRAM\88186907.bmp,240,,,0,,03/09/2010 08:00:00 AM +0000,3/9/2010,1,,Driveway Junction,Daylight,LAKE CITY WAY NE BETWEEN 27TH AVE NE AND NE 117TH ST,0,1,Y,2,\\sdotnasvfa\sdot_vol1\H8\PROD\ATTACHMENTS\COL_REPORT\3198645.pdf,3198645,Dry,18,"MOTOR VEHICLE STRUCK PEDALCYCLIST, FRONT END AT ANGLE",10068018,11177,0,2,Injury Collision,,45,Bicycle,Matched,0,1,Clear or Partly Cloudy,0,0,0,N,10-78582
3807,"""(47.64087739100006, -122.325889916)""",113017,113017,Block,Cycles,\\sdotnasvfa\sdot_vol1\H8\PROD\ATTACHMENTS\COL_DIAGRAM\18511100.bmp,420,,,0,,12/30/2010 08:00:00 AM +0000,12/30/2010 16:30,1,,Mid-Block (not related to intersection),Dusk,EASTLAKE AVE E BETWEEN E LYNN ST AND E LOUISA ST,0,1,,3,\\sdotnasvfa\sdot_vol1\H8\PROD\ATTACHMENTS\COL_REPORT\3335417.pdf,3335417,Dry,51,PEDALCYCLIST STRUCK MOTOR VEHICLE FRONT END AT ANGLE,10364006,10177,0,2,Injury Collision,,45,Bicycle,Matched,N,1,Clear or Partly Cloudy,0,54728,0,N,10-447174
3813,"""(47.59449258300003, -122.29657526899996)""",113014,113014,Intersection,Cycles,\\sdotnasvfa\sdot_vol1\H8\PROD\ATTACHMENTS\COL_DIAGRAM\33511100.bmp,0, ,,0,,10/09/2010 07:00:00 AM +0000,10/9/2010 18:38,0,30656,At Intersection (but not related to intersection),Daylight,28TH AVE S AND S CHARLES ST,0,1,,2,\\sdotnasvfa\sdot_vol1\H8\PROD\ATTACHMENTS\COL_REPORT\3332405.pdf,3332405,Dry,51,PEDALCYCLIST STRUCK MOTOR VEHICLE FRONT END AT ANGLE,10282001,4184,0,1,Property Damage Only Collision,,45,Bicycle,Matched,N,1,Clear or Partly Cloudy,0,0,0,N,10-235523
3870,"""(47.59648601400005, -122.32904622099994)""",113420,113420,Intersection,Cycles,\\sdotnasvfa\sdot_vol1\H8\PROD\ATTACHMENTS\COL_DIAGRAM\88186471.bmp,0, ,,0,,04/01/2010 07:00:00 AM +0000,4/1/2010 15:20,0,30538,At Intersection (intersection related),Daylight,4TH AVE S AND SEATTLE BLVD S,0,1,Y,2,\\sdotnasvfa\sdot_vol1\H8\PROD\ATTACHMENTS\COL_REPORT\3334929.pdf,3334929,Wet,18,"MOTOR VEHICLE STRUCK PEDALCYCLIST, FRONT END AT ANGLE",10091005,6232,0,1,Property Damage Only Collision,,45,Bicycle,Matched,N,1,Raining,0,0,522348,N,10-106143
3871,"""(47.65448187100003, -122.31446453699999)""",113419,113419,Block,Cycles,\\sdotnasvfa\sdot_vol1\H8\PROD\ATTACHMENTS\COL_DIAGRAM\55187973.bmp,322.5, ,,0,,03/31/2010 07:00:00 AM +0000,3/31/2010 17:45,1,,Mid-Block (not related to intersection),Daylight,BROOKLYN AVE NE BETWEEN NE PACIFIC ST AND NE 40TH ST,0,1,,2,\\sdotnasvfa\sdot_vol1\H8\PROD\ATTACHMENTS\COL_REPORT\3376033.pdf,3376033,Dry,18,"MOTOR VEHICLE STRUCK PEDALCYCLIST, FRONT END AT ANGLE",10090006,9475,0,2,Injury Collision,,45,Bicycle,Matched,N,1,Clear or Partly Cloudy,0,0,525567,N,10-105069
3883,"""(47.55892134800007, -122.32317369199995)""",114389,114389,Block,Cycles,\\sdotnasvfa\sdot_vol1\H8\PROD\ATTACHMENTS\COL_DIAGRAM\11231900.bmp,325.5,,,0,,03/24/2010 07:00:00 AM +0000,3/24/2010 20:11,1,,Mid-Block (not related to intersection),Dark - Street Lights On,AIRPORT WAY S BETWEEN S EDMUNDS ST AND AIRPORT WY S VI,0,1,Y,2,\\sdotnasvfa\sdot_vol1\H8\PROD\ATTACHMENTS\COL_REPORT\3343975.pdf,3343975,Dry,23,"MOTOR VEHICLE STRUCK PEDALCYCLIST, LEFT SIDE SIDESWIPE",10083012,8688,0,2,Injury Collision,,45,Bicycle,Matched,0,1,Clear or Partly Cloudy,0,21166,0,N,10-97037
3886,"""(47.61775184700008, -122.33834443499995)""",113967,113967,Intersection,Cycles,\\sdotnasvfa\sdot_vol1\H8\PROD\ATTACHMENTS\COL_DIAGRAM\22515400.bmp,0,,,0,,11/07/2010 07:00:00 AM +0000,11/7/2010 17:50,1,29509,At Intersection (intersection related),Dark - Street Lights On,BLANCHARD ST AND WESTLAKE AVE,0,1,,3,\\sdotnasvfa\sdot_vol1\H8\PROD\ATTACHMENTS\COL_REPORT\3560430.pdf,3560430,Dry,51,PEDALCYCLIST STRUCK MOTOR VEHICLE FRONT END AT ANGLE,10311023,617720,0,2,Injury Collision,,45,Bicycle,Matched,N,1,Clear or Partly Cloudy,0,37224,0,N,2010-389568
3954,"""(47.672147530000075, -122.29023363899995)""",114524,114524,Intersection,Cycles,\\sdotnasvfa\sdot_vol1\H8\PROD\ATTACHMENTS\COL_DIAGRAM\12511900.bmp,0,,,0,,10/20/2010 07:00:00 AM +0000,10/20/2010 15:30,1,26193,At Intersection (but not related to intersection),Daylight,35TH AVE NE AND NE 60TH ST,0,1,,2,\\sdotnasvfa\sdot_vol1\H8\PROD\ATTACHMENTS\COL_REPORT\3565680.pdf,3565680,Dry,51,PEDALCYCLIST STRUCK MOTOR VEHICLE FRONT END AT ANGLE,10293025,5357,0,2,Injury Collision,,45,Bicycle,Matched,N,1,Clear or Partly Cloudy,0,30277,0,N,10-367129
4109,"""(47.647507173000065, -122.37663546499999)""",113704,113704,Block,Cycles,\\sdotnasvfa\sdot_vol1\H8\PROD\ATTACHMENTS\COL_DIAGRAM\55215500.bmp,354,,,0,Y,02/22/2010 08:00:00 AM +0000,2/22/2010 16:27,1,,Mid-Block (but intersection related),Daylight,15TH AV W SB ON RP BETWEEN 15TH AVE W AND W DRAVUS ST,0,1,Y,2,\\sdotnasvfa\sdot_vol1\H8\PROD\ATTACHMENTS\COL_REPORT\3335039.pdf,3335039,Dry,21,"MOTOR VEHICLE STRUCK PEDALCYCLIST, REAR END",10053019,2207,0,2,Injury Collision,,45,Bicycle,Matched,N,1,Clear or Partly Cloudy,0,19321,0,N,10-60495
4128,"""(47.55942995000004, -122.28211254299998)""",113568,113568,Block,Cycles,\\sdotnasvfa\sdot_vol1\H8\PROD\ATTACHMENTS\COL_DIAGRAM\77549700.bmp,336,,,0,Y,05/07/2010 07:00:00 AM +0000,5/7/2010 14:05,1,,Mid-Block (not related to intersection),Daylight,S ANGELINE ST BETWEEN 39TH AVE S AND 42ND AVE S,0,1,,2,\\sdotnasvfa\sdot_vol1\H8\PROD\ATTACHMENTS\COL_REPORT\3344293.pdf,3344293,Dry,54,PEDALCYCLIST STRUCK MOTOR VEHICLE REAR END,10127005,19298,0,2,Injury Collision,,45,Bicycle,Matched,N,1,Clear or Partly Cloudy,0,0,0,N,2010-149158
4155,"""(47.60373279300006, -122.33382457199997)""",114272,114272,Intersection,Cycles,\\sdotnasvfa\sdot_vol1\H8\PROD\ATTACHMENTS\COL_DIAGRAM\44516600.bmp,0, ,,0,,09/10/2010 07:00:00 AM +0000,9/10/2010 23:21,1,29969,At Intersection (intersection related),Dark - Street Lights On,2ND AVE AND COLUMBIA ST,0,1,,4,\\sdotnasvfa\sdot_vol1\H8\PROD\ATTACHMENTS\COL_REPORT\3345680.pdf,3345680,Dry,51,PEDALCYCLIST STRUCK MOTOR VEHICLE FRONT END AT ANGLE,10253022,2751,0,2,Injury Collision,,45,Bicycle,Matched,N,1,Clear or Partly Cloudy,0,12041,0,N,10-318103
4185,"""(47.675898483000026, -122.32492069599999)""",114672,114672,Block,Cycles,\\sdotnasvfa\sdot_vol1\H8\PROD\ATTACHMENTS\COL_DIAGRAM\33569300.bmp,127.5,,,0,Y,05/16/2010 07:00:00 AM +0000,5/16/2010 18:42,1,,Mid-Block (not related to intersection),Daylight,NE 65TH ST BETWEEN LATONA E AVE NE AND 4TH AVE NE,0,1,,2,\\sdotnasvfa\sdot_vol1\H8\PROD\ATTACHMENTS\COL_REPORT\3377336.pdf,3377336,Dry,56,PEDALCYCLIST STRUCK MOTOR VEHICLE LEFT SIDE SIDESWIPE,10136003,17251,0,2,Injury Collision,,45,Bicycle,Matched,N,1,Clear or Partly Cloudy,0,6651,0,N,2010-160863
4292,"""(47.637774722000074, -122.35693398499996)""",113854,113854,Block,Cycles,\\sdotnasvfa\sdot_vol1\H8\PROD\ATTACHMENTS\COL_DIAGRAM\55569500.bmp,221,,,0,,07/13/2010 07:00:00 AM +0000,7/13/2010 12:00,1,,Mid-Block (not related to intersection),Daylight,QUEEN ANNE AVE N BETWEEN CROCKETT ST AND BOSTON ST,0,1,Y,3,\\sdotnasvfa\sdot_vol1\H8\PROD\ATTACHMENTS\COL_REPORT\3346579.pdf,3346579,Dry,56,PEDALCYCLIST STRUCK MOTOR VEHICLE LEFT SIDE SIDESWIPE,10194016,12313,0,2,Injury Collision,,45,Bicycle,Matched,N,1,Clear or Partly Cloudy,0,10896,0,N,10-240374
4306,"""(47.60785918400006, -122.34066884699996)""",113719,113719,Block,Cycles,\\sdotnasvfa\sdot_vol1\H8\PROD\ATTACHMENTS\COL_DIAGRAM\23188800.bmp,213,,,0,,12/05/2010 08:00:00 AM +0000,12/5/2010 13:29,1,,Driveway Junction,Daylight,WESTERN AVE BETWEEN UNION ST AND PIKE ST,0,1,Y,2,\\sdotnasvfa\sdot_vol1\H8\PROD\ATTACHMENTS\COL_REPORT\3329872.pdf,3329872,Wet,18,"MOTOR VEHICLE STRUCK PEDALCYCLIST, FRONT END AT ANGLE",10339014,13503,0,2,Injury Collision,,45,Bicycle,Matched,N,1,Overcast,0,13036,0,N,10-419469
4323,"""(47.65134880900007, -122.34993445299995)""",113045,113045,Intersection,Cycles,\\sdotnasvfa\sdot_vol1\H8\PROD\ATTACHMENTS\COL_DIAGRAM\45514400.bmp,0, ,,0,,09/25/2010 07:00:00 AM +0000,9/25/2010 0:40,1,27027,At Intersection (intersection related),Dark - Street Lights On,FREMONT AVE N AND N 36TH ST,0,1,,5,\\sdotnasvfa\sdot_vol1\H8\PROD\ATTACHMENTS\COL_REPORT\3558779.pdf,3558779,Dry,51,PEDALCYCLIST STRUCK MOTOR VEHICLE FRONT END AT ANGLE,10268006,10487,0,2,Injury Collision,,45,Bicycle,Matched,N,1,Clear or Partly Cloudy,0,8360,0,N,10-335237
4349,"""(47.62842769400004, -122.34231515099998)""",112908,112908,Block,Cycles,\\sdotnasvfa\sdot_vol1\H8\PROD\ATTACHMENTS\COL_DIAGRAM\55515600.bmp,471,,,0,,06/01/2010 07:00:00 AM +0000,6/1/2010 8:45,1,,Mid-Block (not related to intersection),Daylight,DEXTER AVE N BETWEEN ALOHA ST AND HIGHLAND DR,0,1,Y,2,\\sdotnasvfa\sdot_vol1\H8\PROD\ATTACHMENTS\COL_REPORT\2797565.pdf,2797565,Dry,51,PEDALCYCLIST STRUCK MOTOR VEHICLE FRONT END AT ANGLE,10152033,10080,0,2,Injury Collision,,45,Bicycle,Matched,N,1,Clear or Partly Cloudy,0,12788,0,N,10-182243
4405,"""(47.61239802600005, -122.34089245499996)""",114554,114554,Intersection,Cycles,\\sdotnasvfa\sdot_vol1\H8\PROD\ATTACHMENTS\COL_DIAGRAM\43188800.bmp,0, ,,0,,08/19/2010 07:00:00 AM +0000,8/19/2010 17:13,1,29563,At Intersection (intersection related),Daylight,3RD AVE AND VIRGINIA ST,0,1,Y,2,\\sdotnasvfa\sdot_vol1\H8\PROD\ATTACHMENTS\COL_REPORT\3373626.pdf,3373626,Dry,18,"MOTOR VEHICLE STRUCK PEDALCYCLIST, FRONT END AT ANGLE",10231010,4387,0,2,Injury Collision,,45,Bicycle,Matched,N,1,Clear or Partly Cloudy,0,34736,0,N,10-289985
4509,"""(47.660763286000076, -122.350032108)""",113877,113877,Intersection,Cycles,\\sdotnasvfa\sdot_vol1\H8\PROD\ATTACHMENTS\COL_DIAGRAM\44517800.bmp,0,,,0,,05/06/2010 07:00:00 AM +0000,5/6/2010 13:25,1,26926,At Intersection (intersection related),Daylight,FREMONT AVE N AND N ALLEN PL,0,1,,2,\\sdotnasvfa\sdot_vol1\H8\PROD\ATTACHMENTS\COL_REPORT\3376374.pdf,3376374,Dry,51,PEDALCYCLIST STRUCK MOTOR VEHICLE FRONT END AT ANGLE,10126002,10497,0,2,Injury Collision,,45,Bicycle,Matched,N,1,Clear or Partly Cloudy,0,8449,0,N,2010-147833
4521,"""(47.57557557400003, -122.33420302499997)""",113738,113738,Intersection,Cycles,\\sdotnasvfa\sdot_vol1\H8\PROD\ATTACHMENTS\COL_DIAGRAM\11511200.bmp,0,,,0,,05/03/2010 07:00:00 AM +0000,5/3/2010 16:19,1,31379,At Intersection (intersection related),Daylight,1ST AVE S AND S HANFORD ST,0,1,Y,4,\\sdotnasvfa\sdot_vol1\H8\PROD\ATTACHMENTS\COL_REPORT\3211237.pdf,3211237,Dry,51,PEDALCYCLIST STRUCK MOTOR VEHICLE FRONT END AT ANGLE,10123007,1210,0,2,Injury Collision,,45,Bicycle,Matched,N,1,Clear or Partly Cloudy,0,5378,0,N,10-144139