OBJECTID,Shape,INCKEY,COLDETKEY,ADDRTYPE,COLLISIONTYPE,DIAGRAMLINK,DISTANCE,EXCEPTRSNCODE,EXCEPTRSNDESC,FATALITIES,INATTENTIONIND,INCDATE,INCDTTM,INJURIES,INTKEY,JUNCTIONTYPE,LIGHTCOND,LOCATION,PEDCOUNT,PEDCYLCOUNT,PEDROWNOTGRNT,PERSONCOUNT,REPORTLINK,REPORTNO,ROADCOND,SDOT_COLCODE,SDOT_COLDESC,SDOTCOLNUM,SEGKEY,SERIOUSINJURIES,SEVERITYCODE,SEVERITYDESC,SPEEDING,ST_COLCODE,ST_COLDESC,STATUS,UNDERINFL,VEHCOUNT,WEATHER,WIDTH,SEGLANEKEY,CROSSWALKKEY,HITPARKEDCAR,SPDCASENO
4529,"""(47.581893113000035, -122.32998835799998)""",113735,113735,Intersection,Cycles,\\sdotnasvfa\sdot_vol1\H8\PROD\ATTACHMENTS\COL_DIAGRAM\11187600.bmp,0,,,0,,04/22/2010 07:00:00 AM +0000,4/22/2010 11:24,0,31363,At Intersection (intersection related),Daylight,3RD AVE S AND S STACY ST,0,1,,2,\\sdotnasvfa\sdot_vol1\H8\PROD\ATTACHMENTS\COL_REPORT\3326247.pdf,3326247,Dry,18,"MOTOR VEHICLE STRUCK PEDALCYCLIST, FRONT END AT ANGLE",10112016,4521,0,1,Property Damage Only Collision,,45,Bicycle,Matched,N,1,Clear or Partly Cloudy,0,0,0,N,10-130951
4542,"""(47.65104751100006, -122.32168580199999)""",113193,113193,Block,Cycles,\\sdotnasvfa\sdot_vol1\H8\PROD\ATTACHMENTS\COL_DIAGRAM\81518800.bmp,218,,,0,,08/19/2010 07:00:00 AM +0000,8/19/2010 9:30,1,,Mid-Block (not related to intersection),Daylight,EASTLAKE AVE E BETWEEN HARVARD AVE E AND FUHRMAN AVE E,0,1,,5,\\sdotnasvfa\sdot_vol1\H8\PROD\ATTACHMENTS\COL_REPORT\3332611.pdf,3332611,Dry,51,PEDALCYCLIST STRUCK MOTOR VEHICLE FRONT END AT ANGLE,10231008,10184,0,2,Injury Collision,,45,Bicycle,Matched,N,1,Overcast,0,6078,0,N,10-289471
4567,"""(47.684760760000074, -122.34179323199999)""",114291,114291,Intersection,Cycles,\\sdotnasvfa\sdot_vol1\H8\PROD\ATTACHMENTS\COL_DIAGRAM\54517700.bmp,0,,,0,,09/14/2010 07:00:00 AM +0000,9/14/2010 16:15,1,24250,At Intersection (intersection related),Daylight,STONE AVE N AND N 77TH ST,0,1,,2,\\sdotnasvfa\sdot_vol1\H8\PROD\ATTACHMENTS\COL_REPORT\3374999.pdf,3374999,Dry,51,PEDALCYCLIST STRUCK MOTOR VEHICLE FRONT END AT ANGLE,10257001,12920,0,2,Injury Collision,,45,Bicycle,Matched,N,1,Clear or Partly Cloudy,0,0,0,N,10 32255 9
4601,"""(47.57109679900003, -122.34747999399997)""",113201,113201,Block,Cycles,\\sdotnasvfa\sdot_vol1\H8\PROD\ATTACHMENTS\COL_DIAGRAM\33513400.bmp,310.5,,,0,,07/27/2010 07:00:00 AM +0000,7/27/2010 6:11,1,,Driveway Junction,Daylight,SW KLICKITAT SR WAY BETWEEN SW SPOKANE ST AND 11TH CR AVE SW,0,1,,2,\\sdotnasvfa\sdot_vol1\H8\PROD\ATTACHMENTS\COL_REPORT\3197892.pdf,3197892,Dry,51,PEDALCYCLIST STRUCK MOTOR VEHICLE FRONT END AT ANGLE,10208035,22520,0,2,Injury Collision,,45,Bicycle,Matched,N,1,Clear or Partly Cloudy,0,39178,0,N,10-258753
4614,"""(47.661357277000036, -122.32775751099996)""",113339,113339,Block,Cycles,\\sdotnasvfa\sdot_vol1\H8\PROD\ATTACHMENTS\COL_DIAGRAM\18183300.bmp,124.5,,,0,Y,12/11/2010 08:00:00 AM +0000,12/11/2010 22:13,1,,Driveway Junction,Dark - Street Lights On,NE 45TH ST BETWEEN 1ST AVE NE AND 2ND AVE NE,0,1,Y,3,\\sdotnasvfa\sdot_vol1\H8\PROD\ATTACHMENTS\COL_REPORT\3562052.pdf,3562052,Wet,18,"MOTOR VEHICLE STRUCK PEDALCYCLIST, FRONT END AT ANGLE",10345030,16838,0,2,Injury Collision,,45,Bicycle,Matched,N,1,Raining,0,6532,0,N,10-426913
4656,"""(47.58740836700008, -122.38629838799994)""",114026,114026,Block,Cycles,\\sdotnasvfa\sdot_vol1\H8\PROD\ATTACHMENTS\COL_DIAGRAM\11511200.bmp,233,,,0,,09/25/2010 07:00:00 AM +0000,9/25/2010 10:00,1,,Mid-Block (not related to intersection),Daylight,CALIFORNIA AVE SW BETWEEN SW MASSACHUSETTS ST AND SW HOLGATE ST,0,1,Y,2,\\sdotnasvfa\sdot_vol1\H8\PROD\ATTACHMENTS\COL_REPORT\3331404.pdf,3331404,Dry,51,PEDALCYCLIST STRUCK MOTOR VEHICLE FRONT END AT ANGLE,10268022,9534,0,2,Injury Collision,,45,Bicycle,Matched,N,1,Clear or Partly Cloudy,0,32627,0,N,10-335623
4659,"""(47.66219540600008, -122.36786512799995)""",113881,113881,Intersection,Cycles,\\sdotnasvfa\sdot_vol1\H8\PROD\ATTACHMENTS\COL_DIAGRAM\33213900.bmp,0, ,,0,,03/24/2010 07:00:00 AM +0000,3/24/2010 15:22,1,25464,At Intersection (intersection related),Daylight,LEARY WAY NW AND NW 46TH ST,0,1,Y,2,\\sdotnasvfa\sdot_vol1\H8\PROD\ATTACHMENTS\COL_REPORT\3328124.pdf,3328124,Dry,21,"MOTOR VEHICLE STRUCK PEDALCYCLIST, REAR END",10083008,11347,0,2,Injury Collision,,45,Bicycle,Matched,N,1,Clear or Partly Cloudy,0,0,0,N,10-96715
4662,"""(47.683537847000025, -122.32290725799999)""",113747,113747,Intersection,Cycles,\\sdotnasvfa\sdot_vol1\H8\PROD\ATTACHMENTS\COL_DIAGRAM\55513300.bmp,0,,,0,,10/20/2010 07:00:00 AM +0000,10/20/2010 7:05,1,24419,At Intersection (intersection related),Dawn,5TH AVE NE AND NE 76TH ST,0,1,,2,\\sdotnasvfa\sdot_vol1\H8\PROD\ATTACHMENTS\COL_REPORT\3375264.pdf,3375264,Dry,51,PEDALCYCLIST STRUCK MOTOR VEHICLE FRONT END AT ANGLE,10293027,7310,0,2,Injury Collision,,45,Bicycle,Matched,N,1,Clear or Partly Cloudy,0,7480,0,N,10-366608
4726,"""(47.51747232000008, -122.37551294299999)""",116444,116444,Intersection,Cycles,\\sdotnasvfa\sdot_vol1\H8\PROD\ATTACHMENTS\COL_DIAGRAM\11517700.bmp,0,,,0,,03/03/2010 08:00:00 AM +0000,3/3/2010 18:28,1,34956,At Intersection (intersection related),Dark - Street Lights On,34TH AVE SW AND SW ROXBURY ST,0,1,,2,\\sdotnasvfa\sdot_vol1\H8\PROD\ATTACHMENTS\COL_REPORT\3288256.pdf,3288256,Dry,51,PEDALCYCLIST STRUCK MOTOR VEHICLE FRONT END AT ANGLE,10062014,5306,0,2,Injury Collision,,45,Bicycle,Matched,N,1,Clear or Partly Cloudy,0,0,0,N,10-71456
4727,"""(47.61521616700003, -122.32649732799996)""",116709,116709,Block,Cycles,\\sdotnasvfa\sdot_vol1\H8\PROD\ATTACHMENTS\COL_DIAGRAM\78517700.bmp,76,,,0,,08/17/2010 07:00:00 AM +0000,8/17/2010 15:19,1,,Mid-Block (not related to intersection),Daylight,E PINE ST BETWEEN BELLEVUE AVE AND CRAWFORD PL,0,1,Y,4,\\sdotnasvfa\sdot_vol1\H8\PROD\ATTACHMENTS\COL_REPORT\3332484.pdf,3332484,Dry,51,PEDALCYCLIST STRUCK MOTOR VEHICLE FRONT END AT ANGLE,10229023,14628,0,2,Injury Collision,,45,Bicycle,Matched,N,1,Clear or Partly Cloudy,0,10342,0,N,10-287252
4741,"""(47.661385583000026, -122.34066246399999)""",115117,115117,Intersection,Cycles,\\sdotnasvfa\sdot_vol1\H8\PROD\ATTACHMENTS\COL_DIAGRAM\31187700.bmp,0,,,0,,12/04/2010 08:00:00 AM +0000,12/4/2010 16:23,1,26793,At Intersection (intersection related),Dusk,INTERLAKE AVE N AND N 45TH ST,0,1,Y,3,\\sdotnasvfa\sdot_vol1\H8\PROD\ATTACHMENTS\COL_REPORT\3559318.pdf,3559318,Dry,18,"MOTOR VEHICLE STRUCK PEDALCYCLIST, FRONT END AT ANGLE",10338029,11012,0,2,Injury Collision,,45,Bicycle,Matched,N,1,Clear or Partly Cloudy,0,6459,0,N,10-419493
4770,"""(47.661269366000056, -122.31312965799998)""",115250,115250,Intersection,Cycles,\\sdotnasvfa\sdot_vol1\H8\PROD\ATTACHMENTS\COL_DIAGRAM\33185371.bmp,0, ,,0,,01/03/2010 08:00:00 AM +0000,1/3/2010 20:23,1,27062,At Intersection (intersection related),Dark - Street Lights On,UNIVERSITY WAY NE AND NE 45TH ST,0,1,,3,\\sdotnasvfa\sdot_vol1\H8\PROD\ATTACHMENTS\COL_REPORT\3344131.pdf,3344131,Wet,18,"MOTOR VEHICLE STRUCK PEDALCYCLIST, FRONT END AT ANGLE",10003022,13222,0,2,Injury Collision,,45,Bicycle,Matched,N,1,Raining,0,0,524692,N,2010-3104
4801,"""(47.608756225000036, -122.33688460299999)""",115793,115793,Intersection,Cycles,\\sdotnasvfa\sdot_vol1\H8\PROD\ATTACHMENTS\COL_DIAGRAM\66188800.bmp,0,,,0,,05/17/2010 07:00:00 AM +0000,5/17/2010 20:11,1,29591,At Intersection (intersection related),Daylight,3RD AVE AND UNION ST,0,1,,2,\\sdotnasvfa\sdot_vol1\H8\PROD\ATTACHMENTS\COL_REPORT\3344868.pdf,3344868,Dry,18,"MOTOR VEHICLE STRUCK PEDALCYCLIST, FRONT END AT ANGLE",10137002,4383,0,2,Injury Collision,,45,Bicycle,Matched,N,1,Clear or Partly Cloudy,0,35825,0,N,10-162289
4836,"""(47.661354747000075, -122.32725022499994)""",116851,116851,Intersection,Cycles,\\sdotnasvfa\sdot_vol1\H8\PROD\ATTACHMENTS\COL_DIAGRAM\33513500.bmp,0,,,0,,02/06/2010 08:00:00 AM +0000,2/6/2010 15:50,1,27182,At Intersection (intersection related),Daylight,2ND AVE NE AND NE 45TH ST,0,1,Y,3,\\sdotnasvfa\sdot_vol1\H8\PROD\ATTACHMENTS\COL_REPORT\3286572.pdf,3286572,Dry,51,PEDALCYCLIST STRUCK MOTOR VEHICLE FRONT END AT ANGLE,10037002,2803,0,2,Injury Collision,,45,Bicycle,Matched,N,1,Clear or Partly Cloudy,0,6532,0,N,10-42821
4851,"""(47.72867768000003, -122.34503704399998)""",116718,116718,Intersection,Cycles,\\sdotnasvfa\sdot_vol1\H8\PROD\ATTACHMENTS\COL_DIAGRAM\33185500.bmp,0,,,0,,01/20/2010 08:00:00 AM +0000,1/20/2010 5:49,1,35748,At Intersection (intersection related),Dark - Street Lights On,AURORA AVE N AND N 137TH ST,0,1,Y,2,\\sdotnasvfa\sdot_vol1\H8\PROD\ATTACHMENTS\COL_REPORT\2905189.pdf,2905189,Dry,18,"MOTOR VEHICLE STRUCK PEDALCYCLIST, FRONT END AT ANGLE",10020022,8997,0,2,Injury Collision,,45,Bicycle,Matched,0,1,Clear or Partly Cloudy,0,14964,0,N,10-21943.
4886,"""(47.62719238600005, -122.35668955499995)""",114990,114990,Intersection,Cycles,\\sdotnasvfa\sdot_vol1\H8\PROD\ATTACHMENTS\COL_DIAGRAM\55517700.bmp,0,,,0,,01/10/2010 08:00:00 AM +0000,1/10/2010 12:57,1,28605,At Intersection (intersection related),Daylight,ALOHA ST AND QUEEN ANNE AVE N,0,1,Y,2,\\sdotnasvfa\sdot_vol1\H8\PROD\ATTACHMENTS\COL_REPORT\3345042.pdf,3345042,Dry,51,PEDALCYCLIST STRUCK MOTOR VEHICLE FRONT END AT ANGLE,10010019,8804,0,2,Injury Collision,,45,Bicycle,Matched,N,1,Clear or Partly Cloudy,0,30638,0,N,10-10714
4908,"""(47.61294055900004, -122.29619919499999)""",114983,114983,Intersection,Cycles,\\sdotnasvfa\sdot_vol1\H8\PROD\ATTACHMENTS\COL_DIAGRAM\33517600.bmp,0,,,0,,08/09/2010 07:00:00 AM +0000,8/9/2010 17:42,1,30022,At Intersection (intersection related),Daylight,M L KING JR WAY AND E UNION ST,0,1,Y,2,\\sdotnasvfa\sdot_vol1\H8\PROD\ATTACHMENTS\COL_REPORT\3332381.pdf,3332381,Dry,51,PEDALCYCLIST STRUCK MOTOR VEHICLE FRONT END AT ANGLE,10221009,11490,0,2,Injury Collision,,45,Bicycle,Matched,N,1,Overcast,0,9486,0,N,10-277042
4931,"""(47.70505326300008, -122.34536647199997)""",115929,115929,Block,Cycles,\\sdotnasvfa\sdot_vol1\H8\PROD\ATTACHMENTS\COL_DIAGRAM\33690000.bmp,165,,,0,,05/14/2010 07:00:00 AM +0000,5/14/2010 20:25,1,,Mid-Block (not related to intersection),Dusk,N 105TH ST BETWEEN WHITMAN AVE N AND AURORA AVE N,0,1,,1,\\sdotnasvfa\sdot_vol1\H8\PROD\ATTACHMENTS\COL_REPORT\3198535.pdf,3198535,Dry,69,PEDALCYCLIST OVERTURNED IN ROAD,10134005,15018,0,2,Injury Collision,,45,Bicycle,Matched,0,0,Clear or Partly Cloudy,0,18890,0,N,2010-158492
4960,"""(47.58119150400006, -122.38923919099994)""",116460,116460,Intersection,Cycles,\\sdotnasvfa\sdot_vol1\H8\PROD\ATTACHMENTS\COL_DIAGRAM\11517700.bmp,0,,,0,,10/19/2010 07:00:00 AM +0000,10/19/2010 16:43,1,31153,At Intersection (intersection related),Daylight,45TH AVE SW AND SW ADMIRAL WAY,0,1,,2,\\sdotnasvfa\sdot_vol1\H8\PROD\ATTACHMENTS\COL_REPORT\3331409.pdf,3331409,Dry,51,PEDALCYCLIST STRUCK MOTOR VEHICLE FRONT END AT ANGLE,10292029,6844,0,2,Injury Collision,,45,Bicycle,Matched,N,1,Clear or Partly Cloudy,0,0,0,N,10-365952
4964,"""(47.651618651000035, -122.342626914)""",116180,116180,Block,Cycles,\\sdotnasvfa\sdot_vol1\H8\PROD\ATTACHMENTS\COL_DIAGRAM\33185500.bmp,396.5,,,0,,04/21/2010 07:00:00 AM +0000,4/21/2010 11:12,1,,Driveway Junction,Daylight,STONE WAY N BETWEEN N 36TH ST AND N 38TH ST,0,1,Y,2,\\sdotnasvfa\sdot_vol1\H8\PROD\ATTACHMENTS\COL_REPORT\3333147.pdf,3333147,Wet,18,"MOTOR VEHICLE STRUCK PEDALCYCLIST, FRONT END AT ANGLE",10111008,12957,0,2,Injury Collision,Y,45,Bicycle,Matched,N,1,Raining,0,6292,0,N,10-129768
4989,"""(47.59811959600006, -122.290152595)""",114992,114992,Block,Cycles,\\sdotnasvfa\sdot_vol1\H8\PROD\ATTACHMENTS\COL_DIAGRAM\42184400.bmp,933,,,0,,05/07/2010 07:00:00 AM +0000,5/7/2010 9:56,1,,Mid-Block (not related to intersection),Daylight,LAKE WASHINGTON BLVD S BETWEEN S FRINK PL AND S DEARBORN ST,0,1,,2,\\sdotnasvfa\sdot_vol1\H8\PROD\ATTACHMENTS\COL_REPORT\3331951.pdf,3331951,Dry,18,"MOTOR VEHICLE STRUCK PEDALCYCLIST, FRONT END AT ANGLE",10127008,11221,0,2,Injury Collision,,45,Bicycle,Matched,N,1,Clear or Partly Cloudy,0,41006,0,N,10-148900
5019,"""(47.67759453800005, -122.29791616799997)""",115131,115131,Block,Cycles,\\sdotnasvfa\sdot_vol1\H8\PROD\ATTACHMENTS\COL_DIAGRAM\77549700.bmp,131.5,,,0,,03/06/2010 08:00:00 AM +0000,3/6/2010 8:37,1,,Mid-Block (but intersection related),Daylight,NE 68TH ST BETWEEN 27TH AVE NE AND 28TH AVE NE,0,1,,2,\\sdotnasvfa\sdot_vol1\H8\PROD\ATTACHMENTS\COL_REPORT\3327816.pdf,3327816,Dry,54,PEDALCYCLIST STRUCK MOTOR VEHICLE REAR END,10065001,17345,0,2,Injury Collision,Y,45,Bicycle,Matched,N,1,Clear or Partly Cloudy,0,0,0,N,10-74681
5131,"""(47.67655440100003, -122.31737321599996)""",116467,116467,Intersection,Cycles,\\sdotnasvfa\sdot_vol1\H8\PROD\ATTACHMENTS\COL_DIAGRAM\77185771.bmp,0,,,0,Y,08/25/2010 07:00:00 AM +0000,8/25/2010 12:42,1,24499,At Intersection (intersection related),Daylight,ROOSEVELT WAY NE AND NE 66TH ST,0,1,Y,2,\\sdotnasvfa\sdot_vol1\H8\PROD\ATTACHMENTS\COL_REPORT\2892786.pdf,2892786,Dry,18,"MOTOR VEHICLE STRUCK PEDALCYCLIST, FRONT END AT ANGLE",10237004,12616,0,2,Injury Collision,,45,Bicycle,Matched,N,1,Clear or Partly Cloudy,0,9394,0,N,2010-297202
5154,"""(47.665682841000034, -122.31632470199997)""",115142,115142,Block,Cycles,\\sdotnasvfa\sdot_vol1\H8\PROD\ATTACHMENTS\COL_DIAGRAM\11561900.bmp,276,,,0,,05/04/2010 07:00:00 AM +0000,5/4/2010 14:30,1,,Mid-Block (not related to intersection),Daylight,11TH AVE NE BETWEEN NE 50TH ST AND NE 52ND ST,0,1,,2,\\sdotnasvfa\sdot_vol1\H8\PROD\ATTACHMENTS\COL_REPORT\3333538.pdf,3333538,Dry,56,PEDALCYCLIST STRUCK MOTOR VEHICLE LEFT SIDE SIDESWIPE,10124004,1411,0,2,Injury Collision,,45,Bicycle,Matched,N,1,Overcast,0,9026,0,N,10-145345
5175,"""(47.66138544200004, -122.34140593799998)""",115548,115548,Block,Cycles,\\sdotnasvfa\sdot_vol1\H8\PROD\ATTACHMENTS\COL_DIAGRAM\77517800.bmp,182.5,,,0,,08/13/2010 07:00:00 AM +0000,8/13/2010 17:27,1,,Mid-Block (not related to intersection),Daylight,N 45TH ST BETWEEN STONE WAY N AND INTERLAKE AVE N,0,1,,3,\\sdotnasvfa\sdot_vol1\H8\PROD\ATTACHMENTS\COL_REPORT\3559210.pdf,3559210,Dry,51,PEDALCYCLIST STRUCK MOTOR VEHICLE FRONT END AT ANGLE,10225022,15542,0,2,Injury Collision,,45,Bicycle,Matched,N,1,Clear or Partly Cloudy,0,6445,0,N,2010-282363
5180,"""(47.59925975700003, -122.30547961699995)""",115814,115814,Block,Cycles,\\sdotnasvfa\sdot_vol1\H8\PROD\ATTACHMENTS\COL_DIAGRAM\78187700.bmp,217,,,0,,02/10/2010 08:00:00 AM +0000,2/10/2010 8:18,1,,Mid-Block (not related to intersection),Daylight,S JACKSON ST BETWEEN 20TH AVE S AND 20TH PL S,0,1,Y,3,\\sdotnasvfa\sdot_vol1\H8\PROD\ATTACHMENTS\COL_REPORT\3329413.pdf,3329413,Dry,18,"MOTOR VEHICLE STRUCK PEDALCYCLIST, FRONT END AT ANGLE",10041006,20500,0,2,Injury Collision,,45,Bicycle,Matched,N,1,Overcast,0,11048,0,N,10-46781
5258,"""(47.59285027200008, -122.32421991199999)""",116741,116741,Block,Cycles,\\sdotnasvfa\sdot_vol1\H8\PROD\ATTACHMENTS\COL_DIAGRAM\44564400.bmp,171.5,,,0,,07/10/2010 07:00:00 AM +0000,7/10/2010 11:36,1,,Mid-Block (not related to intersection),Daylight,AIRPORT WAY S BETWEEN AIRPORT NB N WAY S AND S ROYAL BROUGHAM WAY,0,1,,2,\\sdotnasvfa\sdot_vol1\H8\PROD\ATTACHMENTS\COL_REPORT\3326894.pdf,3326894,Dry,56,PEDALCYCLIST STRUCK MOTOR VEHICLE LEFT SIDE SIDESWIPE,10191031,8655,0,2,Injury Collision,,45,Bicycle,Matched,N,1,Clear or Partly Cloudy,0,16287,0,N,10 236533
5276,"""(47.65488891200005, -122.32570273399995)""",115011,115011,Intersection,Cycles,\\sdotnasvfa\sdot_vol1\H8\PROD\ATTACHMENTS\COL_DIAGRAM\35187700.bmp,0, ,,0,,10/26/2010 07:00:00 AM +0000,10/26/2010 19:23,1,27244,At Intersection (intersection related),Dark - Street Lights On,LATONA AVE NE AND NE PACIFIC ST,0,1,Y,2,\\sdotnasvfa\sdot_vol1\H8\PROD\ATTACHMENTS\COL_REPORT\3565692.pdf,3565692,Wet,18,"MOTOR VEHICLE STRUCK PEDALCYCLIST, FRONT END AT ANGLE",10299011,11289,0,2,Injury Collision,,45,Bicycle,Matched,N,1,Overcast,0,0,576113,N,2010-374412
5285,"""(47.70978682000003, -122.32331016799998)""",114880,114880,Block,Cycles,\\sdotnasvfa\sdot_vol1\H8\PROD\ATTACHMENTS\COL_DIAGRAM\44549400.bmp,75.5, ,,0,,06/18/2010 07:00:00 AM +0000,6/18/2010 17:37,1,,Mid-Block (not related to intersection),Daylight,5TH AVE NE BETWEEN NE 112TH S ST AND NE 112TH N ST,0,1,,3,\\sdotnasvfa\sdot_vol1\H8\PROD\ATTACHMENTS\COL_REPORT\3333749.pdf,3333749,Dry,54,PEDALCYCLIST STRUCK MOTOR VEHICLE REAR END,10169029,7257,0,2,Injury Collision,,45,Bicycle,Matched,N,1,Clear or Partly Cloudy,0,0,0,N,2010-206666
5320,"""(47.59583116700003, -122.32245866299996)""",115689,115689,Intersection,Cycles,\\sdotnasvfa\sdot_vol1\H8\PROD\ATTACHMENTS\COL_DIAGRAM\77517800.bmp,0,,,0,,09/13/2010 07:00:00 AM +0000,9/13/2010 10:46,1,30447,At Intersection (intersection related),Daylight,8TH AVE S AND S DEARBORN ST,0,1,Y,2,\\sdotnasvfa\sdot_vol1\H8\PROD\ATTACHMENTS\COL_REPORT\3346022.pdf,3346022,Dry,51,PEDALCYCLIST STRUCK MOTOR VEHICLE FRONT END AT ANGLE,10256003,19830,0,2,Injury Collision,,45,Bicycle,Matched,N,1,Clear or Partly Cloudy,0,5851,0,N,10-320876
5327,"""(47.708628720000036, -122.328634266)""",115421,115421,Intersection,Cycles,\\sdotnasvfa\sdot_vol1\H8\PROD\ATTACHMENTS\COL_DIAGRAM\88182271.bmp,0, ,,0,,09/13/2010 07:00:00 AM +0000,9/13/2010 18:35,1,36586,At Intersection (intersection related),Dusk,1ST AVE NE AND NE NORTHGATE WAY,0,1,,2,\\sdotnasvfa\sdot_vol1\H8\PROD\ATTACHMENTS\COL_REPORT\3377023.pdf,3377023,Dry,18,"MOTOR VEHICLE STRUCK PEDALCYCLIST, FRONT END AT ANGLE",10256005,1099,0,2,Injury Collision,,45,Bicycle,Matched,0,1,Clear or Partly Cloudy,0,0,630873,N,10-321410
5402,"""(47.60620304500003, -122.31678046599995)""",116752,116752,Intersection,Cycles,\\sdotnasvfa\sdot_vol1\H8\PROD\ATTACHMENTS\COL_DIAGRAM\33517500.bmp,0,,,0,,06/27/2010 07:00:00 AM +0000,6/27/2010 8:50,0,29809,At Intersection (intersection related),Daylight,12TH AVE AND E JEFFERSON ST,0,1,Y,2,\\sdotnasvfa\sdot_vol1\H8\PROD\ATTACHMENTS\COL_REPORT\3332327.pdf,3332327,Dry,51,PEDALCYCLIST STRUCK MOTOR VEHICLE FRONT END AT ANGLE,10178009,1529,0,1,Property Damage Only Collision,,45,Bicycle,Matched,N,1,Clear or Partly Cloudy,0,10458,0,N,10-218261
5426,"""(47.68225292200003, -122.32843386299999)""",115024,115024,Block,Cycles,\\sdotnasvfa\sdot_vol1\H8\PROD\ATTACHMENTS\COL_DIAGRAM\77569700.bmp,319,,,0,Y,07/14/2010 07:00:00 AM +0000,7/14/2010 21:00,1,,Mid-Block (not related to intersection),Dusk,EAST GREEN LAKE DR N BETWEEN LATONA AVE NE AND SUNNYSIDE AVE N,0,1,,2,\\sdotnasvfa\sdot_vol1\H8\PROD\ATTACHMENTS\COL_REPORT\3374805.pdf,3374805,Dry,56,PEDALCYCLIST STRUCK MOTOR VEHICLE LEFT SIDE SIDESWIPE,10195031,14060,1,2b,Serious Injury Collision,,45,Bicycle,Matched,N,1,Clear or Partly Cloudy,0,7304,0,N,10-243448
5453,"""(47.65297596400006, -122.31246414499998)""",115698,115698,Intersection,Cycles,\\sdotnasvfa\sdot_vol1\H8\PROD\ATTACHMENTS\COL_DIAGRAM\82188271.bmp,0, ,,0,,04/05/2010 07:00:00 AM +0000,4/5/2010 10:19,1,27149,At Intersection (intersection related),Daylight,15TH AVE NE AND NE PACIFIC ST,0,1,Y,2,\\sdotnasvfa\sdot_vol1\H8\PROD\ATTACHMENTS\COL_REPORT\3333208.pdf,3333208,Dry,18,"MOTOR VEHICLE STRUCK PEDALCYCLIST, FRONT END AT ANGLE",10095027,2028,0,2,Injury Collision,,45,Bicycle,Matched,N,1,Clear or Partly Cloudy,0,0,520838,N,10-110181
5480,"""(47.61296790500006, -122.32845798099999)""",116350,116350,Block,Cycles,\\sdotnasvfa\sdot_vol1\H8\PROD\ATTACHMENTS\COL_DIAGRAM\11541100.bmp,213,,,0,,11/02/2010 07:00:00 AM +0000,11/2/2010 17:00,1,,Mid-Block (not related to intersection),Dark - Street Lights On,BOREN AVE BETWEEN UNION ST AND PIKE ST,0,1,,2,\\sdotnasvfa\sdot_vol1\H8\PROD\ATTACHMENTS\COL_REPORT\3383246.pdf,3383246,Dry,54,PEDALCYCLIST STRUCK MOTOR VEHICLE REAR END,10306036,9318,0,2,Injury Collision,Y,45,Bicycle,Matched,N,1,Clear or Partly Cloudy,0,25232,0,N,2010 416371
5598,"""(47.60166062600007, -122.29891734099999)""",115973,115973,Intersection,Cycles,\\sdotnasvfa\sdot_vol1\H8\PROD\ATTACHMENTS\COL_DIAGRAM\11187700.bmp,0,,,0,,05/08/2010 07:00:00 AM +0000,5/8/2010 21:40,1,30581,At Intersection (intersection related),Dark - Street Lights On,26TH AVE AND E YESLER WAY,0,1,Y,2,\\sdotnasvfa\sdot_vol1\H8\PROD\ATTACHMENTS\COL_REPORT\3199527.pdf,3199527,Dry,18,"MOTOR VEHICLE STRUCK PEDALCYCLIST, FRONT END AT ANGLE",10128003,3828,0,2,Injury Collision,,45,Bicycle,Matched,N,1,Clear or Partly Cloudy,0,10069,0,N,2010-150969
5728,"""(47.58822858900004, -122.33419664299998)""",116370,116370,Intersection,Cycles,\\sdotnasvfa\sdot_vol1\H8\PROD\ATTACHMENTS\COL_DIAGRAM\11515300.bmp,0,,,0,,05/13/2010 07:00:00 AM +0000,5/13/2010 16:50,1,31344,At Intersection (intersection related),Daylight,1ST AVE S AND S MASSACHUSETTS ST,0,1,Y,2,\\sdotnasvfa\sdot_vol1\H8\PROD\ATTACHMENTS\COL_REPORT\2906817.pdf,2906817,Dry,51,PEDALCYCLIST STRUCK MOTOR VEHICLE FRONT END AT ANGLE,10133001,1204,0,2,Injury Collision,,45,Bicycle,Matched,N,1,Clear or Partly Cloudy,0,5266,0,N,10-156853
5744,"""(47.661357277000036, -122.32775751099996)""",115979,115979,Block,Cycles,\\sdotnasvfa\sdot_vol1\H8\PROD\ATTACHMENTS\COL_DIAGRAM\33517600.bmp,124.5,,,0,,10/22/2010 07:00:00 AM +0000,10/22/2010 20:25,1,,Mid-Block (not related to intersection),Dark - Street Lights On,NE 45TH ST BETWEEN 1ST AVE NE AND 2ND AVE NE,0,1,Y,3,\\sdotnasvfa\sdot_vol1\H8\PROD\ATTACHMENTS\COL_REPORT\3374791.pdf,3374791,Dry,51,PEDALCYCLIST STRUCK MOTOR VEHICLE FRONT END AT ANGLE,10295035,16838,0,2,Injury Collision,,45,Bicycle,Matched,Y,1,Clear or Partly Cloudy,0,6532,0,N,2010-369961
5846,"""(47.60170911700004, -122.32440089999994)""",115990,115990,Block,Cycles,\\sdotnasvfa\sdot_vol1\H8\PROD\ATTACHMENTS\COL_DIAGRAM\77547900.bmp,481.5,,,0,Y,01/22/2010 08:00:00 AM +0000,1/22/2010 15:59,1,,Mid-Block (but intersection related),Daylight,YESLER WAY BETWEEN 6TH AVE AND 8TH AVE,0,1,,2,\\sdotnasvfa\sdot_vol1\H8\PROD\ATTACHMENTS\COL_REPORT\3334804.pdf,3334804,Dry,54,PEDALCYCLIST STRUCK MOTOR VEHICLE REAR END,10022005,13767,0,2,Injury Collision,,45,Bicycle,Matched,N,1,Clear or Partly Cloudy,0,9977,0,N,10-25056