OBJECTID,Shape,INCKEY,COLDETKEY,ADDRTYPE,COLLISIONTYPE,DIAGRAMLINK,DISTANCE,EXCEPTRSNCODE,EXCEPTRSNDESC,FATALITIES,INATTENTIONIND,INCDATE,INCDTTM,INJURIES,INTKEY,JUNCTIONTYPE,LIGHTCOND,LOCATION,PEDCOUNT,PEDCYLCOUNT,PEDROWNOTGRNT,PERSONCOUNT,REPORTLINK,REPORTNO,ROADCOND,SDOT_COLCODE,SDOT_COLDESC,SDOTCOLNUM,SEGKEY,SERIOUSINJURIES,SEVERITYCODE,SEVERITYDESC,SPEEDING,ST_COLCODE,ST_COLDESC,STATUS,UNDERINFL,VEHCOUNT,WEATHER,WIDTH,SEGLANEKEY,CROSSWALKKEY,HITPARKEDCAR,SPDCASENO
7139,"""(47.656056086000035, -122.36358535)""",118515,118515,Intersection,Cycles,\\sdotnasvfa\sdot_vol1\H8\PROD\ATTACHMENTS\COL_DIAGRAM\33511100.bmp,0,,,0,,06/04/2010 07:00:00 AM +0000,6/4/2010 16:10,1,26647,At Intersection (intersection related),Daylight,6TH AVE NW AND NW 40TH ST,0,1,,2,\\sdotnasvfa\sdot_vol1\H8\PROD\ATTACHMENTS\COL_REPORT\3375233.pdf,3375233,Dry,51,PEDALCYCLIST STRUCK MOTOR VEHICLE FRONT END AT ANGLE,10155045,7922,0,2,Injury Collision,,45,Bicycle,Matched,N,1,Overcast,0,0,0,N,10-187250
7154,"""(47.67756433300008, -122.32391190499999)""",118095,118095,Intersection,Cycles,\\sdotnasvfa\sdot_vol1\H8\PROD\ATTACHMENTS\COL_DIAGRAM\18511100.bmp,0, ,,0,,11/13/2010 08:00:00 AM +0000,11/13/2010 9:05,1,24594,At Intersection (intersection related),Daylight,NE 68TH ST AND NE RAVENNA EB BV,0,1,,2,\\sdotnasvfa\sdot_vol1\H8\PROD\ATTACHMENTS\COL_REPORT\2905536.pdf,2905536,Wet,51,PEDALCYCLIST STRUCK MOTOR VEHICLE FRONT END AT ANGLE,10317013,17327,0,2,Injury Collision,,45,Bicycle,Matched,N,1,Overcast,0,0,0,N,2010-396368
7225,"""(47.709274942000036, -122.29073417199999)""",118519,118519,Block,Cycles,\\sdotnasvfa\sdot_vol1\H8\PROD\ATTACHMENTS\COL_DIAGRAM\55515400.bmp,330,,,0,,09/10/2010 07:00:00 AM +0000,9/10/2010 19:00,1,,Mid-Block (not related to intersection),Daylight,35TH AVE NE BETWEEN NE 110TH ST AND NE 113TH ST,0,1,,1,\\sdotnasvfa\sdot_vol1\H8\PROD\ATTACHMENTS\COL_REPORT\3559027.pdf,3559027,Dry,51,PEDALCYCLIST STRUCK MOTOR VEHICLE FRONT END AT ANGLE,10253032,5389,0,2,Injury Collision,,45,Bicycle,Matched,N,0,Overcast,0,3389,0,N,10-317960
7254,"""(47.659704771000065, -122.30067935799997)""",117558,117558,Block,Cycles,\\sdotnasvfa\sdot_vol1\H8\PROD\ATTACHMENTS\COL_DIAGRAM\22232200.bmp,287.5,,,0,,06/01/2010 07:00:00 AM +0000,6/1/2010,1,,Mid-Block (not related to intersection),Daylight,MONTLAKE BLVD NE BETWEEN 25TH AVE NE AND NE 44TH ST,0,1,,2,\\sdotnasvfa\sdot_vol1\H8\PROD\ATTACHMENTS\COL_REPORT\3287346.pdf,3287346,Wet,23,"MOTOR VEHICLE STRUCK PEDALCYCLIST, LEFT SIDE SIDESWIPE",10152034,11912,0,2,Injury Collision,,45,Bicycle,Matched,0,1,Raining,0,26658,0,N,2010-182994
7269,"""(47.600568689000056, -122.29499472999998)""",117279,117279,Block,Cycles,\\sdotnasvfa\sdot_vol1\H8\PROD\ATTACHMENTS\COL_DIAGRAM\11231100.bmp,108,,,0,,05/17/2010 07:00:00 AM +0000,5/17/2010 8:54,1,,Mid-Block (but intersection related),Daylight,29TH AVE S BETWEEN S WASHINGTON ST AND S MAIN ST,0,1,,3,\\sdotnasvfa\sdot_vol1\H8\PROD\ATTACHMENTS\COL_REPORT\3331959.pdf,3331959,Dry,23,"MOTOR VEHICLE STRUCK PEDALCYCLIST, LEFT SIDE SIDESWIPE",10137006,4305,0,2,Injury Collision,,45,Bicycle,Matched,N,1,Clear or Partly Cloudy,0,0,0,N,2010-161489
7288,"""(47.52233539500003, -122.35962764799996)""",118109,118109,Block,Cycles,\\sdotnasvfa\sdot_vol1\H8\PROD\ATTACHMENTS\COL_DIAGRAM\22188907.bmp,225,,,0,,01/23/2010 08:00:00 AM +0000,1/23/2010 13:53,1,,Mid-Block (but intersection related),Daylight,DELRIDGE WAY SW BETWEEN SW HENDERSON ST AND 20TH AVE SW,0,1,Y,3,\\sdotnasvfa\sdot_vol1\H8\PROD\ATTACHMENTS\COL_REPORT\3288055.pdf,3288055,Dry,18,"MOTOR VEHICLE STRUCK PEDALCYCLIST, FRONT END AT ANGLE",10023002,9989,0,2,Injury Collision,,45,Bicycle,Matched,N,1,Overcast,0,0,0,N,2010-26209
7294,"""(47.61617112400006, -122.33141659899997)""",117970,117970,Intersection,Cycles,\\sdotnasvfa\sdot_vol1\H8\PROD\ATTACHMENTS\COL_DIAGRAM\44182871.bmp,0, ,,0,,08/11/2010 07:00:00 AM +0000,8/11/2010 18:13,1,29852,At Intersection (intersection related),Daylight,BOREN AVE AND HOWELL ST,0,1,,2,\\sdotnasvfa\sdot_vol1\H8\PROD\ATTACHMENTS\COL_REPORT\3200796.pdf,3200796,Dry,18,"MOTOR VEHICLE STRUCK PEDALCYCLIST, FRONT END AT ANGLE",10223003,9322,0,2,Injury Collision,,45,Bicycle,Matched,N,1,Clear or Partly Cloudy,0,0,522452,N,10-279717
7345,"""(47.61471048400006, -122.35449693499999)""",117147,117147,Block,Cycles,\\sdotnasvfa\sdot_vol1\H8\PROD\ATTACHMENTS\COL_DIAGRAM\44564900.bmp,154.5,,,0,,08/05/2010 07:00:00 AM +0000,8/5/2010 8:05,0,,Mid-Block (not related to intersection),Unknown,ALASKAN WAY BETWEEN CLAY ST AND BROAD ST,0,1,,3,\\sdotnasvfa\sdot_vol1\H8\PROD\ATTACHMENTS\COL_REPORT\3345452.pdf,3345452,Unknown,56,PEDALCYCLIST STRUCK MOTOR VEHICLE LEFT SIDE SIDESWIPE,10217017,8733,0,1,Property Damage Only Collision,,45,Bicycle,Matched,N,1,Unknown,0,20766,0,N,2010-271253
7465,"""(47.59919176200003, -122.32570988699996)""",118381,118381,Block,Cycles,\\sdotnasvfa\sdot_vol1\H8\PROD\ATTACHMENTS\COL_DIAGRAM\77517800.bmp,161,,,0,,03/10/2010 08:00:00 AM +0000,3/10/2010 8:05,1,,Mid-Block (but intersection related),Daylight,S JACKSON ST BETWEEN 6TH AVE S AND MAYNARD AVE S,0,1,Y,2,\\sdotnasvfa\sdot_vol1\H8\PROD\ATTACHMENTS\COL_REPORT\3325928.pdf,3325928,Dry,51,PEDALCYCLIST STRUCK MOTOR VEHICLE FRONT END AT ANGLE,10069028,20489,0,2,Injury Collision,,45,Bicycle,Matched,N,1,Clear or Partly Cloudy,0,24416,0,N,10 79244
7530,"""(47.574568776000035, -122.309058059)""",117436,117436,Block,Cycles,\\sdotnasvfa\sdot_vol1\H8\PROD\ATTACHMENTS\COL_DIAGRAM\88518700.bmp,193.5,,,0,Y,09/12/2010 07:00:00 AM +0000,9/12/2010 13:25,1,,Mid-Block (not related to intersection),Daylight,BEACON AVE S BETWEEN S HANFORD ST AND S HORTON ST,0,1,Y,2,\\sdotnasvfa\sdot_vol1\H8\PROD\ATTACHMENTS\COL_REPORT\3374105.pdf,3374105,Dry,51,PEDALCYCLIST STRUCK MOTOR VEHICLE FRONT END AT ANGLE,10255001,9123,0,2,Injury Collision,,45,Bicycle,Matched,N,1,Clear or Partly Cloudy,0,13391,0,N,2010-319898
7534,"""(47.61207057300004, -122.33224408399997)""",117843,117843,Intersection,Cycles,\\sdotnasvfa\sdot_vol1\H8\PROD\ATTACHMENTS\COL_DIAGRAM\22212200.bmp,0,,,0,,12/16/2010 08:00:00 AM +0000,12/16/2010 19:54,1,29893,At Intersection (intersection related),Dark - Street Lights On,8TH AVE AND PIKE ST,0,2,,3,\\sdotnasvfa\sdot_vol1\H8\PROD\ATTACHMENTS\COL_REPORT\3560682.pdf,3560682,Dry,21,"MOTOR VEHICLE STRUCK PEDALCYCLIST, REAR END",10350005,8280,0,2,Injury Collision,,45,Bicycle,Matched,N,1,Overcast,0,21880,0,N,10-432925
7579,"""(47.624951432000046, -122.29105074699999)""",118817,118817,Intersection,Cycles,\\sdotnasvfa\sdot_vol1\H8\PROD\ATTACHMENTS\COL_DIAGRAM\66183300.bmp,0,,,0,,05/17/2011 07:00:00 AM +0000,5/17/2011 15:41,1,29446,At Intersection (intersection related),Daylight,32ND AVE E AND LAKE WASHINGTON BLVD E,0,1,Y,3,\\sdotnasvfa\sdot_vol1\H8\PROD\ATTACHMENTS\COL_REPORT\3283123.pdf,3283123,Dry,18,"MOTOR VEHICLE STRUCK PEDALCYCLIST, FRONT END AT ANGLE",11137001,4939,0,2,Injury Collision,,45,Bicycle,Matched,N,1,Clear or Partly Cloudy,0,8960,0,N,2011-157036
7583,"""(47.60301939300007, -122.33317224599995)""",118543,118543,Intersection,Cycles,\\sdotnasvfa\sdot_vol1\H8\PROD\ATTACHMENTS\COL_DIAGRAM\43184400.bmp,0,,,0,,09/07/2011 07:00:00 AM +0000,9/7/2011,1,30355,At Intersection (intersection related),Daylight,2ND AVE AND CHERRY ST,0,1,,2,\\sdotnasvfa\sdot_vol1\H8\PROD\ATTACHMENTS\COL_REPORT\3562260.pdf,3562260,Dry,18,"MOTOR VEHICLE STRUCK PEDALCYCLIST, FRONT END AT ANGLE",11250002,2750,0,2,Injury Collision,,45,Bicycle,Matched,0,1,Clear or Partly Cloudy,0,12035,0,N,11-295102
7588,"""(47.60805331100005, -122.31545756699995)""",118541,118541,Intersection,Cycles,\\sdotnasvfa\sdot_vol1\H8\PROD\ATTACHMENTS\COL_DIAGRAM\11517700.bmp,0,,,0,,09/04/2011 07:00:00 AM +0000,9/4/2011,1,29794,At Intersection (intersection related),Daylight,13TH AVE AND E CHERRY ST,0,1,,2,\\sdotnasvfa\sdot_vol1\H8\PROD\ATTACHMENTS\COL_REPORT\3559540.pdf,3559540,Dry,51,PEDALCYCLIST STRUCK MOTOR VEHICLE FRONT END AT ANGLE,11247004,1733,0,2,Injury Collision,,45,Bicycle,Matched,0,1,Clear or Partly Cloudy,0,0,0,N,11-291994
7599,"""(47.67577533000008, -122.30274202499999)""",118821,118821,Intersection,Cycles,\\sdotnasvfa\sdot_vol1\H8\PROD\ATTACHMENTS\COL_DIAGRAM\77185500.bmp,0,,,0,,08/27/2011 07:00:00 AM +0000,8/27/2011 11:11,1,24804,At Intersection (intersection related),Daylight,23RD AVE NE AND NE 65TH ST,0,1,,2,\\sdotnasvfa\sdot_vol1\H8\PROD\ATTACHMENTS\COL_REPORT\3466659.pdf,3466659,Dry,18,"MOTOR VEHICLE STRUCK PEDALCYCLIST, FRONT END AT ANGLE",11239019,3387,0,2,Injury Collision,,45,Bicycle,Matched,0,1,Clear or Partly Cloudy,0,0,0,N,11-282004
7601,"""(47.65296538800004, -122.35766174699995)""",118682,118682,Intersection,Cycles,\\sdotnasvfa\sdot_vol1\H8\PROD\ATTACHMENTS\COL_DIAGRAM\11183570.bmp,0,,,0,,04/01/2011 07:00:00 AM +0000,4/1/2011 12:46,1,26679,At Intersection (intersection related),Daylight,1ST AVE NW AND NW 36TH ST,0,1,,2,\\sdotnasvfa\sdot_vol1\H8\PROD\ATTACHMENTS\COL_REPORT\3564601.pdf,3564601,Wet,18,"MOTOR VEHICLE STRUCK PEDALCYCLIST, FRONT END AT ANGLE",11091009,1115,0,2,Injury Collision,,45,Bicycle,Matched,N,1,Raining,0,0,0,N,11-104912
7653,"""(47.65297596400006, -122.31246414499998)""",117448,117448,Intersection,Cycles,\\sdotnasvfa\sdot_vol1\H8\PROD\ATTACHMENTS\COL_DIAGRAM\82184271.bmp,0, ,,0,,04/06/2010 07:00:00 AM +0000,4/6/2010 15:03,1,27149,At Intersection (intersection related),Daylight,15TH AVE NE AND NE PACIFIC ST,0,1,Y,2,\\sdotnasvfa\sdot_vol1\H8\PROD\ATTACHMENTS\COL_REPORT\3333811.pdf,3333811,Wet,18,"MOTOR VEHICLE STRUCK PEDALCYCLIST, FRONT END AT ANGLE",10096012,2028,0,2,Injury Collision,,45,Bicycle,Matched,N,1,Overcast,0,0,520838,N,10-111673
7666,"""(47.61218154000005, -122.33854264999997)""",117442,117442,Intersection,Cycles,\\sdotnasvfa\sdot_vol1\H8\PROD\ATTACHMENTS\COL_DIAGRAM\88642471.bmp,0, ,,0,,05/07/2010 07:00:00 AM +0000,5/7/2010 7:35,2,29566,At Intersection (intersection related),Daylight,4TH AVE AND OLIVE WAY,1,1,,2,\\sdotnasvfa\sdot_vol1\H8\PROD\ATTACHMENTS\COL_REPORT\3326062.pdf,3326062,Dry,64,PEDALCYCLIST STRUCK PEDESTRIAN,10127011,6135,0,2,Injury Collision,,45,Bicycle,Matched,N,0,Clear or Partly Cloudy,0,12774,523727,N,10-148811
7684,"""(47.60782816200003, -122.33910533499994)""",117722,117722,Intersection,Cycles,\\sdotnasvfa\sdot_vol1\H8\PROD\ATTACHMENTS\COL_DIAGRAM\44518600.bmp,0,,,0,,05/03/2010 07:00:00 AM +0000,5/3/2010 17:22,1,29599,At Intersection (intersection related),Daylight,1ST AVE AND UNION ST,0,1,Y,3,\\sdotnasvfa\sdot_vol1\H8\PROD\ATTACHMENTS\COL_REPORT\3200693.pdf,3200693,Dry,51,PEDALCYCLIST STRUCK MOTOR VEHICLE FRONT END AT ANGLE,10123005,1008,0,2,Injury Collision,,45,Bicycle,Matched,N,1,Clear or Partly Cloudy,0,36675,0,N,10-144209
7690,"""(47.58115869800008, -122.38115119499997)""",117718,117718,Intersection,Cycles,\\sdotnasvfa\sdot_vol1\H8\PROD\ATTACHMENTS\COL_DIAGRAM\55183170.bmp,0,,,0,,04/27/2010 07:00:00 AM +0000,4/27/2010 15:30,1,31062,At Intersection (intersection related),Daylight,39TH AVE SW AND SW ADMIRAL WAY,0,1,Y,2,\\sdotnasvfa\sdot_vol1\H8\PROD\ATTACHMENTS\COL_REPORT\3331901.pdf,3331901,Unknown,18,"MOTOR VEHICLE STRUCK PEDALCYCLIST, FRONT END AT ANGLE",10117003,6052,0,2,Injury Collision,,45,Bicycle,Matched,N,1,Unknown,0,0,0,N,2010-137123
7724,"""(47.537051587000065, -122.28110415099997)""",118547,118547,Intersection,Cycles,\\sdotnasvfa\sdot_vol1\H8\PROD\ATTACHMENTS\COL_DIAGRAM\44187700.bmp,0, ,,0,,09/24/2011 07:00:00 AM +0000,9/24/2011 16:00,1,486567,At Intersection (intersection related),Daylight,M L KING JR ER WAY S AND S OTHELLO ST,0,1,,2,\\sdotnasvfa\sdot_vol1\H8\PROD\ATTACHMENTS\COL_REPORT\3545586.pdf,3545586,Dry,18,"MOTOR VEHICLE STRUCK PEDALCYCLIST, FRONT END AT ANGLE",11267004,11561,0,2,Injury Collision,,45,Bicycle,Matched,0,1,Clear or Partly Cloudy,0,0,545762,N,11-315483
7743,"""(47.61564806400003, -122.342423398)""",118967,118967,Block,Cycles,\\sdotnasvfa\sdot_vol1\H8\PROD\ATTACHMENTS\COL_DIAGRAM\44214400.bmp,213,,,0,,01/27/2011 08:00:00 AM +0000,1/27/2011 1:00,1,,Mid-Block (not related to intersection),Dark - Street Lights On,5TH AVE BETWEEN BLANCHARD ST AND BELL ST,0,1,,2,\\sdotnasvfa\sdot_vol1\H8\PROD\ATTACHMENTS\COL_REPORT\3377826.pdf,3377826,Dry,21,"MOTOR VEHICLE STRUCK PEDALCYCLIST, REAR END",11027001,7245,0,2,Injury Collision,,45,Bicycle,Matched,N,1,Clear or Partly Cloudy,0,36118,0,N,11-31403
7775,"""(47.66915886800007, -122.27861440899994)""",117452,117452,Block,Cycles,\\sdotnasvfa\sdot_vol1\H8\PROD\ATTACHMENTS\COL_DIAGRAM\33563900.bmp,215,,,0,,06/07/2010 07:00:00 AM +0000,6/7/2010 18:10,1,,Mid-Block (not related to intersection),Daylight,NE 55TH ST BETWEEN 45TH AVE NE AND NE TULANE PL,0,1,,2,\\sdotnasvfa\sdot_vol1\H8\PROD\ATTACHMENTS\COL_REPORT\3377123.pdf,3377123,Dry,56,PEDALCYCLIST STRUCK MOTOR VEHICLE LEFT SIDE SIDESWIPE,10158004,17058,0,2,Injury Collision,,45,Bicycle,Matched,N,1,Clear or Partly Cloudy,0,34183,0,N,10-191388
7841,"""(47.66021511000008, -122.35002640299996)""",118410,118410,Intersection,Cycles,\\sdotnasvfa\sdot_vol1\H8\PROD\ATTACHMENTS\COL_DIAGRAM\55690000.bmp,0,,,0,,05/03/2010 07:00:00 AM +0000,5/3/2010 7:30,1,26939,At Intersection (intersection related),Daylight,FREMONT AVE N AND N 44TH ST,0,1,Y,2,\\sdotnasvfa\sdot_vol1\H8\PROD\ATTACHMENTS\COL_REPORT\3376372.pdf,3376372,Dry,69,PEDALCYCLIST OVERTURNED IN ROAD,10123026,10496,0,2,Injury Collision,,45,Bicycle,Matched,N,1,Clear or Partly Cloudy,0,8437,0,N,10-145628
7844,"""(47.58118095700007, -122.38452860199999)""",118408,118408,Block,Cycles,\\sdotnasvfa\sdot_vol1\H8\PROD\ATTACHMENTS\COL_DIAGRAM\11187907.bmp,158.5,,,0,,04/26/2010 07:00:00 AM +0000,4/26/2010 7:48,1,,Driveway Junction,Daylight,SW ADMIRAL WAY BETWEEN 41ST AVE SW AND 42ND AVE SW,0,1,Y,3,\\sdotnasvfa\sdot_vol1\H8\PROD\ATTACHMENTS\COL_REPORT\3288207.pdf,3288207,Dry,18,"MOTOR VEHICLE STRUCK PEDALCYCLIST, FRONT END AT ANGLE",10116004,21702,0,2,Injury Collision,,45,Bicycle,Matched,N,1,Clear or Partly Cloudy,0,0,0,N,2010-135363
7870,"""(47.62469930200007, -122.32788367599994)""",118974,118974,Block,Cycles,\\sdotnasvfa\sdot_vol1\H8\PROD\ATTACHMENTS\COL_DIAGRAM\11517700.bmp,152.5,,,0,,05/24/2011 07:00:00 AM +0000,5/24/2011 18:55,0,,Driveway Junction,Daylight,MELROSE AVE E BETWEEN E MERCER ST AND E ROY ST,0,1,Y,2,\\sdotnasvfa\sdot_vol1\H8\PROD\ATTACHMENTS\COL_REPORT\3565732.pdf,3565732,Dry,51,PEDALCYCLIST STRUCK MOTOR VEHICLE FRONT END AT ANGLE,11144013,11760,0,1,Property Damage Only Collision,,45,Bicycle,Matched,N,1,Clear or Partly Cloudy,0,11539,0,N,11-165686
7897,"""(47.72503418300005, -122.34499681899996)""",118701,118701,Block,Cycles,\\sdotnasvfa\sdot_vol1\H8\PROD\ATTACHMENTS\COL_DIAGRAM\11513300.bmp,665.5,,,0,,05/17/2011 07:00:00 AM +0000,5/17/2011 7:11,1,,Driveway Junction,Daylight,AURORA AVE N BETWEEN N 130TH ST AND N 135TH ST,0,1,,2,\\sdotnasvfa\sdot_vol1\H8\PROD\ATTACHMENTS\COL_REPORT\3568725.pdf,3568725,Dry,51,PEDALCYCLIST STRUCK MOTOR VEHICLE FRONT END AT ANGLE,11137013,8995,0,2,Injury Collision,,45,Bicycle,Matched,0,1,Clear or Partly Cloudy,0,14992,0,N,2011-156496
7900,"""(47.66866536800006, -122.37358850399994)""",117184,117184,Intersection,Cycles,\\sdotnasvfa\sdot_vol1\H8\PROD\ATTACHMENTS\COL_DIAGRAM\11187571.bmp,0, ,,0,Y,12/15/2010 08:00:00 AM +0000,12/15/2010 16:45,1,25423,At Intersection (intersection related),Dark - Street Lights On,14TH AVE NW AND NW MARKET ST,0,1,Y,2,\\sdotnasvfa\sdot_vol1\H8\PROD\ATTACHMENTS\COL_REPORT\3377089.pdf,3377089,Wet,18,"MOTOR VEHICLE STRUCK PEDALCYCLIST, FRONT END AT ANGLE",10349032,1895,0,2,Injury Collision,,45,Bicycle,Matched,N,1,Raining,0,0,520756,N,10-432446
7971,"""(47.611969455000064, -122.31884003299996)""",118152,118152,Block,Cycles,\\sdotnasvfa\sdot_vol1\H8\PROD\ATTACHMENTS\COL_DIAGRAM\11211100.bmp,147.5,,,0,,10/20/2010 07:00:00 AM +0000,10/20/2010 17:07,0,,Mid-Block (not related to intersection),Daylight,E MADISON ST BETWEEN 10TH AVE AND E SENECA ST,0,1,,2,\\sdotnasvfa\sdot_vol1\H8\PROD\ATTACHMENTS\COL_REPORT\3386879.pdf,3386879,Dry,21,"MOTOR VEHICLE STRUCK PEDALCYCLIST, REAR END",10293026,14339,0,1,Property Damage Only Collision,,45,Bicycle,Matched,N,1,Clear or Partly Cloudy,0,22931,0,N,10-367257
7982,"""(47.613041751000026, -122.34694402799994)""",118144,118144,Block,Cycles,\\sdotnasvfa\sdot_vol1\H8\PROD\ATTACHMENTS\COL_DIAGRAM\88186907.bmp,161,,,0,,04/29/2010 07:00:00 AM +0000,4/29/2010 17:55,0,,Driveway Junction,Daylight,BELL ST BETWEEN WESTERN AVE AND 1ST AVE,0,1,Y,2,\\sdotnasvfa\sdot_vol1\H8\PROD\ATTACHMENTS\COL_REPORT\3276972.pdf,3276972,Dry,18,"MOTOR VEHICLE STRUCK PEDALCYCLIST, FRONT END AT ANGLE",10119017,9197,0,1,Property Damage Only Collision,,45,Bicycle,Matched,N,1,Clear or Partly Cloudy,0,0,0,N,10-139667
7989,"""(47.66867356700004, -122.38885869099994)""",118425,118425,Block,Cycles,\\sdotnasvfa\sdot_vol1\H8\PROD\ATTACHMENTS\COL_DIAGRAM\33213300.bmp,316.5,,,0,,12/30/2010 08:00:00 AM +0000,12/30/2010 12:15,0,,Mid-Block (not related to intersection),Daylight,NW MARKET ST BETWEEN 24TH AVE NW AND 26TH AVE NW,0,1,Y,3,\\sdotnasvfa\sdot_vol1\H8\PROD\ATTACHMENTS\COL_REPORT\3565045.pdf,3565045,Dry,21,"MOTOR VEHICLE STRUCK PEDALCYCLIST, REAR END",10364016,19236,0,1,Property Damage Only Collision,,45,Bicycle,Matched,N,1,Clear or Partly Cloudy,0,25907,0,N,10-446944
7995,"""(47.64203050000003, -122.32588836999997)""",118844,118844,Intersection,Cycles,\\sdotnasvfa\sdot_vol1\H8\PROD\ATTACHMENTS\COL_DIAGRAM\11515400.bmp,0,,,0,,09/20/2011 07:00:00 AM +0000,9/20/2011 17:16,1,28303,At Intersection (intersection related),Daylight,EASTLAKE AVE E AND E LOUISA ST,0,1,Y,2,\\sdotnasvfa\sdot_vol1\H8\PROD\ATTACHMENTS\COL_REPORT\3287649.pdf,3287649,Dry,51,PEDALCYCLIST STRUCK MOTOR VEHICLE FRONT END AT ANGLE,11263029,10178,0,2,Injury Collision,,45,Bicycle,Matched,N,1,Clear or Partly Cloudy,0,24739,0,N,11-310772
8000,"""(47.70847888700007, -122.30717276299998)""",118988,118988,Block,Cycles,\\sdotnasvfa\sdot_vol1\H8\PROD\ATTACHMENTS\COL_DIAGRAM\77217700.bmp,230,,,0,Y,10/09/2011 07:00:00 AM +0000,10/9/2011,1,,Mid-Block (not related to intersection),Dark - Street Lights On,NE NORTHGATE WAY BETWEEN 19TH AVE NE AND 20TH AVE NE,0,1,,2,\\sdotnasvfa\sdot_vol1\H8\PROD\ATTACHMENTS\COL_REPORT\3376193.pdf,3376193,Wet,21,"MOTOR VEHICLE STRUCK PEDALCYCLIST, REAR END",11282013,18021,0,2,Injury Collision,,45,Bicycle,Matched,1,1,Raining,0,14639,0,N,11-331445
8050,"""(47.61464477000004, -122.32212039199999)""",117059,117059,Block,Cycles,\\sdotnasvfa\sdot_vol1\H8\PROD\ATTACHMENTS\COL_DIAGRAM\11569100.bmp,211.5,,,0,,06/02/2010 07:00:00 AM +0000,6/2/2010 16:56,1,,Mid-Block (not related to intersection),Daylight,HARVARD AVE BETWEEN E PIKE ST AND E PINE ST,0,1,,2,\\sdotnasvfa\sdot_vol1\H8\PROD\ATTACHMENTS\COL_REPORT\3332076.pdf,3332076,Dry,56,PEDALCYCLIST STRUCK MOTOR VEHICLE LEFT SIDE SIDESWIPE,10153036,10841,0,2,Injury Collision,,45,Bicycle,Matched,N,1,Clear or Partly Cloudy,0,0,0,N,10-184335
8054,"""(47.65372998400005, -122.33628500599997)""",117472,117472,Block,Cycles,\\sdotnasvfa\sdot_vol1\H8\PROD\ATTACHMENTS\COL_DIAGRAM\11231100.bmp,213.5,,,0,,10/26/2010 07:00:00 AM +0000,10/26/2010 18:00,1,,Mid-Block (not related to intersection),Dusk,WALLINGFORD AVE N BETWEEN N 38TH ST AND N 39TH ST,0,1,,2,\\sdotnasvfa\sdot_vol1\H8\PROD\ATTACHMENTS\COL_REPORT\3565539.pdf,3565539,Wet,23,"MOTOR VEHICLE STRUCK PEDALCYCLIST, LEFT SIDE SIDESWIPE",10299028,13366,0,2,Injury Collision,,45,Bicycle,Matched,N,1,Raining,0,6183,0,N,10-374343
8114,"""(47.67572936800008, -122.26528244199994)""",118294,118294,Block,Cycles,\\sdotnasvfa\sdot_vol1\H8\PROD\ATTACHMENTS\COL_DIAGRAM\77181900.bmp,427.5, ,,0,,03/24/2010 07:00:00 AM +0000,3/24/2010 8:20,1,,Mid-Block (not related to intersection),Daylight,NE 65TH ST BETWEEN 58TH AVE NE AND SAND POINT WAY NE,0,1,Y,2,\\sdotnasvfa\sdot_vol1\H8\PROD\ATTACHMENTS\COL_REPORT\3332745.pdf,3332745,Dry,18,"MOTOR VEHICLE STRUCK PEDALCYCLIST, FRONT END AT ANGLE",10083009,17318,0,2,Injury Collision,,45,Bicycle,Matched,N,1,Clear or Partly Cloudy,0,0,524265,N,2010-96235
8118,,118574,118574,Intersection,Cycles,\\sdotnasvfa\sdot_vol1\H8\PROD\ATTACHMENTS\COL_DIAGRAM\33511100.bmp,0,,,0,,06/04/2011 07:00:00 AM +0000,6/4/2011 15:10,0,27975,At Intersection (intersection related),Daylight,W GARFIELD ST AND DEAD END 1,0,1,,2,\\sdotnasvfa\sdot_vol1\H8\PROD\ATTACHMENTS\COL_REPORT\2670129.pdf,2670129,Dry,51,PEDALCYCLIST STRUCK MOTOR VEHICLE FRONT END AT ANGLE,11155039,,0,1,Property Damage Only Collision,,45,Bicycle,Matched,N,1,Clear or Partly Cloudy,0,0,0,N,11-01247
8151,"""(47.61645464000003, -122.29615557099999)""",118861,118861,Intersection,Cycles,\\sdotnasvfa\sdot_vol1\H8\PROD\ATTACHMENTS\COL_DIAGRAM\11513300.bmp,0,,,0,,08/14/2011 07:00:00 AM +0000,8/14/2011 10:46,1,29994,At Intersection (intersection related),Daylight,M L KING JR WAY AND E OLIVE ST,0,1,,2,\\sdotnasvfa\sdot_vol1\H8\PROD\ATTACHMENTS\COL_REPORT\3283073.pdf,3283073,Dry,51,PEDALCYCLIST STRUCK MOTOR VEHICLE FRONT END AT ANGLE,11226003,11493,0,2,Injury Collision,,45,Bicycle,Matched,0,1,Clear or Partly Cloudy,0,35400,0,N,2011-266395
8176,"""(47.600574910000034, -122.31709598599997)""",118720,118720,Block,Cycles,\\sdotnasvfa\sdot_vol1\H8\PROD\ATTACHMENTS\COL_DIAGRAM\78185500.bmp,107,,,0,,08/31/2011 07:00:00 AM +0000,8/31/2011 8:14,1,,Driveway Junction,Daylight,12TH AVE S BETWEEN BOREN AVE S AND 12TH AVE S TURN RD,0,1,,3,\\sdotnasvfa\sdot_vol1\H8\PROD\ATTACHMENTS\COL_REPORT\3559534.pdf,3559534,Dry,18,"MOTOR VEHICLE STRUCK PEDALCYCLIST, FRONT END AT ANGLE",11243032,1652,0,2,Injury Collision,,45,Bicycle,Matched,0,1,Clear or Partly Cloudy,0,0,0,N,11-286548