OBJECTID,Shape,INCKEY,COLDETKEY,ADDRTYPE,COLLISIONTYPE,DIAGRAMLINK,DISTANCE,EXCEPTRSNCODE,EXCEPTRSNDESC,FATALITIES,INATTENTIONIND,INCDATE,INCDTTM,INJURIES,INTKEY,JUNCTIONTYPE,LIGHTCOND,LOCATION,PEDCOUNT,PEDCYLCOUNT,PEDROWNOTGRNT,PERSONCOUNT,REPORTLINK,REPORTNO,ROADCOND,SDOT_COLCODE,SDOT_COLDESC,SDOTCOLNUM,SEGKEY,SERIOUSINJURIES,SEVERITYCODE,SEVERITYDESC,SPEEDING,ST_COLCODE,ST_COLDESC,STATUS,UNDERINFL,VEHCOUNT,WEATHER,WIDTH,SEGLANEKEY,CROSSWALKKEY,HITPARKEDCAR,SPDCASENO
9554,"""(47.57772508700003, -122.32597792399997)""",120187,120187,Intersection,Cycles,\\sdotnasvfa\sdot_vol1\H8\PROD\ATTACHMENTS\COL_DIAGRAM\11211900.bmp,0,,,0,,03/15/2011 07:00:00 AM +0000,3/15/2011 21:33,1,31377,At Intersection (intersection related),Dark - Street Lights On,6TH AVE S AND S FOREST ST,0,1,Y,2,\\sdotnasvfa\sdot_vol1\H8\PROD\ATTACHMENTS\COL_REPORT\3566482.pdf,3566482,Wet,21,"MOTOR VEHICLE STRUCK PEDALCYCLIST, REAR END",11074008,7997,1,2b,Serious Injury Collision,,45,Bicycle,Matched,N,1,Raining,0,19404,0,N,2011-085836
9586,"""(47.62258860700007, -122.29750233599998)""",121027,121027,Intersection,Cycles,\\sdotnasvfa\sdot_vol1\H8\PROD\ATTACHMENTS\COL_DIAGRAM\22518700.bmp,0,,,0,,09/08/2011 07:00:00 AM +0000,9/8/2011,1,29293,At Intersection (intersection related),Daylight,27TH AVE E AND E MADISON S ST,0,1,,3,\\sdotnasvfa\sdot_vol1\H8\PROD\ATTACHMENTS\COL_REPORT\3566353.pdf,3566353,Dry,51,PEDALCYCLIST STRUCK MOTOR VEHICLE FRONT END AT ANGLE,11251014,14359,0,2,Injury Collision,,45,Bicycle,Matched,0,1,Clear or Partly Cloudy,0,34580,0,N,2011-296616
9612,"""(47.62255712900003, -122.32091519699998)""",120467,120467,Block,Cycles,\\sdotnasvfa\sdot_vol1\H8\PROD\ATTACHMENTS\COL_DIAGRAM\55565900.bmp,208,,,0,,05/13/2011 07:00:00 AM +0000,5/13/2011 13:50,1,,Mid-Block (not related to intersection),Daylight,BROADWAY E BETWEEN E HARRISON ST AND E REPUBLICAN ST,0,1,,2,\\sdotnasvfa\sdot_vol1\H8\PROD\ATTACHMENTS\COL_REPORT\3565911.pdf,3565911,Dry,56,PEDALCYCLIST STRUCK MOTOR VEHICLE LEFT SIDE SIDESWIPE,11133017,9454,0,2,Injury Collision,,45,Bicycle,Matched,N,1,Clear or Partly Cloudy,0,6261,0,N,11-152463
9639,"""(47.61483186400005, -122.33774456799995)""",119633,119633,Intersection,Cycles,\\sdotnasvfa\sdot_vol1\H8\PROD\ATTACHMENTS\COL_DIAGRAM\22512300.bmp,0,,,0,,08/07/2011 07:00:00 AM +0000,8/7/2011,1,29541,At Intersection (intersection related),Daylight,VIRGINIA ST AND WESTLAKE AVE,0,1,,2,\\sdotnasvfa\sdot_vol1\H8\PROD\ATTACHMENTS\COL_REPORT\3561304.pdf,3561304,Dry,51,PEDALCYCLIST STRUCK MOTOR VEHICLE FRONT END AT ANGLE,11219025,13316,0,2,Injury Collision,,45,Bicycle,Matched,0,1,Clear or Partly Cloudy,0,14298,0,N,2011-257959
9726,"""(47.68328869800007, -122.35529729299998)""",120477,120477,Intersection,Cycles,\\sdotnasvfa\sdot_vol1\H8\PROD\ATTACHMENTS\COL_DIAGRAM\75183300.bmp,0,,,0,,09/03/2011 07:00:00 AM +0000,9/3/2011,2,24306,At Intersection (intersection related),Daylight,GREENWOOD AVE N AND N 75TH ST,0,2,,4,\\sdotnasvfa\sdot_vol1\H8\PROD\ATTACHMENTS\COL_REPORT\3552969.pdf,3552969,Dry,18,"MOTOR VEHICLE STRUCK PEDALCYCLIST, FRONT END AT ANGLE",11246042,10742,0,2,Injury Collision,,45,Bicycle,Matched,0,1,Clear or Partly Cloudy,0,0,0,N,11-290931
9775,"""(47.59918404800004, -122.31963858299997)""",121036,121036,Intersection,Cycles,\\sdotnasvfa\sdot_vol1\H8\PROD\ATTACHMENTS\COL_DIAGRAM\11187700.bmp,0,,,0,,06/27/2011 07:00:00 AM +0000,6/27/2011 12:26,1,30426,At Intersection (intersection related),Daylight,10TH AVE S AND S JACKSON ST,0,1,,2,\\sdotnasvfa\sdot_vol1\H8\PROD\ATTACHMENTS\COL_REPORT\3566226.pdf,3566226,Dry,18,"MOTOR VEHICLE STRUCK PEDALCYCLIST, FRONT END AT ANGLE",11178005,1324,0,2,Injury Collision,,45,Bicycle,Matched,N,1,Overcast,0,24474,0,N,11-206 432
9793,"""(47.66828157500004, -122.36617893099998)""",119647,119647,Block,Cycles,\\sdotnasvfa\sdot_vol1\H8\PROD\ATTACHMENTS\COL_DIAGRAM\56515900.bmp,135,,,0,,03/18/2011 07:00:00 AM +0000,3/18/2011 14:06,1,,Mid-Block (not related to intersection),Daylight,8TH AVE NW BETWEEN NW 54TH ST AND NW MARKET ST,0,1,,2,\\sdotnasvfa\sdot_vol1\H8\PROD\ATTACHMENTS\COL_REPORT\3564908.pdf,3564908,Dry,51,PEDALCYCLIST STRUCK MOTOR VEHICLE FRONT END AT ANGLE,11077011,8383,1,2b,Serious Injury Collision,,45,Bicycle,Matched,N,1,Overcast,0,2413,0,N,2011-88840
9825,"""(47.66706955400008, -122.30194580399996)""",119506,119506,Intersection,Cycles,\\sdotnasvfa\sdot_vol1\H8\PROD\ATTACHMENTS\COL_DIAGRAM\11184400.bmp,0,,,0,,10/24/2011 07:00:00 AM +0000,10/24/2011 7:18,0,26042,At Intersection (intersection related),Dawn,24TH AVE NE AND RAVENNA PL NE,0,1,Y,2,\\sdotnasvfa\sdot_vol1\H8\PROD\ATTACHMENTS\COL_REPORT\3545166.pdf,3545166,Sand/Mud/Dirt,18,"MOTOR VEHICLE STRUCK PEDALCYCLIST, FRONT END AT ANGLE",11297031,3565,0,1,Property Damage Only Collision,,45,Bicycle,Matched,0,1,Raining,0,11728,0,N,11-346656
9945,"""(47.579811138000025, -122.33420081399998)""",119520,119520,Intersection,Cycles,\\sdotnasvfa\sdot_vol1\H8\PROD\ATTACHMENTS\COL_DIAGRAM\77185371.bmp,0,,,0,,06/08/2011 07:00:00 AM +0000,6/8/2011 15:03,1,31372,At Intersection (intersection related),Daylight,1ST AVE S AND S LANDER ST,0,1,Y,2,\\sdotnasvfa\sdot_vol1\H8\PROD\ATTACHMENTS\COL_REPORT\3372608.pdf,3372608,Dry,18,"MOTOR VEHICLE STRUCK PEDALCYCLIST, FRONT END AT ANGLE",11159001,1208,0,2,Injury Collision,,45,Bicycle,Matched,N,1,Overcast,0,5329,0,N,2011-183383
9949,"""(47.601718704000064, -122.33198350499998)""",119795,119795,Intersection,Cycles,\\sdotnasvfa\sdot_vol1\H8\PROD\ATTACHMENTS\COL_DIAGRAM\55187700.bmp,0,,,0,,11/18/2011 08:00:00 AM +0000,11/18/2011 7:40,0,30488,At Intersection (intersection related),Daylight,2ND AVE AND YESLER WAY,0,1,,2,\\sdotnasvfa\sdot_vol1\H8\PROD\ATTACHMENTS\COL_REPORT\3562928.pdf,3562928,Wet,18,"MOTOR VEHICLE STRUCK PEDALCYCLIST, FRONT END AT ANGLE",11322003,2748,0,1,Property Damage Only Collision,,45,Bicycle,Matched,N,1,Overcast,0,9964,0,N,2011-373672
9975,"""(47.58119534200006, -122.38654575499999)""",119656,119656,Intersection,Cycles,\\sdotnasvfa\sdot_vol1\H8\PROD\ATTACHMENTS\COL_DIAGRAM\11513300.bmp,0,,,0,,03/26/2011 07:00:00 AM +0000,3/26/2011 2:13,1,31066,At Intersection (intersection related),Dark - Street Lights On,CALIFORNIA AVE SW AND SW ADMIRAL WAY,0,1,,2,\\sdotnasvfa\sdot_vol1\H8\PROD\ATTACHMENTS\COL_REPORT\3342858.pdf,3342858,Dry,51,PEDALCYCLIST STRUCK MOTOR VEHICLE FRONT END AT ANGLE,11085025,9540,0,2,Injury Collision,,45,Bicycle,Matched,Y,1,Clear or Partly Cloudy,0,32697,0,N,2011-97382
10032,"""(47.642029525000055, -122.32345760899995)""",119255,119255,Intersection,Cycles,\\sdotnasvfa\sdot_vol1\H8\PROD\ATTACHMENTS\COL_DIAGRAM\11211900.bmp,0,,,0,,08/10/2011 07:00:00 AM +0000,8/10/2011 18:10,1,28209,At Intersection (intersection related),Daylight,BOYLSTON AVE E AND E LOUISA ST,0,1,,2,\\sdotnasvfa\sdot_vol1\H8\PROD\ATTACHMENTS\COL_REPORT\2828090.pdf,2828090,Dry,21,"MOTOR VEHICLE STRUCK PEDALCYCLIST, REAR END",11222002,9393,0,2,Injury Collision,,45,Bicycle,Matched,0,1,Clear or Partly Cloudy,0,37326,0,N,2011-261996
10048,"""(47.59835381900007, -122.32636388399999)""",119391,119391,Intersection,Cycles,\\sdotnasvfa\sdot_vol1\H8\PROD\ATTACHMENTS\COL_DIAGRAM\77515500.bmp,0,,,0,,01/24/2011 08:00:00 AM +0000,1/24/2011 15:37,0,30516,At Intersection (intersection related),Daylight,6TH AVE S AND S KING ST,0,1,,3,\\sdotnasvfa\sdot_vol1\H8\PROD\ATTACHMENTS\COL_REPORT\3346574.pdf,3346574,Dry,51,PEDALCYCLIST STRUCK MOTOR VEHICLE FRONT END AT ANGLE,11024027,7984,0,1,Property Damage Only Collision,Y,45,Bicycle,Matched,N,1,Overcast,0,5761,0,N,11-28275
10061,"""(47.52646547400008, -122.32291561299996)""",121051,121051,Intersection,Cycles,\\sdotnasvfa\sdot_vol1\H8\PROD\ATTACHMENTS\COL_DIAGRAM\33515500.bmp,0, ,,0,,09/10/2011 07:00:00 AM +0000,9/10/2011 17:46,1,35094,At Intersection (intersection related),Daylight,8TH AVE S AND S CLOVERDALE ST,0,1,Y,2,\\sdotnasvfa\sdot_vol1\H8\PROD\ATTACHMENTS\COL_REPORT\2825325.pdf,2825325,Dry,51,PEDALCYCLIST STRUCK MOTOR VEHICLE FRONT END AT ANGLE,11253007,8464,0,2,Injury Collision,,45,Bicycle,Matched,N,1,Clear or Partly Cloudy,0,0,521995,N,11-299622
10084,"""(47.61074295100008, -122.33870150899997)""",119799,119799,Intersection,Cycles,\\sdotnasvfa\sdot_vol1\H8\PROD\ATTACHMENTS\COL_DIAGRAM\66188800.bmp,0, ,,0,,11/03/2011 07:00:00 AM +0000,11/3/2011 19:02,1,29580,At Intersection (intersection related),Dark - Street Lights On,3RD AVE AND PINE ST,0,1,,3,\\sdotnasvfa\sdot_vol1\H8\PROD\ATTACHMENTS\COL_REPORT\3562389.pdf,3562389,Dry,18,"MOTOR VEHICLE STRUCK PEDALCYCLIST, FRONT END AT ANGLE",11307026,4385,0,2,Injury Collision,,45,Bicycle,Matched,N,1,Clear or Partly Cloudy,0,35766,0,N,11-358579
10114,"""(47.66147103000003, -122.37218152999998)""",120084,120084,Block,Cycles,\\sdotnasvfa\sdot_vol1\H8\PROD\ATTACHMENTS\COL_DIAGRAM\77690000.bmp,348.5,,,0,,04/04/2011 07:00:00 AM +0000,4/4/2011 17:02,1,,Mid-Block (not related to intersection),Daylight,NW 45TH ST BETWEEN 11TH AVE NW AND 14TH AVE NW,0,1,,1,\\sdotnasvfa\sdot_vol1\H8\PROD\ATTACHMENTS\COL_REPORT\3559325.pdf,3559325,Wet,69,PEDALCYCLIST OVERTURNED IN ROAD,11094019,18337,0,2,Injury Collision,,45,Bicycle,Matched,N,0,Raining,0,41861,0,N,11-108015
10165,"""(47.646891442000026, -122.35686606399997)""",120360,120360,Intersection,Cycles,\\sdotnasvfa\sdot_vol1\H8\PROD\ATTACHMENTS\COL_DIAGRAM\76517700.bmp,0,,,0,,08/26/2011 07:00:00 AM +0000,8/26/2011 14:55,1,27758,At Intersection (intersection related),Daylight,FLORENTIA ST AND QUEEN ANNE E AVE N,0,1,,2,\\sdotnasvfa\sdot_vol1\H8\PROD\ATTACHMENTS\COL_REPORT\3562805.pdf,3562805,Dry,51,PEDALCYCLIST STRUCK MOTOR VEHICLE FRONT END AT ANGLE,11238011,10456,0,2,Injury Collision,,45,Bicycle,Matched,0,1,Clear or Partly Cloudy,0,34771,0,N,2011-280911
10181,"""(47.702894392000076, -122.35004982299995)""",119259,119259,Intersection,Cycles,\\sdotnasvfa\sdot_vol1\H8\PROD\ATTACHMENTS\COL_DIAGRAM\33185500.bmp,0,,,0,,04/22/2011 07:00:00 AM +0000,4/22/2011 8:43,1,37392,At Intersection (intersection related),Daylight,FREMONT AVE N AND N 102ND ST,0,1,,2,\\sdotnasvfa\sdot_vol1\H8\PROD\ATTACHMENTS\COL_REPORT\3558837.pdf,3558837,Dry,18,"MOTOR VEHICLE STRUCK PEDALCYCLIST, FRONT END AT ANGLE",11112012,10545,0,2,Injury Collision,,45,Bicycle,Matched,N,1,Clear or Partly Cloudy,0,0,0,N,2011-127941
10183,"""(47.59920078500005, -122.33157768599995)""",119531,119531,Intersection,Cycles,\\sdotnasvfa\sdot_vol1\H8\PROD\ATTACHMENTS\COL_DIAGRAM\33517500.bmp,0,,,0,,06/09/2011 07:00:00 AM +0000,6/9/2011 20:53,1,30506,At Intersection (intersection related),Dusk,2ND AVE S AND S JACKSON ST,0,1,Y,2,\\sdotnasvfa\sdot_vol1\H8\PROD\ATTACHMENTS\COL_REPORT\3383372.pdf,3383372,Dry,51,PEDALCYCLIST STRUCK MOTOR VEHICLE FRONT END AT ANGLE,11160011,2871,0,2,Injury Collision,,45,Bicycle,Matched,N,1,Clear or Partly Cloudy,0,4848,0,N,2011-184988
10211,"""(47.646503048000056, -122.32519936799997)""",119951,119951,Block,Cycles,\\sdotnasvfa\sdot_vol1\H8\PROD\ATTACHMENTS\COL_DIAGRAM\65186600.bmp,362.5,,,0,,02/01/2011 08:00:00 AM +0000,2/1/2011 9:01,1,,Mid-Block (not related to intersection),Daylight,EASTLAKE AVE E BETWEEN E HAMLIN ST AND E SHELBY ST,0,1,,2,\\sdotnasvfa\sdot_vol1\H8\PROD\ATTACHMENTS\COL_REPORT\3329387.pdf,3329387,Dry,18,"MOTOR VEHICLE STRUCK PEDALCYCLIST, FRONT END AT ANGLE",11032004,10181,0,2,Injury Collision,,45,Bicycle,Matched,N,1,Clear or Partly Cloudy,0,24681,0,N,11-37681
10254,"""(47.62322375000008, -122.34236126699994)""",120092,120092,Intersection,Cycles,\\sdotnasvfa\sdot_vol1\H8\PROD\ATTACHMENTS\COL_DIAGRAM\53511100.bmp,0,,,0,,07/15/2011 07:00:00 AM +0000,7/15/2011 17:30,1,28775,At Intersection (intersection related),Unknown,DEXTER AVE N AND REPUBLICAN ST,0,1,Y,2,\\sdotnasvfa\sdot_vol1\H8\PROD\ATTACHMENTS\COL_REPORT\3552811.pdf,3552811,Unknown,51,PEDALCYCLIST STRUCK MOTOR VEHICLE FRONT END AT ANGLE,11196030,10075,0,2,Injury Collision,,45,Bicycle,Matched,N,1,Unknown,0,12628,0,N,11-230290
10354,"""(47.615589863000025, -122.31015123599997)""",119680,119680,Intersection,Cycles,\\sdotnasvfa\sdot_vol1\H8\PROD\ATTACHMENTS\COL_DIAGRAM\11515400.bmp,0,,,0,,10/12/2011 07:00:00 AM +0000,10/12/2011 15:33,1,30132,At Intersection (intersection related),Daylight,17TH AVE AND E MADISON ST,0,1,Y,3,\\sdotnasvfa\sdot_vol1\H8\PROD\ATTACHMENTS\COL_REPORT\3567231.pdf,3567231,Dry,51,PEDALCYCLIST STRUCK MOTOR VEHICLE FRONT END AT ANGLE,11285008,2366,0,2,Injury Collision,,45,Bicycle,Matched,0,1,Overcast,0,0,0,N,110334847
10363,"""(47.65891124900003, -122.31776594999997)""",120379,120379,Block,Cycles,\\sdotnasvfa\sdot_vol1\H8\PROD\ATTACHMENTS\COL_DIAGRAM\55515600.bmp,198,,,0,,09/21/2011 07:00:00 AM +0000,9/21/2011 8:39,1,,Mid-Block (not related to intersection),Daylight,ROOSEVELT WAY NE BETWEEN NE 42ND N ST AND NE 43RD S ST,0,1,Y,2,\\sdotnasvfa\sdot_vol1\H8\PROD\ATTACHMENTS\COL_REPORT\3544932.pdf,3544932,Dry,51,PEDALCYCLIST STRUCK MOTOR VEHICLE FRONT END AT ANGLE,11264009,12596,0,2,Injury Collision,,45,Bicycle,Matched,N,1,Clear or Partly Cloudy,0,8990,0,N,2011-311354
10386,"""(47.66129196000003, -122.31657893399995)""",119961,119961,Intersection,Cycles,\\sdotnasvfa\sdot_vol1\H8\PROD\ATTACHMENTS\COL_DIAGRAM\77511100.bmp,0, ,,0,,02/07/2011 08:00:00 AM +0000,2/7/2011 14:40,1,27065,At Intersection (intersection related),Daylight,11TH AVE NE AND NE 45TH ST,0,1,,2,\\sdotnasvfa\sdot_vol1\H8\PROD\ATTACHMENTS\COL_REPORT\3568953.pdf,3568953,Wet,51,PEDALCYCLIST STRUCK MOTOR VEHICLE FRONT END AT ANGLE,11038001,1409,0,2,Injury Collision,Y,45,Bicycle,Matched,N,1,Raining,0,0,520889,N,2011-45230
10447,"""(47.56381733100005, -122.38677345999997)""",121072,121072,Block,Cycles,\\sdotnasvfa\sdot_vol1\H8\PROD\ATTACHMENTS\COL_DIAGRAM\55565900.bmp,330,,,0,,10/20/2011 07:00:00 AM +0000,10/20/2011 11:37,1,,Mid-Block (not related to intersection),Daylight,CALIFORNIA AVE SW BETWEEN SW GENESEE ST AND SW OREGON ST,0,1,,2,\\sdotnasvfa\sdot_vol1\H8\PROD\ATTACHMENTS\COL_REPORT\3288339.pdf,3288339,Dry,56,PEDALCYCLIST STRUCK MOTOR VEHICLE LEFT SIDE SIDESWIPE,11293027,9552,0,2,Injury Collision,,45,Bicycle,Matched,N,1,Clear or Partly Cloudy,0,2674,0,N,2011-342691
10463,"""(47.546050723000064, -122.28515961699998)""",119690,119690,Block,Cycles,\\sdotnasvfa\sdot_vol1\H8\PROD\ATTACHMENTS\COL_DIAGRAM\71187700.bmp,73,,,0,,10/27/2011 07:00:00 AM +0000,10/27/2011 15:58,1,,Driveway Junction,Daylight,S GRAHAM ST BETWEEN M L KING JR ER WAY S AND 38TH AVE S,0,1,Y,4,\\sdotnasvfa\sdot_vol1\H8\PROD\ATTACHMENTS\COL_REPORT\3548329.pdf,3548329,Dry,18,"MOTOR VEHICLE STRUCK PEDALCYCLIST, FRONT END AT ANGLE",11300017,20124,0,2,Injury Collision,,45,Bicycle,Matched,0,1,Clear or Partly Cloudy,0,0,0,N,11-350546
10470,"""(47.66933890800004, -122.30649516799997)""",119416,119416,Intersection,Cycles,\\sdotnasvfa\sdot_vol1\H8\PROD\ATTACHMENTS\COL_DIAGRAM\11517700.bmp,0,,,0,,02/08/2011 08:00:00 AM +0000,2/8/2011 17:30,1,26028,At Intersection (intersection related),Dusk,20TH AVE NE AND NE RAVENNA WB BV,0,1,,2,\\sdotnasvfa\sdot_vol1\H8\PROD\ATTACHMENTS\COL_REPORT\3559014.pdf,3559014,Dry,51,PEDALCYCLIST STRUCK MOTOR VEHICLE FRONT END AT ANGLE,11039023,2967,0,2,Injury Collision,,45,Bicycle,Matched,N,1,Clear or Partly Cloudy,0,32742,0,N,11-46569
10535,"""(47.59407194400006, -122.31015032299996)""",120664,120664,Intersection,Cycles,\\sdotnasvfa\sdot_vol1\H8\PROD\ATTACHMENTS\COL_DIAGRAM\66518800.bmp,0,,,0,,07/15/2011 07:00:00 AM +0000,7/15/2011 1:35,1,30794,At Intersection (intersection related),Dark - Street Lights On,RAINIER AVE S AND S CHARLES S ST,0,1,,2,\\sdotnasvfa\sdot_vol1\H8\PROD\ATTACHMENTS\COL_REPORT\3566408.pdf,3566408,Dry,51,PEDALCYCLIST STRUCK MOTOR VEHICLE FRONT END AT ANGLE,11196008,12347,0,2,Injury Collision,,45,Bicycle,Matched,N,1,Overcast,0,0,0,N,110228658
10548,"""(47.62322375000008, -122.34236126699994)""",120384,120384,Intersection,Cycles,\\sdotnasvfa\sdot_vol1\H8\PROD\ATTACHMENTS\COL_DIAGRAM\88185500.bmp,0,,,0,,06/09/2011 07:00:00 AM +0000,6/9/2011 18:55,0,28775,At Intersection (intersection related),Daylight,DEXTER AVE N AND REPUBLICAN ST,0,1,,2,\\sdotnasvfa\sdot_vol1\H8\PROD\ATTACHMENTS\COL_REPORT\3341788.pdf,3341788,Dry,18,"MOTOR VEHICLE STRUCK PEDALCYCLIST, FRONT END AT ANGLE",11160010,10075,0,1,Property Damage Only Collision,,45,Bicycle,Matched,N,1,Clear or Partly Cloudy,0,12643,0,N,11-184887
10580,"""(47.61717154400003, -122.33013020399994)""",120940,120940,Block,Cycles,\\sdotnasvfa\sdot_vol1\H8\PROD\ATTACHMENTS\COL_DIAGRAM\22212200.bmp,161,,,0,,01/13/2011 08:00:00 AM +0000,1/13/2011 19:48,1,,Mid-Block (but intersection related),Dark - Street Lights On,HOWELL ST BETWEEN MINOR AVE AND YALE AVE,0,1,Y,2,\\sdotnasvfa\sdot_vol1\H8\PROD\ATTACHMENTS\COL_REPORT\3377752.pdf,3377752,Wet,21,"MOTOR VEHICLE STRUCK PEDALCYCLIST, REAR END",11013007,10964,0,2,Injury Collision,,45,Bicycle,Matched,0,1,Raining,0,14399,0,N,11 15211
10587,"""(47.618534269000065, -122.33848456799996)""",120808,120808,Intersection,Cycles,\\sdotnasvfa\sdot_vol1\H8\PROD\ATTACHMENTS\COL_DIAGRAM\33181371.bmp,0,,,0,,08/11/2011 07:00:00 AM +0000,8/11/2011 23:02,0,29510,At Intersection (intersection related),Dark - Street Lights On,DENNY WAY AND WESTLAKE AVE,0,1,,4,\\sdotnasvfa\sdot_vol1\H8\PROD\ATTACHMENTS\COL_REPORT\3562915.pdf,3562915,Dry,18,"MOTOR VEHICLE STRUCK PEDALCYCLIST, FRONT END AT ANGLE",11223023,10015,0,1,Property Damage Only Collision,,45,Bicycle,Matched,0,2,Clear or Partly Cloudy,0,37291,0,N,2011-263542
10603,"""(47.684767703000034, -122.34449200399996)""",119555,119555,Intersection,Cycles,\\sdotnasvfa\sdot_vol1\H8\PROD\ATTACHMENTS\COL_DIAGRAM\55183300.bmp,0,,,0,,09/27/2011 07:00:00 AM +0000,9/27/2011 9:48,1,24297,At Intersection (intersection related),Daylight,AURORA AVE N AND N 77TH ST,0,1,,2,\\sdotnasvfa\sdot_vol1\H8\PROD\ATTACHMENTS\COL_REPORT\3552864.pdf,3552864,Dry,18,"MOTOR VEHICLE STRUCK PEDALCYCLIST, FRONT END AT ANGLE",11270005,8955,0,2,Injury Collision,,45,Bicycle,Matched,0,1,Clear or Partly Cloudy,0,0,0,N,2011-318297
10632,"""(47.52007615800005, -122.273382003)""",119841,119841,Block,Cycles,\\sdotnasvfa\sdot_vol1\H8\PROD\ATTACHMENTS\COL_DIAGRAM\81518800.bmp,466.5, ,,0,,05/31/2011 07:00:00 AM +0000,5/31/2011 18:30,1,,Mid-Block (not related to intersection),Daylight,49TH AVE S BETWEEN S BARTON ST AND S FLETCHER ST,0,1,,2,\\sdotnasvfa\sdot_vol1\H8\PROD\ATTACHMENTS\COL_REPORT\3567031.pdf,3567031,Dry,51,PEDALCYCLIST STRUCK MOTOR VEHICLE FRONT END AT ANGLE,11151002,7191,0,2,Injury Collision,,45,Bicycle,Matched,N,1,Clear or Partly Cloudy,0,0,0,N,11-173911
10650,"""(47.618607061000034, -122.35675629499997)""",119981,119981,Intersection,Cycles,\\sdotnasvfa\sdot_vol1\H8\PROD\ATTACHMENTS\COL_DIAGRAM\11515400.bmp,0,,,0,,10/08/2011 07:00:00 AM +0000,10/8/2011 22:43,1,28667,At Intersection (intersection related),Dark - Street Lights On,DENNY WAY AND QUEEN ANNE AVE N,0,1,,3,\\sdotnasvfa\sdot_vol1\H8\PROD\ATTACHMENTS\COL_REPORT\3562585.pdf,3562585,Wet,51,PEDALCYCLIST STRUCK MOTOR VEHICLE FRONT END AT ANGLE,11281002,9997,0,2,Injury Collision,,45,Bicycle,Matched,Y,1,Raining,0,41826,0,N,11-331160
10692,"""(47.67304060600003, -122.31191149199998)""",120954,120954,Block,Cycles,\\sdotnasvfa\sdot_vol1\H8\PROD\ATTACHMENTS\COL_DIAGRAM\55555500.bmp,341.5,,,0,Y,05/20/2011 07:00:00 AM +0000,5/20/2011 9:30,2,,Mid-Block (not related to intersection),Daylight,15TH AVE NE BETWEEN COWEN PL NE AND NE 62ND ST,0,1,,3,\\sdotnasvfa\sdot_vol1\H8\PROD\ATTACHMENTS\COL_REPORT\2802591.pdf,2802591,Dry,55,PEDALCYCLIST STRUCK MOTOR VEHICLE RIGHT SIDE SIDESWIPE,11140023,2045,0,2,Injury Collision,,45,Bicycle,Matched,N,1,Clear or Partly Cloudy,0,29052,0,N,11-161697
10713,"""(47.62622348100007, -122.35930971699997)""",120815,120815,Block,Cycles,\\sdotnasvfa\sdot_vol1\H8\PROD\ATTACHMENTS\COL_DIAGRAM\18185500.bmp,182.5,,,0,,04/25/2011 07:00:00 AM +0000,4/25/2011 6:15,1,,Mid-Block (not related to intersection),Daylight,2ND AVE W BETWEEN W ROY ST AND W OLYMPIC PL,0,1,Y,2,\\sdotnasvfa\sdot_vol1\H8\PROD\ATTACHMENTS\COL_REPORT\3383574.pdf,3383574,Wet,18,"MOTOR VEHICLE STRUCK PEDALCYCLIST, FRONT END AT ANGLE",11115026,2904,1,2b,Serious Injury Collision,,45,Bicycle,Matched,N,1,Raining,0,30580,0,N,11-131376
10786,"""(47.661354747000075, -122.32725022499994)""",119993,119993,Intersection,Cycles,\\sdotnasvfa\sdot_vol1\H8\PROD\ATTACHMENTS\COL_DIAGRAM\75183300.bmp,0,,,0,,06/23/2011 07:00:00 AM +0000,6/23/2011 15:26,1,27182,At Intersection (intersection related),Daylight,2ND AVE NE AND NE 45TH ST,0,1,Y,2,\\sdotnasvfa\sdot_vol1\H8\PROD\ATTACHMENTS\COL_REPORT\3466327.pdf,3466327,Dry,18,"MOTOR VEHICLE STRUCK PEDALCYCLIST, FRONT END AT ANGLE",11174010,2803,0,2,Injury Collision,,45,Bicycle,Matched,N,1,Clear or Partly Cloudy,0,6532,0,N,2011-201793
10791,"""(47.61288923600006, -122.31673339099996)""",120825,120825,Intersection,Cycles,\\sdotnasvfa\sdot_vol1\H8\PROD\ATTACHMENTS\COL_DIAGRAM\55690000.bmp,0,,,0,,03/08/2011 08:00:00 AM +0000,3/8/2011 9:18,0,29761,At Intersection (intersection related),Daylight,12TH AVE AND E MADISON ST,0,1,,2,\\sdotnasvfa\sdot_vol1\H8\PROD\ATTACHMENTS\COL_REPORT\3283030.pdf,3283030,Wet,69,PEDALCYCLIST OVERTURNED IN ROAD,11067036,1536,0,1,Property Damage Only Collision,,45,Bicycle,Matched,N,1,Raining,0,9272,0,N,11-77180
10803,"""(47.626261483000064, -122.34233438599995)""",120541,120541,Intersection,Cycles,\\sdotnasvfa\sdot_vol1\H8\PROD\ATTACHMENTS\COL_DIAGRAM\55515600.bmp,0,,,0,,12/12/2011 08:00:00 AM +0000,12/12/2011 16:20,1,28736,At Intersection (intersection related),Dusk,DEXTER AVE N AND VALLEY ST,0,1,Y,2,\\sdotnasvfa\sdot_vol1\H8\PROD\ATTACHMENTS\COL_REPORT\3561170.pdf,3561170,Dry,51,PEDALCYCLIST STRUCK MOTOR VEHICLE FRONT END AT ANGLE,11346007,10079,0,2,Injury Collision,,45,Bicycle,Matched,N,1,Clear or Partly Cloudy,0,12719,0,N,11 398541