OBJECTID,Shape,INCKEY,COLDETKEY,ADDRTYPE,COLLISIONTYPE,DIAGRAMLINK,DISTANCE,EXCEPTRSNCODE,EXCEPTRSNDESC,FATALITIES,INATTENTIONIND,INCDATE,INCDTTM,INJURIES,INTKEY,JUNCTIONTYPE,LIGHTCOND,LOCATION,PEDCOUNT,PEDCYLCOUNT,PEDROWNOTGRNT,PERSONCOUNT,REPORTLINK,REPORTNO,ROADCOND,SDOT_COLCODE,SDOT_COLDESC,SDOTCOLNUM,SEGKEY,SERIOUSINJURIES,SEVERITYCODE,SEVERITYDESC,SPEEDING,ST_COLCODE,ST_COLDESC,STATUS,UNDERINFL,VEHCOUNT,WEATHER,WIDTH,SEGLANEKEY,CROSSWALKKEY,HITPARKEDCAR,SPDCASENO
13797,"""(47.653411937000044, -122.34253836899995)""",125623,125623,Block,Cycles,\\sdotnasvfa\sdot_vol1\H8\PROD\ATTACHMENTS\COL_DIAGRAM\57185500.bmp,258,,,0,,12/17/2011 08:00:00 AM +0000,12/17/2011 13:49,0,,Driveway Junction,Daylight,STONE WAY N BETWEEN N 38TH ST AND N 39TH ST,0,1,Y,2,\\sdotnasvfa\sdot_vol1\H8\PROD\ATTACHMENTS\COL_REPORT\3564362.pdf,3564362,Dry,18,"MOTOR VEHICLE STRUCK PEDALCYCLIST, FRONT END AT ANGLE",11351017,12958,0,1,Property Damage Only Collision,,45,Bicycle,Matched,N,1,Clear or Partly Cloudy,0,6298,0,N,11-403885
14006,"""(47.61617112400006, -122.33141659899997)""",124305,124305,Intersection,Cycles,\\sdotnasvfa\sdot_vol1\H8\PROD\ATTACHMENTS\COL_DIAGRAM\81188800.bmp,0,,,0,,02/18/2011 08:00:00 AM +0000,2/18/2011 10:55,1,29852,At Intersection (intersection related),Daylight,BOREN AVE AND HOWELL ST,0,1,,2,\\sdotnasvfa\sdot_vol1\H8\PROD\ATTACHMENTS\COL_REPORT\3375444.pdf,3375444,Dry,18,"MOTOR VEHICLE STRUCK PEDALCYCLIST, FRONT END AT ANGLE",11049001,9322,0,2,Injury Collision,,45,Bicycle,Matched,N,1,Clear or Partly Cloudy,0,24955,0,N,2011-57936
14082,"""(47.60301939300007, -122.33317224599995)""",123622,123622,Intersection,Cycles,\\sdotnasvfa\sdot_vol1\H8\PROD\ATTACHMENTS\COL_DIAGRAM\43184400.bmp,0,,,0,,06/01/2011 07:00:00 AM +0000,6/1/2011,1,30355,At Intersection (intersection related),Daylight,2ND AVE AND CHERRY ST,0,1,Y,3,\\sdotnasvfa\sdot_vol1\H8\PROD\ATTACHMENTS\COL_REPORT\3383719.pdf,3383719,Dry,18,"MOTOR VEHICLE STRUCK PEDALCYCLIST, FRONT END AT ANGLE",11152012,2750,0,2,Injury Collision,,45,Bicycle,Matched,0,1,Overcast,0,12035,0,N,11-174869
14129,"""(47.66490847500006, -122.31421009099995)""",124309,124309,Intersection,Cycles,\\sdotnasvfa\sdot_vol1\H8\PROD\ATTACHMENTS\COL_DIAGRAM\31187171.bmp,0, ,,0,,10/10/2011 07:00:00 AM +0000,10/10/2011 21:40,1,25792,At Intersection (intersection related),Dark - Street Lights On,BROOKLYN AVE NE AND NE 50TH ST,0,1,,2,\\sdotnasvfa\sdot_vol1\H8\PROD\ATTACHMENTS\COL_REPORT\3545082.pdf,3545082,Wet,18,"MOTOR VEHICLE STRUCK PEDALCYCLIST, FRONT END AT ANGLE",11283005,9484,0,2,Injury Collision,,45,Bicycle,Matched,0,1,Raining,0,0,522488,N,2011-3545082
14130,"""(47.66495045700003, -122.31954187199995)""",124445,124445,Intersection,Cycles,\\sdotnasvfa\sdot_vol1\H8\PROD\ATTACHMENTS\COL_DIAGRAM\55183170.bmp,0,,,0,,07/27/2011 07:00:00 AM +0000,7/27/2011 8:27,1,25787,At Intersection (intersection related),Daylight,8TH AVE NE AND NE 50TH ST,0,1,,2,\\sdotnasvfa\sdot_vol1\H8\PROD\ATTACHMENTS\COL_REPORT\3466578.pdf,3466578,Dry,18,"MOTOR VEHICLE STRUCK PEDALCYCLIST, FRONT END AT ANGLE",11208003,8310,0,2,Injury Collision,,45,Bicycle,Matched,0,1,Clear or Partly Cloudy,0,0,0,N,11-243450
14199,"""(47.61940404000006, -122.35870600099997)""",125517,125517,Block,Cycles,\\sdotnasvfa\sdot_vol1\H8\PROD\ATTACHMENTS\COL_DIAGRAM\88568900.bmp,212,,,0,,08/31/2011 07:00:00 AM +0000,8/31/2011 18:10,1,,Mid-Block (not related to intersection),Daylight,WESTERN AVE W BETWEEN 1ST AVE W AND 2ND AVE W,0,1,,3,\\sdotnasvfa\sdot_vol1\H8\PROD\ATTACHMENTS\COL_REPORT\3373882.pdf,3373882,Dry,56,PEDALCYCLIST STRUCK MOTOR VEHICLE LEFT SIDE SIDESWIPE,11243013,13520,0,2,Injury Collision,,45,Bicycle,Matched,N,2,Clear or Partly Cloudy,0,19121,0,N,2011-287139
14343,"""(47.697043646000054, -122.29054415299998)""",124978,124978,Block,Cycles,\\sdotnasvfa\sdot_vol1\H8\PROD\ATTACHMENTS\COL_DIAGRAM\55215500.bmp,151,,,0,,10/21/2011 07:00:00 AM +0000,10/21/2011 15:26,1,,Mid-Block (not related to intersection),Daylight,35TH AVE NE BETWEEN NE 94TH ST AND NE 95TH ST,0,1,,2,\\sdotnasvfa\sdot_vol1\H8\PROD\ATTACHMENTS\COL_REPORT\3466935.pdf,3466935,Wet,21,"MOTOR VEHICLE STRUCK PEDALCYCLIST, REAR END",11294020,5380,0,2,Injury Collision,,45,Bicycle,Matched,N,1,Overcast,0,4178,0,N,11-344027
14365,"""(47.661357277000036, -122.32775751099996)""",124049,124049,Block,Cycles,\\sdotnasvfa\sdot_vol1\H8\PROD\ATTACHMENTS\COL_DIAGRAM\33513400.bmp,124.5,,,0,Y,09/10/2011 07:00:00 AM +0000,9/10/2011 16:45,1,,Mid-Block (not related to intersection),Daylight,NE 45TH ST BETWEEN 1ST AVE NE AND 2ND AVE NE,0,1,,3,\\sdotnasvfa\sdot_vol1\H8\PROD\ATTACHMENTS\COL_REPORT\3564992.pdf,3564992,Dry,51,PEDALCYCLIST STRUCK MOTOR VEHICLE FRONT END AT ANGLE,11253023,16838,0,2,Injury Collision,,45,Bicycle,Matched,N,1,Clear or Partly Cloudy,0,6532,0,N,2011-299567
14395,"""(47.61592967000007, -122.34091505199996)""",124326,124326,Intersection,Cycles,\\sdotnasvfa\sdot_vol1\H8\PROD\ATTACHMENTS\COL_DIAGRAM\22512400.bmp,0, ,,0,,10/28/2011 07:00:00 AM +0000,10/28/2011 3:10,1,29535,At Intersection (intersection related),Dark - Street Lights On,6TH AVE AND BLANCHARD ST,0,2,,2,\\sdotnasvfa\sdot_vol1\H8\PROD\ATTACHMENTS\COL_REPORT\3546578.pdf,3546578,Dry,51,PEDALCYCLIST STRUCK MOTOR VEHICLE FRONT END AT ANGLE,11301038,7891,0,2,Injury Collision,,45,Bicycle,Matched,0,0,Clear or Partly Cloudy,0,14204,0,N,11-351136
14473,"""(47.57165394200007, -122.34924289499997)""",124862,124862,Intersection,Cycles,\\sdotnasvfa\sdot_vol1\H8\PROD\ATTACHMENTS\COL_DIAGRAM\55517700.bmp,0,,,0,,04/11/2011 07:00:00 AM +0000,4/11/2011 19:32,0,32203,At Intersection (intersection related),Daylight,11TH AVE SW AND SW SPOKANE NR ST,0,1,,2,\\sdotnasvfa\sdot_vol1\H8\PROD\ATTACHMENTS\COL_REPORT\3380335.pdf,3380335,Dry,51,PEDALCYCLIST STRUCK MOTOR VEHICLE FRONT END AT ANGLE,11101007,22833,0,1,Property Damage Only Collision,,45,Bicycle,Matched,N,1,Clear or Partly Cloudy,0,42051,0,N,2011-115918
14504,"""(47.60801396200003, -122.30502495999997)""",123928,123928,Intersection,Cycles,\\sdotnasvfa\sdot_vol1\H8\PROD\ATTACHMENTS\COL_DIAGRAM\33517600.bmp,0,,,0,,08/19/2011 07:00:00 AM +0000,8/19/2011 18:32,1,30175,At Intersection (intersection related),Daylight,21ST AVE AND E CHERRY ST,0,1,,3,\\sdotnasvfa\sdot_vol1\H8\PROD\ATTACHMENTS\COL_REPORT\3566420.pdf,3566420,Dry,51,PEDALCYCLIST STRUCK MOTOR VEHICLE FRONT END AT ANGLE,11231006,3103,0,2,Injury Collision,,45,Bicycle,Matched,0,1,Clear or Partly Cloudy,0,9550,0,N,11-272671
14562,"""(47.66530412000003, -122.38189667699999)""",125272,125272,Block,Cycles,\\sdotnasvfa\sdot_vol1\H8\PROD\ATTACHMENTS\COL_DIAGRAM\87188800.bmp,93.5,,,0,,02/26/2011 08:00:00 AM +0000,2/26/2011 13:54,1,,Mid-Block (not related to intersection),Daylight,BALLARD AVE NW BETWEEN NW IONE PL AND 20TH AVE NW,0,1,,2,\\sdotnasvfa\sdot_vol1\H8\PROD\ATTACHMENTS\COL_REPORT\3276850.pdf,3276850,Dry,18,"MOTOR VEHICLE STRUCK PEDALCYCLIST, FRONT END AT ANGLE",11057004,9043,0,2,Injury Collision,,45,Bicycle,Matched,N,1,Overcast,0,26305,0,N,11-66551
14675,"""(47.63074651300008, -122.28546357999994)""",124614,124614,Intersection,Cycles,\\sdotnasvfa\sdot_vol1\H8\PROD\ATTACHMENTS\COL_DIAGRAM\22515500.bmp,0,,,0,,09/15/2011 07:00:00 AM +0000,9/15/2011 8:50,1,29414,At Intersection (intersection related),Daylight,37TH AVE E AND E MADISON ST,0,1,,2,\\sdotnasvfa\sdot_vol1\H8\PROD\ATTACHMENTS\COL_REPORT\3566384.pdf,3566384,Dry,51,PEDALCYCLIST STRUCK MOTOR VEHICLE FRONT END AT ANGLE,11258004,5690,0,2,Injury Collision,,45,Bicycle,Matched,0,1,Clear or Partly Cloudy,0,0,0,N,11-304860
14797,"""(47.61673275900006, -122.30740915799998)""",124484,124484,Intersection,Cycles,\\sdotnasvfa\sdot_vol1\H8\PROD\ATTACHMENTS\COL_DIAGRAM\22185500.bmp,0,,,0,,09/19/2011 07:00:00 AM +0000,9/19/2011 15:30,1,30125,At Intersection (intersection related),Daylight,19TH AVE AND E MADISON ST,0,1,,2,\\sdotnasvfa\sdot_vol1\H8\PROD\ATTACHMENTS\COL_REPORT\3559644.pdf,3559644,Dry,18,"MOTOR VEHICLE STRUCK PEDALCYCLIST, FRONT END AT ANGLE",11262004,2651,0,2,Injury Collision,,45,Bicycle,Matched,0,1,Clear or Partly Cloudy,0,8688,0,N,11-309554
14838,"""(47.61526393300005, -122.31685416899995)""",125154,125154,Intersection,Cycles,\\sdotnasvfa\sdot_vol1\H8\PROD\ATTACHMENTS\COL_DIAGRAM\34213300.bmp,0,,,0,,07/02/2011 07:00:00 AM +0000,7/2/2011 13:33,1,29740,At Intersection (intersection related),Daylight,12TH AVE AND E PINE ST,0,1,Y,2,\\sdotnasvfa\sdot_vol1\H8\PROD\ATTACHMENTS\COL_REPORT\3329695.pdf,3329695,Dry,21,"MOTOR VEHICLE STRUCK PEDALCYCLIST, REAR END",11183019,1547,0,2,Injury Collision,,45,Bicycle,Matched,N,1,Clear or Partly Cloudy,0,10420,0,N,11-212725
14864,"""(47.599192756000036, -122.326360524)""",124761,124761,Intersection,Cycles,\\sdotnasvfa\sdot_vol1\H8\PROD\ATTACHMENTS\COL_DIAGRAM\33517600.bmp,0,,,0,,09/20/2011 07:00:00 AM +0000,9/20/2011 18:00,1,30511,At Intersection (intersection related),Daylight,6TH AVE S AND S JACKSON ST,0,1,,2,\\sdotnasvfa\sdot_vol1\H8\PROD\ATTACHMENTS\COL_REPORT\3560903.pdf,3560903,Dry,51,PEDALCYCLIST STRUCK MOTOR VEHICLE FRONT END AT ANGLE,11263031,7983,0,2,Injury Collision,,45,Bicycle,Matched,0,1,Clear or Partly Cloudy,0,24407,0,N,11-310807
14923,"""(47.61824782800005, -122.35078725599999)""",123955,123955,Intersection,Cycles,\\sdotnasvfa\sdot_vol1\H8\PROD\ATTACHMENTS\COL_DIAGRAM\64182471.bmp,0, ,,0,,08/19/2011 07:00:00 AM +0000,8/19/2011 16:50,1,29658,At Intersection (intersection related),Daylight,3RD AVE AND BROAD ST,0,1,,2,\\sdotnasvfa\sdot_vol1\H8\PROD\ATTACHMENTS\COL_REPORT\3561129.pdf,3561129,Dry,18,"MOTOR VEHICLE STRUCK PEDALCYCLIST, FRONT END AT ANGLE",11231031,4396,0,2,Injury Collision,,45,Bicycle,Matched,0,1,Clear or Partly Cloudy,0,0,521617,N,11-272609
15055,"""(47.64924012200004, -122.34741874299999)""",124094,124094,Intersection,Cycles,\\sdotnasvfa\sdot_vol1\H8\PROD\ATTACHMENTS\COL_DIAGRAM\11187700.bmp,0,,,0,,10/13/2011 07:00:00 AM +0000,10/13/2011 12:00,1,27043,At Intersection (intersection related),Daylight,TROLL AVE N AND N 34TH ST,0,1,,2,\\sdotnasvfa\sdot_vol1\H8\PROD\ATTACHMENTS\COL_REPORT\3200497.pdf,3200497,Dry,18,"MOTOR VEHICLE STRUCK PEDALCYCLIST, FRONT END AT ANGLE",11286001,9002,0,2,Injury Collision,,45,Bicycle,Matched,N,1,Clear or Partly Cloudy,0,8824,0,N,2011-337296
15060,"""(47.68911276600005, -122.34451443499995)""",124369,124369,Intersection,Cycles,\\sdotnasvfa\sdot_vol1\H8\PROD\ATTACHMENTS\COL_DIAGRAM\54183300.bmp,0,,,0,,10/11/2011 07:00:00 AM +0000,10/11/2011 8:29,1,24276,At Intersection (intersection related),Daylight,AURORA AVE N AND GREEN LAKE DR N,0,1,,2,\\sdotnasvfa\sdot_vol1\H8\PROD\ATTACHMENTS\COL_REPORT\3564741.pdf,3564741,Wet,18,"MOTOR VEHICLE STRUCK PEDALCYCLIST, FRONT END AT ANGLE",11284013,8961,0,2,Injury Collision,,45,Bicycle,Matched,0,1,Overcast,0,0,0,N,11 333379
15064,"""(47.61521616700003, -122.32649732799996)""",123822,123822,Block,Cycles,\\sdotnasvfa\sdot_vol1\H8\PROD\ATTACHMENTS\COL_DIAGRAM\77557900.bmp,76,,,0,,04/01/2011 07:00:00 AM +0000,4/1/2011 0:33,1,,Mid-Block (but intersection related),Dark - Street Lights On,E PINE ST BETWEEN BELLEVUE AVE AND CRAWFORD PL,0,1,,3,\\sdotnasvfa\sdot_vol1\H8\PROD\ATTACHMENTS\COL_REPORT\3560008.pdf,3560008,Dry,55,PEDALCYCLIST STRUCK MOTOR VEHICLE RIGHT SIDE SIDESWIPE,11091001,14628,0,2,Injury Collision,,45,Bicycle,Matched,Y,1,Clear or Partly Cloudy,0,10342,0,N,2011-103975
15084,"""(47.60306058300006, -122.33778754599996)""",123684,123684,Intersection,Cycles,\\sdotnasvfa\sdot_vol1\H8\PROD\ATTACHMENTS\COL_DIAGRAM\82184271.bmp,0, ,,0,,06/13/2011 07:00:00 AM +0000,6/13/2011 17:55,1,30379,At Intersection (intersection related),Daylight,ALASKAN WAY AND MARION ST,0,1,Y,3,\\sdotnasvfa\sdot_vol1\H8\PROD\ATTACHMENTS\COL_REPORT\3562628.pdf,3562628,Dry,18,"MOTOR VEHICLE STRUCK PEDALCYCLIST, FRONT END AT ANGLE",11164002,8719,0,2,Injury Collision,,45,Bicycle,Matched,N,1,Clear or Partly Cloudy,0,0,523341,N,11-189671
15120,"""(47.71711499400004, -122.33729387399995)""",124903,124903,Intersection,Cycles,\\sdotnasvfa\sdot_vol1\H8\PROD\ATTACHMENTS\COL_DIAGRAM\77184400.bmp,0,,,0,,09/05/2011 07:00:00 AM +0000,9/5/2011,1,36325,At Intersection (intersection related),Dusk,DENSMORE AVE N AND N 122ND ST,0,1,,3,\\sdotnasvfa\sdot_vol1\H8\PROD\ATTACHMENTS\COL_REPORT\3564593.pdf,3564593,Dry,18,"MOTOR VEHICLE STRUCK PEDALCYCLIST, FRONT END AT ANGLE",11248024,10054,0,2,Injury Collision,,45,Bicycle,Matched,0,1,Clear or Partly Cloudy,0,5656,0,N,2011-293134
15157,"""(47.66866536800006, -122.37358850399994)""",125172,125172,Intersection,Cycles,\\sdotnasvfa\sdot_vol1\H8\PROD\ATTACHMENTS\COL_DIAGRAM\53185371.bmp,0, ,,0,,10/24/2011 07:00:00 AM +0000,10/24/2011 7:02,1,25423,At Intersection (intersection related),Dark - Street Lights On,14TH AVE NW AND NW MARKET ST,0,1,Y,2,\\sdotnasvfa\sdot_vol1\H8\PROD\ATTACHMENTS\COL_REPORT\3545165.pdf,3545165,Wet,18,"MOTOR VEHICLE STRUCK PEDALCYCLIST, FRONT END AT ANGLE",11297005,1895,0,2,Injury Collision,,45,Bicycle,Matched,0,1,Raining,0,0,525119,N,2011-346647
15163,"""(47.66129196000003, -122.31657893399995)""",125708,125708,Intersection,Cycles,\\sdotnasvfa\sdot_vol1\H8\PROD\ATTACHMENTS\COL_DIAGRAM\11187571.bmp,0, ,,0,,04/21/2011 07:00:00 AM +0000,4/21/2011 16:57,1,27065,At Intersection (intersection related),Daylight,11TH AVE NE AND NE 45TH ST,0,1,,2,\\sdotnasvfa\sdot_vol1\H8\PROD\ATTACHMENTS\COL_REPORT\2802588.pdf,2802588,Dry,18,"MOTOR VEHICLE STRUCK PEDALCYCLIST, FRONT END AT ANGLE",11111011,1409,0,2,Injury Collision,,45,Bicycle,Matched,N,1,Clear or Partly Cloudy,0,0,520889,N,11-127300
15173,"""(47.661258786000076, -122.30838142199997)""",125573,125573,Intersection,Cycles,\\sdotnasvfa\sdot_vol1\H8\PROD\ATTACHMENTS\COL_DIAGRAM\11517700.bmp,0,,,0,,06/22/2011 07:00:00 AM +0000,6/22/2011 15:28,1,26077,At Intersection (intersection related),Daylight,18TH AVE NE AND NE 45TH ST,0,1,,2,\\sdotnasvfa\sdot_vol1\H8\PROD\ATTACHMENTS\COL_REPORT\3568970.pdf,3568970,Dry,51,PEDALCYCLIST STRUCK MOTOR VEHICLE FRONT END AT ANGLE,11173013,2561,0,2,Injury Collision,,45,Bicycle,Matched,N,1,Overcast,0,0,0,N,2011-200480
15180,"""(47.70860281500006, -122.32461717999996)""",124107,124107,Block,Cycles,\\sdotnasvfa\sdot_vol1\H8\PROD\ATTACHMENTS\COL_DIAGRAM\77237700.bmp,330,,,0,,12/13/2011 08:00:00 AM +0000,12/13/2011 20:06,1,,Mid-Block (not related to intersection),Dark - Street Lights On,NE NORTHGATE WAY BETWEEN 3RD AVE NE AND 5TH AVE NE,0,1,Y,2,\\sdotnasvfa\sdot_vol1\H8\PROD\ATTACHMENTS\COL_REPORT\3559283.pdf,3559283,Dry,23,"MOTOR VEHICLE STRUCK PEDALCYCLIST, LEFT SIDE SIDESWIPE",11347013,18012,0,2,Injury Collision,,45,Bicycle,Matched,N,1,Clear or Partly Cloudy,0,14503,0,N,11-399872
15191,"""(47.676887590000035, -122.35845020399995)""",123832,123832,Block,Cycles,\\sdotnasvfa\sdot_vol1\H8\PROD\ATTACHMENTS\COL_DIAGRAM\55187700.bmp,325,,,0,,08/04/2011 07:00:00 AM +0000,8/4/2011 20:05,1,,Driveway Junction,Daylight,SYCAMORE AVE NW BETWEEN NW 65TH ST AND NW 67TH ST,0,1,,2,\\sdotnasvfa\sdot_vol1\H8\PROD\ATTACHMENTS\COL_REPORT\3552604.pdf,3552604,Dry,18,"MOTOR VEHICLE STRUCK PEDALCYCLIST, FRONT END AT ANGLE",11216013,13052,0,2,Injury Collision,,45,Bicycle,Matched,N,1,Clear or Partly Cloudy,0,0,0,N,2011-254913
15201,"""(47.656215399000075, -122.31326223999997)""",124099,124099,Intersection,Cycles,\\sdotnasvfa\sdot_vol1\H8\PROD\ATTACHMENTS\COL_DIAGRAM\55511800.bmp,0,,,1,,09/10/2011 07:00:00 AM +0000,9/10/2011 18:15,0,27143,At Intersection (intersection related),Daylight,UNIVERSITY WAY NE AND NE CAMPUS WB PY,0,1,Y,3,\\sdotnasvfa\sdot_vol1\H8\PROD\ATTACHMENTS\COL_REPORT\3466714.pdf,3466714,Dry,51,PEDALCYCLIST STRUCK MOTOR VEHICLE FRONT END AT ANGLE,11253001,13218,0,3,Fatality Collision,,45,Bicycle,Matched,N,1,Clear or Partly Cloudy,0,5673,0,N,2011-299656
15214,"""(47.61408978500003, -122.31879588799995)""",123696,123696,Block,Cycles,\\sdotnasvfa\sdot_vol1\H8\PROD\ATTACHMENTS\COL_DIAGRAM\77517800.bmp,161,,,0,,10/31/2011 07:00:00 AM +0000,10/31/2011 22:55,1,,Driveway Junction,Dark - Street Lights On,E PIKE ST BETWEEN 10TH AVE AND 11TH AVE,0,1,Y,2,\\sdotnasvfa\sdot_vol1\H8\PROD\ATTACHMENTS\COL_REPORT\3567476.pdf,3567476,Dry,51,PEDALCYCLIST STRUCK MOTOR VEHICLE FRONT END AT ANGLE,11304017,14601,0,2,Injury Collision,,45,Bicycle,Matched,N,1,Clear or Partly Cloudy,0,31245,0,N,11-355439
15229,"""(47.65694412200003, -122.36081648699997)""",124786,124786,Intersection,Cycles,\\sdotnasvfa\sdot_vol1\H8\PROD\ATTACHMENTS\COL_DIAGRAM\32185500.bmp,0,,,0,,06/18/2011 07:00:00 AM +0000,6/18/2011 10:20,1,26651,At Intersection (intersection related),Daylight,3RD AVE NW AND NW 41ST N ST,0,1,,1,\\sdotnasvfa\sdot_vol1\H8\PROD\ATTACHMENTS\COL_REPORT\3569073.pdf,3569073,Dry,18,"MOTOR VEHICLE STRUCK PEDALCYCLIST, FRONT END AT ANGLE",11169052,4448,0,2,Injury Collision,,45,Bicycle,Matched,N,0,Clear or Partly Cloudy,0,27064,0,N,11-195566
15232,"""(47.65926930000006, -122.36612505699998)""",124785,124785,Intersection,Cycles,\\sdotnasvfa\sdot_vol1\H8\PROD\ATTACHMENTS\COL_DIAGRAM\33185571.bmp,0, ,,0,,06/18/2011 07:00:00 AM +0000,6/18/2011 13:07,1,26629,At Intersection (intersection related),Daylight,8TH AVE NW AND NW 43RD N ST,0,1,,3,\\sdotnasvfa\sdot_vol1\H8\PROD\ATTACHMENTS\COL_REPORT\3552457.pdf,3552457,Wet,18,"MOTOR VEHICLE STRUCK PEDALCYCLIST, FRONT END AT ANGLE",11169036,8370,0,2,Injury Collision,,45,Bicycle,Matched,N,1,Raining,0,0,523915,N,11-195682
15242,"""(47.599210087000074, -122.31413725499999)""",124518,124518,Intersection,Cycles,\\sdotnasvfa\sdot_vol1\H8\PROD\ATTACHMENTS\COL_DIAGRAM\75183300.bmp,0,,,0,,01/11/2011 08:00:00 AM +0000,1/11/2011 17:24,1,30428,At Intersection (intersection related),Dark - Street Lights On,BOREN AVE S AND RAINIER AVE S,0,1,Y,2,\\sdotnasvfa\sdot_vol1\H8\PROD\ATTACHMENTS\COL_REPORT\3559633.pdf,3559633,Dry,18,"MOTOR VEHICLE STRUCK PEDALCYCLIST, FRONT END AT ANGLE",11011023,12340,0,2,Injury Collision,,45,Bicycle,Matched,N,1,Clear or Partly Cloudy,0,11002,0,N,2011 12719
15331,"""(47.61388302300003, -122.35309719799994)""",124114,124114,Block,Cycles,\\sdotnasvfa\sdot_vol1\H8\PROD\ATTACHMENTS\COL_DIAGRAM\43514900.bmp,304, ,,0,,07/01/2011 07:00:00 AM +0000,7/1/2011 13:27,1,,Mid-Block (not related to intersection),Daylight,ALASKAN WAY BETWEEN VINE ST AND CLAY ST,0,1,,2,\\sdotnasvfa\sdot_vol1\H8\PROD\ATTACHMENTS\COL_REPORT\3562859.pdf,3562859,Dry,51,PEDALCYCLIST STRUCK MOTOR VEHICLE FRONT END AT ANGLE,11182027,8732,0,2,Injury Collision,,45,Bicycle,Matched,N,1,Clear or Partly Cloudy,0,20776,0,N,2011-211452
15337,"""(47.70072032200005, -122.30293610299998)""",124112,124112,Block,Cycles,\\sdotnasvfa\sdot_vol1\H8\PROD\ATTACHMENTS\COL_DIAGRAM\22514500.bmp,189.5,,,0,,06/29/2011 07:00:00 AM +0000,6/29/2011 16:12,1,,Driveway Junction,Daylight,LAKE CITY WAY NE BETWEEN NE 98TH ST AND NE 100TH ST,0,1,,2,\\sdotnasvfa\sdot_vol1\H8\PROD\ATTACHMENTS\COL_REPORT\3376220.pdf,3376220,Dry,51,PEDALCYCLIST STRUCK MOTOR VEHICLE FRONT END AT ANGLE,11180011,11160,0,2,Injury Collision,,45,Bicycle,Matched,0,1,Clear or Partly Cloudy,0,17974,0,N,11-20920
15351,"""(47.601003467000055, -122.30223582899998)""",127243,127243,Block,Cycles,\\sdotnasvfa\sdot_vol1\H8\PROD\ATTACHMENTS\COL_DIAGRAM\11181800.bmp,248.5,,,0,,04/12/2011 07:00:00 AM +0000,4/12/2011 10:19,1,,Mid-Block (but intersection related),Daylight,23RD AVE S BETWEEN E YESLER WAY AND S MAIN ST,0,1,,2,\\sdotnasvfa\sdot_vol1\H8\PROD\ATTACHMENTS\COL_REPORT\3344139.pdf,3344139,Dry,18,"MOTOR VEHICLE STRUCK PEDALCYCLIST, FRONT END AT ANGLE",11102016,3442,0,2,Injury Collision,,45,Bicycle,Matched,N,1,Clear or Partly Cloudy,0,24583,0,N,2011-116524
15390,"""(47.59919793100005, -122.32967854199995)""",127375,127375,Intersection,Cycles,\\sdotnasvfa\sdot_vol1\H8\PROD\ATTACHMENTS\COL_DIAGRAM\33518700.bmp,0,,,0,,07/07/2011 07:00:00 AM +0000,7/7/2011 12:16,1,30508,At Intersection (intersection related),Daylight,2ND AV ET S AND S JACKSON ST,0,1,Y,2,\\sdotnasvfa\sdot_vol1\H8\PROD\ATTACHMENTS\COL_REPORT\3373317.pdf,3373317,Dry,51,PEDALCYCLIST STRUCK MOTOR VEHICLE FRONT END AT ANGLE,11188016,2924,0,2,Injury Collision,,45,Bicycle,Matched,N,1,Overcast,0,4859,0,N,11-219762
15428,"""(47.63725179700003, -122.32007982299996)""",127930,127930,Intersection,Cycles,\\sdotnasvfa\sdot_vol1\H8\PROD\ATTACHMENTS\COL_DIAGRAM\11515300.bmp,0,,,0,,08/03/2011 07:00:00 AM +0000,8/3/2011,1,28258,At Intersection (intersection related),Daylight,10TH AVE E AND E NEWTON ST,0,1,,2,\\sdotnasvfa\sdot_vol1\H8\PROD\ATTACHMENTS\COL_REPORT\3283393.pdf,3283393,Dry,51,PEDALCYCLIST STRUCK MOTOR VEHICLE FRONT END AT ANGLE,11215017,1298,0,2,Injury Collision,,45,Bicycle,Matched,0,1,Clear or Partly Cloudy,0,6111,0,N,2011-252835
15578,"""(47.69060246500004, -122.37895652499998)""",126148,126148,Intersection,Cycles,\\sdotnasvfa\sdot_vol1\H8\PROD\ATTACHMENTS\COL_DIAGRAM\11517700.bmp,0,,,0,,07/22/2011 07:00:00 AM +0000,7/22/2011 16:31,1,36986,At Intersection (intersection related),Daylight,17TH AVE NW AND NW 85TH ST,0,1,,2,\\sdotnasvfa\sdot_vol1\H8\PROD\ATTACHMENTS\COL_REPORT\3561927.pdf,3561927,Dry,51,PEDALCYCLIST STRUCK MOTOR VEHICLE FRONT END AT ANGLE,11203002,2458,0,2,Injury Collision,,45,Bicycle,Matched,N,1,Clear or Partly Cloudy,0,0,0,N,11-237852
15593,"""(47.58831040300004, -122.33844063699996)""",126699,126699,Intersection,Cycles,\\sdotnasvfa\sdot_vol1\H8\PROD\ATTACHMENTS\COL_DIAGRAM\44182871.bmp,0, ,,0,,10/25/2011 07:00:00 AM +0000,10/25/2011 14:38,1,31203,At Intersection (intersection related),Daylight,ALASKAN WAY S AND S MASSACHUSETTS ST,0,1,,2,\\sdotnasvfa\sdot_vol1\H8\PROD\ATTACHMENTS\COL_REPORT\3373268.pdf,3373268,Dry,18,"MOTOR VEHICLE STRUCK PEDALCYCLIST, FRONT END AT ANGLE",11298005,8743,0,2,Injury Collision,,45,Bicycle,Matched,0,1,Clear or Partly Cloudy,0,0,630867,N,11-348123