OBJECTID,Shape,INCKEY,COLDETKEY,ADDRTYPE,COLLISIONTYPE,DIAGRAMLINK,DISTANCE,EXCEPTRSNCODE,EXCEPTRSNDESC,FATALITIES,INATTENTIONIND,INCDATE,INCDTTM,INJURIES,INTKEY,JUNCTIONTYPE,LIGHTCOND,LOCATION,PEDCOUNT,PEDCYLCOUNT,PEDROWNOTGRNT,PERSONCOUNT,REPORTLINK,REPORTNO,ROADCOND,SDOT_COLCODE,SDOT_COLDESC,SDOTCOLNUM,SEGKEY,SERIOUSINJURIES,SEVERITYCODE,SEVERITYDESC,SPEEDING,ST_COLCODE,ST_COLDESC,STATUS,UNDERINFL,VEHCOUNT,WEATHER,WIDTH,SEGLANEKEY,CROSSWALKKEY,HITPARKEDCAR,SPDCASENO
15639,"""(47.65831484900008, -122.31320716799996)""",127111,127111,Intersection,Cycles,\\sdotnasvfa\sdot_vol1\H8\PROD\ATTACHMENTS\COL_DIAGRAM\44690000.bmp,0,,,0,,05/30/2011 07:00:00 AM +0000,5/30/2011 21:50,1,27090,At Intersection (intersection related),Dark - Street Lights On,UNIVERSITY WAY NE AND NE 42ND ST,0,1,,3,\\sdotnasvfa\sdot_vol1\H8\PROD\ATTACHMENTS\COL_REPORT\3377310.pdf,3377310,Dry,69,PEDALCYCLIST OVERTURNED IN ROAD,11150001,13220,0,2,Injury Collision,Y,45,Bicycle,Matched,Y,2,Clear or Partly Cloudy,0,5663,0,N,11-172770
15725,"""(47.64863709600007, -122.34341043199998)""",126571,126571,Block,Cycles,\\sdotnasvfa\sdot_vol1\H8\PROD\ATTACHMENTS\COL_DIAGRAM\77217700.bmp,160,,,0,,05/18/2011 07:00:00 AM +0000,5/18/2011 20:00,1,,Mid-Block (not related to intersection),Daylight,N 34TH ST BETWEEN WOODLAND PARK AVE N AND STONE WAY N,0,1,,2,\\sdotnasvfa\sdot_vol1\H8\PROD\ATTACHMENTS\COL_REPORT\3552679.pdf,3552679,Dry,21,"MOTOR VEHICLE STRUCK PEDALCYCLIST, REAR END",11138022,15289,1,2b,Serious Injury Collision,,45,Bicycle,Matched,Y,1,Clear or Partly Cloudy,0,8850,0,N,11-158800
15789,"""(47.642460578000055, -122.30551182299996)""",127677,127677,Intersection,Cycles,\\sdotnasvfa\sdot_vol1\H8\PROD\ATTACHMENTS\COL_DIAGRAM\11517700.bmp,0,,,0,,10/26/2011 07:00:00 AM +0000,10/26/2011 9:06,1,28400,At Intersection (intersection related),Daylight,20TH AVE E AND E LOUISA ST,0,1,Y,5,\\sdotnasvfa\sdot_vol1\H8\PROD\ATTACHMENTS\COL_REPORT\3387021.pdf,3387021,Dry,51,PEDALCYCLIST STRUCK MOTOR VEHICLE FRONT END AT ANGLE,11299029,2959,0,2,Injury Collision,Y,45,Bicycle,Matched,0,3,Overcast,0,0,0,N,11349017
15914,"""(47.663220756000044, -122.34138543199998)""",126988,126988,Block,Cycles,\\sdotnasvfa\sdot_vol1\H8\PROD\ATTACHMENTS\COL_DIAGRAM\22212200.bmp,140,,,0,Y,11/22/2011 08:00:00 AM +0000,11/22/2011 17:08,1,,Mid-Block (not related to intersection),Dark - Street Lights On,STONE WAY N BETWEEN N 47TH ST AND N 48TH ST,0,1,,2,\\sdotnasvfa\sdot_vol1\H8\PROD\ATTACHMENTS\COL_REPORT\3466873.pdf,3466873,Wet,21,"MOTOR VEHICLE STRUCK PEDALCYCLIST, REAR END",11326024,12971,0,2,Injury Collision,,45,Bicycle,Matched,N,1,Raining,0,6404,0,N,11-378184
15918,"""(47.660577379000074, -122.31772271499995)""",127126,127126,Block,Cycles,\\sdotnasvfa\sdot_vol1\H8\PROD\ATTACHMENTS\COL_DIAGRAM\55515600.bmp,266,,,0,,06/03/2011 07:00:00 AM +0000,6/3/2011 9:28,1,,Mid-Block (not related to intersection),Daylight,ROOSEVELT WAY NE BETWEEN NE 43RD N ST AND NE 45TH ST,0,1,Y,2,\\sdotnasvfa\sdot_vol1\H8\PROD\ATTACHMENTS\COL_REPORT\3559146.pdf,3559146,Dry,51,PEDALCYCLIST STRUCK MOTOR VEHICLE FRONT END AT ANGLE,11154022,12598,0,2,Injury Collision,,45,Bicycle,Matched,N,1,Clear or Partly Cloudy,0,9002,0,N,11-176809
15931,"""(47.65813371200005, -122.38931511299995)""",127689,127689,Block,Cycles,\\sdotnasvfa\sdot_vol1\H8\PROD\ATTACHMENTS\COL_DIAGRAM\44518700.bmp,230.5,,,0,Y,10/31/2011 07:00:00 AM +0000,10/31/2011 19:52,1,,Driveway Junction,Dark - Street Lights On,GILMAN AVE W BETWEEN 25TH AVE W AND 26TH AVE W,0,1,Y,3,\\sdotnasvfa\sdot_vol1\H8\PROD\ATTACHMENTS\COL_REPORT\3334733.pdf,3334733,Dry,51,PEDALCYCLIST STRUCK MOTOR VEHICLE FRONT END AT ANGLE,11304016,10640,0,2,Injury Collision,,45,Bicycle,Matched,N,1,Overcast,0,15458,0,N,11-355247
15942,"""(47.61971961300003, -122.342391712)""",127278,127278,Intersection,Cycles,\\sdotnasvfa\sdot_vol1\H8\PROD\ATTACHMENTS\COL_DIAGRAM\11183300.bmp,0, ,,0,,08/01/2011 07:00:00 AM +0000,8/1/2011,1,28797,At Intersection (intersection related),Dark - Street Lights On,DEXTER AVE N AND JOHN ST,0,1,,2,\\sdotnasvfa\sdot_vol1\H8\PROD\ATTACHMENTS\COL_REPORT\3341793.pdf,3341793,Dry,18,"MOTOR VEHICLE STRUCK PEDALCYCLIST, FRONT END AT ANGLE",11213011,10072,0,2,Injury Collision,,45,Bicycle,Matched,0,1,Clear or Partly Cloudy,0,12606,0,N,11-250598
15977,"""(47.60554374800006, -122.34009165099997)""",125765,125765,Block,Cycles,\\sdotnasvfa\sdot_vol1\H8\PROD\ATTACHMENTS\COL_DIAGRAM\88186976.bmp,155.5,,,0,Y,01/25/2011 08:00:00 AM +0000,1/25/2011 15:20,2,,Mid-Block (not related to intersection),Daylight,ALASKAN WAY BETWEEN SENECA ST AND UNIVERSITY ST,1,1,,2,\\sdotnasvfa\sdot_vol1\H8\PROD\ATTACHMENTS\COL_REPORT\3334778.pdf,3334778,Dry,18,"MOTOR VEHICLE STRUCK PEDALCYCLIST, FRONT END AT ANGLE",11025001,8722,0,2,Injury Collision,,45,Bicycle,Matched,N,0,Overcast,0,0,0,N,2011-29549
16017,"""(47.602188270000056, -122.316781849)""",126176,126176,Block,Cycles,\\sdotnasvfa\sdot_vol1\H8\PROD\ATTACHMENTS\COL_DIAGRAM\56185500.bmp,181,,,0,Y,04/27/2011 07:00:00 AM +0000,4/27/2011 12:10,1,,Mid-Block (not related to intersection),Daylight,12TH AVE BETWEEN E YESLER WAY AND E FIR ST,0,1,,2,\\sdotnasvfa\sdot_vol1\H8\PROD\ATTACHMENTS\COL_REPORT\3559814.pdf,3559814,Wet,18,"MOTOR VEHICLE STRUCK PEDALCYCLIST, FRONT END AT ANGLE",11117007,1523,0,2,Injury Collision,,45,Bicycle,Matched,N,1,Overcast,0,10556,0,N,11-133685
16065,"""(47.563069047000056, -122.37902694899998)""",127422,127422,Block,Cycles,\\sdotnasvfa\sdot_vol1\H8\PROD\ATTACHMENTS\COL_DIAGRAM\22516500.bmp,95.5,,,0,,06/23/2011 07:00:00 AM +0000,6/23/2011 7:40,1,,Driveway Junction,Daylight,FAUNTLEROY WAY SW BETWEEN 37TH AVE SW AND SW OREGON ST,0,1,Y,2,\\sdotnasvfa\sdot_vol1\H8\PROD\ATTACHMENTS\COL_REPORT\3562830.pdf,3562830,Unknown,51,PEDALCYCLIST STRUCK MOTOR VEHICLE FRONT END AT ANGLE,11174027,10384,0,2,Injury Collision,,45,Bicycle,Matched,N,1,Unknown,0,19809,0,N,2011-206755
16073,"""(47.59919951900008, -122.31568207499998)""",127699,127699,Block,Cycles,\\sdotnasvfa\sdot_vol1\H8\PROD\ATTACHMENTS\COL_DIAGRAM\33563900.bmp,380.5,,,0,,11/05/2011 07:00:00 AM +0000,11/5/2011 17:11,1,,Mid-Block (not related to intersection),Dusk,S JACKSON ST BETWEEN 12TH AVE S AND 14TH AVE S,0,1,,2,\\sdotnasvfa\sdot_vol1\H8\PROD\ATTACHMENTS\COL_REPORT\3287437.pdf,3287437,Dry,56,PEDALCYCLIST STRUCK MOTOR VEHICLE LEFT SIDE SIDESWIPE,11309027,20494,0,2,Injury Collision,,45,Bicycle,Matched,N,1,Clear or Partly Cloudy,0,11001,0,N,11-359577
16096,"""(47.588311832000045, -122.29805065199997)""",125772,125772,Intersection,Cycles,\\sdotnasvfa\sdot_vol1\H8\PROD\ATTACHMENTS\COL_DIAGRAM\55511800.bmp,0,,,0,,02/10/2011 08:00:00 AM +0000,2/10/2011 17:56,1,31402,At Intersection (intersection related),Dark - Street Lights On,M L KING JR WAY S AND S MASSACHUSETTS ST,0,1,Y,2,\\sdotnasvfa\sdot_vol1\H8\PROD\ATTACHMENTS\COL_REPORT\3372587.pdf,3372587,Dry,51,PEDALCYCLIST STRUCK MOTOR VEHICLE FRONT END AT ANGLE,11041005,11511,0,2,Injury Collision,,45,Bicycle,Matched,N,1,Clear or Partly Cloudy,0,37744,0,N,11-49090
16104,"""(47.624269036000044, -122.32094238999997)""",126050,126050,Intersection,Cycles,\\sdotnasvfa\sdot_vol1\H8\PROD\ATTACHMENTS\COL_DIAGRAM\76517700.bmp,0, ,,0,,02/02/2011 08:00:00 AM +0000,2/2/2011 11:58,1,28994,At Intersection (intersection related),Daylight,BROADWAY E AND E MERCER ST,0,1,,2,\\sdotnasvfa\sdot_vol1\H8\PROD\ATTACHMENTS\COL_REPORT\3387007.pdf,3387007,Dry,51,PEDALCYCLIST STRUCK MOTOR VEHICLE FRONT END AT ANGLE,11033006,9456,0,2,Injury Collision,,45,Bicycle,Matched,N,1,Clear or Partly Cloudy,0,0,522273,N,2011-39097
16105,"""(47.66982111300007, -122.38758729899996)""",126049,126049,Block,Cycles,\\sdotnasvfa\sdot_vol1\H8\PROD\ATTACHMENTS\COL_DIAGRAM\33511100.bmp,133,,,0,Y,01/31/2011 08:00:00 AM +0000,1/31/2011 17:39,1,,Mid-Block (not related to intersection),Dark - Street Lights On,24TH AVE NW BETWEEN NW 56TH ST AND NW 57TH ST,0,1,,2,\\sdotnasvfa\sdot_vol1\H8\PROD\ATTACHMENTS\COL_REPORT\3565587.pdf,3565587,Dry,51,PEDALCYCLIST STRUCK MOTOR VEHICLE FRONT END AT ANGLE,11031011,3591,0,2,Injury Collision,,45,Bicycle,Matched,0,1,Overcast,0,1873,0,N,11-37016
16196,"""(47.70686821900006, -122.34472400799996)""",127428,127428,Intersection,Cycles,\\sdotnasvfa\sdot_vol1\H8\PROD\ATTACHMENTS\COL_DIAGRAM\77185500.bmp,0,,,0,,06/28/2011 07:00:00 AM +0000,6/28/2011 8:15,1,36351,At Intersection (intersection related),Daylight,AURORA AVE N AND N 107TH N ST,0,1,Y,2,\\sdotnasvfa\sdot_vol1\H8\PROD\ATTACHMENTS\COL_REPORT\3565338.pdf,3565338,Dry,18,"MOTOR VEHICLE STRUCK PEDALCYCLIST, FRONT END AT ANGLE",11179003,8987,0,2,Injury Collision,,45,Bicycle,Matched,N,1,Clear or Partly Cloudy,0,0,0,N,11-207464
16273,"""(47.64449321800004, -122.32588269599995)""",125915,125915,Intersection,Cycles,\\sdotnasvfa\sdot_vol1\H8\PROD\ATTACHMENTS\COL_DIAGRAM\55515600.bmp,0,,,0,,08/31/2011 07:00:00 AM +0000,8/31/2011 16:18,1,28294,At Intersection (intersection related),Daylight,EASTLAKE AVE E AND E EDGAR ST,0,1,,2,\\sdotnasvfa\sdot_vol1\H8\PROD\ATTACHMENTS\COL_REPORT\3329697.pdf,3329697,Dry,51,PEDALCYCLIST STRUCK MOTOR VEHICLE FRONT END AT ANGLE,11243002,10180,0,2,Injury Collision,,45,Bicycle,Matched,0,1,Clear or Partly Cloudy,0,24696,0,N,11-287027
16288,"""(47.70504576500008, -122.34064840199994)""",126879,126879,Intersection,Cycles,\\sdotnasvfa\sdot_vol1\H8\PROD\ATTACHMENTS\COL_DIAGRAM\55183170.bmp,0,,,0,,08/11/2011 07:00:00 AM +0000,8/11/2011 13:18,1,37278,At Intersection (intersection related),Daylight,INTERLAKE AVE N AND N NORTHGATE WAY,0,1,,2,\\sdotnasvfa\sdot_vol1\H8\PROD\ATTACHMENTS\COL_REPORT\3466427.pdf,3466427,Dry,18,"MOTOR VEHICLE STRUCK PEDALCYCLIST, FRONT END AT ANGLE",11223004,11024,0,2,Injury Collision,,45,Bicycle,Matched,0,1,Clear or Partly Cloudy,0,18936,0,N,2011-262924
16358,"""(47.61393023000005, -122.32780457599995)""",127850,127850,Intersection,Cycles,\\sdotnasvfa\sdot_vol1\H8\PROD\ATTACHMENTS\COL_DIAGRAM\21186600.bmp,0,,,0,,03/10/2011 08:00:00 AM +0000,3/10/2011 8:03,0,29877,At Intersection (intersection related),Daylight,MELROSE AVE AND PIKE ST,0,1,Y,2,\\sdotnasvfa\sdot_vol1\H8\PROD\ATTACHMENTS\COL_REPORT\3375731.pdf,3375731,Wet,18,"MOTOR VEHICLE STRUCK PEDALCYCLIST, FRONT END AT ANGLE",11069007,11744,0,1,Property Damage Only Collision,,45,Bicycle,Matched,N,1,Raining,0,31114,0,N,11-79493
16381,"""(47.52107441800007, -122.37742891299996)""",125929,125929,Block,Cycles,\\sdotnasvfa\sdot_vol1\H8\PROD\ATTACHMENTS\COL_DIAGRAM\77517800.bmp,165.5,,,0,,05/25/2011 07:00:00 AM +0000,5/25/2011 15:22,1,,Driveway Junction,Daylight,SW BARTON ST BETWEEN 35TH AVE SW AND 36TH AVE SW,0,1,Y,4,\\sdotnasvfa\sdot_vol1\H8\PROD\ATTACHMENTS\COL_REPORT\3380254.pdf,3380254,Wet,51,PEDALCYCLIST STRUCK MOTOR VEHICLE FRONT END AT ANGLE,11145011,21852,0,2,Injury Collision,,45,Bicycle,Matched,0,1,Raining,0,29410,0,N,2011-166705
16454,"""(47.61289826800004, -122.30750481599995)""",126887,126887,Intersection,Cycles,\\sdotnasvfa\sdot_vol1\H8\PROD\ATTACHMENTS\COL_DIAGRAM\33690000.bmp,0,,,0,Y,03/04/2011 08:00:00 AM +0000,3/4/2011 6:48,1,30145,At Intersection (intersection related),Daylight,19TH AVE AND E UNION ST,0,1,,1,\\sdotnasvfa\sdot_vol1\H8\PROD\ATTACHMENTS\COL_REPORT\3332116.pdf,3332116,Wet,69,PEDALCYCLIST OVERTURNED IN ROAD,11063002,2649,0,2,Injury Collision,,45,Bicycle,Matched,N,0,Overcast,0,9335,0,N,2011-72579
16488,"""(47.65157827200005, -122.32127525699997)""",127451,127451,Intersection,Cycles,\\sdotnasvfa\sdot_vol1\H8\PROD\ATTACHMENTS\COL_DIAGRAM\42188271.bmp,0,,,0,,08/16/2011 07:00:00 AM +0000,8/16/2011 9:40,1,27153,At Intersection (intersection related),Daylight,EASTLAKE AVE E AND FUHRMAN AVE E,0,1,Y,2,\\sdotnasvfa\sdot_vol1\H8\PROD\ATTACHMENTS\COL_REPORT\3283074.pdf,3283074,Dry,18,"MOTOR VEHICLE STRUCK PEDALCYCLIST, FRONT END AT ANGLE",11228004,10579,0,2,Injury Collision,,45,Bicycle,Matched,N,1,Clear or Partly Cloudy,0,6078,0,N,2011-268550
16494,"""(47.596656745000075, -122.32768064899994)""",127448,127448,Block,Cycles,\\sdotnasvfa\sdot_vol1\H8\PROD\ATTACHMENTS\COL_DIAGRAM\11561900.bmp,314,,,0,,05/04/2011 07:00:00 AM +0000,5/4/2011 8:00,1,,Mid-Block (not related to intersection),Daylight,5TH AVE S BETWEEN S WELLER ST AND S DEARBORN ST,0,1,,2,\\sdotnasvfa\sdot_vol1\H8\PROD\ATTACHMENTS\COL_REPORT\2898009.pdf,2898009,Unknown,56,PEDALCYCLIST STRUCK MOTOR VEHICLE LEFT SIDE SIDESWIPE,11124011,7361,0,2,Injury Collision,,45,Bicycle,Matched,N,1,Unknown,0,31131,0,N,2011-141743
16514,"""(47.73212583000003, -122.31272410599996)""",125939,125939,Intersection,Cycles,\\sdotnasvfa\sdot_vol1\H8\PROD\ATTACHMENTS\COL_DIAGRAM\34185500.bmp,0,,,0,,12/08/2011 08:00:00 AM +0000,12/8/2011 6:37,1,35855,At Intersection (intersection related),Dark - Street Lights On,15TH AVE NE AND NE 143RD ST,0,1,Y,2,\\sdotnasvfa\sdot_vol1\H8\PROD\ATTACHMENTS\COL_REPORT\3553859.pdf,3553859,Dry,18,"MOTOR VEHICLE STRUCK PEDALCYCLIST, FRONT END AT ANGLE",11342008,2096,0,2,Injury Collision,,45,Bicycle,Matched,N,1,Overcast,0,13467,0,N,11-34415*
16518,"""(47.68872436500004, -122.37679944799999)""",126210,126210,Intersection,Cycles,\\sdotnasvfa\sdot_vol1\H8\PROD\ATTACHMENTS\COL_DIAGRAM\33517600.bmp,0,,,0,,09/06/2011 07:00:00 AM +0000,9/6/2011,1,23860,At Intersection (intersection related),Daylight,15TH AVE NW AND NW 83RD ST,0,1,,2,\\sdotnasvfa\sdot_vol1\H8\PROD\ATTACHMENTS\COL_REPORT\3466335.pdf,3466335,Dry,51,PEDALCYCLIST STRUCK MOTOR VEHICLE FRONT END AT ANGLE,11249009,2119,0,2,Injury Collision,,45,Bicycle,Matched,0,1,Clear or Partly Cloudy,0,0,0,N,2011-294400
16521,"""(47.56613850800005, -122.37167070799995)""",125936,125936,Block,Cycles,\\sdotnasvfa\sdot_vol1\H8\PROD\ATTACHMENTS\COL_DIAGRAM\22516500.bmp,581.5,,,0,,09/07/2011 07:00:00 AM +0000,9/7/2011,1,,Driveway Junction,Dark - Street Lights On,SW AVALON WAY BETWEEN 30TH AVE SW AND SW GENESEE ST,0,1,,2,\\sdotnasvfa\sdot_vol1\H8\PROD\ATTACHMENTS\COL_REPORT\2896748.pdf,2896748,Dry,51,PEDALCYCLIST STRUCK MOTOR VEHICLE FRONT END AT ANGLE,11250031,21819,0,2,Injury Collision,,45,Bicycle,Matched,0,1,Clear or Partly Cloudy,0,3490,0,N,11-295861
16536,"""(47.63396882600006, -122.34228374299994)""",126076,126076,Intersection,Cycles,\\sdotnasvfa\sdot_vol1\H8\PROD\ATTACHMENTS\COL_DIAGRAM\54515500.bmp,0,,,0,Y,09/15/2011 07:00:00 AM +0000,9/15/2011 17:07,1,28027,At Intersection (intersection related),Daylight,DEXTER AVE N AND HAYES ST,0,1,,2,\\sdotnasvfa\sdot_vol1\H8\PROD\ATTACHMENTS\COL_REPORT\3560859.pdf,3560859,Dry,51,PEDALCYCLIST STRUCK MOTOR VEHICLE FRONT END AT ANGLE,11258031,10087,1,2b,Serious Injury Collision,,45,Bicycle,Matched,N,1,Clear or Partly Cloudy,0,12989,0,N,2011-305344
16570,"""(47.564926135000064, -122.40707645099997)""",126488,126488,Intersection,Cycles,\\sdotnasvfa\sdot_vol1\H8\PROD\ATTACHMENTS\COL_DIAGRAM\66188800.bmp,0,,,0,,05/07/2011 07:00:00 AM +0000,5/7/2011 13:30,1,31755,At Intersection (intersection related),Daylight,BEACH DR SW AND SW GENESEE ST,0,1,,2,\\sdotnasvfa\sdot_vol1\H8\PROD\ATTACHMENTS\COL_REPORT\3295916.pdf,3295916,Unknown,18,"MOTOR VEHICLE STRUCK PEDALCYCLIST, FRONT END AT ANGLE",11127023,9098,0,2,Injury Collision,,45,Bicycle,Matched,N,1,Unknown,0,4019,0,N,11-15621
16603,"""(47.661261471000046, -122.31142720799994)""",127591,127591,Block,Cycles,\\sdotnasvfa\sdot_vol1\H8\PROD\ATTACHMENTS\COL_DIAGRAM\32187700.bmp,140,,,0,,08/27/2011 07:00:00 AM +0000,8/27/2011 8:06,1,,Mid-Block (not related to intersection),Daylight,NE 45TH ST BETWEEN 15TH AVE NE AND 16TH AVE NE,0,1,,2,\\sdotnasvfa\sdot_vol1\H8\PROD\ATTACHMENTS\COL_REPORT\3564382.pdf,3564382,Dry,18,"MOTOR VEHICLE STRUCK PEDALCYCLIST, FRONT END AT ANGLE",11239007,16853,0,2,Injury Collision,,45,Bicycle,Matched,0,1,Clear or Partly Cloudy,0,6944,0,N,2011-281882
16625,"""(47.61850928500007, -122.33182090399998)""",127321,127321,Block,Cycles,\\sdotnasvfa\sdot_vol1\H8\PROD\ATTACHMENTS\COL_DIAGRAM\77547900.bmp,104.5,,,0,,05/07/2011 07:00:00 AM +0000,5/7/2011 16:02,1,,Mid-Block (not related to intersection),Daylight,DENNY WAY BETWEEN PONTIUS AVE N AND YALE AVE,0,1,,3,\\sdotnasvfa\sdot_vol1\H8\PROD\ATTACHMENTS\COL_REPORT\3375522.pdf,3375522,Dry,54,PEDALCYCLIST STRUCK MOTOR VEHICLE REAR END,11127018,10021,0,2,Injury Collision,Y,45,Bicycle,Matched,N,1,Overcast,0,23543,0,N,11-145865
16653,"""(47.599628291000045, -122.33590981799995)""",127864,127864,Block,Cycles,\\sdotnasvfa\sdot_vol1\H8\PROD\ATTACHMENTS\COL_DIAGRAM\44544900.bmp,153, ,,0,,03/11/2011 08:00:00 AM +0000,3/11/2011 17:32,2,,Mid-Block (not related to intersection),Dusk,ALASKAN WAY S BETWEEN S MAIN ST AND S JACKSON ST,0,1,,4,\\sdotnasvfa\sdot_vol1\H8\PROD\ATTACHMENTS\COL_REPORT\3335206.pdf,3335206,Dry,54,PEDALCYCLIST STRUCK MOTOR VEHICLE REAR END,11070030,8737,0,2,Injury Collision,,45,Bicycle,Matched,0,2,Clear or Partly Cloudy,0,0,0,N,2011-81291
16682,"""(47.526488474000075, -122.36046956599995)""",126359,126359,Intersection,Cycles,\\sdotnasvfa\sdot_vol1\H8\PROD\ATTACHMENTS\COL_DIAGRAM\55187700.bmp,0,,,0,,01/13/2011 08:00:00 AM +0000,1/13/2011 7:08,1,34850,At Intersection (intersection related),Dark - Street Lights On,DELRIDGE WAY SW AND SW CLOVERDALE ST,0,1,,2,\\sdotnasvfa\sdot_vol1\H8\PROD\ATTACHMENTS\COL_REPORT\3287931.pdf,3287931,Wet,18,"MOTOR VEHICLE STRUCK PEDALCYCLIST, FRONT END AT ANGLE",11013005,9986,1,2b,Serious Injury Collision,,45,Bicycle,Matched,N,1,Raining,0,0,0,N,11-14447
16689,"""(47.60782816200003, -122.33910533499994)""",126356,126356,Intersection,Cycles,\\sdotnasvfa\sdot_vol1\H8\PROD\ATTACHMENTS\COL_DIAGRAM\44516500.bmp,0,,,0,,11/26/2011 08:00:00 AM +0000,11/26/2011 3:58,0,29599,At Intersection (intersection related),Dark - Street Lights On,1ST AVE AND UNION ST,0,1,,2,\\sdotnasvfa\sdot_vol1\H8\PROD\ATTACHMENTS\COL_REPORT\3561391.pdf,3561391,Dry,51,PEDALCYCLIST STRUCK MOTOR VEHICLE FRONT END AT ANGLE,11330003,1008,0,1,Property Damage Only Collision,,45,Bicycle,Matched,N,1,Clear or Partly Cloudy,0,36670,0,N,11 381263
16697,"""(47.615283472000044, -122.33486718099999)""",126627,126627,Block,Cycles,\\sdotnasvfa\sdot_vol1\H8\PROD\ATTACHMENTS\COL_DIAGRAM\66644974.bmp,161,,,0,,09/09/2011 07:00:00 AM +0000,9/9/2011 12:10,2,,Mid-Block (not related to intersection),Daylight,STEWART ST BETWEEN 8TH AVE AND 9TH AVE,1,1,Y,2,\\sdotnasvfa\sdot_vol1\H8\PROD\ATTACHMENTS\COL_REPORT\3561078.pdf,3561078,Dry,64,PEDALCYCLIST STRUCK PEDESTRIAN,11252017,12905,0,2,Injury Collision,,45,Bicycle,Matched,N,0,Clear or Partly Cloudy,0,13684,0,N,2011-297902
16738,"""(47.64294366300004, -122.37616970399995)""",126909,126909,Intersection,Cycles,\\sdotnasvfa\sdot_vol1\H8\PROD\ATTACHMENTS\COL_DIAGRAM\88186471.bmp,0, ,,0,,05/07/2011 07:00:00 AM +0000,5/7/2011 11:55,1,27900,At Intersection (intersection related),Daylight,15TH AVE W AND GILMAN UPPER DR W,0,1,,2,\\sdotnasvfa\sdot_vol1\H8\PROD\ATTACHMENTS\COL_REPORT\3560787.pdf,3560787,Dry,18,"MOTOR VEHICLE STRUCK PEDALCYCLIST, FRONT END AT ANGLE",11127005,2191,0,2,Injury Collision,,45,Bicycle,Matched,N,1,Overcast,0,0,522927,N,11-145674
16777,"""(47.635908906000054, -122.29947268399997)""",127877,127877,Block,Cycles,\\sdotnasvfa\sdot_vol1\H8\PROD\ATTACHMENTS\COL_DIAGRAM\18181100.bmp,727.5, ,,0,,07/21/2011 07:00:00 AM +0000,7/21/2011 9:28,1,,Driveway Junction,Daylight,26TH AVE E BETWEEN BOYER AVE E AND E NEWTON ST,0,1,,2,\\sdotnasvfa\sdot_vol1\H8\PROD\ATTACHMENTS\COL_REPORT\3329572.pdf,3329572,Wet,18,"MOTOR VEHICLE STRUCK PEDALCYCLIST, FRONT END AT ANGLE",11202035,3855,0,2,Injury Collision,,45,Bicycle,Matched,N,1,Raining,0,0,0,N,2011-236103
16900,"""(47.68911276600005, -122.34451443499995)""",126098,126098,Intersection,Cycles,\\sdotnasvfa\sdot_vol1\H8\PROD\ATTACHMENTS\COL_DIAGRAM\55187700.bmp,0,,,0,,06/07/2011 07:00:00 AM +0000,6/7/2011,1,24276,At Intersection (intersection related),Daylight,AURORA AVE N AND GREEN LAKE DR N,0,1,,3,\\sdotnasvfa\sdot_vol1\H8\PROD\ATTACHMENTS\COL_REPORT\3553011.pdf,3553011,Wet,18,"MOTOR VEHICLE STRUCK PEDALCYCLIST, FRONT END AT ANGLE",11158001,8961,0,2,Injury Collision,,45,Bicycle,Matched,0,1,Overcast,0,10506,0,N,11 182439
16914,"""(47.595526791000054, -122.29757109099995)""",125961,125961,Intersection,Cycles,\\sdotnasvfa\sdot_vol1\H8\PROD\ATTACHMENTS\COL_DIAGRAM\17185500.bmp,0,,,0,,12/16/2011 08:00:00 AM +0000,12/16/2011 21:45,1,30643,At Intersection (intersection related),Dark - Street Lights On,M L KING JR WAY S AND S DEARBORN ST,0,1,Y,2,\\sdotnasvfa\sdot_vol1\H8\PROD\ATTACHMENTS\COL_REPORT\3559710.pdf,3559710,Dry,18,"MOTOR VEHICLE STRUCK PEDALCYCLIST, FRONT END AT ANGLE",11350004,11505,0,2,Injury Collision,,45,Bicycle,Matched,N,1,Overcast,0,10254,0,N,2011-403262
16933,"""(47.654140263000045, -122.34990535199995)""",127752,127752,Intersection,Cycles,\\sdotnasvfa\sdot_vol1\H8\PROD\ATTACHMENTS\COL_DIAGRAM\11515400.bmp,0, ,,0,,11/02/2011 07:00:00 AM +0000,11/2/2011 7:22,1,27009,At Intersection (intersection related),Dawn,FREMONT AVE N AND FREMONT WAY N,0,1,Y,2,\\sdotnasvfa\sdot_vol1\H8\PROD\ATTACHMENTS\COL_REPORT\3564744.pdf,3564744,Dry,51,PEDALCYCLIST STRUCK MOTOR VEHICLE FRONT END AT ANGLE,11306005,10489,1,2b,Serious Injury Collision,,45,Bicycle,Matched,N,1,Clear or Partly Cloudy,0,0,522550,N,11-356853
16936,"""(47.617613522000056, -122.31144474899997)""",126375,126375,Intersection,Cycles,\\sdotnasvfa\sdot_vol1\H8\PROD\ATTACHMENTS\COL_DIAGRAM\78181100.bmp,0,,,0,,01/20/2011 08:00:00 AM +0000,1/20/2011 14:44,1,30118,At Intersection (intersection related),Daylight,16TH AVE AND E HOWELL ST,0,1,,2,\\sdotnasvfa\sdot_vol1\H8\PROD\ATTACHMENTS\COL_REPORT\3559430.pdf,3559430,Dry,18,"MOTOR VEHICLE STRUCK PEDALCYCLIST, FRONT END AT ANGLE",11020014,2232,0,2,Injury Collision,,45,Bicycle,Matched,N,1,Overcast,0,0,0,N,11-23519