OBJECTID,Shape,INCKEY,COLDETKEY,ADDRTYPE,COLLISIONTYPE,DIAGRAMLINK,DISTANCE,EXCEPTRSNCODE,EXCEPTRSNDESC,FATALITIES,INATTENTIONIND,INCDATE,INCDTTM,INJURIES,INTKEY,JUNCTIONTYPE,LIGHTCOND,LOCATION,PEDCOUNT,PEDCYLCOUNT,PEDROWNOTGRNT,PERSONCOUNT,REPORTLINK,REPORTNO,ROADCOND,SDOT_COLCODE,SDOT_COLDESC,SDOTCOLNUM,SEGKEY,SERIOUSINJURIES,SEVERITYCODE,SEVERITYDESC,SPEEDING,ST_COLCODE,ST_COLDESC,STATUS,UNDERINFL,VEHCOUNT,WEATHER,WIDTH,SEGLANEKEY,CROSSWALKKEY,HITPARKEDCAR,SPDCASENO
18066,"""(47.619705476000036, -122.33847540899995)""",129333,129333,Intersection,Cycles,\\sdotnasvfa\sdot_vol1\H8\PROD\ATTACHMENTS\COL_DIAGRAM\17185500.bmp,0,,,0,,06/21/2011 07:00:00 AM +0000,6/21/2011 19:00,1,28800,At Intersection (intersection related),Unknown,JOHN ST AND WESTLAKE AVE N,0,1,Y,2,\\sdotnasvfa\sdot_vol1\H8\PROD\ATTACHMENTS\COL_REPORT\3550738.pdf,3550738,Unknown,18,"MOTOR VEHICLE STRUCK PEDALCYCLIST, FRONT END AT ANGLE",11172001,11079,0,2,Injury Collision,,45,Bicycle,Matched,N,1,Unknown,0,24577,0,N,2011-200144
18068,"""(47.61163826500007, -122.334917384)""",129187,129187,Block,Cycles,\\sdotnasvfa\sdot_vol1\H8\PROD\ATTACHMENTS\COL_DIAGRAM\87518800.bmp,213,,,0,,06/11/2011 07:00:00 AM +0000,6/11/2011 14:19,1,,Mid-Block (not related to intersection),Daylight,6TH AVE BETWEEN PIKE ST AND PINE ST,0,1,,2,\\sdotnasvfa\sdot_vol1\H8\PROD\ATTACHMENTS\COL_REPORT\3377790.pdf,3377790,Dry,51,PEDALCYCLIST STRUCK MOTOR VEHICLE FRONT END AT ANGLE,11162023,7883,0,2,Injury Collision,,45,Bicycle,Matched,N,1,Clear or Partly Cloudy,0,25502,0,N,11-187133
18131,"""(47.661276978000046, -122.314285816)""",127959,127959,Intersection,Cycles,\\sdotnasvfa\sdot_vol1\H8\PROD\ATTACHMENTS\COL_DIAGRAM\55187700.bmp,0,,,0,,12/03/2011 08:00:00 AM +0000,12/3/2011 1:57,1,27063,At Intersection (intersection related),Dark - Street Lights On,BROOKLYN AVE NE AND NE 45TH ST,0,1,,3,\\sdotnasvfa\sdot_vol1\H8\PROD\ATTACHMENTS\COL_REPORT\2501942.pdf,2501942,Dry,18,"MOTOR VEHICLE STRUCK PEDALCYCLIST, FRONT END AT ANGLE",11337034,9482,0,2,Injury Collision,,45,Bicycle,Matched,Y,1,Overcast,0,6974,0,N,11-002375
18148,"""(47.660577379000074, -122.31772271499995)""",128512,128512,Block,Cycles,\\sdotnasvfa\sdot_vol1\H8\PROD\ATTACHMENTS\COL_DIAGRAM\77185600.bmp,266,,,0,Y,03/29/2011 07:00:00 AM +0000,3/29/2011 7:13,1,,Mid-Block (not related to intersection),Daylight,ROOSEVELT WAY NE BETWEEN NE 43RD N ST AND NE 45TH ST,0,1,Y,2,\\sdotnasvfa\sdot_vol1\H8\PROD\ATTACHMENTS\COL_REPORT\3376934.pdf,3376934,Dry,18,"MOTOR VEHICLE STRUCK PEDALCYCLIST, FRONT END AT ANGLE",11088021,12598,0,2,Injury Collision,,45,Bicycle,Matched,N,1,Clear or Partly Cloudy,0,9001,0,N,11-10059
18160,"""(47.60619746400005, -122.31547073999997)""",128646,128646,Intersection,Cycles,\\sdotnasvfa\sdot_vol1\H8\PROD\ATTACHMENTS\COL_DIAGRAM\33517500.bmp,0,,,0,,12/09/2011 08:00:00 AM +0000,12/9/2011 17:03,1,29807,At Intersection (intersection related),Dark - Street Lights On,13TH AVE AND E JEFFERSON ST,0,1,Y,2,\\sdotnasvfa\sdot_vol1\H8\PROD\ATTACHMENTS\COL_REPORT\3566139.pdf,3566139,Dry,51,PEDALCYCLIST STRUCK MOTOR VEHICLE FRONT END AT ANGLE,11343015,1730,1,2b,Serious Injury Collision,,45,Bicycle,Matched,N,1,Clear or Partly Cloudy,0,10463,0,N,11-395796
18228,"""(47.66311774400003, -122.31742343199994)""",129627,129627,Intersection,Cycles,\\sdotnasvfa\sdot_vol1\H8\PROD\ATTACHMENTS\COL_DIAGRAM\33517600.bmp,0,,,0,,11/24/2011 08:00:00 AM +0000,11/24/2011 1:55,1,25800,At Intersection (intersection related),Dark - Street Lights On,ROOSEVELT WAY NE AND NE 47TH ST,0,1,Y,2,\\sdotnasvfa\sdot_vol1\H8\PROD\ATTACHMENTS\COL_REPORT\3344542.pdf,3344542,Wet,51,PEDALCYCLIST STRUCK MOTOR VEHICLE FRONT END AT ANGLE,11328004,12600,0,2,Injury Collision,,45,Bicycle,Matched,N,1,Clear or Partly Cloudy,0,0,0,N,11-379612
18248,"""(47.670114839000064, -122.30962051299997)""",128106,128106,Intersection,Cycles,\\sdotnasvfa\sdot_vol1\H8\PROD\ATTACHMENTS\COL_DIAGRAM\45184400.bmp,0, ,,0,,02/08/2011 08:00:00 AM +0000,2/8/2011 8:38,1,26026,At Intersection (but not related to intersection),Daylight,17TH AVE NE AND NE RAVENNA WB BV,0,1,,2,\\sdotnasvfa\sdot_vol1\H8\PROD\ATTACHMENTS\COL_REPORT\3287275.pdf,3287275,Dry,18,"MOTOR VEHICLE STRUCK PEDALCYCLIST, FRONT END AT ANGLE",11039002,2381,0,2,Injury Collision,,45,Bicycle,Matched,N,1,Clear or Partly Cloudy,0,32688,0,N,11-46044
18254,"""(47.61851590800006, -122.33382329299997)""",127972,127972,Block,Cycles,\\sdotnasvfa\sdot_vol1\H8\PROD\ATTACHMENTS\COL_DIAGRAM\77547900.bmp,107,,,0,,08/21/2011 07:00:00 AM +0000,8/21/2011 12:02,1,,Mid-Block (not related to intersection),Daylight,DENNY WAY BETWEEN FAIRVIEW AVE AND MINOR AVE,0,1,,3,\\sdotnasvfa\sdot_vol1\H8\PROD\ATTACHMENTS\COL_REPORT\3383696.pdf,3383696,Dry,54,PEDALCYCLIST STRUCK MOTOR VEHICLE REAR END,11233007,10019,0,2,Injury Collision,,45,Bicycle,Matched,0,1,Clear or Partly Cloudy,0,23526,0,N,2011-274692
18288,"""(47.63994985000005, -122.34427418799999)""",128378,128378,Block,Cycles,\\sdotnasvfa\sdot_vol1\H8\PROD\ATTACHMENTS\COL_DIAGRAM\55690000.bmp,139.5,,,0,,04/20/2011 07:00:00 AM +0000,4/20/2011 6:27,1,,Mid-Block (not related to intersection),Daylight,DEXTER AVE N BETWEEN MCGRAW ST AND 6TH AVE N,0,1,,1,\\sdotnasvfa\sdot_vol1\H8\PROD\ATTACHMENTS\COL_REPORT\3375531.pdf,3375531,Dry,69,PEDALCYCLIST OVERTURNED IN ROAD,11110001,10091,0,2,Injury Collision,,45,Bicycle,Matched,N,0,Overcast,0,13332,0,N,11-125666
18335,"""(47.620888395000065, -122.34238173099999)""",128793,128793,Intersection,Cycles,\\sdotnasvfa\sdot_vol1\H8\PROD\ATTACHMENTS\COL_DIAGRAM\54181100.bmp,0,,,1,,07/28/2011 07:00:00 AM +0000,7/28/2011 15:44,0,28788,At Intersection (intersection related),Daylight,DEXTER AVE N AND THOMAS ST,0,1,Y,2,\\sdotnasvfa\sdot_vol1\H8\PROD\ATTACHMENTS\COL_REPORT\3562160.pdf,3562160,Dry,18,"MOTOR VEHICLE STRUCK PEDALCYCLIST, FRONT END AT ANGLE",11209006,10073,0,3,Fatality Collision,,45,Bicycle,Matched,N,1,Clear or Partly Cloudy,0,12606,0,N,2011-245264
18365,"""(47.524628654000026, -122.32822898199998)""",129499,129499,Intersection,Cycles,\\sdotnasvfa\sdot_vol1\H8\PROD\ATTACHMENTS\COL_DIAGRAM\33515500.bmp,0,,,0,,08/18/2011 07:00:00 AM +0000,8/18/2011 13:15,1,35167,At Intersection (intersection related),Daylight,5TH AVE S AND S TRENTON S ST,0,1,,2,\\sdotnasvfa\sdot_vol1\H8\PROD\ATTACHMENTS\COL_REPORT\3380244.pdf,3380244,Dry,51,PEDALCYCLIST STRUCK MOTOR VEHICLE FRONT END AT ANGLE,11230016,7386,0,2,Injury Collision,,45,Bicycle,Matched,0,1,Clear or Partly Cloudy,0,0,0,N,11-271130
18428,"""(47.65488891200005, -122.32570273399995)""",128256,128256,Intersection,Cycles,\\sdotnasvfa\sdot_vol1\H8\PROD\ATTACHMENTS\COL_DIAGRAM\11187700.bmp,0, ,,0,Y,07/08/2011 07:00:00 AM +0000,7/8/2011 14:40,2,27244,At Intersection (intersection related),Daylight,LATONA AVE NE AND NE PACIFIC ST,0,1,,3,\\sdotnasvfa\sdot_vol1\H8\PROD\ATTACHMENTS\COL_REPORT\3569193.pdf,3569193,Dry,18,"MOTOR VEHICLE STRUCK PEDALCYCLIST, FRONT END AT ANGLE",11189009,11289,0,2,Injury Collision,,45,Bicycle,Matched,N,1,Clear or Partly Cloudy,0,0,576113,N,11-221085
18459,"""(47.60801107700007, -122.30372151999995)""",128807,128807,Intersection,Cycles,\\sdotnasvfa\sdot_vol1\H8\PROD\ATTACHMENTS\COL_DIAGRAM\55183300.bmp,0,,,0,,03/23/2011 07:00:00 AM +0000,3/23/2011 19:44,1,30174,At Intersection (intersection related),Dark - Street Lights On,22ND AVE AND E CHERRY ST,0,1,Y,3,\\sdotnasvfa\sdot_vol1\H8\PROD\ATTACHMENTS\COL_REPORT\3559890.pdf,3559890,Dry,18,"MOTOR VEHICLE STRUCK PEDALCYCLIST, FRONT END AT ANGLE",11082033,3229,0,2,Injury Collision,,45,Bicycle,Matched,N,1,Clear or Partly Cloudy,0,9559,0,N,11-94546
18487,"""(47.59347648700003, -122.32377278299998)""",129507,129507,Block,Cycles,\\sdotnasvfa\sdot_vol1\H8\PROD\ATTACHMENTS\COL_DIAGRAM\87518800.bmp,248,,,0,,09/13/2011 07:00:00 AM +0000,9/13/2011 17:25,1,,Mid-Block (not related to intersection),Daylight,7TH AVE S BETWEEN S PLUMMER ST AND AIRPORT NB WAY S,0,1,,3,\\sdotnasvfa\sdot_vol1\H8\PROD\ATTACHMENTS\COL_REPORT\3373265.pdf,3373265,Dry,51,PEDALCYCLIST STRUCK MOTOR VEHICLE FRONT END AT ANGLE,11256015,8213,0,2,Injury Collision,,45,Bicycle,Matched,N,1,Clear or Partly Cloudy,0,16261,0,N,11-303007
18527,"""(47.615238420000026, -122.32790375499997)""",129783,129783,Intersection,Cycles,\\sdotnasvfa\sdot_vol1\H8\PROD\ATTACHMENTS\COL_DIAGRAM\22185500.bmp,0,,,0,,10/27/2011 07:00:00 AM +0000,10/27/2011 17:26,1,29863,At Intersection (intersection related),Daylight,MELROSE AVE AND PINE ST,0,1,,2,\\sdotnasvfa\sdot_vol1\H8\PROD\ATTACHMENTS\COL_REPORT\3387023.pdf,3387023,Dry,18,"MOTOR VEHICLE STRUCK PEDALCYCLIST, FRONT END AT ANGLE",11300006,11745,0,2,Injury Collision,,45,Bicycle,Matched,0,1,Clear or Partly Cloudy,0,11517,0,N,11-350643
18528,"""(47.73167278300008, -122.34507003299996)""",130052,130052,Block,Cycles,\\sdotnasvfa\sdot_vol1\H8\PROD\ATTACHMENTS\COL_DIAGRAM\56539500.bmp,232,,,0,,04/02/2011 07:00:00 AM +0000,4/2/2011,1,,Mid-Block (not related to intersection),Daylight,AURORA AVE N BETWEEN N 141ST ST AND N 143RD ST,0,1,,2,\\sdotnasvfa\sdot_vol1\H8\PROD\ATTACHMENTS\COL_REPORT\3564858.pdf,3564858,Wet,53,PEDALCYCLIST STRUCK MOTOR VEHICLE LEFT SIDE AT ANGLE,11092019,8999,0,2,Injury Collision,,45,Bicycle,Matched,0,1,Raining,0,14937,0,N,2011-105759
18617,"""(47.61773646800003, -122.32625385499995)""",129657,129657,Intersection,Cycles,\\sdotnasvfa\sdot_vol1\H8\PROD\ATTACHMENTS\COL_DIAGRAM\21186600.bmp,0,,,0,,01/20/2011 08:00:00 AM +0000,1/20/2011 23:48,0,29177,At Intersection (intersection related),Unknown,E HOWELL ST AND E OLIVE WAY,0,1,Y,2,\\sdotnasvfa\sdot_vol1\H8\PROD\ATTACHMENTS\COL_REPORT\3329274.pdf,3329274,Wet,18,"MOTOR VEHICLE STRUCK PEDALCYCLIST, FRONT END AT ANGLE",11020016,14170,0,1,Property Damage Only Collision,,45,Bicycle,Matched,N,1,Raining,0,23270,0,N,11-24080
18884,"""(47.615218748000075, -122.325528841)""",128970,128970,Intersection,Cycles,\\sdotnasvfa\sdot_vol1\H8\PROD\ATTACHMENTS\COL_DIAGRAM\31187700.bmp,0, ,,0,,07/26/2011 07:00:00 AM +0000,7/26/2011 0:04,1,29860,At Intersection (intersection related),Dark - Street Lights On,SUMMIT AVE AND E PINE ST,0,1,,2,\\sdotnasvfa\sdot_vol1\H8\PROD\ATTACHMENTS\COL_REPORT\2805987.pdf,2805987,Wet,18,"MOTOR VEHICLE STRUCK PEDALCYCLIST, FRONT END AT ANGLE",11207002,12987,0,2,Injury Collision,,45,Bicycle,Matched,0,1,Overcast,0,10354,0,N,11-241870
19020,"""(47.52611940700007, -122.27805754799999)""",129398,129398,Intersection,Cycles,\\sdotnasvfa\sdot_vol1\H8\PROD\ATTACHMENTS\COL_DIAGRAM\33213300.bmp,0,,,0,,07/25/2011 07:00:00 AM +0000,7/25/2011 20:12,1,35254,At Intersection (intersection related),Daylight,44TH AVE S AND S CLOVERDALE ST,0,1,,3,\\sdotnasvfa\sdot_vol1\H8\PROD\ATTACHMENTS\COL_REPORT\3545913.pdf,3545913,Dry,21,"MOTOR VEHICLE STRUCK PEDALCYCLIST, REAR END",11206011,6727,0,2,Injury Collision,,45,Bicycle,Matched,0,1,Clear or Partly Cloudy,0,0,0,N,2011-241708
19038,"""(47.52738740700005, -122.36046479799995)""",129948,129948,Block,Cycles,\\sdotnasvfa\sdot_vol1\H8\PROD\ATTACHMENTS\COL_DIAGRAM\11183300.bmp,327.5, ,,0,,04/26/2011 07:00:00 AM +0000,4/26/2011 8:26,1,,Driveway Junction,Daylight,DELRIDGE WAY SW BETWEEN SW THISTLE ST AND SW CLOVERDALE ST,0,1,Y,2,\\sdotnasvfa\sdot_vol1\H8\PROD\ATTACHMENTS\COL_REPORT\3197565.pdf,3197565,Dry,18,"MOTOR VEHICLE STRUCK PEDALCYCLIST, FRONT END AT ANGLE",11116014,9985,0,2,Injury Collision,,45,Bicycle,Matched,N,1,Overcast,0,0,0,N,11-132339
19048,"""(47.64449321800004, -122.32588269599995)""",129678,129678,Intersection,Cycles,\\sdotnasvfa\sdot_vol1\H8\PROD\ATTACHMENTS\COL_DIAGRAM\33181100.bmp,0,,,0,Y,01/28/2011 08:00:00 AM +0000,1/28/2011 17:41,1,28294,At Intersection (intersection related),Dark - Street Lights On,EASTLAKE AVE E AND E EDGAR ST,0,1,Y,3,\\sdotnasvfa\sdot_vol1\H8\PROD\ATTACHMENTS\COL_REPORT\3559514.pdf,3559514,Wet,18,"MOTOR VEHICLE STRUCK PEDALCYCLIST, FRONT END AT ANGLE",11028002,10180,0,2,Injury Collision,,45,Bicycle,Matched,N,1,Overcast,0,24709,0,N,11-33507
19068,"""(47.65535371000004, -122.31328484099998)""",128434,128434,Intersection,Cycles,\\sdotnasvfa\sdot_vol1\H8\PROD\ATTACHMENTS\COL_DIAGRAM\11515400.bmp,0,,,0,,04/22/2011 07:00:00 AM +0000,4/22/2011 20:52,1,27108,At Intersection (intersection related),Dark - Street Lights On,UNIVERSITY WAY NE AND NE 40TH ST,0,1,Y,2,\\sdotnasvfa\sdot_vol1\H8\PROD\ATTACHMENTS\COL_REPORT\3332812.pdf,3332812,Dry,51,PEDALCYCLIST STRUCK MOTOR VEHICLE FRONT END AT ANGLE,11112008,13216,1,2b,Serious Injury Collision,,45,Bicycle,Matched,N,1,Clear or Partly Cloudy,0,5695,0,N,11-12841
19084,"""(47.66220710200008, -122.37830241899997)""",128435,128435,Intersection,Cycles,\\sdotnasvfa\sdot_vol1\H8\PROD\ATTACHMENTS\COL_DIAGRAM\65188800.bmp,0,,,0,,04/22/2011 07:00:00 AM +0000,4/22/2011 11:32,1,25184,At Intersection (intersection related),Daylight,SHILSHOLE AVE NW AND NW 46TH ST,0,1,,3,\\sdotnasvfa\sdot_vol1\H8\PROD\ATTACHMENTS\COL_REPORT\3568847.pdf,3568847,Dry,18,"MOTOR VEHICLE STRUCK PEDALCYCLIST, FRONT END AT ANGLE",11112013,12827,0,2,Injury Collision,,45,Bicycle,Matched,N,1,Clear or Partly Cloudy,0,41180,0,N,11-128057
19164,"""(47.61523114200003, -122.32341547099998)""",129546,129546,Intersection,Cycles,\\sdotnasvfa\sdot_vol1\H8\PROD\ATTACHMENTS\COL_DIAGRAM\77517800.bmp,0,,,0,,07/05/2011 07:00:00 AM +0000,7/5/2011 8:09,1,29734,At Intersection (intersection related),Daylight,BOYLSTON AVE AND E PINE ST,0,1,Y,5,\\sdotnasvfa\sdot_vol1\H8\PROD\ATTACHMENTS\COL_REPORT\3566235.pdf,3566235,Dry,51,PEDALCYCLIST STRUCK MOTOR VEHICLE FRONT END AT ANGLE,11186007,9375,0,2,Injury Collision,,45,Bicycle,Matched,N,1,Clear or Partly Cloudy,0,10374,0,N,11-216765
19174,"""(47.588294606000034, -122.37982308899996)""",129543,129543,Block,Cycles,\\sdotnasvfa\sdot_vol1\H8\PROD\ATTACHMENTS\COL_DIAGRAM\82188800.bmp,610.5,,,0,,06/29/2011 07:00:00 AM +0000,6/29/2011 18:06,1,,Driveway Junction,Daylight,HARBOR AVE SW BETWEEN CALIFORNIA WAY SW AND FAIRMOUNT AVE SW,0,1,,3,\\sdotnasvfa\sdot_vol1\H8\PROD\ATTACHMENTS\COL_REPORT\3380451.pdf,3380451,Dry,18,"MOTOR VEHICLE STRUCK PEDALCYCLIST, FRONT END AT ANGLE",11180009,10815,0,2,Injury Collision,,45,Bicycle,Matched,N,1,Clear or Partly Cloudy,0,4167,0,N,11-209315
19188,"""(47.62197703100003, -122.31887378399995)""",130096,130096,Intersection,Cycles,\\sdotnasvfa\sdot_vol1\H8\PROD\ATTACHMENTS\COL_DIAGRAM\11517700.bmp,0,,,0,,09/07/2011 07:00:00 AM +0000,9/7/2011,1,29026,At Intersection (intersection related),Daylight,FEDERAL AVE E AND E HARRISON ST,0,1,,4,\\sdotnasvfa\sdot_vol1\H8\PROD\ATTACHMENTS\COL_REPORT\3559439.pdf,3559439,Dry,51,PEDALCYCLIST STRUCK MOTOR VEHICLE FRONT END AT ANGLE,11250007,10428,0,2,Injury Collision,,45,Bicycle,Matched,0,1,Clear or Partly Cloudy,0,0,0,N,11-295456
19225,"""(47.62456147800003, -122.34757101999998)""",128442,128442,Intersection,Cycles,\\sdotnasvfa\sdot_vol1\H8\PROD\ATTACHMENTS\COL_DIAGRAM\11187571.bmp,0, ,,0,,03/09/2011 08:00:00 AM +0000,3/9/2011 9:07,1,28914,At Intersection (intersection related),Daylight,5TH AVE N AND MERCER ST,0,1,Y,2,\\sdotnasvfa\sdot_vol1\H8\PROD\ATTACHMENTS\COL_REPORT\3375712.pdf,3375712,Wet,18,"MOTOR VEHICLE STRUCK PEDALCYCLIST, FRONT END AT ANGLE",11068008,7264,0,2,Injury Collision,,45,Bicycle,Matched,N,1,Overcast,0,0,521786,N,11-78387
19243,"""(47.71925900000008, -122.29175893899998)""",128717,128717,Block,Cycles,\\sdotnasvfa\sdot_vol1\H8\PROD\ATTACHMENTS\COL_DIAGRAM\56185500.bmp,239.5,,,0,Y,10/31/2011 07:00:00 AM +0000,10/31/2011 15:32,1,,Driveway Junction,Daylight,NE 125TH ST BETWEEN 33RD AVE NE AND 35TH AVE NE,0,1,,2,\\sdotnasvfa\sdot_vol1\H8\PROD\ATTACHMENTS\COL_REPORT\3466682.pdf,3466682,Wet,18,"MOTOR VEHICLE STRUCK PEDALCYCLIST, FRONT END AT ANGLE",11304033,16503,0,2,Injury Collision,,45,Bicycle,Matched,N,1,Overcast,0,0,0,N,11-354956
19272,"""(47.60878749200003, -122.33844845799996)""",129412,129412,Block,Cycles,\\sdotnasvfa\sdot_vol1\H8\PROD\ATTACHMENTS\COL_DIAGRAM\43184400.bmp,213,,,0,,11/14/2011 08:00:00 AM +0000,11/14/2011 7:08,1,,Driveway Junction,Dawn,2ND AVE BETWEEN UNION ST AND PIKE ST,0,1,,2,\\sdotnasvfa\sdot_vol1\H8\PROD\ATTACHMENTS\COL_REPORT\3200500.pdf,3200500,Dry,18,"MOTOR VEHICLE STRUCK PEDALCYCLIST, FRONT END AT ANGLE",11318016,2757,0,2,Injury Collision,Y,45,Bicycle,Matched,N,1,Clear or Partly Cloudy,0,12168,0,N,11-369513
19292,"""(47.60800752400007, -122.30212529999994)""",128992,128992,Block,Cycles,\\sdotnasvfa\sdot_vol1\H8\PROD\ATTACHMENTS\COL_DIAGRAM\77549700.bmp,159.5,,,0,,09/03/2011 07:00:00 AM +0000,9/3/2011,1,,Mid-Block (not related to intersection),Daylight,E CHERRY ST BETWEEN 23RD AVE AND 24TH AVE,0,1,,2,\\sdotnasvfa\sdot_vol1\H8\PROD\ATTACHMENTS\COL_REPORT\3559539.pdf,3559539,Dry,54,PEDALCYCLIST STRUCK MOTOR VEHICLE REAR END,11246025,13892,0,2,Injury Collision,,45,Bicycle,Matched,1,1,Clear or Partly Cloudy,0,9571,0,N,11-290746
19422,"""(47.662171433000026, -122.31197952299999)""",129417,129417,Block,Cycles,\\sdotnasvfa\sdot_vol1\H8\PROD\ATTACHMENTS\COL_DIAGRAM\55555900.bmp,332.5,,,0,,04/17/2011 07:00:00 AM +0000,4/17/2011 9:50,1,,Mid-Block (not related to intersection),Daylight,15TH AVE NE BETWEEN NE 45TH ST AND NE 47TH ST,0,1,,3,\\sdotnasvfa\sdot_vol1\H8\PROD\ATTACHMENTS\COL_REPORT\3333669.pdf,3333669,Dry,55,PEDALCYCLIST STRUCK MOTOR VEHICLE RIGHT SIDE SIDESWIPE,11107016,2035,0,2,Injury Collision,,45,Bicycle,Matched,N,1,Clear or Partly Cloudy,0,21387,0,N,2011-122415
19435,"""(47.661363347000076, -122.32896932599999)""",129839,129839,Intersection,Cycles,\\sdotnasvfa\sdot_vol1\H8\PROD\ATTACHMENTS\COL_DIAGRAM\33517600.bmp,0,,,0,,12/24/2011 08:00:00 AM +0000,12/24/2011 17:29,1,27184,At Intersection (intersection related),Dark - Street Lights On,EASTERN AVE N AND N 45TH ST,0,1,Y,2,\\sdotnasvfa\sdot_vol1\H8\PROD\ATTACHMENTS\COL_REPORT\3466345.pdf,3466345,Dry,51,PEDALCYCLIST STRUCK MOTOR VEHICLE FRONT END AT ANGLE,11358005,10159,0,2,Injury Collision,,45,Bicycle,Matched,N,1,Overcast,0,6523,0,N,2011-416907
19502,"""(47.624572741000065, -122.35279216099997)""",128458,128458,Intersection,Cycles,\\sdotnasvfa\sdot_vol1\H8\PROD\ATTACHMENTS\COL_DIAGRAM\17185771.bmp,0,,,0,,08/11/2011 07:00:00 AM +0000,8/11/2011 12:17,1,28917,At Intersection (intersection related),Daylight,2ND AVE N AND MERCER ST,0,1,,2,\\sdotnasvfa\sdot_vol1\H8\PROD\ATTACHMENTS\COL_REPORT\3562784.pdf,3562784,Dry,18,"MOTOR VEHICLE STRUCK PEDALCYCLIST, FRONT END AT ANGLE",11223019,2775,0,2,Injury Collision,,45,Bicycle,Matched,0,1,Clear or Partly Cloudy,0,0,0,N,11-262858
19524,"""(47.58831040300004, -122.33844063699996)""",129145,129145,Intersection,Cycles,\\sdotnasvfa\sdot_vol1\H8\PROD\ATTACHMENTS\COL_DIAGRAM\22516800.bmp,0,,,0,,02/14/2011 08:00:00 AM +0000,2/14/2011 17:38,1,31203,At Intersection (intersection related),Dark - Street Lights On,ALASKAN WAY S AND S MASSACHUSETTS ST,0,1,Y,2,\\sdotnasvfa\sdot_vol1\H8\PROD\ATTACHMENTS\COL_REPORT\3375355.pdf,3375355,Wet,51,PEDALCYCLIST STRUCK MOTOR VEHICLE FRONT END AT ANGLE,11045005,8743,0,2,Injury Collision,,45,Bicycle,Matched,N,1,Raining,0,4797,0,N,2011-53773
19528,"""(47.60043376600004, -122.33077753399999)""",128740,128740,Block,Cycles,\\sdotnasvfa\sdot_vol1\H8\PROD\ATTACHMENTS\COL_DIAGRAM\44214900.bmp,194.5,,,0,Y,07/21/2011 07:00:00 AM +0000,7/21/2011 17:11,1,,Mid-Block (but intersection related),Daylight,2ND AV ET S BETWEEN S MAIN ST AND S WASHINGTON ST,0,1,,2,\\sdotnasvfa\sdot_vol1\H8\PROD\ATTACHMENTS\COL_REPORT\3335214.pdf,3335214,Dry,21,"MOTOR VEHICLE STRUCK PEDALCYCLIST, REAR END",11202037,2925,0,2,Injury Collision,,45,Bicycle,Matched,N,1,Clear or Partly Cloudy,0,12007,0,N,11-236578
19533,"""(47.65979512000007, -122.31316833599999)""",128738,128738,Intersection,Cycles,\\sdotnasvfa\sdot_vol1\H8\PROD\ATTACHMENTS\COL_DIAGRAM\33517600.bmp,0,,,0,,11/10/2011 08:00:00 AM +0000,11/10/2011 11:12,1,27077,At Intersection (intersection related),Daylight,UNIVERSITY WAY NE AND NE 43RD ST,0,1,Y,2,\\sdotnasvfa\sdot_vol1\H8\PROD\ATTACHMENTS\COL_REPORT\3558998.pdf,3558998,Dry,51,PEDALCYCLIST STRUCK MOTOR VEHICLE FRONT END AT ANGLE,11314009,13221,0,2,Injury Collision,,45,Bicycle,Matched,N,1,Clear or Partly Cloudy,0,31578,0,N,11-365627
19535,"""(47.61860457300003, -122.35610674199995)""",129285,129285,Block,Cycles,\\sdotnasvfa\sdot_vol1\H8\PROD\ATTACHMENTS\COL_DIAGRAM\33223300.bmp,160.5,,,0,,07/19/2011 07:00:00 AM +0000,7/19/2011 13:30,1,,Mid-Block (not related to intersection),Daylight,DENNY WAY BETWEEN QUEEN ANNE AVE N AND 1ST AVE,0,1,Y,2,\\sdotnasvfa\sdot_vol1\H8\PROD\ATTACHMENTS\COL_REPORT\3329069.pdf,3329069,Dry,22,"MOTOR VEHICLE STRUCK PEDALCYCLIST, RIGHT SIDE SIDESWIPE",11200005,9997,0,2,Injury Collision,,45,Bicycle,Matched,N,1,Overcast,0,20122,0,N,11-233869
19654,"""(47.70504760700004, -122.34200301499999)""",129024,129024,Intersection,Cycles,\\sdotnasvfa\sdot_vol1\H8\PROD\ATTACHMENTS\COL_DIAGRAM\11187570.bmp,0,,,0,Y,03/28/2011 07:00:00 AM +0000,3/28/2011 17:06,1,37279,At Intersection (intersection related),Daylight,STONE AVE N AND N NORTHGATE WAY,0,1,Y,2,\\sdotnasvfa\sdot_vol1\H8\PROD\ATTACHMENTS\COL_REPORT\3564833.pdf,3564833,Dry,18,"MOTOR VEHICLE STRUCK PEDALCYCLIST, FRONT END AT ANGLE",11087005,12942,0,2,Injury Collision,,45,Bicycle,Matched,N,1,Overcast,0,0,0,N,2011-100028