OBJECTID,Shape,INCKEY,COLDETKEY,ADDRTYPE,COLLISIONTYPE,DIAGRAMLINK,DISTANCE,EXCEPTRSNCODE,EXCEPTRSNDESC,FATALITIES,INATTENTIONIND,INCDATE,INCDTTM,INJURIES,INTKEY,JUNCTIONTYPE,LIGHTCOND,LOCATION,PEDCOUNT,PEDCYLCOUNT,PEDROWNOTGRNT,PERSONCOUNT,REPORTLINK,REPORTNO,ROADCOND,SDOT_COLCODE,SDOT_COLDESC,SDOTCOLNUM,SEGKEY,SERIOUSINJURIES,SEVERITYCODE,SEVERITYDESC,SPEEDING,ST_COLCODE,ST_COLDESC,STATUS,UNDERINFL,VEHCOUNT,WEATHER,WIDTH,SEGLANEKEY,CROSSWALKKEY,HITPARKEDCAR,SPDCASENO
19682,"""(47.61298991400008, -122.34586158799999)""",129434,129434,Block,Cycles,\\sdotnasvfa\sdot_vol1\H8\PROD\ATTACHMENTS\COL_DIAGRAM\88218800.bmp,213, ,,0,,04/11/2011 07:00:00 AM +0000,4/11/2011 18:50,1,,Mid-Block (not related to intersection),Daylight,1ST AVE BETWEEN BLANCHARD ST AND BELL ST,0,1,Y,2,\\sdotnasvfa\sdot_vol1\H8\PROD\ATTACHMENTS\COL_REPORT\3375502.pdf,3375502,Dry,21,"MOTOR VEHICLE STRUCK PEDALCYCLIST, REAR END",11101023,1014,1,2b,Serious Injury Collision,,45,Bicycle,Matched,N,1,Clear or Partly Cloudy,0,13233,0,N,11-115885
19691,"""(47.63631851000008, -122.32574173699999)""",131802,131802,Block,Cycles,\\sdotnasvfa\sdot_vol1\H8\PROD\ATTACHMENTS\COL_DIAGRAM\33184400.bmp,167.5,,,0,,08/21/2012 07:00:00 AM +0000,8/21/2012 6:33,1,,Driveway Junction,Daylight,EASTLAKE AVE E BETWEEN E HOWE ST AND E NEWTON ST,0,1,Y,2,\\sdotnasvfa\sdot_vol1\H8\PROD\ATTACHMENTS\COL_REPORT\3599354.pdf,3599354,Dry,18,"MOTOR VEHICLE STRUCK PEDALCYCLIST, FRONT END AT ANGLE",12234022,10174,0,2,Injury Collision,,45,Bicycle,Matched,N,1,Clear or Partly Cloudy,0,24776,0,N,12-278342
19701,"""(47.56964963000007, -122.32905963899998)""",131657,131657,Intersection,Cycles,\\sdotnasvfa\sdot_vol1\H8\PROD\ATTACHMENTS\COL_DIAGRAM\11517700.bmp,0,,,0,,10/05/2012 07:00:00 AM +0000,10/5/2012 15:48,1,531030,At Intersection (intersection related),Daylight,4TH AVE S AND W SEA BR EB 4 AV OFF RP,0,1,,2,\\sdotnasvfa\sdot_vol1\H8\PROD\ATTACHMENTS\COL_REPORT\3211408.pdf,3211408,Dry,51,PEDALCYCLIST STRUCK MOTOR VEHICLE FRONT END AT ANGLE,12279012,531031,0,2,Injury Collision,,45,Bicycle,Matched,N,1,Clear or Partly Cloudy,0,19642,0,N,12-340703
19725,"""(47.663099646000035, -122.31423801699998)""",130263,130263,Intersection,Cycles,\\sdotnasvfa\sdot_vol1\H8\PROD\ATTACHMENTS\COL_DIAGRAM\55187171.bmp,0,,,0,,09/28/2011 07:00:00 AM +0000,9/28/2011 8:47,1,25803,At Intersection (intersection related),Daylight,BROOKLYN AVE NE AND NE 47TH ST,0,1,Y,3,\\sdotnasvfa\sdot_vol1\H8\PROD\ATTACHMENTS\COL_REPORT\3545006.pdf,3545006,Dry,18,"MOTOR VEHICLE STRUCK PEDALCYCLIST, FRONT END AT ANGLE",11271001,9483,0,2,Injury Collision,,45,Bicycle,Matched,N,1,Clear or Partly Cloudy,0,32429,0,N,2011-319300
19756,"""(47.615216743000076, -122.32585965199996)""",132220,132220,Block,Cycles,\\sdotnasvfa\sdot_vol1\H8\PROD\ATTACHMENTS\COL_DIAGRAM\77237700.bmp,81,,,0,Y,09/14/2012 07:00:00 AM +0000,9/14/2012 17:44,1,,Mid-Block (not related to intersection),Daylight,E PINE ST BETWEEN CRAWFORD PL AND SUMMIT AVE,0,1,,2,\\sdotnasvfa\sdot_vol1\H8\PROD\ATTACHMENTS\COL_REPORT\3593851.pdf,3593851,Dry,23,"MOTOR VEHICLE STRUCK PEDALCYCLIST, LEFT SIDE SIDESWIPE",12258022,14629,0,2,Injury Collision,,45,Bicycle,Matched,N,1,Clear or Partly Cloudy,0,10348,0,N,2012-311340
19792,"""(47.60933797200005, -122.32513907699996)""",130675,130675,Intersection,Cycles,\\sdotnasvfa\sdot_vol1\H8\PROD\ATTACHMENTS\COL_DIAGRAM\43518800.bmp,0,,,0,,05/24/2011 07:00:00 AM +0000,5/24/2011 20:00,1,29920,At Intersection (intersection related),Daylight,BOREN AVE AND MADISON ST,0,1,,3,\\sdotnasvfa\sdot_vol1\H8\PROD\ATTACHMENTS\COL_REPORT\3562461.pdf,3562461,Dry,51,PEDALCYCLIST STRUCK MOTOR VEHICLE FRONT END AT ANGLE,11144003,9314,0,2,Injury Collision,,45,Bicycle,Matched,N,1,Clear or Partly Cloudy,0,25201,0,N,2011-165745
19819,"""(47.59919591100004, -122.32831927399997)""",131663,131663,Block,Cycles,\\sdotnasvfa\sdot_vol1\H8\PROD\ATTACHMENTS\COL_DIAGRAM\76187700.bmp,160.5,,,0,,05/10/2012 07:00:00 AM +0000,5/10/2012 6:51,1,,Mid-Block (not related to intersection),Daylight,S JACKSON ST BETWEEN 4TH AVE S AND 5TH AVE S,0,1,Y,6,\\sdotnasvfa\sdot_vol1\H8\PROD\ATTACHMENTS\COL_REPORT\3562664.pdf,3562664,Dry,18,"MOTOR VEHICLE STRUCK PEDALCYCLIST, FRONT END AT ANGLE",12131012,20487,0,2,Injury Collision,,45,Bicycle,Matched,N,1,Clear or Partly Cloudy,0,4880,0,N,12-143348
19850,"""(47.64871064000005, -122.32209905699995)""",131229,131229,Intersection,Cycles,\\sdotnasvfa\sdot_vol1\H8\PROD\ATTACHMENTS\COL_DIAGRAM\11511200.bmp,0,,,0,Y,06/07/2012 07:00:00 AM +0000,6/7/2012 18:08,1,27162,At Intersection (intersection related),Daylight,HARVARD AVE E AND E ALLISON ST,0,1,Y,2,\\sdotnasvfa\sdot_vol1\H8\PROD\ATTACHMENTS\COL_REPORT\3593280.pdf,3593280,Dry,51,PEDALCYCLIST STRUCK MOTOR VEHICLE FRONT END AT ANGLE,12159024,10470,0,2,Injury Collision,,45,Bicycle,Matched,N,1,Clear or Partly Cloudy,0,6059,0,N,12-177464
19885,"""(47.656662924000045, -122.34994844099998)""",132080,132080,Intersection,Cycles,\\sdotnasvfa\sdot_vol1\H8\PROD\ATTACHMENTS\COL_DIAGRAM\33185500.bmp,0,,,0,Y,02/09/2012 08:00:00 AM +0000,2/9/2012 19:04,1,26977,At Intersection (intersection related),Dark - Street Lights Off,FREMONT AVE N AND N 41ST ST,0,1,Y,3,\\sdotnasvfa\sdot_vol1\H8\PROD\ATTACHMENTS\COL_REPORT\3564539.pdf,3564539,Dry,18,"MOTOR VEHICLE STRUCK PEDALCYCLIST, FRONT END AT ANGLE",12040011,10491,0,2,Injury Collision,,45,Bicycle,Matched,N,1,Clear or Partly Cloudy,0,8394,0,N,12-40382
19915,"""(47.57980934600005, -122.32636353999999)""",130551,130551,Block,Cycles,\\sdotnasvfa\sdot_vol1\H8\PROD\ATTACHMENTS\COL_DIAGRAM\11183300.bmp,95,,,0,,04/20/2011 07:00:00 AM +0000,4/20/2011 6:00,1,,Driveway Junction,Dawn,S LANDER ST BETWEEN 5TH PL S AND 6TH AVE S,0,1,,2,\\sdotnasvfa\sdot_vol1\H8\PROD\ATTACHMENTS\COL_REPORT\3374582.pdf,3374582,Dry,18,"MOTOR VEHICLE STRUCK PEDALCYCLIST, FRONT END AT ANGLE",11110015,20628,0,2,Injury Collision,,45,Bicycle,Matched,N,1,Clear or Partly Cloudy,0,5550,0,N,11 125648
19922,"""(47.60172188000007, -122.33389883199999)""",130966,130966,Intersection,Cycles,\\sdotnasvfa\sdot_vol1\H8\PROD\ATTACHMENTS\COL_DIAGRAM\12188271.bmp,0,,,0,,08/22/2012 07:00:00 AM +0000,8/22/2012 1:49,1,30356,At Intersection (intersection related),Dark - Street Lights On,JAMES ST AND YESLER WAY,0,1,Y,2,\\sdotnasvfa\sdot_vol1\H8\PROD\ATTACHMENTS\COL_REPORT\3599357.pdf,3599357,Dry,18,"MOTOR VEHICLE STRUCK PEDALCYCLIST, FRONT END AT ANGLE",12235007,11049,0,2,Injury Collision,,45,Bicycle,Matched,N,1,Clear or Partly Cloudy,0,9939,0,N,12-279601
19942,"""(47.67527439700007, -122.31192628099996)""",130684,130684,Block,Cycles,\\sdotnasvfa\sdot_vol1\H8\PROD\ATTACHMENTS\COL_DIAGRAM\56515900.bmp,185,,,0,,01/31/2011 08:00:00 AM +0000,1/31/2011 10:30,1,,Mid-Block (not related to intersection),Daylight,15TH AVE NE BETWEEN NE 63RD ST AND NE 65TH ST,0,1,,2,\\sdotnasvfa\sdot_vol1\H8\PROD\ATTACHMENTS\COL_REPORT\3288408.pdf,3288408,Dry,51,PEDALCYCLIST STRUCK MOTOR VEHICLE FRONT END AT ANGLE,11031028,2047,1,2b,Serious Injury Collision,,45,Bicycle,Matched,N,1,Clear or Partly Cloudy,0,29067,0,N,2011-37592
19969,"""(47.64384056200004, -122.32588475799997)""",131673,131673,Block,Cycles,\\sdotnasvfa\sdot_vol1\H8\PROD\ATTACHMENTS\COL_DIAGRAM\11561900.bmp,237.5,,,0,,06/01/2012 07:00:00 AM +0000,6/1/2012 18:52,1,,Mid-Block (not related to intersection),Daylight,EASTLAKE AVE E BETWEEN E ROANOKE ST AND E EDGAR ST,0,1,,2,\\sdotnasvfa\sdot_vol1\H8\PROD\ATTACHMENTS\COL_REPORT\3386946.pdf,3386946,Dry,56,PEDALCYCLIST STRUCK MOTOR VEHICLE LEFT SIDE SIDESWIPE,12153030,10179,1,2b,Serious Injury Collision,,45,Bicycle,Matched,N,1,Overcast,0,24704,0,N,12-169952
20002,"""(47.69150543500007, -122.35530634599996)""",130150,130150,Block,Cycles,\\sdotnasvfa\sdot_vol1\H8\PROD\ATTACHMENTS\COL_DIAGRAM\55565900.bmp,332.5,,,0,Y,09/10/2011 07:00:00 AM +0000,9/10/2011 11:32,1,,Mid-Block (not related to intersection),Daylight,GREENWOOD AVE N BETWEEN N 85TH ST AND N 87TH ST,0,1,,2,\\sdotnasvfa\sdot_vol1\H8\PROD\ATTACHMENTS\COL_REPORT\3564714.pdf,3564714,Dry,56,PEDALCYCLIST STRUCK MOTOR VEHICLE LEFT SIDE SIDESWIPE,11253020,10752,0,2,Injury Collision,,45,Bicycle,Matched,N,1,Clear or Partly Cloudy,0,4623,0,N,11-299249
20095,"""(47.60928514300008, -122.33890369399995)""",131820,131820,Intersection,Cycles,\\sdotnasvfa\sdot_vol1\H8\PROD\ATTACHMENTS\COL_DIAGRAM\22514400.bmp,0, ,,0,,06/06/2012 07:00:00 AM +0000,6/6/2012 19:25,1,29592,At Intersection (intersection related),Daylight,2ND AVE AND PIKE ST,0,1,,2,\\sdotnasvfa\sdot_vol1\H8\PROD\ATTACHMENTS\COL_REPORT\3503675.pdf,3503675,Dry,51,PEDALCYCLIST STRUCK MOTOR VEHICLE FRONT END AT ANGLE,12158002,2758,0,2,Injury Collision,,45,Bicycle,Matched,N,1,Clear or Partly Cloudy,0,36905,0,N,2012-176368
20122,"""(47.56784880300006, -122.33420643999995)""",131254,131254,Block,Cycles,\\sdotnasvfa\sdot_vol1\H8\PROD\ATTACHMENTS\COL_DIAGRAM\55215500.bmp,196,,,0,,10/15/2012 07:00:00 AM +0000,10/15/2012 10:56,1,,Mid-Block (not related to intersection),Daylight,1ST AVE S BETWEEN S ANDOVER ST AND S DAKOTA ST,0,1,,2,\\sdotnasvfa\sdot_vol1\H8\PROD\ATTACHMENTS\COL_REPORT\3548847.pdf,3548847,Dry,21,"MOTOR VEHICLE STRUCK PEDALCYCLIST, REAR END",12289039,337633,0,2,Injury Collision,,45,Bicycle,Matched,N,1,Clear or Partly Cloudy,0,5420,0,N,12-353285
20179,"""(47.59583116700003, -122.32245866299996)""",130843,130843,Intersection,Cycles,\\sdotnasvfa\sdot_vol1\H8\PROD\ATTACHMENTS\COL_DIAGRAM\32187700.bmp,0,,,0,,01/26/2012 08:00:00 AM +0000,1/26/2012 7:09,1,30447,At Intersection (intersection related),Dark - Street Lights On,8TH AVE S AND S DEARBORN ST,0,1,Y,2,\\sdotnasvfa\sdot_vol1\H8\PROD\ATTACHMENTS\COL_REPORT\3503902.pdf,3503902,Wet,18,"MOTOR VEHICLE STRUCK PEDALCYCLIST, FRONT END AT ANGLE",12026007,19830,0,2,Injury Collision,,45,Bicycle,Matched,N,1,Raining,0,5851,0,N,12-24294
20251,"""(47.661357277000036, -122.32775751099996)""",131255,131255,Block,Cycles,\\sdotnasvfa\sdot_vol1\H8\PROD\ATTACHMENTS\COL_DIAGRAM\18183300.bmp,124.5,,,0,,10/16/2012 07:00:00 AM +0000,10/16/2012 17:10,1,,Driveway Junction,Daylight,NE 45TH ST BETWEEN 1ST AVE NE AND 2ND AVE NE,0,1,Y,2,\\sdotnasvfa\sdot_vol1\H8\PROD\ATTACHMENTS\COL_REPORT\3551607.pdf,3551607,Dry,18,"MOTOR VEHICLE STRUCK PEDALCYCLIST, FRONT END AT ANGLE",12290030,16838,0,2,Injury Collision,,45,Bicycle,Matched,N,1,Overcast,0,6532,0,N,2012 354952
20295,"""(47.60168875700003, -122.31416192599994)""",132107,132107,Intersection,Cycles,\\sdotnasvfa\sdot_vol1\H8\PROD\ATTACHMENTS\COL_DIAGRAM\53181371.bmp,0, ,,0,,09/24/2012 07:00:00 AM +0000,9/24/2012 10:45,1,30408,At Intersection (intersection related),Daylight,14TH AVE AND E YESLER WAY,0,1,,2,\\sdotnasvfa\sdot_vol1\H8\PROD\ATTACHMENTS\COL_REPORT\3593929.pdf,3593929,,18,"MOTOR VEHICLE STRUCK PEDALCYCLIST, FRONT END AT ANGLE",12268009,1840,0,2,Injury Collision,,45,Bicycle,Matched,N,1,Clear or Partly Cloudy,0,0,523818,N,12-324739
20312,"""(47.599207739000065, -122.33590886599995)""",132250,132250,Intersection,Cycles,\\sdotnasvfa\sdot_vol1\H8\PROD\ATTACHMENTS\COL_DIAGRAM\77185371.bmp,0,,,0,,09/07/2012 07:00:00 AM +0000,9/7/2012 15:40,1,30366,At Intersection (intersection related),Daylight,ALASKAN WAY S AND S JACKSON ST,0,1,Y,2,\\sdotnasvfa\sdot_vol1\H8\PROD\ATTACHMENTS\COL_REPORT\3465733.pdf,3465733,Dry,18,"MOTOR VEHICLE STRUCK PEDALCYCLIST, FRONT END AT ANGLE",12251006,8738,0,2,Injury Collision,,45,Bicycle,Matched,N,1,Clear or Partly Cloudy,0,0,0,N,12-301440
20355,"""(47.61523114200003, -122.32341547099998)""",130717,130717,Intersection,Cycles,\\sdotnasvfa\sdot_vol1\H8\PROD\ATTACHMENTS\COL_DIAGRAM\77690000.bmp,0,,,0,,06/04/2011 07:00:00 AM +0000,6/4/2011 23:11,1,29734,At Intersection (intersection related),Dark - Street Lights On,BOYLSTON AVE AND E PINE ST,0,1,,1,\\sdotnasvfa\sdot_vol1\H8\PROD\ATTACHMENTS\COL_REPORT\3565864.pdf,3565864,Dry,69,PEDALCYCLIST OVERTURNED IN ROAD,11155014,9375,0,2,Injury Collision,Y,45,Bicycle,Matched,N,0,Clear or Partly Cloudy,0,10373,0,N,2011-179087
20377,"""(47.60392419400006, -122.33807593399996)""",131842,131842,Intersection,Cycles,\\sdotnasvfa\sdot_vol1\H8\PROD\ATTACHMENTS\COL_DIAGRAM\66184400.bmp,0,,,0,,06/15/2012 07:00:00 AM +0000,6/15/2012 17:18,1,29624,At Intersection (intersection related),Daylight,ALASKAN E RDWY WAY AND MADISON ST,0,1,,2,\\sdotnasvfa\sdot_vol1\H8\PROD\ATTACHMENTS\COL_REPORT\3562443.pdf,3562443,Dry,18,"MOTOR VEHICLE STRUCK PEDALCYCLIST, FRONT END AT ANGLE",12167002,8747,0,2,Injury Collision,,45,Bicycle,Matched,N,1,Clear or Partly Cloudy,0,12899,0,N,12-187308
20398,"""(47.52287008800005, -122.35510445399996)""",131707,131707,Intersection,Cycles,\\sdotnasvfa\sdot_vol1\H8\PROD\ATTACHMENTS\COL_DIAGRAM\55187700.bmp,0,,,0,,11/02/2012 07:00:00 AM +0000,11/2/2012 8:06,1,35033,At Intersection (intersection related),Daylight,16TH AVE SW AND SW HENDERSON ST,0,1,Y,2,\\sdotnasvfa\sdot_vol1\H8\PROD\ATTACHMENTS\COL_REPORT\3553720.pdf,3553720,Dry,18,"MOTOR VEHICLE STRUCK PEDALCYCLIST, FRONT END AT ANGLE",12307016,2348,0,2,Injury Collision,,45,Bicycle,Matched,N,1,Clear or Partly Cloudy,0,29740,0,N,12-375806
20507,"""(47.61410376900005, -122.31683584899997)""",132268,132268,Intersection,Cycles,\\sdotnasvfa\sdot_vol1\H8\PROD\ATTACHMENTS\COL_DIAGRAM\17185500.bmp,0,,,0,Y,02/28/2012 08:00:00 AM +0000,2/28/2012 18:35,0,29748,At Intersection (intersection related),Dark - Street Lights On,12TH AVE AND E PIKE ST,0,1,,2,\\sdotnasvfa\sdot_vol1\H8\PROD\ATTACHMENTS\COL_REPORT\3551930.pdf,3551930,Wet,18,"MOTOR VEHICLE STRUCK PEDALCYCLIST, FRONT END AT ANGLE",12059020,1546,0,1,Property Damage Only Collision,,45,Bicycle,Matched,N,1,Raining,0,10802,0,N,12 60901
20530,"""(47.58397727600004, -122.32905374899997)""",131990,131990,Intersection,Cycles,\\sdotnasvfa\sdot_vol1\H8\PROD\ATTACHMENTS\COL_DIAGRAM\11515300.bmp,0,,,0,,10/29/2012 07:00:00 AM +0000,10/29/2012 17:59,0,31353,At Intersection (intersection related),Daylight,4TH AVE S AND S WALKER ST,0,1,Y,2,\\sdotnasvfa\sdot_vol1\H8\PROD\ATTACHMENTS\COL_REPORT\3502180.pdf,3502180,Dry,51,PEDALCYCLIST STRUCK MOTOR VEHICLE FRONT END AT ANGLE,12303003,6238,0,1,Property Damage Only Collision,,45,Bicycle,Matched,N,1,Clear or Partly Cloudy,0,18723,0,N,12-371350
20534,"""(47.60413336400006, -122.338756435)""",132264,132264,Block,Cycles,\\sdotnasvfa\sdot_vol1\H8\PROD\ATTACHMENTS\COL_DIAGRAM\44184300.bmp,153,,,0,,04/26/2012 07:00:00 AM +0000,4/26/2012 17:26,3,,Mid-Block (not related to intersection),Daylight,ALASKAN WAY BETWEEN MADISON ST AND SPRING ST,0,1,,6,\\sdotnasvfa\sdot_vol1\H8\PROD\ATTACHMENTS\COL_REPORT\3562657.pdf,3562657,Dry,18,"MOTOR VEHICLE STRUCK PEDALCYCLIST, FRONT END AT ANGLE",12117028,8720,0,2,Injury Collision,,45,Bicycle,Matched,N,2,Clear or Partly Cloudy,0,38512,0,N,2012-127685
20539,"""(47.65397898100008, -122.38461607899995)""",131714,131714,Intersection,Cycles,\\sdotnasvfa\sdot_vol1\H8\PROD\ATTACHMENTS\COL_DIAGRAM\44518700.bmp,0,,,0,,04/22/2012 07:00:00 AM +0000,4/22/2012 9:35,1,26454,At Intersection (intersection related),Daylight,GILMAN AVE W AND W EMERSON ST,0,1,Y,2,\\sdotnasvfa\sdot_vol1\H8\PROD\ATTACHMENTS\COL_REPORT\3561090.pdf,3561090,Dry,51,PEDALCYCLIST STRUCK MOTOR VEHICLE FRONT END AT ANGLE,12113006,10636,0,2,Injury Collision,,45,Bicycle,Matched,N,1,Clear or Partly Cloudy,0,15423,0,N,2012-122682
20544,"""(47.61355908100006, -122.33360568199998)""",132130,132130,Block,Cycles,\\sdotnasvfa\sdot_vol1\H8\PROD\ATTACHMENTS\COL_DIAGRAM\22188800.bmp,213,,,0,,10/08/2012 07:00:00 AM +0000,10/8/2012 15:56,1,,Driveway Junction,Daylight,8TH AVE BETWEEN PINE ST AND OLIVE WAY,0,1,Y,2,\\sdotnasvfa\sdot_vol1\H8\PROD\ATTACHMENTS\COL_REPORT\3599371.pdf,3599371,Dry,18,"MOTOR VEHICLE STRUCK PEDALCYCLIST, FRONT END AT ANGLE",12282021,8281,0,2,Injury Collision,,45,Bicycle,Matched,N,1,Clear or Partly Cloudy,0,14005,0,N,2012-344628
20545,"""(47.72321113800007, -122.34363055799997)""",131986,131986,Block,Cycles,\\sdotnasvfa\sdot_vol1\H8\PROD\ATTACHMENTS\COL_DIAGRAM\55183300.bmp,332,,,0,,10/26/2012 07:00:00 AM +0000,10/26/2012 19:10,1,,Mid-Block (not related to intersection),Dark - Street Lights On,N 130TH ST BETWEEN AURORA AVE N AND STONE AVE N,0,1,Y,2,\\sdotnasvfa\sdot_vol1\H8\PROD\ATTACHMENTS\COL_REPORT\3333784.pdf,3333784,Wet,18,"MOTOR VEHICLE STRUCK PEDALCYCLIST, FRONT END AT ANGLE",12300053,15162,1,2b,Serious Injury Collision,,45,Bicycle,Matched,N,1,Raining,0,0,0,N,12 367576
20644,"""(47.61859203600005, -122.35283935099994)""",131007,131007,Intersection,Cycles,\\sdotnasvfa\sdot_vol1\H8\PROD\ATTACHMENTS\COL_DIAGRAM\75183571.bmp,0, ,,0,,08/23/2012 07:00:00 AM +0000,8/23/2012 8:34,1,29660,At Intersection (intersection related),Daylight,2ND AVE AND DENNY WAY,0,1,Y,2,\\sdotnasvfa\sdot_vol1\H8\PROD\ATTACHMENTS\COL_REPORT\3599313.pdf,3599313,Dry,18,"MOTOR VEHICLE STRUCK PEDALCYCLIST, FRONT END AT ANGLE",12236002,2772,0,2,Injury Collision,,45,Bicycle,Matched,N,1,Clear or Partly Cloudy,0,0,521014,N,12-281194
20668,"""(47.60779445000003, -122.33754000999994)""",132135,132135,Block,Cycles,\\sdotnasvfa\sdot_vol1\H8\PROD\ATTACHMENTS\COL_DIAGRAM\43184400.bmp,213,,,0,,05/23/2012 07:00:00 AM +0000,5/23/2012 17:18,1,,Mid-Block (not related to intersection),Daylight,2ND AVE BETWEEN UNIVERSITY ST AND UNION ST,0,1,Y,3,\\sdotnasvfa\sdot_vol1\H8\PROD\ATTACHMENTS\COL_REPORT\3503545.pdf,3503545,Dry,18,"MOTOR VEHICLE STRUCK PEDALCYCLIST, FRONT END AT ANGLE",12144017,2756,0,2,Injury Collision,,45,Bicycle,Matched,N,1,Clear or Partly Cloudy,0,12162,0,N,2012-159127
20694,"""(47.61067790300007, -122.33557402499997)""",130466,130466,Intersection,Cycles,\\sdotnasvfa\sdot_vol1\H8\PROD\ATTACHMENTS\COL_DIAGRAM\55187700.bmp,0,,,0,,10/08/2011 07:00:00 AM +0000,10/8/2011,0,29576,At Intersection (intersection related),Dark - Street Lights On,5TH AVE AND PIKE ST,0,1,,2,\\sdotnasvfa\sdot_vol1\H8\PROD\ATTACHMENTS\COL_REPORT\3546608.pdf,3546608,Unknown,18,"MOTOR VEHICLE STRUCK PEDALCYCLIST, FRONT END AT ANGLE",11281005,7237,0,1,Property Damage Only Collision,,45,Bicycle,Matched,0,1,Unknown,0,21852,0,N,2011-330675
20744,"""(47.556549837000034, -122.262244066)""",130873,130873,Block,Cycles,\\sdotnasvfa\sdot_vol1\H8\PROD\ATTACHMENTS\COL_DIAGRAM\88238800.bmp,683,,,0,,05/08/2012 07:00:00 AM +0000,5/8/2012 19:00,1,,Mid-Block (not related to intersection),Daylight,LAKE WASHINGTON BLVD S BETWEEN S FERDINAND ST AND S DAWSON ST,0,1,,3,\\sdotnasvfa\sdot_vol1\H8\PROD\ATTACHMENTS\COL_REPORT\3617381.pdf,3617381,Dry,23,"MOTOR VEHICLE STRUCK PEDALCYCLIST, LEFT SIDE SIDESWIPE",12129010,11244,0,2,Injury Collision,Y,45,Bicycle,Matched,N,1,Clear or Partly Cloudy,0,38097,0,N,12-141952
20748,"""(47.66292215200008, -122.36619335799998)""",130876,130876,Intersection,Cycles,\\sdotnasvfa\sdot_vol1\H8\PROD\ATTACHMENTS\COL_DIAGRAM\55183300.bmp,0,,,0,,05/25/2012 07:00:00 AM +0000,5/25/2012 15:50,1,25466,At Intersection (intersection related),Daylight,8TH AVE NW AND NW 47TH ST,0,1,,2,\\sdotnasvfa\sdot_vol1\H8\PROD\ATTACHMENTS\COL_REPORT\3564850.pdf,3564850,Dry,18,"MOTOR VEHICLE STRUCK PEDALCYCLIST, FRONT END AT ANGLE",12146014,8376,0,2,Injury Collision,,45,Bicycle,Matched,N,1,Clear or Partly Cloudy,0,26366,0,N,12 161442
20880,"""(47.65983651400006, -122.31661695399998)""",130886,130886,Intersection,Cycles,\\sdotnasvfa\sdot_vol1\H8\PROD\ATTACHMENTS\COL_DIAGRAM\32187700.bmp,0,,,0,,03/15/2012 07:00:00 AM +0000,3/15/2012 6:40,1,27074,At Intersection (intersection related),Dark - Street Lights On,11TH AVE NE AND NE 43RD ST,0,1,Y,2,\\sdotnasvfa\sdot_vol1\H8\PROD\ATTACHMENTS\COL_REPORT\3466594.pdf,3466594,Wet,18,"MOTOR VEHICLE STRUCK PEDALCYCLIST, FRONT END AT ANGLE",12075022,1408,0,2,Injury Collision,,45,Bicycle,Matched,N,1,Raining,0,31541,0,N,12-78595
20891,"""(47.644543670000076, -122.30444951699997)""",131164,131164,Intersection,Cycles,\\sdotnasvfa\sdot_vol1\H8\PROD\ATTACHMENTS\COL_DIAGRAM\22184671.bmp,0, ,,0,,12/10/2012 08:00:00 AM +0000,12/10/2012 18:32,1,28425,At Intersection (intersection related),Dark - Street Lights On,MONTLAKE BLVD E AND MONTLAKE BV EB ON RP,0,1,,2,\\sdotnasvfa\sdot_vol1\H8\PROD\ATTACHMENTS\COL_REPORT\3565850.pdf,3565850,Dry,18,"MOTOR VEHICLE STRUCK PEDALCYCLIST, FRONT END AT ANGLE",12345026,11905,0,2,Injury Collision,,45,Bicycle,Matched,N,1,Overcast,0,0,525577,N,12-421976
20894,"""(47.61986882600007, -122.32307185199994)""",131304,131304,Intersection,Cycles,\\sdotnasvfa\sdot_vol1\H8\PROD\ATTACHMENTS\COL_DIAGRAM\21186600.bmp,0,,,0,,11/03/2012 07:00:00 AM +0000,11/3/2012 22:58,1,29050,At Intersection (intersection related),Dark - Street Lights On,BOYLSTON AVE E AND E OLIVE E WAY,0,1,Y,2,\\sdotnasvfa\sdot_vol1\H8\PROD\ATTACHMENTS\COL_REPORT\3476353.pdf,3476353,Wet,18,"MOTOR VEHICLE STRUCK PEDALCYCLIST, FRONT END AT ANGLE",12308001,9380,0,2,Injury Collision,,45,Bicycle,Matched,N,1,Raining,0,23232,0,N,12-378042
20897,"""(47.60001091400005, -122.314133003)""",131301,131301,Intersection,Cycles,\\sdotnasvfa\sdot_vol1\H8\PROD\ATTACHMENTS\COL_DIAGRAM\76181100.bmp,0,,,0,,07/03/2012 07:00:00 AM +0000,7/3/2012 17:12,1,30421,At Intersection (intersection related),Daylight,14TH AVE S AND S MAIN ST,0,1,Y,3,\\sdotnasvfa\sdot_vol1\H8\PROD\ATTACHMENTS\COL_REPORT\3593477.pdf,3593477,Dry,18,"MOTOR VEHICLE STRUCK PEDALCYCLIST, FRONT END AT ANGLE",12185005,1922,0,2,Injury Collision,,45,Bicycle,Matched,N,1,Clear or Partly Cloudy,0,10972,0,N,12-210879
20917,"""(47.52679345900003, -122.33339076499999)""",131880,131880,Block,Cycles,\\sdotnasvfa\sdot_vol1\H8\PROD\ATTACHMENTS\COL_DIAGRAM\22542200.bmp,328.5,,,0,,07/06/2012 07:00:00 AM +0000,7/6/2012 8:28,1,,Mid-Block (but intersection related),Daylight,S CLOVERDALE ST BETWEEN 1ST AVE S AND CLOVERDALE ST OFF RP,0,1,,3,\\sdotnasvfa\sdot_vol1\H8\PROD\ATTACHMENTS\COL_REPORT\3380775.pdf,3380775,Dry,54,PEDALCYCLIST STRUCK MOTOR VEHICLE REAR END,12188012,19644,1,2b,Serious Injury Collision,,45,Bicycle,Matched,N,1,Clear or Partly Cloudy,0,24938,0,N,12-214724