OBJECTID,Shape,INCKEY,COLDETKEY,ADDRTYPE,COLLISIONTYPE,DIAGRAMLINK,DISTANCE,EXCEPTRSNCODE,EXCEPTRSNDESC,FATALITIES,INATTENTIONIND,INCDATE,INCDTTM,INJURIES,INTKEY,JUNCTIONTYPE,LIGHTCOND,LOCATION,PEDCOUNT,PEDCYLCOUNT,PEDROWNOTGRNT,PERSONCOUNT,REPORTLINK,REPORTNO,ROADCOND,SDOT_COLCODE,SDOT_COLDESC,SDOTCOLNUM,SEGKEY,SERIOUSINJURIES,SEVERITYCODE,SEVERITYDESC,SPEEDING,ST_COLCODE,ST_COLDESC,STATUS,UNDERINFL,VEHCOUNT,WEATHER,WIDTH,SEGLANEKEY,CROSSWALKKEY,HITPARKEDCAR,SPDCASENO
20946,"""(47.59918859700008, -122.32375005299997)""",132156,132156,Intersection,Cycles,\\sdotnasvfa\sdot_vol1\H8\PROD\ATTACHMENTS\COL_DIAGRAM\32187700.bmp,0,,,0,,05/20/2012 07:00:00 AM +0000,5/20/2012 16:17,1,30513,At Intersection (intersection related),Daylight,7TH AVE S AND S JACKSON ST,0,1,Y,2,\\sdotnasvfa\sdot_vol1\H8\PROD\ATTACHMENTS\COL_REPORT\3560365.pdf,3560365,Wet,18,"MOTOR VEHICLE STRUCK PEDALCYCLIST, FRONT END AT ANGLE",12141001,8207,0,2,Injury Collision,,45,Bicycle,Matched,N,1,Raining,0,24453,0,N,12-155785
20947,"""(47.575575926000056, -122.33595958999996)""",132152,132152,Block,Cycles,\\sdotnasvfa\sdot_vol1\H8\PROD\ATTACHMENTS\COL_DIAGRAM\32513300.bmp,205,,,0,Y,10/23/2012 07:00:00 AM +0000,10/23/2012 13:28,1,,Mid-Block (not related to intersection),Daylight,S HANFORD ST BETWEEN COLORADO AVE S AND UTAH AVE S,0,1,,2,\\sdotnasvfa\sdot_vol1\H8\PROD\ATTACHMENTS\COL_REPORT\3211410.pdf,3211410,Dry,51,PEDALCYCLIST STRUCK MOTOR VEHICLE FRONT END AT ANGLE,12297035,20165,0,2,Injury Collision,,45,Bicycle,Matched,N,1,Overcast,0,24661,0,N,12-363345
20949,"""(47.70144567700004, -122.35003997299998)""",130207,130207,Intersection,Cycles,\\sdotnasvfa\sdot_vol1\H8\PROD\ATTACHMENTS\COL_DIAGRAM\33185500.bmp,0,,,0,,12/13/2011 08:00:00 AM +0000,12/13/2011 17:16,0,37407,At Intersection (intersection related),Dark - Street Lights On,FREMONT AVE N AND N 100TH ST,0,1,,2,\\sdotnasvfa\sdot_vol1\H8\PROD\ATTACHMENTS\COL_REPORT\3554549.pdf,3554549,Wet,18,"MOTOR VEHICLE STRUCK PEDALCYCLIST, FRONT END AT ANGLE",11347032,10543,0,1,Property Damage Only Collision,,45,Bicycle,Matched,N,1,Raining,0,0,0,N,2011 399673
20978,"""(47.71269928400005, -122.32606199199995)""",130482,130482,Block,Cycles,\\sdotnasvfa\sdot_vol1\H8\PROD\ATTACHMENTS\COL_DIAGRAM\55183300.bmp,165.5,,,0,,07/03/2011 07:00:00 AM +0000,7/3/2011 18:56,1,,Mid-Block (not related to intersection),Dusk,3RD AVE NE BETWEEN NE 115TH ST AND NE 116TH ST,0,1,,5,\\sdotnasvfa\sdot_vol1\H8\PROD\ATTACHMENTS\COL_REPORT\3564815.pdf,3564815,Dry,18,"MOTOR VEHICLE STRUCK PEDALCYCLIST, FRONT END AT ANGLE",11184017,4421,0,2,Injury Collision,,45,Bicycle,Matched,N,1,Clear or Partly Cloudy,0,0,0,N,11-214181
20979,"""(47.610908289000065, -122.33501959699998)""",132015,132015,Block,Cycles,\\sdotnasvfa\sdot_vol1\H8\PROD\ATTACHMENTS\COL_DIAGRAM\21182200.bmp,161,,,0,,06/12/2012 07:00:00 AM +0000,6/12/2012 19:37,1,,Mid-Block (not related to intersection),Daylight,PIKE ST BETWEEN 5TH AVE AND 6TH AVE,0,1,,2,\\sdotnasvfa\sdot_vol1\H8\PROD\ATTACHMENTS\COL_REPORT\3562440.pdf,3562440,Dry,18,"MOTOR VEHICLE STRUCK PEDALCYCLIST, FRONT END AT ANGLE",12164020,12201,0,2,Injury Collision,,45,Bicycle,Matched,N,1,Clear or Partly Cloudy,0,21851,0,N,12-183765
21001,"""(47.64826733800004, -122.32209994099998)""",130755,130755,Block,Cycles,\\sdotnasvfa\sdot_vol1\H8\PROD\ATTACHMENTS\COL_DIAGRAM\11541900.bmp,161,,,0,,07/09/2011 07:00:00 AM +0000,7/9/2011 17:49,1,,Mid-Block (not related to intersection),Daylight,HARVARD AVE E BETWEEN E GWINN PL AND E ALLISON ST,0,1,Y,2,\\sdotnasvfa\sdot_vol1\H8\PROD\ATTACHMENTS\COL_REPORT\2617480.pdf,2617480,Dry,54,PEDALCYCLIST STRUCK MOTOR VEHICLE REAR END,11190008,10861,0,2,Injury Collision,,45,Bicycle,Matched,N,1,Clear or Partly Cloudy,0,6051,0,N,11-222426
21002,"""(47.63147291800004, -122.37466289599996)""",130754,130754,Intersection,Cycles,\\sdotnasvfa\sdot_vol1\H8\PROD\ATTACHMENTS\COL_DIAGRAM\82188800.bmp,0,,,0,,09/29/2011 07:00:00 AM +0000,9/29/2011 5:47,0,28681,At Intersection (intersection related),Dawn,ELLIOTT AVE W AND W GALER ST FLYOVER,0,1,Y,2,\\sdotnasvfa\sdot_vol1\H8\PROD\ATTACHMENTS\COL_REPORT\3544908.pdf,3544908,Dry,18,"MOTOR VEHICLE STRUCK PEDALCYCLIST, FRONT END AT ANGLE",11272006,10222,0,1,Property Damage Only Collision,,45,Bicycle,Matched,N,1,Clear or Partly Cloudy,0,19264,0,N,2011-320354
21021,"""(47.656301849000045, -122.31783423699994)""",131038,131038,Intersection,Cycles,\\sdotnasvfa\sdot_vol1\H8\PROD\ATTACHMENTS\COL_DIAGRAM\53185500.bmp,0,,,0,,10/02/2012 07:00:00 AM +0000,10/2/2012 18:15,1,27130,At Intersection (intersection related),Daylight,ROOSEVELT WAY NE AND NE 40TH ALLEY ST,0,1,Y,2,\\sdotnasvfa\sdot_vol1\H8\PROD\ATTACHMENTS\COL_REPORT\3597175.pdf,3597175,Dry,18,"MOTOR VEHICLE STRUCK PEDALCYCLIST, FRONT END AT ANGLE",12276001,12593,0,2,Injury Collision,,45,Bicycle,Matched,N,1,Clear or Partly Cloudy,0,11662,0,N,12-336898
21032,"""(47.65119678500008, -122.35607053899997)""",131309,131309,Block,Cycles,\\sdotnasvfa\sdot_vol1\H8\PROD\ATTACHMENTS\COL_DIAGRAM\44184300.bmp,472,,,0,,11/08/2012 08:00:00 AM +0000,11/8/2012 7:17,1,,Mid-Block (not related to intersection),Daylight,N CANAL ST BETWEEN 1ST AVE NW AND PHINNEY AVE N,0,1,,2,\\sdotnasvfa\sdot_vol1\H8\PROD\ATTACHMENTS\COL_REPORT\3544960.pdf,3544960,Dry,18,"MOTOR VEHICLE STRUCK PEDALCYCLIST, FRONT END AT ANGLE",12313013,16095,0,2,Injury Collision,,45,Bicycle,Matched,N,1,Clear or Partly Cloudy,0,0,0,N,12-383220
21125,"""(47.61528703600004, -122.31276624799995)""",130360,130360,Intersection,Cycles,\\sdotnasvfa\sdot_vol1\H8\PROD\ATTACHMENTS\COL_DIAGRAM\55187700.bmp,0,,,0,,03/16/2011 07:00:00 AM +0000,3/16/2011 7:51,1,30135,At Intersection (intersection related),Daylight,15TH AVE AND E PINE ST,0,1,Y,3,\\sdotnasvfa\sdot_vol1\H8\PROD\ATTACHMENTS\COL_REPORT\3344138.pdf,3344138,Wet,18,"MOTOR VEHICLE STRUCK PEDALCYCLIST, FRONT END AT ANGLE",11075009,1998,0,2,Injury Collision,,45,Bicycle,Matched,N,1,Clear or Partly Cloudy,0,31300,0,N,2011-86146
21127,"""(47.61523114200003, -122.32341547099998)""",130627,130627,Intersection,Cycles,\\sdotnasvfa\sdot_vol1\H8\PROD\ATTACHMENTS\COL_DIAGRAM\77187600.bmp,0,,,0,,06/20/2011 07:00:00 AM +0000,6/20/2011 10:21,1,29734,At Intersection (intersection related),Daylight,BOYLSTON AVE AND E PINE ST,0,1,,2,\\sdotnasvfa\sdot_vol1\H8\PROD\ATTACHMENTS\COL_REPORT\3566094.pdf,3566094,Dry,18,"MOTOR VEHICLE STRUCK PEDALCYCLIST, FRONT END AT ANGLE",11171017,9375,0,2,Injury Collision,,45,Bicycle,Matched,N,1,Clear or Partly Cloudy,0,10372,0,N,2011-197594
21152,"""(47.64744824100006, -122.33392032899997)""",131316,131316,Block,Cycles,\\sdotnasvfa\sdot_vol1\H8\PROD\ATTACHMENTS\COL_DIAGRAM\78181100.bmp,212.5,,,0,,03/08/2012 08:00:00 AM +0000,3/8/2012 8:20,1,,Mid-Block (not related to intersection),Daylight,MERIDIAN AVE N BETWEEN N NORTHLAKE WAY AND N 34TH ST,0,1,Y,3,\\sdotnasvfa\sdot_vol1\H8\PROD\ATTACHMENTS\COL_REPORT\3544760.pdf,3544760,Dry,18,"MOTOR VEHICLE STRUCK PEDALCYCLIST, FRONT END AT ANGLE",12068020,11780,0,2,Injury Collision,,45,Bicycle,Matched,N,1,Overcast,0,0,0,N,12-7096-2
21174,"""(47.67938401100008, -122.26809877499994)""",131045,131045,Intersection,Cycles,\\sdotnasvfa\sdot_vol1\H8\PROD\ATTACHMENTS\COL_DIAGRAM\66183300.bmp,0,,,0,,09/09/2012 07:00:00 AM +0000,9/9/2012 17:46,1,25001,At Intersection (intersection related),Daylight,56TH AVE NE AND NE 70TH ST,0,1,Y,2,\\sdotnasvfa\sdot_vol1\H8\PROD\ATTACHMENTS\COL_REPORT\3551413.pdf,3551413,Dry,18,"MOTOR VEHICLE STRUCK PEDALCYCLIST, FRONT END AT ANGLE",12253001,7738,0,2,Injury Collision,,45,Bicycle,Matched,N,1,Clear or Partly Cloudy,0,34997,0,N,12-304410
21228,"""(47.558372907000035, -122.36290716699995)""",132313,132313,Block,Cycles,\\sdotnasvfa\sdot_vol1\H8\PROD\ATTACHMENTS\COL_DIAGRAM\54185500.bmp,330,,,0,,03/27/2012 07:00:00 AM +0000,3/27/2012 20:35,1,,Mid-Block (not related to intersection),Dark - Street Lights On,DELRIDGE WAY SW BETWEEN SW EDMUNDS ST AND SW HUDSON ST,0,1,,2,\\sdotnasvfa\sdot_vol1\H8\PROD\ATTACHMENTS\COL_REPORT\3546891.pdf,3546891,Wet,18,"MOTOR VEHICLE STRUCK PEDALCYCLIST, FRONT END AT ANGLE",12087028,9965,0,2,Injury Collision,,45,Bicycle,Matched,N,1,Raining,0,22978,0,N,12-93237
21243,"""(47.61524085500008, -122.32001617599997)""",132170,132170,Intersection,Cycles,\\sdotnasvfa\sdot_vol1\H8\PROD\ATTACHMENTS\COL_DIAGRAM\55183170.bmp,0,,,0,,04/17/2012 07:00:00 AM +0000,4/17/2012 17:27,1,29737,At Intersection (intersection related),Dark - No Street Lights,NAGLE PL AND E PINE ST,0,1,,3,\\sdotnasvfa\sdot_vol1\H8\PROD\ATTACHMENTS\COL_REPORT\3567809.pdf,3567809,Wet,18,"MOTOR VEHICLE STRUCK PEDALCYCLIST, FRONT END AT ANGLE",12108005,11942,0,2,Injury Collision,Y,45,Bicycle,Matched,N,1,Raining,0,0,0,N,12-117279
21297,"""(47.539355887000056, -122.39398721399999)""",131191,131191,Block,Cycles,\\sdotnasvfa\sdot_vol1\H8\PROD\ATTACHMENTS\COL_DIAGRAM\65188800.bmp,401,,,0,,12/30/2012 08:00:00 AM +0000,12/30/2012 12:55,1,,Driveway Junction,Daylight,LINCOLN PARK WAY SW BETWEEN MURRAY AVE SW AND 47TH AVE SW,0,1,Y,2,\\sdotnasvfa\sdot_vol1\H8\PROD\ATTACHMENTS\COL_REPORT\3553297.pdf,3553297,Dry,18,"MOTOR VEHICLE STRUCK PEDALCYCLIST, FRONT END AT ANGLE",12365011,11388,0,2,Injury Collision,,45,Bicycle,Matched,N,1,Clear or Partly Cloudy,0,29430,0,N,2012-444315
21301,"""(47.69077348400003, -122.30751049799994)""",131188,131188,Block,Cycles,\\sdotnasvfa\sdot_vol1\H8\PROD\ATTACHMENTS\COL_DIAGRAM\22212200.bmp,234, ,,0,,12/27/2012 08:00:00 AM +0000,12/27/2012 21:22,1,,Mid-Block (not related to intersection),Dark - Street Lights On,LAKE CITY WAY NE BETWEEN NE 85TH ST AND 20TH AVE NE,0,1,,2,\\sdotnasvfa\sdot_vol1\H8\PROD\ATTACHMENTS\COL_REPORT\3467084.pdf,3467084,Wet,21,"MOTOR VEHICLE STRUCK PEDALCYCLIST, REAR END",12362019,11151,0,2,Injury Collision,,45,Bicycle,Matched,N,1,Clear or Partly Cloudy,0,18066,0,N,2012-441415
21459,"""(47.654209094000066, -122.31447179599996)""",132047,132047,Intersection,Cycles,\\sdotnasvfa\sdot_vol1\H8\PROD\ATTACHMENTS\COL_DIAGRAM\44511100.bmp,0, ,,0,,07/02/2012 07:00:00 AM +0000,7/2/2012 16:35,1,287158,At Intersection (intersection related),Daylight,BROOKLYN AVE NE AND BURKE GILMAN TRL,0,1,,2,\\sdotnasvfa\sdot_vol1\H8\PROD\ATTACHMENTS\COL_REPORT\3504737.pdf,3504737,Dry,51,PEDALCYCLIST STRUCK MOTOR VEHICLE FRONT END AT ANGLE,12184020,287256,0,2,Injury Collision,,45,Bicycle,Matched,N,1,Overcast,0,0,525567,N,2012-209455
21534,"""(47.51736320100008, -122.36591253899996)""",131069,131069,Intersection,Cycles,\\sdotnasvfa\sdot_vol1\H8\PROD\ATTACHMENTS\COL_DIAGRAM\11515400.bmp,0,,,0,Y,08/20/2012 07:00:00 AM +0000,8/20/2012 11:40,1,34902,At Intersection (intersection related),Daylight,26TH AVE SW AND SW ROXBURY ST,0,1,Y,2,\\sdotnasvfa\sdot_vol1\H8\PROD\ATTACHMENTS\COL_REPORT\3295875.pdf,3295875,Dry,51,PEDALCYCLIST STRUCK MOTOR VEHICLE FRONT END AT ANGLE,12233006,22772,1,2b,Serious Injury Collision,,45,Bicycle,Matched,N,1,Clear or Partly Cloudy,0,0,0,N,2012-277227
21620,"""(47.66495773100007, -122.32070290399997)""",131918,131918,Intersection,Cycles,\\sdotnasvfa\sdot_vol1\H8\PROD\ATTACHMENTS\COL_DIAGRAM\11187700.bmp,0, ,,0,,12/04/2012 08:00:00 AM +0000,12/4/2012 9:40,0,25786,At Intersection (intersection related),Daylight,7TH AVE NE AND NE 50TH ST,0,1,Y,2,\\sdotnasvfa\sdot_vol1\H8\PROD\ATTACHMENTS\COL_REPORT\3609266.pdf,3609266,Dry,18,"MOTOR VEHICLE STRUCK PEDALCYCLIST, FRONT END AT ANGLE",12339001,8178,0,1,Property Damage Only Collision,,45,Bicycle,Matched,N,1,Overcast,0,0,522071,N,12-413810
21649,"""(47.61410376900005, -122.31683584899997)""",130387,130387,Intersection,Cycles,\\sdotnasvfa\sdot_vol1\H8\PROD\ATTACHMENTS\COL_DIAGRAM\17185500.bmp,0,,,0,,02/12/2011 08:00:00 AM +0000,2/12/2011 8:18,1,29748,At Intersection (intersection related),Daylight,12TH AVE AND E PIKE ST,0,1,Y,2,\\sdotnasvfa\sdot_vol1\H8\PROD\ATTACHMENTS\COL_REPORT\3559777.pdf,3559777,Dry,18,"MOTOR VEHICLE STRUCK PEDALCYCLIST, FRONT END AT ANGLE",11043002,1546,0,2,Injury Collision,,45,Bicycle,Matched,N,1,Clear or Partly Cloudy,0,10802,0,N,11-51082
21676,"""(47.65297596400006, -122.31246414499998)""",130528,130528,Intersection,Cycles,\\sdotnasvfa\sdot_vol1\H8\PROD\ATTACHMENTS\COL_DIAGRAM\68182871.bmp,0, ,,0,,05/19/2011 07:00:00 AM +0000,5/19/2011 15:05,1,27149,At Intersection (intersection related),Daylight,15TH AVE NE AND NE PACIFIC ST,0,1,Y,2,\\sdotnasvfa\sdot_vol1\H8\PROD\ATTACHMENTS\COL_REPORT\3568966.pdf,3568966,Dry,18,"MOTOR VEHICLE STRUCK PEDALCYCLIST, FRONT END AT ANGLE",11139003,2028,0,2,Injury Collision,,45,Bicycle,Matched,N,1,Clear or Partly Cloudy,0,0,520838,N,2011-159477
21762,"""(47.537051587000065, -122.28110415099997)""",132068,132068,Intersection,Cycles,\\sdotnasvfa\sdot_vol1\H8\PROD\ATTACHMENTS\COL_DIAGRAM\77183100.bmp,0,,,0,,07/09/2012 07:00:00 AM +0000,7/9/2012 17:46,1,486567,At Intersection (intersection related),Daylight,M L KING JR ER WAY S AND S OTHELLO ST,0,1,,2,\\sdotnasvfa\sdot_vol1\H8\PROD\ATTACHMENTS\COL_REPORT\3559295.pdf,3559295,Dry,18,"MOTOR VEHICLE STRUCK PEDALCYCLIST, FRONT END AT ANGLE",12191024,11561,0,2,Injury Collision,,45,Bicycle,Matched,N,1,Clear or Partly Cloudy,0,24194,0,N,2012-219332
21779,"""(47.64924012200004, -122.34741874299999)""",132209,132209,Intersection,Cycles,\\sdotnasvfa\sdot_vol1\H8\PROD\ATTACHMENTS\COL_DIAGRAM\55183300.bmp,0,,,0,,05/18/2012 07:00:00 AM +0000,5/18/2012 15:42,1,27043,At Intersection (intersection related),Daylight,TROLL AVE N AND N 34TH ST,0,1,Y,2,\\sdotnasvfa\sdot_vol1\H8\PROD\ATTACHMENTS\COL_REPORT\3561965.pdf,3561965,Dry,18,"MOTOR VEHICLE STRUCK PEDALCYCLIST, FRONT END AT ANGLE",12139006,9002,0,2,Injury Collision,,45,Bicycle,Matched,N,1,Clear or Partly Cloudy,0,8816,0,N,12-153398
21794,"""(47.65831484900008, -122.31320716799996)""",130401,130401,Intersection,Cycles,\\sdotnasvfa\sdot_vol1\H8\PROD\ATTACHMENTS\COL_DIAGRAM\11513300.bmp,0,,,0,,07/01/2011 07:00:00 AM +0000,7/1/2011 8:26,1,27090,At Intersection (intersection related),Daylight,UNIVERSITY WAY NE AND NE 42ND ST,0,1,,3,\\sdotnasvfa\sdot_vol1\H8\PROD\ATTACHMENTS\COL_REPORT\3466802.pdf,3466802,Dry,51,PEDALCYCLIST STRUCK MOTOR VEHICLE FRONT END AT ANGLE,11182011,13220,0,2,Injury Collision,,45,Bicycle,Matched,N,1,Clear or Partly Cloudy,0,5663,0,N,2011-211142
21830,"""(47.68139851700005, -122.32708109099997)""",131221,131221,Block,Cycles,\\sdotnasvfa\sdot_vol1\H8\PROD\ATTACHMENTS\COL_DIAGRAM\42188800.bmp,137.5,,,0,,10/03/2012 07:00:00 AM +0000,10/3/2012 17:25,1,,Driveway Junction,Daylight,EAST GREEN LAKE DR N BETWEEN 4TH AVE NE AND LATONA AVE NE,0,1,Y,2,\\sdotnasvfa\sdot_vol1\H8\PROD\ATTACHMENTS\COL_REPORT\3597392.pdf,3597392,Dry,18,"MOTOR VEHICLE STRUCK PEDALCYCLIST, FRONT END AT ANGLE",12277039,14059,1,2b,Serious Injury Collision,,45,Bicycle,Matched,N,1,Clear or Partly Cloudy,0,7301,0,N,12-338027
21909,"""(47.66570451300004, -122.37621919199995)""",134419,134419,Intersection,Cycles,\\sdotnasvfa\sdot_vol1\H8\PROD\ATTACHMENTS\COL_DIAGRAM\17185500.bmp,0,,,0,,05/12/2012 07:00:00 AM +0000,5/12/2012 13:30,0,25438,At Intersection (intersection related),Unknown,15TH AVE NW AND NW 51ST ST,0,1,Y,2,\\sdotnasvfa\sdot_vol1\H8\PROD\ATTACHMENTS\COL_REPORT\3564095.pdf,3564095,Unknown,18,"MOTOR VEHICLE STRUCK PEDALCYCLIST, FRONT END AT ANGLE",12133033,2098,0,1,Property Damage Only Collision,,45,Bicycle,Matched,N,1,Unknown,0,18264,0,N,2012-149739
21960,"""(47.621999806000076, -122.33427421599998)""",133057,133057,Intersection,Cycles,\\sdotnasvfa\sdot_vol1\H8\PROD\ATTACHMENTS\COL_DIAGRAM\11187700.bmp,0, ,,0,,08/18/2012 07:00:00 AM +0000,8/18/2012 11:24,1,28777,At Intersection (intersection related),Daylight,FAIRVIEW AVE N AND HARRISON ST,0,1,,3,\\sdotnasvfa\sdot_vol1\H8\PROD\ATTACHMENTS\COL_REPORT\3465904.pdf,3465904,Dry,18,"MOTOR VEHICLE STRUCK PEDALCYCLIST, FRONT END AT ANGLE",12231011,10348,0,2,Injury Collision,,45,Bicycle,Matched,N,1,Overcast,0,0,522956,N,2012-274753
21979,"""(47.59583330500004, -122.32376363099996)""",133472,133472,Intersection,Cycles,\\sdotnasvfa\sdot_vol1\H8\PROD\ATTACHMENTS\COL_DIAGRAM\31187700.bmp,0,,,0,,07/06/2012 07:00:00 AM +0000,7/6/2012 16:19,1,30544,At Intersection (intersection related),Daylight,7TH AVE S AND S DEARBORN ST,0,1,Y,2,\\sdotnasvfa\sdot_vol1\H8\PROD\ATTACHMENTS\COL_REPORT\3504006.pdf,3504006,Dry,18,"MOTOR VEHICLE STRUCK PEDALCYCLIST, FRONT END AT ANGLE",12188022,8211,0,2,Injury Collision,,45,Bicycle,Matched,N,1,Clear or Partly Cloudy,0,5835,0,N,12-215172
21992,"""(47.617504618000055, -122.32969878999995)""",133605,133605,Intersection,Cycles,\\sdotnasvfa\sdot_vol1\H8\PROD\ATTACHMENTS\COL_DIAGRAM\22512300.bmp,0,,,0,,11/13/2012 08:00:00 AM +0000,11/13/2012 8:36,1,29174,At Intersection (intersection related),Daylight,HOWELL ST AND YALE AVE,0,1,,2,\\sdotnasvfa\sdot_vol1\H8\PROD\ATTACHMENTS\COL_REPORT\3581926.pdf,3581926,Wet,51,PEDALCYCLIST STRUCK MOTOR VEHICLE FRONT END AT ANGLE,12318026,10965,1,2b,Serious Injury Collision,,45,Bicycle,Matched,N,1,Overcast,0,14397,0,N,12-389249
22023,"""(47.61409443200006, -122.31814094999999)""",134288,134288,Intersection,Cycles,\\sdotnasvfa\sdot_vol1\H8\PROD\ATTACHMENTS\COL_DIAGRAM\00180000.bmp,0,,,0,,11/06/2012 08:00:00 AM +0000,11/6/2012 18:00,0,29747,At Intersection (intersection related),Dark - Street Lights On,11TH AVE AND E PIKE ST,0,1,,2,\\sdotnasvfa\sdot_vol1\H8\PROD\ATTACHMENTS\COL_REPORT\3476431.pdf,3476431,Wet,18,"MOTOR VEHICLE STRUCK PEDALCYCLIST, FRONT END AT ANGLE",12311011,1382,0,1,Property Damage Only Collision,,45,Bicycle,Matched,N,1,Raining,0,31243,0,N,12-381402
22059,"""(47.66146692900003, -122.36861555399997)""",132928,132928,Intersection,Cycles,\\sdotnasvfa\sdot_vol1\H8\PROD\ATTACHMENTS\COL_DIAGRAM\22188671.bmp,0, ,,0,,03/09/2012 08:00:00 AM +0000,3/9/2012 17:30,1,26710,At Intersection (intersection related),Dusk,9TH AVE NW AND NW 45TH ST,0,1,Y,2,\\sdotnasvfa\sdot_vol1\H8\PROD\ATTACHMENTS\COL_REPORT\3466465.pdf,3466465,Unknown,18,"MOTOR VEHICLE STRUCK PEDALCYCLIST, FRONT END AT ANGLE",12069013,8563,0,2,Injury Collision,,45,Bicycle,Matched,N,1,Unknown,0,0,630875,N,2012-72786
22065,"""(47.60170997000006, -122.32635082599995)""",132647,132647,Intersection,Cycles,\\sdotnasvfa\sdot_vol1\H8\PROD\ATTACHMENTS\COL_DIAGRAM\77185500.bmp,0,,,0,,12/19/2012 08:00:00 AM +0000,12/19/2012 22:07,1,30486,At Intersection (intersection related),Dark - Street Lights On,6TH AVE AND YESLER WAY,0,1,Y,2,\\sdotnasvfa\sdot_vol1\H8\PROD\ATTACHMENTS\COL_REPORT\3503846.pdf,3503846,Wet,18,"MOTOR VEHICLE STRUCK PEDALCYCLIST, FRONT END AT ANGLE",12354039,7870,0,2,Injury Collision,,45,Bicycle,Matched,N,1,Raining,0,37254,0,N,12-432995
22100,"""(47.54483670700006, -122.38445347199996)""",133613,133613,Intersection,Cycles,\\sdotnasvfa\sdot_vol1\H8\PROD\ATTACHMENTS\COL_DIAGRAM\77517800.bmp,0,,,0,,09/25/2012 07:00:00 AM +0000,9/25/2012 11:16,1,33748,At Intersection (intersection related),Daylight,41ST AVE SW AND SW MORGAN ST,0,1,,2,\\sdotnasvfa\sdot_vol1\H8\PROD\ATTACHMENTS\COL_REPORT\3342595.pdf,3342595,Dry,51,PEDALCYCLIST STRUCK MOTOR VEHICLE FRONT END AT ANGLE,12269003,6469,0,2,Injury Collision,,45,Bicycle,Matched,N,1,Clear or Partly Cloudy,0,1961,0,N,2012-326191
22109,"""(47.59834276200007, -122.31843780699995)""",133210,133210,Block,Cycles,\\sdotnasvfa\sdot_vol1\H8\PROD\ATTACHMENTS\COL_DIAGRAM\76187700.bmp,298,,,0,,06/25/2012 07:00:00 AM +0000,6/25/2012 11:28,1,,Mid-Block (not related to intersection),Daylight,S KING ST BETWEEN 10TH AVE S AND 12TH AVE S,0,1,Y,2,\\sdotnasvfa\sdot_vol1\H8\PROD\ATTACHMENTS\COL_REPORT\3593304.pdf,3593304,Dry,18,"MOTOR VEHICLE STRUCK PEDALCYCLIST, FRONT END AT ANGLE",12177011,20603,0,2,Injury Collision,,45,Bicycle,Matched,N,1,Clear or Partly Cloudy,0,5773,0,N,12-199728
22159,"""(47.60916022100008, -122.33264019499995)""",134291,134291,Intersection,Cycles,\\sdotnasvfa\sdot_vol1\H8\PROD\ATTACHMENTS\COL_DIAGRAM\82184271.bmp,0, ,,0,,01/03/2012 08:00:00 AM +0000,1/3/2012 7:13,1,29914,At Intersection (intersection related),Dark - Street Lights On,6TH AVE AND UNIVERSITY ST,0,1,Y,2,\\sdotnasvfa\sdot_vol1\H8\PROD\ATTACHMENTS\COL_REPORT\3329885.pdf,3329885,Dry,18,"MOTOR VEHICLE STRUCK PEDALCYCLIST, FRONT END AT ANGLE",12003011,7880,0,2,Injury Collision,,45,Bicycle,Matched,N,1,Overcast,0,0,522379,N,
22162,"""(47.69024216100007, -122.36599398099997)""",134016,134016,Block,Cycles,\\sdotnasvfa\sdot_vol1\H8\PROD\ATTACHMENTS\COL_DIAGRAM\11511200.bmp,150,,,0,,07/05/2012 07:00:00 AM +0000,7/5/2012 14:40,1,,Mid-Block (not related to intersection),Daylight,8TH AVE NW BETWEEN NW 84TH ST AND NW 85TH ST,0,1,,2,\\sdotnasvfa\sdot_vol1\H8\PROD\ATTACHMENTS\COL_REPORT\3551406.pdf,3551406,Dry,51,PEDALCYCLIST STRUCK MOTOR VEHICLE FRONT END AT ANGLE,12187008,8411,0,2,Injury Collision,,45,Bicycle,Matched,N,1,Clear or Partly Cloudy,0,3386,0,N,12-213655
22197,"""(47.63385963400003, -122.32692389099998)""",134431,134431,Intersection,Cycles,\\sdotnasvfa\sdot_vol1\H8\PROD\ATTACHMENTS\COL_DIAGRAM\54181100.bmp,0,,,0,,03/22/2012 07:00:00 AM +0000,3/22/2012 18:23,1,28331,At Intersection (intersection related),Dusk,FAIRVIEW AVE E AND E GARFIELD ST,0,1,Y,2,\\sdotnasvfa\sdot_vol1\H8\PROD\ATTACHMENTS\COL_REPORT\3373546.pdf,3373546,Dry,18,"MOTOR VEHICLE STRUCK PEDALCYCLIST, FRONT END AT ANGLE",12082004,10337,0,2,Injury Collision,,45,Bicycle,Matched,N,1,Clear or Partly Cloudy,0,0,0,N,2012-87348