OBJECTID,Shape,INCKEY,COLDETKEY,ADDRTYPE,COLLISIONTYPE,DIAGRAMLINK,DISTANCE,EXCEPTRSNCODE,EXCEPTRSNDESC,FATALITIES,INATTENTIONIND,INCDATE,INCDTTM,INJURIES,INTKEY,JUNCTIONTYPE,LIGHTCOND,LOCATION,PEDCOUNT,PEDCYLCOUNT,PEDROWNOTGRNT,PERSONCOUNT,REPORTLINK,REPORTNO,ROADCOND,SDOT_COLCODE,SDOT_COLDESC,SDOTCOLNUM,SEGKEY,SERIOUSINJURIES,SEVERITYCODE,SEVERITYDESC,SPEEDING,ST_COLCODE,ST_COLDESC,STATUS,UNDERINFL,VEHCOUNT,WEATHER,WIDTH,SEGLANEKEY,CROSSWALKKEY,HITPARKEDCAR,SPDCASENO
26349,"""(47.61525914900005, -122.31750882199998)""",138922,138922,Block,Cycles,\\sdotnasvfa\sdot_vol1\H8\PROD\ATTACHMENTS\COL_DIAGRAM\77237700.bmp,161,,,0,,08/28/2012 07:00:00 AM +0000,8/28/2012 18:34,1,,Mid-Block (not related to intersection),Daylight,E PINE ST BETWEEN 11TH AVE AND 12TH AVE,0,1,,3,\\sdotnasvfa\sdot_vol1\H8\PROD\ATTACHMENTS\COL_REPORT\3553020.pdf,3553020,Dry,23,"MOTOR VEHICLE STRUCK PEDALCYCLIST, LEFT SIDE SIDESWIPE",12241008,14637,0,2,Injury Collision,,45,Bicycle,Matched,N,1,Clear or Partly Cloudy,0,10420,0,N,2012-288655
26367,"""(47.62198267400004, -122.31992428599995)""",138646,138646,Intersection,Cycles,\\sdotnasvfa\sdot_vol1\H8\PROD\ATTACHMENTS\COL_DIAGRAM\11517600.bmp,0,,,0,,07/15/2012 07:00:00 AM +0000,7/15/2012 2:36,1,29025,At Intersection (intersection related),Dark - Street Lights Off,10TH AVE E AND E HARRISON ST,0,1,,3,\\sdotnasvfa\sdot_vol1\H8\PROD\ATTACHMENTS\COL_REPORT\3552355.pdf,3552355,Dry,51,PEDALCYCLIST STRUCK MOTOR VEHICLE FRONT END AT ANGLE,12197010,1287,0,2,Injury Collision,,45,Bicycle,Matched,Y,1,Clear or Partly Cloudy,0,0,0,N,12-226963
26375,"""(47.548385256000074, -122.36303174499994)""",138920,138920,Block,Cycles,\\sdotnasvfa\sdot_vol1\H8\PROD\ATTACHMENTS\COL_DIAGRAM\11643974.bmp,629,,,0,,04/10/2012 07:00:00 AM +0000,4/10/2012 8:17,1,,Mid-Block (not related to intersection),Daylight,DELRIDGE WAY SW BETWEEN SW JUNEAU ST AND 24TH AVE SW,1,1,,2,\\sdotnasvfa\sdot_vol1\H8\PROD\ATTACHMENTS\COL_REPORT\3546965.pdf,3546965,Dry,64,PEDALCYCLIST STRUCK PEDESTRIAN,12101002,9970,0,2,Injury Collision,,45,Bicycle,Matched,N,0,Clear or Partly Cloudy,0,23126,0,N,12-108621
26486,"""(47.60804797800006, -122.31415231799997)""",138929,138929,Intersection,Cycles,\\sdotnasvfa\sdot_vol1\H8\PROD\ATTACHMENTS\COL_DIAGRAM\56185500.bmp,0,,,0,,07/26/2012 07:00:00 AM +0000,7/26/2012 21:21,1,29804,At Intersection (intersection related),Dark - Street Lights On,14TH AVE AND E CHERRY ST,0,1,,2,\\sdotnasvfa\sdot_vol1\H8\PROD\ATTACHMENTS\COL_REPORT\3593627.pdf,3593627,Dry,18,"MOTOR VEHICLE STRUCK PEDALCYCLIST, FRONT END AT ANGLE",12208016,1846,0,2,Injury Collision,,45,Bicycle,Matched,N,1,Clear or Partly Cloudy,0,35467,0,N,2012-243211
26533,"""(47.67344125500006, -122.36612480899998)""",136973,136973,Block,Cycles,\\sdotnasvfa\sdot_vol1\H8\PROD\ATTACHMENTS\COL_DIAGRAM\11551100.bmp,133,,,0,,04/20/2012 07:00:00 AM +0000,4/20/2012 23:01,1,,Mid-Block (not related to intersection),Dark - Street Lights On,8TH AVE NW BETWEEN NW 61ST ST AND NW 62ND S ST,0,1,,2,\\sdotnasvfa\sdot_vol1\H8\PROD\ATTACHMENTS\COL_REPORT\3504795.pdf,3504795,Dry,55,PEDALCYCLIST STRUCK MOTOR VEHICLE RIGHT SIDE SIDESWIPE,12111015,8390,0,2,Injury Collision,,45,Bicycle,Matched,N,1,Clear or Partly Cloudy,0,2449,0,N,12-121004
26542,"""(47.61410376900005, -122.31683584899997)""",137253,137253,Intersection,Cycles,\\sdotnasvfa\sdot_vol1\H8\PROD\ATTACHMENTS\COL_DIAGRAM\11515400.bmp,0,,,0,,10/24/2012 07:00:00 AM +0000,10/24/2012 18:24,1,29748,At Intersection (intersection related),Dark - Street Lights On,12TH AVE AND E PIKE ST,0,1,Y,3,\\sdotnasvfa\sdot_vol1\H8\PROD\ATTACHMENTS\COL_REPORT\3560044.pdf,3560044,Wet,51,PEDALCYCLIST STRUCK MOTOR VEHICLE FRONT END AT ANGLE,12298008,1546,0,2,Injury Collision,,45,Bicycle,Matched,N,1,Overcast,0,10785,0,N,12-365014
26673,"""(47.63099716500005, -122.34229241699995)""",137123,137123,Block,Cycles,\\sdotnasvfa\sdot_vol1\H8\PROD\ATTACHMENTS\COL_DIAGRAM\17185500.bmp,150.5,,,0,,08/01/2012 07:00:00 AM +0000,8/1/2012 18:26,1,,Driveway Junction,Daylight,DEXTER AVE N BETWEEN COMSTOCK ST AND LEE ST,0,1,Y,2,\\sdotnasvfa\sdot_vol1\H8\PROD\ATTACHMENTS\COL_REPORT\3503863.pdf,3503863,Dry,18,"MOTOR VEHICLE STRUCK PEDALCYCLIST, FRONT END AT ANGLE",12214031,10082,0,2,Injury Collision,,45,Bicycle,Matched,N,1,Clear or Partly Cloudy,0,12941,0,N,12 251349
26706,"""(47.72230932400004, -122.34832622099998)""",137818,137818,Intersection,Cycles,\\sdotnasvfa\sdot_vol1\H8\PROD\ATTACHMENTS\COL_DIAGRAM\11517700.bmp,0,,,0,,03/27/2012 07:00:00 AM +0000,3/27/2012 15:07,1,35829,At Intersection (intersection related),Daylight,LINDEN AVE N AND N 128TH ST,0,1,Y,2,\\sdotnasvfa\sdot_vol1\H8\PROD\ATTACHMENTS\COL_REPORT\3554004.pdf,3554004,Dry,51,PEDALCYCLIST STRUCK MOTOR VEHICLE FRONT END AT ANGLE,12087011,11452,0,2,Injury Collision,,45,Bicycle,Matched,N,1,Overcast,0,0,0,N,12-92936
26738,"""(47.60398223800007, -122.33558646699998)""",138242,138242,Intersection,Cycles,\\sdotnasvfa\sdot_vol1\H8\PROD\ATTACHMENTS\COL_DIAGRAM\88646871.bmp,0, ,,0,,09/17/2012 07:00:00 AM +0000,9/17/2012 7:27,1,29622,At Intersection (intersection related),Daylight,1ST AVE AND MARION ST,1,1,,2,\\sdotnasvfa\sdot_vol1\H8\PROD\ATTACHMENTS\COL_REPORT\3599210.pdf,3599210,Dry,64,PEDALCYCLIST STRUCK PEDESTRIAN,12261012,1003,0,2,Injury Collision,,45,Bicycle,Matched,N,0,Clear or Partly Cloudy,0,36808,521096,N,12 314812
26811,"""(47.630880207000075, -122.37391463199998)""",137407,137407,Block,Cycles,\\sdotnasvfa\sdot_vol1\H8\PROD\ATTACHMENTS\COL_DIAGRAM\42188800.bmp,283.5,,,0,,05/10/2012 07:00:00 AM +0000,5/10/2012 11:55,1,,Driveway Junction,Daylight,ELLIOTT AVE W BETWEEN W LEE ST AND W GALER ST FLYOVER,0,1,Y,2,\\sdotnasvfa\sdot_vol1\H8\PROD\ATTACHMENTS\COL_REPORT\3503560.pdf,3503560,Dry,18,"MOTOR VEHICLE STRUCK PEDALCYCLIST, FRONT END AT ANGLE",12131013,10221,0,2,Injury Collision,,45,Bicycle,Matched,N,1,Clear or Partly Cloudy,0,19264,0,N,12-143596
26922,"""(47.599224596000056, -122.31157742299996)""",137139,137139,Intersection,Cycles,\\sdotnasvfa\sdot_vol1\H8\PROD\ATTACHMENTS\COL_DIAGRAM\31187700.bmp,0,,,0,,02/13/2012 08:00:00 AM +0000,2/13/2012 20:50,1,30748,At Intersection (intersection related),Dark - Street Lights On,16TH AVE S AND S JACKSON ST,0,1,Y,2,\\sdotnasvfa\sdot_vol1\H8\PROD\ATTACHMENTS\COL_REPORT\3551805.pdf,3551805,Wet,18,"MOTOR VEHICLE STRUCK PEDALCYCLIST, FRONT END AT ANGLE",12044011,2282,0,2,Injury Collision,,45,Bicycle,Matched,N,1,Raining,0,11025,0,N,12-044720
26946,"""(47.63190599600006, -122.32688562599998)""",138962,138962,Intersection,Cycles,\\sdotnasvfa\sdot_vol1\H8\PROD\ATTACHMENTS\COL_DIAGRAM\81186600.bmp,0,,,0,,02/29/2012 08:00:00 AM +0000,2/29/2012 7:51,1,29082,At Intersection (intersection related),Daylight,FAIRVIEW AVE E AND FAIRVIEW AVE N,0,1,Y,2,\\sdotnasvfa\sdot_vol1\H8\PROD\ATTACHMENTS\COL_REPORT\3504054.pdf,3504054,Wet,18,"MOTOR VEHICLE STRUCK PEDALCYCLIST, FRONT END AT ANGLE",12060004,10336,1,2b,Serious Injury Collision,,45,Bicycle,Matched,N,1,Overcast,0,25382,0,N,12-61459
26971,"""(47.702330637000045, -122.33452572599998)""",137413,137413,Block,Cycles,\\sdotnasvfa\sdot_vol1\H8\PROD\ATTACHMENTS\COL_DIAGRAM\22690000.bmp,373.5,,,0,,02/23/2012 08:00:00 AM +0000,2/23/2012 15:28,1,,Mid-Block (not related to intersection),Daylight,COLLEGE WAY N BETWEEN N 100TH ST AND MERIDIAN AVE N,0,1,,1,\\sdotnasvfa\sdot_vol1\H8\PROD\ATTACHMENTS\COL_REPORT\3562112.pdf,3562112,Dry,69,PEDALCYCLIST OVERTURNED IN ROAD,12054013,9703,1,2b,Serious Injury Collision,,45,Bicycle,Matched,N,0,Overcast,0,29089,0,N,12-55336
27012,"""(47.665049759000055, -122.37622023499995)""",138268,138268,Intersection,Cycles,\\sdotnasvfa\sdot_vol1\H8\PROD\ATTACHMENTS\COL_DIAGRAM\17185500.bmp,0,,,0,,09/11/2012 07:00:00 AM +0000,9/11/2012 17:29,1,25447,At Intersection (intersection related),Daylight,15TH AVE NW AND BALLARD BR,0,1,Y,2,\\sdotnasvfa\sdot_vol1\H8\PROD\ATTACHMENTS\COL_REPORT\3554174.pdf,3554174,Dry,18,"MOTOR VEHICLE STRUCK PEDALCYCLIST, FRONT END AT ANGLE",12255013,2097,0,2,Injury Collision,,45,Bicycle,Matched,N,1,Clear or Partly Cloudy,0,18258,0,N,12-307174
27050,"""(47.582981946000075, -122.31339442999996)""",138684,138684,Intersection,Cycles,\\sdotnasvfa\sdot_vol1\H8\PROD\ATTACHMENTS\COL_DIAGRAM\12185500.bmp,0,,,0,Y,11/29/2012 08:00:00 AM +0000,11/29/2012 21:19,1,31285,At Intersection (intersection related),Dark - Street Lights On,15TH AVE S AND S COLLEGE ST,0,1,,2,\\sdotnasvfa\sdot_vol1\H8\PROD\ATTACHMENTS\COL_REPORT\3502333.pdf,3502333,Wet,18,"MOTOR VEHICLE STRUCK PEDALCYCLIST, FRONT END AT ANGLE",12334006,2141,0,2,Injury Collision,Y,45,Bicycle,Matched,N,1,Overcast,0,14060,0,N,12-408471
27117,"""(47.60172277400005, -122.335216576)""",137714,137714,Block,Cycles,\\sdotnasvfa\sdot_vol1\H8\PROD\ATTACHMENTS\COL_DIAGRAM\77227700.bmp,82.5,,,0,Y,09/14/2012 07:00:00 AM +0000,9/14/2012 16:38,1,,Mid-Block (not related to intersection),Dusk,YESLER WAY BETWEEN WESTERN AVE AND POST AVE,0,1,,3,\\sdotnasvfa\sdot_vol1\H8\PROD\ATTACHMENTS\COL_REPORT\3377819.pdf,3377819,Dry,22,"MOTOR VEHICLE STRUCK PEDALCYCLIST, RIGHT SIDE SIDESWIPE",12258013,13759,0,2,Injury Collision,,45,Bicycle,Matched,N,1,Clear or Partly Cloudy,0,9881,0,N,12-311382
27131,"""(47.68683039800004, -122.38379010799997)""",137982,137982,Block,Cycles,\\sdotnasvfa\sdot_vol1\H8\PROD\ATTACHMENTS\COL_DIAGRAM\55517700.bmp,132,,,0,,11/28/2012 08:00:00 AM +0000,11/28/2012 8:46,1,,Mid-Block (not related to intersection),Daylight,NW 80TH ST BETWEEN 21ST AVE NW AND 22ND AVE NW,0,1,,2,\\sdotnasvfa\sdot_vol1\H8\PROD\ATTACHMENTS\COL_REPORT\3504418.pdf,3504418,Dry,51,PEDALCYCLIST STRUCK MOTOR VEHICLE FRONT END AT ANGLE,12333007,18904,0,2,Injury Collision,,45,Bicycle,Matched,N,1,Overcast,0,0,0,N,12-406390
27199,"""(47.613495138000076, -122.31678450399994)""",137290,137290,Block,Cycles,\\sdotnasvfa\sdot_vol1\H8\PROD\ATTACHMENTS\COL_DIAGRAM\55647976.bmp,222,,,0,,02/17/2012 08:00:00 AM +0000,2/17/2012 17:59,2,,Mid-Block (not related to intersection),Dark - Street Lights On,12TH AVE BETWEEN E MADISON ST AND E PIKE ST,1,1,Y,4,\\sdotnasvfa\sdot_vol1\H8\PROD\ATTACHMENTS\COL_REPORT\3551782.pdf,3551782,Wet,64,PEDALCYCLIST STRUCK PEDESTRIAN,12048015,1536,0,2,Injury Collision,,45,Bicycle,Matched,N,1,Raining,0,10782,0,N,2012-48744
27213,"""(47.60301939300007, -122.33317224599995)""",138975,138975,Intersection,Cycles,\\sdotnasvfa\sdot_vol1\H8\PROD\ATTACHMENTS\COL_DIAGRAM\42184400.bmp,0,,,0,,09/19/2012 07:00:00 AM +0000,9/19/2012 12:09,1,30355,At Intersection (intersection related),Daylight,2ND AVE AND CHERRY ST,0,1,Y,2,\\sdotnasvfa\sdot_vol1\H8\PROD\ATTACHMENTS\COL_REPORT\3599218.pdf,3599218,Dry,18,"MOTOR VEHICLE STRUCK PEDALCYCLIST, FRONT END AT ANGLE",12263008,2750,0,2,Injury Collision,,45,Bicycle,Matched,N,1,Clear or Partly Cloudy,0,12035,0,N,12-317954
27267,"""(47.567608918000076, -122.37076473499997)""",137431,137431,Intersection,Cycles,\\sdotnasvfa\sdot_vol1\H8\PROD\ATTACHMENTS\COL_DIAGRAM\53181100.bmp,0,,,0,,11/20/2012 08:00:00 AM +0000,11/20/2012 7:52,1,32133,At Intersection (intersection related),Daylight,30TH AVE SW AND SW AVALON WAY,0,1,,2,\\sdotnasvfa\sdot_vol1\H8\PROD\ATTACHMENTS\COL_REPORT\3547115.pdf,3547115,Wet,18,"MOTOR VEHICLE STRUCK PEDALCYCLIST, FRONT END AT ANGLE",12325016,4717,0,2,Injury Collision,,45,Bicycle,Matched,N,1,Overcast,0,3490,0,N,12-397566
27293,"""(47.65564871500004, -122.33625707199997)""",138137,138137,Intersection,Cycles,\\sdotnasvfa\sdot_vol1\H8\PROD\ATTACHMENTS\COL_DIAGRAM\44690000.bmp,0,,,0,,05/25/2012 07:00:00 AM +0000,5/25/2012 23:25,1,26842,At Intersection (intersection related),Dark - Street Lights On,WALLINGFORD AVE N AND N 40TH ST,0,1,,1,\\sdotnasvfa\sdot_vol1\H8\PROD\ATTACHMENTS\COL_REPORT\3466760.pdf,3466760,Dry,69,PEDALCYCLIST OVERTURNED IN ROAD,12146009,13368,0,2,Injury Collision,,45,Bicycle,Matched,Y,0,Clear or Partly Cloudy,0,6201,0,N,2012-162021
27341,"""(47.68947398100005, -122.35530123599995)""",138707,138707,Block,Cycles,\\sdotnasvfa\sdot_vol1\H8\PROD\ATTACHMENTS\COL_DIAGRAM\11561900.bmp,132,,,0,,04/06/2012 07:00:00 AM +0000,4/6/2012 16:27,1,,Mid-Block (not related to intersection),Daylight,GREENWOOD AVE N BETWEEN N 83RD ST AND N 84TH ST,0,1,,2,\\sdotnasvfa\sdot_vol1\H8\PROD\ATTACHMENTS\COL_REPORT\3596953.pdf,3596953,Dry,56,PEDALCYCLIST STRUCK MOTOR VEHICLE LEFT SIDE SIDESWIPE,12097014,10750,0,2,Injury Collision,,45,Bicycle,Matched,N,1,Clear or Partly Cloudy,0,4540,0,N,12-104462
27465,"""(47.60878749200003, -122.33844845799996)""",137456,137456,Block,Cycles,\\sdotnasvfa\sdot_vol1\H8\PROD\ATTACHMENTS\COL_DIAGRAM\44549400.bmp,213,,,0,,04/23/2012 07:00:00 AM +0000,4/23/2012 16:21,0,,Mid-Block (not related to intersection),Daylight,2ND AVE BETWEEN UNION ST AND PIKE ST,0,1,,2,\\sdotnasvfa\sdot_vol1\H8\PROD\ATTACHMENTS\COL_REPORT\3561064.pdf,3561064,Dry,54,PEDALCYCLIST STRUCK MOTOR VEHICLE REAR END,12114009,2757,0,1,Property Damage Only Collision,,45,Bicycle,Matched,N,1,Clear or Partly Cloudy,0,12168,0,N,12-124162
27483,"""(47.662567194000076, -122.37611338299996)""",137448,137448,Block,Cycles,\\sdotnasvfa\sdot_vol1\H8\PROD\ATTACHMENTS\COL_DIAGRAM\55660000.bmp,132.5,,,0,,05/11/2012 07:00:00 AM +0000,5/11/2012 23:55,1,,Mid-Block (not related to intersection),Dark - Street Lights On,15TH NB AVE NW BETWEEN NW 46TH ST AND NW BALLARD WAY,0,1,,1,\\sdotnasvfa\sdot_vol1\H8\PROD\ATTACHMENTS\COL_REPORT\3566260.pdf,3566260,Ice,66,PEDALCYCLIST STRUCK OBJECT IN ROAD,12132019,2210,0,2,Injury Collision,,45,Bicycle,Matched,N,0,Clear or Partly Cloudy,0,0,0,N,2012-14558
27504,"""(47.67728332900003, -122.31738326399994)""",138156,138156,Intersection,Cycles,\\sdotnasvfa\sdot_vol1\H8\PROD\ATTACHMENTS\COL_DIAGRAM\77185500.bmp,0,,,0,,05/11/2012 07:00:00 AM +0000,5/11/2012 18:24,1,24488,At Intersection (intersection related),Daylight,ROOSEVELT WAY NE AND NE 67TH ST,0,1,,2,\\sdotnasvfa\sdot_vol1\H8\PROD\ATTACHMENTS\COL_REPORT\3504711.pdf,3504711,Dry,18,"MOTOR VEHICLE STRUCK PEDALCYCLIST, FRONT END AT ANGLE",12132022,12617,0,2,Injury Collision,,45,Bicycle,Matched,N,1,Clear or Partly Cloudy,0,9400,0,N,12-145172
27529,"""(47.68911276600005, -122.34451443499995)""",138014,138014,Intersection,Cycles,\\sdotnasvfa\sdot_vol1\H8\PROD\ATTACHMENTS\COL_DIAGRAM\55187700.bmp,0,,,0,,07/05/2012 07:00:00 AM +0000,7/5/2012 6:57,1,24276,At Intersection (intersection related),Daylight,AURORA AVE N AND GREEN LAKE DR N,0,1,,2,\\sdotnasvfa\sdot_vol1\H8\PROD\ATTACHMENTS\COL_REPORT\3504629.pdf,3504629,Dry,18,"MOTOR VEHICLE STRUCK PEDALCYCLIST, FRONT END AT ANGLE",12187007,8961,0,2,Injury Collision,,45,Bicycle,Matched,N,1,Clear or Partly Cloudy,0,10506,0,N,12-213183
27594,"""(47.64958972900007, -122.34974744899995)""",136902,136902,Intersection,Cycles,\\sdotnasvfa\sdot_vol1\H8\PROD\ATTACHMENTS\COL_DIAGRAM\17185500.bmp,0,,,0,,11/06/2012 08:00:00 AM +0000,11/6/2012 8:38,1,27039,At Intersection (intersection related),Daylight,FREMONT AVE N AND N 34TH ST,0,1,Y,2,\\sdotnasvfa\sdot_vol1\H8\PROD\ATTACHMENTS\COL_REPORT\3613189.pdf,3613189,Dry,18,"MOTOR VEHICLE STRUCK PEDALCYCLIST, FRONT END AT ANGLE",12311010,10485,0,2,Injury Collision,,45,Bicycle,Matched,N,1,Clear or Partly Cloudy,0,8240,0,N,2012-380789
27636,"""(47.70348590400005, -122.36075148499998)""",137605,137605,Intersection,Cycles,\\sdotnasvfa\sdot_vol1\H8\PROD\ATTACHMENTS\COL_DIAGRAM\55515600.bmp,0,,,0,,09/25/2012 07:00:00 AM +0000,9/25/2012 17:35,1,37137,At Intersection (intersection related),Daylight,3RD AVE NW AND NW 103RD S ST,0,1,,3,\\sdotnasvfa\sdot_vol1\H8\PROD\ATTACHMENTS\COL_REPORT\3551445.pdf,3551445,Dry,51,PEDALCYCLIST STRUCK MOTOR VEHICLE FRONT END AT ANGLE,12269004,4490,0,2,Injury Collision,,45,Bicycle,Matched,N,1,Clear or Partly Cloudy,0,28556,0,N,12 326642
27681,"""(47.609780570000055, -122.33935700699999)""",137609,137609,Block,Cycles,\\sdotnasvfa\sdot_vol1\H8\PROD\ATTACHMENTS\COL_DIAGRAM\43184400.bmp,213,,,0,,09/29/2012 07:00:00 AM +0000,9/29/2012 11:47,1,,Driveway Junction,Daylight,2ND AVE BETWEEN PIKE ST AND PINE ST,0,1,,2,\\sdotnasvfa\sdot_vol1\H8\PROD\ATTACHMENTS\COL_REPORT\3549279.pdf,3549279,Dry,18,"MOTOR VEHICLE STRUCK PEDALCYCLIST, FRONT END AT ANGLE",12273021,2758,0,2,Injury Collision,,45,Bicycle,Matched,N,1,Clear or Partly Cloudy,0,12179,0,N,12-332076
27751,"""(47.670914208000056, -122.38616291799997)""",137054,137054,Block,Cycles,\\sdotnasvfa\sdot_vol1\H8\PROD\ATTACHMENTS\COL_DIAGRAM\55517700.bmp,350.5,,,0,,09/19/2012 07:00:00 AM +0000,9/19/2012 17:49,1,,Driveway Junction,Daylight,NW 58TH ST BETWEEN 22ND AVE NW AND 24TH AVE NW,0,1,,3,\\sdotnasvfa\sdot_vol1\H8\PROD\ATTACHMENTS\COL_REPORT\3597438.pdf,3597438,Dry,51,PEDALCYCLIST STRUCK MOTOR VEHICLE FRONT END AT ANGLE,12263013,18499,0,2,Injury Collision,,45,Bicycle,Matched,N,1,Clear or Partly Cloudy,0,0,0,N,12-318367
27769,"""(47.52330726800005, -122.26998603899995)""",138031,138031,Intersection,Cycles,\\sdotnasvfa\sdot_vol1\H8\PROD\ATTACHMENTS\COL_DIAGRAM\77185371.bmp,0, ,,0,,07/14/2012 07:00:00 AM +0000,7/14/2012 20:00,2,35443,At Intersection (intersection related),Daylight,RAINIER AVE S AND S HENDERSON ST,0,2,Y,3,\\sdotnasvfa\sdot_vol1\H8\PROD\ATTACHMENTS\COL_REPORT\3617675.pdf,3617675,Dry,18,"MOTOR VEHICLE STRUCK PEDALCYCLIST, FRONT END AT ANGLE",12196006,12420,0,2,Injury Collision,,45,Bicycle,Matched,N,1,Clear or Partly Cloudy,0,0,525149,N,2012-226425
27782,"""(47.63307868700008, -122.32263290899999)""",138027,138027,Intersection,Cycles,\\sdotnasvfa\sdot_vol1\H8\PROD\ATTACHMENTS\COL_DIAGRAM\11515300.bmp,0, ,,0,,10/16/2012 07:00:00 AM +0000,10/16/2012 22:07,1,28278,At Intersection (intersection related),Dark - No Street Lights,BOYLSTON AVE E AND LAKEVIEW S BV E,0,1,,2,\\sdotnasvfa\sdot_vol1\H8\PROD\ATTACHMENTS\COL_REPORT\3476183.pdf,3476183,Dry,51,PEDALCYCLIST STRUCK MOTOR VEHICLE FRONT END AT ANGLE,12290032,9389,0,2,Injury Collision,,45,Bicycle,Matched,N,1,Clear or Partly Cloudy,0,8257,0,N,12-355256
27829,"""(47.61726331600005, -122.30613644099998)""",138878,138878,Intersection,Cycles,\\sdotnasvfa\sdot_vol1\H8\PROD\ATTACHMENTS\COL_DIAGRAM\21182200.bmp,0,,,0,,05/27/2012 07:00:00 AM +0000,5/27/2012 10:36,1,30114,At Intersection (intersection related),Daylight,20TH AVE AND E MADISON ST,0,1,,2,\\sdotnasvfa\sdot_vol1\H8\PROD\ATTACHMENTS\COL_REPORT\3567414.pdf,3567414,Dry,18,"MOTOR VEHICLE STRUCK PEDALCYCLIST, FRONT END AT ANGLE",12148006,2942,0,2,Injury Collision,,45,Bicycle,Matched,N,1,Clear or Partly Cloudy,0,23093,0,N,12-163693
27830,"""(47.70508354100008, -122.35545274599997)""",138318,138318,Intersection,Cycles,\\sdotnasvfa\sdot_vol1\H8\PROD\ATTACHMENTS\COL_DIAGRAM\22184471.bmp,0, ,,0,,08/21/2012 07:00:00 AM +0000,8/21/2012 13:42,1,36419,At Intersection (intersection related),Daylight,GREENWOOD AVE N AND HOLMAN RD N,0,1,,2,\\sdotnasvfa\sdot_vol1\H8\PROD\ATTACHMENTS\COL_REPORT\2792689.pdf,2792689,Dry,18,"MOTOR VEHICLE STRUCK PEDALCYCLIST, FRONT END AT ANGLE",12234010,10765,1,2b,Serious Injury Collision,,45,Bicycle,Matched,N,1,Clear or Partly Cloudy,0,0,522663,N,12-278830
27844,"""(47.65104751100006, -122.32168580199999)""",138313,138313,Block,Cycles,\\sdotnasvfa\sdot_vol1\H8\PROD\ATTACHMENTS\COL_DIAGRAM\12181100.bmp,218,,,0,,08/16/2012 07:00:00 AM +0000,8/16/2012 11:26,1,,Driveway Junction,Daylight,EASTLAKE AVE E BETWEEN HARVARD AVE E AND FUHRMAN AVE E,0,1,Y,2,\\sdotnasvfa\sdot_vol1\H8\PROD\ATTACHMENTS\COL_REPORT\3544946.pdf,3544946,Dry,18,"MOTOR VEHICLE STRUCK PEDALCYCLIST, FRONT END AT ANGLE",12229002,10184,0,2,Injury Collision,Y,45,Bicycle,Matched,N,1,Clear or Partly Cloudy,0,6064,0,N,12-271924
28050,"""(47.695989076000046, -122.30571619499995)""",137909,137909,Block,Cycles,\\sdotnasvfa\sdot_vol1\H8\PROD\ATTACHMENTS\COL_DIAGRAM\33515500.bmp,87.5,,,0,,10/13/2012 07:00:00 AM +0000,10/13/2012 22:29,1,,Mid-Block (not related to intersection),Dark - Street Lights On,LAKE CITY WAY NE BETWEEN NE 92ND ST AND RAVENNA WR AVE NE,0,1,,2,\\sdotnasvfa\sdot_vol1\H8\PROD\ATTACHMENTS\COL_REPORT\3508052.pdf,3508052,Wet,51,PEDALCYCLIST STRUCK MOTOR VEHICLE FRONT END AT ANGLE,12287033,11157,0,2,Injury Collision,,45,Bicycle,Matched,Y,1,Overcast,0,0,0,N,12-351512
28124,"""(47.60878749200003, -122.33844845799996)""",138477,138477,Block,Cycles,\\sdotnasvfa\sdot_vol1\H8\PROD\ATTACHMENTS\COL_DIAGRAM\42184400.bmp,213,,,0,,08/21/2012 07:00:00 AM +0000,8/21/2012 8:57,1,,Driveway Junction,Daylight,2ND AVE BETWEEN UNION ST AND PIKE ST,0,1,Y,2,\\sdotnasvfa\sdot_vol1\H8\PROD\ATTACHMENTS\COL_REPORT\3345957.pdf,3345957,Dry,18,"MOTOR VEHICLE STRUCK PEDALCYCLIST, FRONT END AT ANGLE",12234021,2757,0,2,Injury Collision,,45,Bicycle,Matched,N,1,Clear or Partly Cloudy,0,12168,0,N,12-278490
28170,"""(47.679027864000034, -122.32482839899995)""",137078,137078,Intersection,Cycles,\\sdotnasvfa\sdot_vol1\H8\PROD\ATTACHMENTS\COL_DIAGRAM\87188800.bmp,0,,,0,Y,09/19/2012 07:00:00 AM +0000,9/19/2012 18:14,1,24611,At Intersection (intersection related),Daylight,WOODLAWN AVE NE AND NE RAVENNA WB BV,0,1,,2,\\sdotnasvfa\sdot_vol1\H8\PROD\ATTACHMENTS\COL_REPORT\3597389.pdf,3597389,Dry,18,"MOTOR VEHICLE STRUCK PEDALCYCLIST, FRONT END AT ANGLE",12263007,13710,0,2,Injury Collision,,45,Bicycle,Matched,N,1,Clear or Partly Cloudy,0,10559,0,N,12-318390