OBJECTID,Shape,INCKEY,COLDETKEY,ADDRTYPE,COLLISIONTYPE,DIAGRAMLINK,DISTANCE,EXCEPTRSNCODE,EXCEPTRSNDESC,FATALITIES,INATTENTIONIND,INCDATE,INCDTTM,INJURIES,INTKEY,JUNCTIONTYPE,LIGHTCOND,LOCATION,PEDCOUNT,PEDCYLCOUNT,PEDROWNOTGRNT,PERSONCOUNT,REPORTLINK,REPORTNO,ROADCOND,SDOT_COLCODE,SDOT_COLDESC,SDOTCOLNUM,SEGKEY,SERIOUSINJURIES,SEVERITYCODE,SEVERITYDESC,SPEEDING,ST_COLCODE,ST_COLDESC,STATUS,UNDERINFL,VEHCOUNT,WEATHER,WIDTH,SEGLANEKEY,CROSSWALKKEY,HITPARKEDCAR,SPDCASENO
34256,"""(47.654151968000065, -122.35446577199997)""",146111,146131,Intersection,Cycles,\\sdotnasvfa\sdot_vol1\H8\PROD\ATTACHMENTS\COL_DIAGRAM\55187700.bmp,0, ,,0,Y,05/14/2013 07:00:00 AM +0000,5/14/2013 16:38,1,27013,At Intersection (intersection related),Daylight,PHINNEY AVE N AND N 39TH ST,0,1,Y,2,\\sdotnasvfa\sdot_vol1\H8\PROD\ATTACHMENTS\COL_REPORT\3641854.pdf,3641854,Dry,18,"MOTOR VEHICLE STRUCK PEDALCYCLIST, FRONT END AT ANGLE",,12133,0,2,Injury Collision,,45,Bicycle,Matched,N,1,Clear or Partly Cloudy,0,27012,0,N,13-162381
34261,"""(47.52648114400006, -122.32819875799998)""",146108,146128,Intersection,Cycles,\\sdotnasvfa\sdot_vol1\H8\PROD\ATTACHMENTS\COL_DIAGRAM\00180000.bmp,0, ,,0,,05/08/2013 07:00:00 AM +0000,5/8/2013 21:25,0,35158,At Intersection (intersection related),Unknown,5TH AVE S AND S CLOVERDALE ST,0,1,,2,\\sdotnasvfa\sdot_vol1\H8\PROD\ATTACHMENTS\COL_REPORT\2804377.pdf,2804377,Dry,18,"MOTOR VEHICLE STRUCK PEDALCYCLIST, FRONT END AT ANGLE",,7384,0,1,Property Damage Only Collision,,45,Bicycle,Matched,N,1,Clear or Partly Cloudy,0,33763,0,N,13-155176
34287,"""(47.595818457000064, -122.31500518799999)""",144146,144146,Block,Cycles,\\sdotnasvfa\sdot_vol1\H8\PROD\ATTACHMENTS\COL_DIAGRAM\77557700.bmp,227, ,,0,Y,02/05/2013 08:00:00 AM +0000,2/5/2013 18:02,0,,Mid-Block (not related to intersection),Dark - Street Lights On,S DEARBORN ST BETWEEN 13TH AVE S AND CORWIN PL S,0,1,,2,\\sdotnasvfa\sdot_vol1\H8\PROD\ATTACHMENTS\COL_REPORT\3567884.pdf,3567884,Dry,55,PEDALCYCLIST STRUCK MOTOR VEHICLE RIGHT SIDE SIDESWIPE,13036037,19833,0,1,Property Damage Only Collision,,45,Bicycle,Matched,N,1,Overcast,0,0,0,N,2013-041335
34398,"""(47.65414464000003, -122.36083823399997)""",146121,146141,Intersection,Cycles,\\sdotnasvfa\sdot_vol1\H8\PROD\ATTACHMENTS\COL_DIAGRAM\54181100.bmp,0, ,,0,,05/14/2013 07:00:00 AM +0000,5/14/2013 17:23,1,26675,At Intersection (intersection related),Daylight,3RD AVE NW AND NW 39TH ST,0,1,Y,2,\\sdotnasvfa\sdot_vol1\H8\PROD\ATTACHMENTS\COL_REPORT\3503048.pdf,3503048,Dry,18,"MOTOR VEHICLE STRUCK PEDALCYCLIST, FRONT END AT ANGLE",,4434,0,2,Injury Collision,,45,Bicycle,Matched,N,1,Clear or Partly Cloudy,0,0,0,N,2013-162423
34401,"""(47.70905834800004, -122.34476001099995)""",143740,143740,Block,Cycles,\\sdotnasvfa\sdot_vol1\H8\PROD\ATTACHMENTS\COL_DIAGRAM\11517700.bmp,371, ,,0,,01/10/2013 08:00:00 AM +0000,1/10/2013 8:15,1,,Driveway Junction,Daylight,AURORA AVE N BETWEEN N 109TH ST AND N 112TH ST,0,1,,2,\\sdotnasvfa\sdot_vol1\H8\PROD\ATTACHMENTS\COL_REPORT\3503132.pdf,3503132,Wet,51,PEDALCYCLIST STRUCK MOTOR VEHICLE FRONT END AT ANGLE,13010025,8988,0,2,Injury Collision,,45,Bicycle,Matched,N,1,Raining,0,0,0,N,2013-010874
34414,"""(47.56381410100005, -122.36333747999998)""",146115,146135,Block,Cycles,\\sdotnasvfa\sdot_vol1\H8\PROD\ATTACHMENTS\COL_DIAGRAM\12181100.bmp,334, ,,0,,05/14/2013 07:00:00 AM +0000,5/14/2013 8:59,1,,Mid-Block (not related to intersection),Daylight,DELRIDGE WAY SW BETWEEN SW GENESEE ST AND SW OREGON ST,0,1,Y,2,\\sdotnasvfa\sdot_vol1\H8\PROD\ATTACHMENTS\COL_REPORT\3465501.pdf,3465501,Dry,18,"MOTOR VEHICLE STRUCK PEDALCYCLIST, FRONT END AT ANGLE",,9962,0,2,Injury Collision,,45,Bicycle,Matched,N,1,Clear or Partly Cloudy,0,22916,0,N,13-161933
34447,"""(47.67489954200005, -122.36606720499998)""",144156,144156,Block,Cycles,\\sdotnasvfa\sdot_vol1\H8\PROD\ATTACHMENTS\COL_DIAGRAM\11515300.bmp,133, ,,0,,01/14/2013 08:00:00 AM +0000,1/14/2013 17:44,0,,Driveway Junction,Dark - Street Lights On,8TH AVE NW BETWEEN NW 63RD ST AND NW 64TH ST,0,1,Y,3,\\sdotnasvfa\sdot_vol1\H8\PROD\ATTACHMENTS\COL_REPORT\3503151.pdf,3503151,Wet,51,PEDALCYCLIST STRUCK MOTOR VEHICLE FRONT END AT ANGLE,13014017,8393,0,1,Property Damage Only Collision,,45,Bicycle,Matched,N,1,Clear or Partly Cloudy,0,2464,0,N,13-15963
34484,"""(47.64570977100004, -122.34948774899999)""",144571,144571,Intersection,Cycles,\\sdotnasvfa\sdot_vol1\H8\PROD\ATTACHMENTS\COL_DIAGRAM\44234400.bmp,0, ,,0,,01/23/2013 08:00:00 AM +0000,1/23/2013 17:05,1,28058,At Intersection (intersection related),Dusk,4TH AVE N AND DEXTER S AVE N,0,1,,3,\\sdotnasvfa\sdot_vol1\H8\PROD\ATTACHMENTS\COL_REPORT\3582014.pdf,3582014,Wet,23,"MOTOR VEHICLE STRUCK PEDALCYCLIST, LEFT SIDE SIDESWIPE",13023028,10095,0,2,Injury Collision,,45,Bicycle,Matched,N,1,Raining,0,13884,0,N,13-26260
34573,"""(47.659781475000045, -122.31203248399999)""",143605,143605,Intersection,Cycles,\\sdotnasvfa\sdot_vol1\H8\PROD\ATTACHMENTS\COL_DIAGRAM\55515600.bmp,0, ,,0,,02/14/2013 08:00:00 AM +0000,2/14/2013 10:59,1,27078,At Intersection (intersection related),Daylight,15TH AVE NE AND NE 43RD ST,0,1,,2,\\sdotnasvfa\sdot_vol1\H8\PROD\ATTACHMENTS\COL_REPORT\3503280.pdf,3503280,Wet,51,PEDALCYCLIST STRUCK MOTOR VEHICLE FRONT END AT ANGLE,13045002,2034,0,2,Injury Collision,,45,Bicycle,Matched,N,1,Overcast,0,0,524562,N,13-51811
34640,"""(47.69933594400004, -122.27712016899994)""",145053,145053,Block,Cycles,\\sdotnasvfa\sdot_vol1\H8\PROD\ATTACHMENTS\COL_DIAGRAM\77217900.bmp,150, ,,0,,04/24/2013 07:00:00 AM +0000,4/24/2013 17:20,1,,Mid-Block (but intersection related),Daylight,NE 97TH ST BETWEEN SAND POINT WAY NE AND 48TH AVE NE,0,1,Y,2,\\sdotnasvfa\sdot_vol1\H8\PROD\ATTACHMENTS\COL_REPORT\3508075.pdf,3508075,Dry,21,"MOTOR VEHICLE STRUCK PEDALCYCLIST, REAR END",,17940,0,2,Injury Collision,,45,Bicycle,Matched,N,1,Clear or Partly Cloudy,0,0,0,N,13-137475
34666,"""(47.61388302300003, -122.35309719799994)""",143895,143895,Block,Cycles,\\sdotnasvfa\sdot_vol1\H8\PROD\ATTACHMENTS\COL_DIAGRAM\44214400.bmp,304, ,,0,Y,03/01/2013 08:00:00 AM +0000,3/1/2013 17:26,1,,Mid-Block (not related to intersection),Daylight,ALASKAN WAY BETWEEN VINE ST AND CLAY ST,0,1,,4,\\sdotnasvfa\sdot_vol1\H8\PROD\ATTACHMENTS\COL_REPORT\3581760.pdf,3581760,Dry,21,"MOTOR VEHICLE STRUCK PEDALCYCLIST, REAR END",13060011,8732,1,2b,Serious Injury Collision,Y,45,Bicycle,Matched,N,3,Clear or Partly Cloudy,0,20776,0,N,13-70409
34824,"""(47.575579772000026, -122.33999040199996)""",145253,145253,Intersection,Cycles,\\sdotnasvfa\sdot_vol1\H8\PROD\ATTACHMENTS\COL_DIAGRAM\11517800.bmp,0, ,,1,Y,05/01/2013 07:00:00 AM +0000,5/1/2013 7:10,0,32154,At Intersection (intersection related),Daylight,EAST MARGINAL WAY S AND S HANFORD ST,0,1,,2,\\sdotnasvfa\sdot_vol1\H8\PROD\ATTACHMENTS\COL_REPORT\3502608.pdf,3502608,Dry,51,PEDALCYCLIST STRUCK MOTOR VEHICLE FRONT END AT ANGLE,,14385,0,3,Fatality Collision,,45,Bicycle,Matched,N,1,Other,0,4678,0,N,13 145227
34856,"""(47.60928514300008, -122.33890369399995)""",143628,143628,Intersection,Cycles,\\sdotnasvfa\sdot_vol1\H8\PROD\ATTACHMENTS\COL_DIAGRAM\44182871.bmp,0, ,,0,,03/04/2013 08:00:00 AM +0000,3/4/2013 18:40,1,29592,At Intersection (intersection related),Dark - Street Lights On,2ND AVE AND PIKE ST,0,1,,2,\\sdotnasvfa\sdot_vol1\H8\PROD\ATTACHMENTS\COL_REPORT\3581730.pdf,3581730,Dry,18,"MOTOR VEHICLE STRUCK PEDALCYCLIST, FRONT END AT ANGLE",13063001,2758,0,2,Injury Collision,,45,Bicycle,Matched,N,1,Clear or Partly Cloudy,0,0,525565,N,13-74487
34882,"""(47.643190643000025, -122.32588681199996)""",144597,144597,Intersection,Cycles,\\sdotnasvfa\sdot_vol1\H8\PROD\ATTACHMENTS\COL_DIAGRAM\11511200.bmp,0, ,,0,Y,02/11/2013 08:00:00 AM +0000,2/11/2013 13:22,1,28300,At Intersection (intersection related),Daylight,EASTLAKE AVE E AND E ROANOKE ST,0,1,,3,\\sdotnasvfa\sdot_vol1\H8\PROD\ATTACHMENTS\COL_REPORT\3559746.pdf,3559746,Wet,51,PEDALCYCLIST STRUCK MOTOR VEHICLE FRONT END AT ANGLE,13042007,10179,0,2,Injury Collision,,45,Bicycle,Matched,N,1,Overcast,0,24724,0,N,13-48167
35037,"""(47.61365459900003, -122.34500193399998)""",147887,147907,Block,Cycles,\\sdotnasvfa\sdot_vol1\H8\PROD\ATTACHMENTS\COL_DIAGRAM\44554900.bmp,213, ,,0,,06/05/2013 07:00:00 AM +0000,6/5/2013 17:46,2,,Mid-Block (not related to intersection),Daylight,2ND AVE BETWEEN BLANCHARD ST AND BELL ST,0,1,,3,\\sdotnasvfa\sdot_vol1\H8\PROD\ATTACHMENTS\COL_REPORT\3573129.pdf,3573129,Dry,55,PEDALCYCLIST STRUCK MOTOR VEHICLE RIGHT SIDE SIDESWIPE,,2763,0,2,Injury Collision,,45,Bicycle,Matched,Y,1,Clear or Partly Cloudy,0,12217,0,N,2013-193134
35051,"""(47.574311359000035, -122.37093230899995)""",148265,148285,Block,Cycles,\\sdotnasvfa\sdot_vol1\H8\PROD\ATTACHMENTS\COL_DIAGRAM\11511200.bmp,922.5, ,,0,Y,06/16/2013 07:00:00 AM +0000,6/16/2013 11:40,1,,Driveway Junction,Daylight,HARBOR AVE SW BETWEEN SW HARBOR LN AND SW SPOKANE NR ST,0,1,,2,\\sdotnasvfa\sdot_vol1\H8\PROD\ATTACHMENTS\COL_REPORT\3465456.pdf,3465456,Dry,51,PEDALCYCLIST STRUCK MOTOR VEHICLE FRONT END AT ANGLE,,10821,0,2,Injury Collision,,45,Bicycle,Matched,N,1,Clear or Partly Cloudy,0,0,0,N,13-209127
35101,"""(47.707541992000074, -122.29622749299995)""",148660,148680,Block,Cycles,\\sdotnasvfa\sdot_vol1\H8\PROD\ATTACHMENTS\COL_DIAGRAM\11515300.bmp,312.5, ,,0,,06/22/2013 07:00:00 AM +0000,6/22/2013 12:40,1,,Driveway Junction,Daylight,30TH AVE NE BETWEEN NE 107TH ST AND NE 110TH ST,0,1,,2,\\sdotnasvfa\sdot_vol1\H8\PROD\ATTACHMENTS\COL_REPORT\3502841.pdf,3502841,Dry,51,PEDALCYCLIST STRUCK MOTOR VEHICLE FRONT END AT ANGLE,,4627,0,2,Injury Collision,,45,Bicycle,Matched,N,1,Clear or Partly Cloudy,0,33486,0,N,13-217328
35111,"""(47.65157827200005, -122.32127525699997)""",146778,146798,Intersection,Cycles,\\sdotnasvfa\sdot_vol1\H8\PROD\ATTACHMENTS\COL_DIAGRAM\66236600.bmp,0, ,,0,,05/22/2013 07:00:00 AM +0000,5/22/2013 15:40,1,27153,At Intersection (intersection related),Daylight,EASTLAKE AVE E AND FUHRMAN AVE E,0,1,,2,\\sdotnasvfa\sdot_vol1\H8\PROD\ATTACHMENTS\COL_REPORT\3476566.pdf,3476566,Dry,23,"MOTOR VEHICLE STRUCK PEDALCYCLIST, LEFT SIDE SIDESWIPE",,10579,0,2,Injury Collision,,45,Bicycle,Matched,N,1,Overcast,0,15459,0,N,13-172558
35178,"""(47.555915723000055, -122.30353585299997)""",147715,147735,Intersection,Cycles,\\sdotnasvfa\sdot_vol1\H8\PROD\ATTACHMENTS\COL_DIAGRAM\55183171.bmp,0, ,,0,,06/04/2013 07:00:00 AM +0000,6/4/2013 14:30,1,33334,At Intersection (intersection related),Daylight,BEACON WR AVE S AND S DAWSON ST,0,1,,4,\\sdotnasvfa\sdot_vol1\H8\PROD\ATTACHMENTS\COL_REPORT\3579416.pdf,3579416,Dry,18,"MOTOR VEHICLE STRUCK PEDALCYCLIST, FRONT END AT ANGLE",,9133,0,2,Injury Collision,,45,Bicycle,Matched,N,1,Clear or Partly Cloudy,0,0,630862,N,2013-191724
35183,"""(47.54051322000004, -122.32368438399999)""",147712,147732,Intersection,Cycles,\\sdotnasvfa\sdot_vol1\H8\PROD\ATTACHMENTS\COL_DIAGRAM\88516600.bmp,0, ,,0,Y,06/05/2013 07:00:00 AM +0000,6/5/2013 7:35,1,34187,At Intersection (intersection related),Daylight,CORSON AVE S AND EAST MARGINAL WAY S,0,1,,2,\\sdotnasvfa\sdot_vol1\H8\PROD\ATTACHMENTS\COL_REPORT\3579418.pdf,3579418,Dry,51,PEDALCYCLIST STRUCK MOTOR VEHICLE FRONT END AT ANGLE,,14413,0,2,Injury Collision,,45,Bicycle,Matched,N,1,Clear or Partly Cloudy,0,1200,0,N,13-19345
35197,"""(47.62311417900003, -122.31675474899998)""",148110,148130,Intersection,Cycles,\\sdotnasvfa\sdot_vol1\H8\PROD\ATTACHMENTS\COL_DIAGRAM\17185500.bmp,0, ,,0,Y,06/13/2013 07:00:00 AM +0000,6/13/2013 20:35,1,29015,At Intersection (intersection related),Daylight,12TH AVE E AND E REPUBLICAN ST,0,1,,3,\\sdotnasvfa\sdot_vol1\H8\PROD\ATTACHMENTS\COL_REPORT\3606339.pdf,3606339,Dry,18,"MOTOR VEHICLE STRUCK PEDALCYCLIST, FRONT END AT ANGLE",,1554,0,2,Injury Collision,,45,Bicycle,Matched,N,1,Clear or Partly Cloudy,0,10938,0,N,2013-205248
35222,"""(47.66797835300008, -122.30061611399998)""",148668,148688,Intersection,Cycles,\\sdotnasvfa\sdot_vol1\H8\PROD\ATTACHMENTS\COL_DIAGRAM\77185370.bmp,0, ,,0,,06/24/2013 07:00:00 AM +0000,6/24/2013 14:18,1,25940,At Intersection (intersection related),Daylight,25TH AVE NE AND NE 54TH ST,0,1,,3,\\sdotnasvfa\sdot_vol1\H8\PROD\ATTACHMENTS\COL_REPORT\3641867.pdf,3641867,Dry,18,"MOTOR VEHICLE STRUCK PEDALCYCLIST, FRONT END AT ANGLE",,3724,0,2,Injury Collision,,45,Bicycle,Matched,N,1,Clear or Partly Cloudy,0,0,0,N,13-220144
35272,"""(47.654215958000066, -122.31923589299998)""",146411,146431,Block,Cycles,\\sdotnasvfa\sdot_vol1\H8\PROD\ATTACHMENTS\COL_DIAGRAM\65186600.bmp,516, ,,0,,05/16/2013 07:00:00 AM +0000,5/16/2013 18:38,1,,Mid-Block (not related to intersection),Daylight,UNIVERSITY BR BETWEEN POINT B AND EASTLAKE AVE NE,0,1,,4,\\sdotnasvfa\sdot_vol1\H8\PROD\ATTACHMENTS\COL_REPORT\3503269.pdf,3503269,Dry,18,"MOTOR VEHICLE STRUCK PEDALCYCLIST, FRONT END AT ANGLE",,13191,0,2,Injury Collision,,45,Bicycle,Matched,N,1,Clear or Partly Cloudy,0,11649,0,N,2013-164913
35282,"""(47.61523114200003, -122.32341547099998)""",147726,147746,Intersection,Cycles,\\sdotnasvfa\sdot_vol1\H8\PROD\ATTACHMENTS\COL_DIAGRAM\32187700.bmp,0, ,,0,,06/05/2013 07:00:00 AM +0000,6/5/2013 9:03,1,29734,At Intersection (intersection related),Daylight,BOYLSTON AVE AND E PINE ST,0,1,Y,2,\\sdotnasvfa\sdot_vol1\H8\PROD\ATTACHMENTS\COL_REPORT\3476748.pdf,3476748,Dry,18,"MOTOR VEHICLE STRUCK PEDALCYCLIST, FRONT END AT ANGLE",,9375,0,2,Injury Collision,,45,Bicycle,Matched,N,1,Clear or Partly Cloudy,0,10374,0,N,2013-192451
35285,"""(47.61855574900005, -122.34376188299996)""",147359,147379,Intersection,Cycles,\\sdotnasvfa\sdot_vol1\H8\PROD\ATTACHMENTS\COL_DIAGRAM\55187171.bmp,0, ,,0,,06/02/2013 07:00:00 AM +0000,6/2/2013 15:52,1,29570,At Intersection (intersection related),Daylight,AURORA SB AVE N AND DENNY WAY,0,1,,2,\\sdotnasvfa\sdot_vol1\H8\PROD\ATTACHMENTS\COL_REPORT\3573328.pdf,3573328,Dry,18,"MOTOR VEHICLE STRUCK PEDALCYCLIST, FRONT END AT ANGLE",,9006,0,2,Injury Collision,,45,Bicycle,Matched,N,1,Clear or Partly Cloudy,0,0,521699,N,13-188425
35287,"""(47.64854072800006, -122.34277540199997)""",147723,147743,Intersection,Cycles,\\sdotnasvfa\sdot_vol1\H8\PROD\ATTACHMENTS\COL_DIAGRAM\44514500.bmp,0, ,,0,Y,06/03/2013 07:00:00 AM +0000,6/3/2013 9:30,1,26896,At Intersection (intersection related),Daylight,STONE WAY N AND N 34TH ST,0,1,,2,\\sdotnasvfa\sdot_vol1\H8\PROD\ATTACHMENTS\COL_REPORT\3503275.pdf,3503275,Dry,51,PEDALCYCLIST STRUCK MOTOR VEHICLE FRONT END AT ANGLE,,12955,0,2,Injury Collision,,45,Bicycle,Matched,N,1,Clear or Partly Cloudy,0,8843,0,N,2013-191485
35315,"""(47.72776724800008, -122.34502702499998)""",147174,147194,Block,Cycles,\\sdotnasvfa\sdot_vol1\H8\PROD\ATTACHMENTS\COL_DIAGRAM\77185500.bmp,331.5, ,,0,,10/03/2012 07:00:00 AM +0000,10/3/2012 14:38,0,,Mid-Block (not related to intersection),Daylight,AURORA AVE N BETWEEN N 135TH ST AND N 137TH ST,0,1,Y,2,\\sdotnasvfa\sdot_vol1\H8\PROD\ATTACHMENTS\COL_REPORT\3504697.pdf,3504697,Dry,18,"MOTOR VEHICLE STRUCK PEDALCYCLIST, FRONT END AT ANGLE",,8996,0,1,Property Damage Only Collision,,45,Bicycle,Matched,N,1,Clear or Partly Cloudy,0,0,0,N,2012-337811
35347,"""(47.61260645700003, -122.34521327099998)""",148675,148695,Intersection,Cycles,\\sdotnasvfa\sdot_vol1\H8\PROD\ATTACHMENTS\COL_DIAGRAM\22188671.bmp,0, ,,0,,06/21/2013 07:00:00 AM +0000,6/21/2013 17:55,1,29703,At Intersection (intersection related),Daylight,1ST AVE AND BLANCHARD ST,0,1,,2,\\sdotnasvfa\sdot_vol1\H8\PROD\ATTACHMENTS\COL_REPORT\3574701.pdf,3574701,Dry,18,"MOTOR VEHICLE STRUCK PEDALCYCLIST, FRONT END AT ANGLE",,1014,0,2,Injury Collision,,45,Bicycle,Matched,N,1,Clear or Partly Cloudy,0,13231,0,N,13-216236
35356,"""(47.70492007900003, -122.31779966899995)""",148460,148480,Intersection,Cycles,\\sdotnasvfa\sdot_vol1\H8\PROD\ATTACHMENTS\COL_DIAGRAM\11513300.bmp,0, ,,0,Y,06/20/2013 07:00:00 AM +0000,6/20/2013 18:36,1,36527,At Intersection (intersection related),Unknown,ROOSEVELT WAY NE AND NE 105TH ST,0,1,Y,2,\\sdotnasvfa\sdot_vol1\H8\PROD\ATTACHMENTS\COL_REPORT\3646252.pdf,3646252,Wet,51,PEDALCYCLIST STRUCK MOTOR VEHICLE FRONT END AT ANGLE,,12651,1,2b,Serious Injury Collision,,45,Bicycle,Matched,N,1,Raining,0,7573,0,N,2013-214967
35358,"""(47.70144567700004, -122.35003997299998)""",148459,148479,Intersection,Cycles,\\sdotnasvfa\sdot_vol1\H8\PROD\ATTACHMENTS\COL_DIAGRAM\55513300.bmp,0, ,,0,,06/20/2013 07:00:00 AM +0000,6/20/2013 16:30,1,37407,At Intersection (intersection related),Daylight,FREMONT AVE N AND N 100TH ST,0,1,,5,\\sdotnasvfa\sdot_vol1\H8\PROD\ATTACHMENTS\COL_REPORT\3646276.pdf,3646276,Wet,51,PEDALCYCLIST STRUCK MOTOR VEHICLE FRONT END AT ANGLE,,10543,0,2,Injury Collision,,45,Bicycle,Matched,N,1,Raining,0,0,0,N,13-214839
35432,"""(47.66218694400004, -122.31426195299997)""",146991,147011,Block,Cycles,\\sdotnasvfa\sdot_vol1\H8\PROD\ATTACHMENTS\COL_DIAGRAM\55565900.bmp,332.5, ,,0,,05/28/2013 07:00:00 AM +0000,5/28/2013 12:30,1,,Mid-Block (not related to intersection),Daylight,BROOKLYN AVE NE BETWEEN NE 45TH ST AND NE 47TH ST,0,1,,2,\\sdotnasvfa\sdot_vol1\H8\PROD\ATTACHMENTS\COL_REPORT\3641580.pdf,3641580,Dry,56,PEDALCYCLIST STRUCK MOTOR VEHICLE LEFT SIDE SIDESWIPE,,9482,0,2,Injury Collision,,45,Bicycle,Matched,N,1,Clear or Partly Cloudy,0,31456,0,N,13-180568
35484,"""(47.61582545500005, -122.33875323399997)""",147939,147959,Intersection,Cycles,\\sdotnasvfa\sdot_vol1\H8\PROD\ATTACHMENTS\COL_DIAGRAM\44514600.bmp,0, ,,0,,06/10/2013 07:00:00 AM +0000,6/10/2013 8:36,1,29536,At Intersection (intersection related),Daylight,7TH AVE AND LENORA ST,0,1,,2,\\sdotnasvfa\sdot_vol1\H8\PROD\ATTACHMENTS\COL_REPORT\3506055.pdf,3506055,Dry,51,PEDALCYCLIST STRUCK MOTOR VEHICLE FRONT END AT ANGLE,,8164,0,2,Injury Collision,,45,Bicycle,Matched,N,1,Clear or Partly Cloudy,0,13747,0,N,13-199889
35599,"""(47.679372199000056, -122.26531461999997)""",147197,147217,Intersection,Cycles,\\sdotnasvfa\sdot_vol1\H8\PROD\ATTACHMENTS\COL_DIAGRAM\22517700.bmp,0, ,,0,,05/29/2013 07:00:00 AM +0000,5/29/2013 19:00,1,287172,At Intersection (intersection related),Daylight,BURKE GILMAN TRL AND NE 70TH ST,0,1,,2,\\sdotnasvfa\sdot_vol1\H8\PROD\ATTACHMENTS\COL_REPORT\3608883.pdf,3608883,Dry,51,PEDALCYCLIST STRUCK MOTOR VEHICLE FRONT END AT ANGLE,,287216,0,2,Injury Collision,,45,Bicycle,Matched,N,1,Overcast,0,0,524581,N,13-182517
35702,"""(47.64884179300003, -122.34476587499995)""",147005,147025,Intersection,Cycles,\\sdotnasvfa\sdot_vol1\H8\PROD\ATTACHMENTS\COL_DIAGRAM\55183300.bmp,0, ,,0,,03/08/2011 08:00:00 AM +0000,3/8/2011 16:05,1,27041,At Intersection (intersection related),Daylight,ALBION PL N AND N 34TH ST,0,1,Y,2,\\sdotnasvfa\sdot_vol1\H8\PROD\ATTACHMENTS\COL_REPORT\3565087.pdf,3565087,Dry,18,"MOTOR VEHICLE STRUCK PEDALCYCLIST, FRONT END AT ANGLE",,8774,0,2,Injury Collision,,45,Bicycle,Matched,Y,1,Clear or Partly Cloudy,0,0,0,N,11 77627
35800,"""(47.67789543500004, -122.35517069999997)""",146455,146475,Intersection,Cycles,\\sdotnasvfa\sdot_vol1\H8\PROD\ATTACHMENTS\COL_DIAGRAM\88568800.bmp,0, ,,0,Y,05/19/2013 07:00:00 AM +0000,5/19/2013 16:30,1,275586,At Intersection (intersection related),Daylight,GREENWOOD AVE N AND PHINNEY AVE N,0,1,,4,\\sdotnasvfa\sdot_vol1\H8\PROD\ATTACHMENTS\COL_REPORT\3641803.pdf,3641803,Dry,56,PEDALCYCLIST STRUCK MOTOR VEHICLE LEFT SIDE SIDESWIPE,,10734,0,2,Injury Collision,,45,Bicycle,Matched,N,1,Clear or Partly Cloudy,0,4303,0,N,2013-168610
35804,"""(47.64847281700003, -122.37675943099998)""",146679,146699,Intersection,Cycles,\\sdotnasvfa\sdot_vol1\H8\PROD\ATTACHMENTS\COL_DIAGRAM\55515600.bmp,0, ,,0,Y,05/22/2013 07:00:00 AM +0000,5/22/2013 9:06,1,26775,At Intersection (intersection related),Daylight,15TH AV W SB OFF RP AND W DRAVUS ST,0,1,,2,\\sdotnasvfa\sdot_vol1\H8\PROD\ATTACHMENTS\COL_REPORT\3644256.pdf,3644256,Wet,51,PEDALCYCLIST STRUCK MOTOR VEHICLE FRONT END AT ANGLE,,2206,0,2,Injury Collision,,45,Bicycle,Matched,N,1,Raining,0,29994,0,N,2013-172104
35833,"""(47.61337526800003, -122.33664679399999)""",146460,146480,Block,Cycles,\\sdotnasvfa\sdot_vol1\H8\PROD\ATTACHMENTS\COL_DIAGRAM\44516600.bmp,127.5, ,,0,Y,05/20/2013 07:00:00 AM +0000,5/20/2013 18:29,1,,Mid-Block (not related to intersection),Daylight,6TH AVE BETWEEN OLIVE WAY AND STEWART ST,0,1,,2,\\sdotnasvfa\sdot_vol1\H8\PROD\ATTACHMENTS\COL_REPORT\3644276.pdf,3644276,Dry,51,PEDALCYCLIST STRUCK MOTOR VEHICLE FRONT END AT ANGLE,,7886,0,2,Injury Collision,Y,45,Bicycle,Matched,N,1,Clear or Partly Cloudy,0,25428,0,N,13-170088
35953,"""(47.54465308200008, -122.37253412799998)""",146250,146270,Intersection,Cycles,\\sdotnasvfa\sdot_vol1\H8\PROD\ATTACHMENTS\COL_DIAGRAM\53181371.bmp,0, ,,0,Y,05/15/2013 07:00:00 AM +0000,5/15/2013,0,34011,At Intersection (intersection related),Unknown,SYLVAN WAY SW AND SW MORGAN W ST,0,1,,2,\\sdotnasvfa\sdot_vol1\H8\PROD\ATTACHMENTS\COL_REPORT\3465279.pdf,3465279,Dry,18,"MOTOR VEHICLE STRUCK PEDALCYCLIST, FRONT END AT ANGLE",,4869,0,1,Property Damage Only Collision,,45,Bicycle,Matched,N,1,Clear or Partly Cloudy,0,0,613429,N,13 163056
35970,"""(47.656834220000064, -122.31324600799996)""",146686,146706,Intersection,Cycles,\\sdotnasvfa\sdot_vol1\H8\PROD\ATTACHMENTS\COL_DIAGRAM\33185500.bmp,0, ,,0,,05/17/2013 07:00:00 AM +0000,5/17/2013 16:35,1,27105,At Intersection (intersection related),Daylight,UNIVERSITY WAY NE AND NE 41ST ST,0,1,Y,4,\\sdotnasvfa\sdot_vol1\H8\PROD\ATTACHMENTS\COL_REPORT\3501665.pdf,3501665,Dry,18,"MOTOR VEHICLE STRUCK PEDALCYCLIST, FRONT END AT ANGLE",,13219,0,2,Injury Collision,,45,Bicycle,Matched,N,1,Clear or Partly Cloudy,0,5667,0,N,13-165972