OBJECTID,Shape,INCKEY,COLDETKEY,ADDRTYPE,COLLISIONTYPE,DIAGRAMLINK,DISTANCE,EXCEPTRSNCODE,EXCEPTRSNDESC,FATALITIES,INATTENTIONIND,INCDATE,INCDTTM,INJURIES,INTKEY,JUNCTIONTYPE,LIGHTCOND,LOCATION,PEDCOUNT,PEDCYLCOUNT,PEDROWNOTGRNT,PERSONCOUNT,REPORTLINK,REPORTNO,ROADCOND,SDOT_COLCODE,SDOT_COLDESC,SDOTCOLNUM,SEGKEY,SERIOUSINJURIES,SEVERITYCODE,SEVERITYDESC,SPEEDING,ST_COLCODE,ST_COLDESC,STATUS,UNDERINFL,VEHCOUNT,WEATHER,WIDTH,SEGLANEKEY,CROSSWALKKEY,HITPARKEDCAR,SPDCASENO
35984,"""(47.602350311000066, -122.28497101999994)""",146856,146876,Block,Cycles,\\sdotnasvfa\sdot_vol1\H8\PROD\ATTACHMENTS\COL_DIAGRAM\22562900.bmp,263.5, ,,0,,05/25/2013 07:00:00 AM +0000,5/25/2013 13:42,1,,Mid-Block (not related to intersection),Daylight,LAKESIDE AVE BETWEEN E YESLER WAY AND LAKE WASHINGTON BLVD,0,1,,2,\\sdotnasvfa\sdot_vol1\H8\PROD\ATTACHMENTS\COL_REPORT\3606183.pdf,3606183,Dry,56,PEDALCYCLIST STRUCK MOTOR VEHICLE LEFT SIDE SIDESWIPE,,11252,0,2,Injury Collision,,45,Bicycle,Matched,N,1,Clear or Partly Cloudy,0,35102,0,N,13-176662
36033,"""(47.60003407600004, -122.32766333399996)""",148523,148543,Intersection,Cycles,\\sdotnasvfa\sdot_vol1\H8\PROD\ATTACHMENTS\COL_DIAGRAM\17185500.bmp,0, ,,0,,06/20/2013 07:00:00 AM +0000,6/20/2013 18:33,0,30501,At Intersection (intersection related),Daylight,5TH AVE S AND S MAIN ST,0,1,,2,\\sdotnasvfa\sdot_vol1\H8\PROD\ATTACHMENTS\COL_REPORT\2618873.pdf,2618873,Wet,18,"MOTOR VEHICLE STRUCK PEDALCYCLIST, FRONT END AT ANGLE",,7358,0,1,Property Damage Only Collision,,45,Bicycle,Matched,N,1,Raining,0,35996,0,N,13-214964
36038,"""(47.60844356500007, -122.33199536299998)""",148522,148542,Intersection,Cycles,\\sdotnasvfa\sdot_vol1\H8\PROD\ATTACHMENTS\COL_DIAGRAM\22518800.bmp,0, ,,0,,06/19/2013 07:00:00 AM +0000,6/19/2013 18:06,1,29928,At Intersection (intersection related),Daylight,6TH AVE AND SENECA ST,0,1,,3,\\sdotnasvfa\sdot_vol1\H8\PROD\ATTACHMENTS\COL_REPORT\3465771.pdf,3465771,Dry,51,PEDALCYCLIST STRUCK MOTOR VEHICLE FRONT END AT ANGLE,,7879,0,2,Injury Collision,,45,Bicycle,Matched,N,1,Overcast,0,36492,0,N,13-213494
36073,"""(47.622913469000025, -122.36362334799998)""",147977,147997,Block,Cycles,\\sdotnasvfa\sdot_vol1\H8\PROD\ATTACHMENTS\COL_DIAGRAM\43188800.bmp,363.5, ,,0,Y,06/11/2013 07:00:00 AM +0000,6/11/2013 12:33,1,,Driveway Junction,Daylight,ELLIOTT AVE W BETWEEN W HARRISON ST AND 6TH AVE W,0,1,,2,\\sdotnasvfa\sdot_vol1\H8\PROD\ATTACHMENTS\COL_REPORT\3572987.pdf,3572987,Dry,18,"MOTOR VEHICLE STRUCK PEDALCYCLIST, FRONT END AT ANGLE",,10216,0,2,Injury Collision,,45,Bicycle,Matched,N,1,Overcast,0,19202,0,N,2013-201707
36099,"""(47.64839598200007, -122.34184053199999)""",146258,146278,Block,Cycles,\\sdotnasvfa\sdot_vol1\H8\PROD\ATTACHMENTS\COL_DIAGRAM\77567900.bmp,237, ,,0,,05/15/2013 07:00:00 AM +0000,5/15/2013 17:53,0,,Mid-Block (not related to intersection),Daylight,N 34TH ST BETWEEN STONE WAY N AND N NORTHLAKE PL,0,1,,2,\\sdotnasvfa\sdot_vol1\H8\PROD\ATTACHMENTS\COL_REPORT\3503049.pdf,3503049,Wet,56,PEDALCYCLIST STRUCK MOTOR VEHICLE LEFT SIDE SIDESWIPE,,15290,0,1,Property Damage Only Collision,,45,Bicycle,Matched,N,1,Raining,0,8864,0,N,2013-163656
36198,"""(47.609187847000044, -122.33421014599998)""",148336,148356,Block,Cycles,\\sdotnasvfa\sdot_vol1\H8\PROD\ATTACHMENTS\COL_DIAGRAM\44554400.bmp,213, ,,0,,06/19/2013 07:00:00 AM +0000,6/19/2013 8:25,1,,Mid-Block (not related to intersection),Daylight,5TH AVE BETWEEN UNIVERSITY ST AND UNION ST,0,1,,2,\\sdotnasvfa\sdot_vol1\H8\PROD\ATTACHMENTS\COL_REPORT\3549119.pdf,3549119,Dry,55,PEDALCYCLIST STRUCK MOTOR VEHICLE RIGHT SIDE SIDESWIPE,,7233,0,2,Injury Collision,,45,Bicycle,Matched,N,1,Clear or Partly Cloudy,0,24889,0,N,
36204,"""(47.61495247200003, -122.33027463099995)""",148332,148352,Block,Cycles,\\sdotnasvfa\sdot_vol1\H8\PROD\ATTACHMENTS\COL_DIAGRAM\22188907.bmp,213, ,,0,,06/19/2013 07:00:00 AM +0000,6/19/2013 17:53,1,,Driveway Junction,Daylight,BOREN AVE BETWEEN PINE ST AND OLIVE WAY,0,1,Y,2,\\sdotnasvfa\sdot_vol1\H8\PROD\ATTACHMENTS\COL_REPORT\3574927.pdf,3574927,Dry,18,"MOTOR VEHICLE STRUCK PEDALCYCLIST, FRONT END AT ANGLE",,9320,0,2,Injury Collision,,45,Bicycle,Matched,N,1,Overcast,0,0,0,N,2013-213477
36210,"""(47.64385526900003, -122.37617328999994)""",147806,147826,Block,Cycles,\\sdotnasvfa\sdot_vol1\H8\PROD\ATTACHMENTS\COL_DIAGRAM\11231900.bmp,333, ,,0,,06/05/2013 07:00:00 AM +0000,6/5/2013 15:19,1,,Mid-Block (not related to intersection),Daylight,15TH AVE W BETWEEN GILMAN UPPER DR W AND W ARMOUR ST,0,1,,3,\\sdotnasvfa\sdot_vol1\H8\PROD\ATTACHMENTS\COL_REPORT\3345973.pdf,3345973,Dry,23,"MOTOR VEHICLE STRUCK PEDALCYCLIST, LEFT SIDE SIDESWIPE",,2191,0,2,Injury Collision,,45,Bicycle,Matched,N,1,Clear or Partly Cloudy,0,16108,0,N,12-192940
36230,"""(47.58295465400005, -122.28765893499997)""",146268,146288,Intersection,Cycles,\\sdotnasvfa\sdot_vol1\H8\PROD\ATTACHMENTS\COL_DIAGRAM\22184400.bmp,0, ,,0,Y,05/16/2013 07:00:00 AM +0000,5/16/2013 13:05,1,30851,At Intersection (intersection related),Daylight,LAKE PARK DR S AND LAKE WASHINGTON BLVD S,0,1,,2,\\sdotnasvfa\sdot_vol1\H8\PROD\ATTACHMENTS\COL_REPORT\3548391.pdf,3548391,Dry,18,"MOTOR VEHICLE STRUCK PEDALCYCLIST, FRONT END AT ANGLE",,11193,1,2b,Serious Injury Collision,,45,Bicycle,Matched,N,1,Clear or Partly Cloudy,0,38003,0,N,13 164549
36237,"""(47.59583534300003, -122.32506845099999)""",146265,146285,Intersection,Cycles,\\sdotnasvfa\sdot_vol1\H8\PROD\ATTACHMENTS\COL_DIAGRAM\33513400.bmp,0, ,,0,Y,05/16/2013 07:00:00 AM +0000,5/16/2013 16:20,1,30543,At Intersection (intersection related),Daylight,MAYNARD AVE S AND S DEARBORN ST,0,1,Y,2,\\sdotnasvfa\sdot_vol1\H8\PROD\ATTACHMENTS\COL_REPORT\3581529.pdf,3581529,Dry,51,PEDALCYCLIST STRUCK MOTOR VEHICLE FRONT END AT ANGLE,,11704,0,2,Injury Collision,,45,Bicycle,Matched,N,1,Clear or Partly Cloudy,0,5807,0,N,13-164788
36251,"""(47.67777043500007, -122.36602025599996)""",146495,146515,Intersection,Cycles,\\sdotnasvfa\sdot_vol1\H8\PROD\ATTACHMENTS\COL_DIAGRAM\17185500.bmp,0, ,,0,,05/20/2013 07:00:00 AM +0000,5/20/2013 7:20,1,24205,At Intersection (intersection related),Daylight,8TH AVE NW AND NW 67TH ST,0,1,Y,2,\\sdotnasvfa\sdot_vol1\H8\PROD\ATTACHMENTS\COL_REPORT\3609109.pdf,3609109,Dry,18,"MOTOR VEHICLE STRUCK PEDALCYCLIST, FRONT END AT ANGLE",,8396,0,2,Injury Collision,,45,Bicycle,Matched,N,1,Clear or Partly Cloudy,0,2504,0,N,13-169319
36302,"""(47.59334252900004, -122.32904865899997)""",147261,147281,Block,Cycles,\\sdotnasvfa\sdot_vol1\H8\PROD\ATTACHMENTS\COL_DIAGRAM\11517700.bmp,345.5, ,,0,,05/29/2013 07:00:00 AM +0000,5/29/2013 6:30,1,,Driveway Junction,Daylight,4TH AVE S BETWEEN I90 WB 4TH AV OFF RP AND S ROYAL BROUGHAM WAY,0,1,Y,2,\\sdotnasvfa\sdot_vol1\H8\PROD\ATTACHMENTS\COL_REPORT\3643935.pdf,3643935,Wet,51,PEDALCYCLIST STRUCK MOTOR VEHICLE FRONT END AT ANGLE,,6233,0,2,Injury Collision,,45,Bicycle,Matched,N,1,Raining,0,0,0,N,2013-181624
36309,"""(47.56413113900004, -122.28388134099998)""",148548,148568,Intersection,Cycles,\\sdotnasvfa\sdot_vol1\H8\PROD\ATTACHMENTS\COL_DIAGRAM\55517700.bmp,0, ,,0,,08/03/2011 07:00:00 AM +0000,8/3/2011 16:07,1,32711,At Intersection (intersection related),Daylight,39TH AVE S AND S GENESEE ST,0,1,,3,\\sdotnasvfa\sdot_vol1\H8\PROD\ATTACHMENTS\COL_REPORT\3374047.pdf,3374047,Dry,51,PEDALCYCLIST STRUCK MOTOR VEHICLE FRONT END AT ANGLE,,6016,1,2b,Serious Injury Collision,,45,Bicycle,Matched,N,1,Clear or Partly Cloudy,0,0,0,N,2011-252783
36379,"""(47.66287542100008, -122.35002843499996)""",148572,148592,Intersection,Cycles,\\sdotnasvfa\sdot_vol1\H8\PROD\ATTACHMENTS\COL_DIAGRAM\11517600.bmp,0, ,,0,,06/22/2013 07:00:00 AM +0000,6/22/2013 17:12,0,25679,At Intersection (intersection related),Daylight,FREMONT AVE N AND N 47TH ST,0,1,,2,\\sdotnasvfa\sdot_vol1\H8\PROD\ATTACHMENTS\COL_REPORT\3646258.pdf,3646258,Dry,51,PEDALCYCLIST STRUCK MOTOR VEHICLE FRONT END AT ANGLE,,10500,0,1,Property Damage Only Collision,,45,Bicycle,Matched,N,1,Clear or Partly Cloudy,0,8476,0,N,13-217721
36385,"""(47.61730797700005, -122.35316711799999)""",146714,146734,Block,Cycles,\\sdotnasvfa\sdot_vol1\H8\PROD\ATTACHMENTS\COL_DIAGRAM\88640986.bmp,216.5, ,,0,Y,05/20/2013 07:00:00 AM +0000,5/20/2013 17:43,0,,Mid-Block (not related to intersection),Daylight,1ST AVE BETWEEN BROAD ST AND EAGLE ST,1,1,,3,\\sdotnasvfa\sdot_vol1\H8\PROD\ATTACHMENTS\COL_REPORT\3581636.pdf,3581636,Dry,64,PEDALCYCLIST STRUCK PEDESTRIAN,,1021,0,1,Property Damage Only Collision,,45,Bicycle,Matched,N,1,Clear or Partly Cloudy,0,13275,0,N,13-170038
36433,"""(47.68758264500008, -122.30786836599998)""",147263,147283,Block,Cycles,\\sdotnasvfa\sdot_vol1\H8\PROD\ATTACHMENTS\COL_DIAGRAM\11511200.bmp,331.5, ,,0,,05/29/2013 07:00:00 AM +0000,5/29/2013 15:44,0,,Mid-Block (not related to intersection),Daylight,19TH AVE NE BETWEEN NE 80TH ST AND NE 82ND ST,0,1,,2,\\sdotnasvfa\sdot_vol1\H8\PROD\ATTACHMENTS\COL_REPORT\3641860.pdf,3641860,Wet,51,PEDALCYCLIST STRUCK MOTOR VEHICLE FRONT END AT ANGLE,,2684,0,1,Property Damage Only Collision,,45,Bicycle,Matched,N,1,Clear or Partly Cloudy,0,0,0,N,13-182263
36442,"""(47.60620304500003, -122.31678046599995)""",146882,146902,Intersection,Cycles,\\sdotnasvfa\sdot_vol1\H8\PROD\ATTACHMENTS\COL_DIAGRAM\18183300.bmp,0, ,,0,Y,05/27/2013 07:00:00 AM +0000,5/27/2013 12:25,1,29809,At Intersection (intersection related),Daylight,12TH AVE AND E JEFFERSON ST,0,1,,2,\\sdotnasvfa\sdot_vol1\H8\PROD\ATTACHMENTS\COL_REPORT\3593760.pdf,3593760,Wet,18,"MOTOR VEHICLE STRUCK PEDALCYCLIST, FRONT END AT ANGLE",,1529,0,2,Injury Collision,,45,Bicycle,Matched,N,1,Raining,0,10458,0,N,2013-179177
36456,"""(47.661357277000036, -122.32775751099996)""",148015,148035,Block,Cycles,\\sdotnasvfa\sdot_vol1\H8\PROD\ATTACHMENTS\COL_DIAGRAM\33513500.bmp,124.5, ,,0,Y,06/07/2013 07:00:00 AM +0000,6/7/2013 23:00,0,,Driveway Junction,Dark - Street Lights On,NE 45TH ST BETWEEN 1ST AVE NE AND 2ND AVE NE,0,1,,3,\\sdotnasvfa\sdot_vol1\H8\PROD\ATTACHMENTS\COL_REPORT\3501752.pdf,3501752,Dry,51,PEDALCYCLIST STRUCK MOTOR VEHICLE FRONT END AT ANGLE,,16838,0,1,Property Damage Only Collision,,45,Bicycle,Matched,N,1,Clear or Partly Cloudy,0,6532,0,N,13-196667
36481,"""(47.663075922000075, -122.30651728899994)""",148775,148795,Intersection,Cycles,\\sdotnasvfa\sdot_vol1\H8\PROD\ATTACHMENTS\COL_DIAGRAM\33515500.bmp,0, ,,0,,06/24/2013 07:00:00 AM +0000,6/24/2013 23:36,1,26071,At Intersection (intersection related),Unknown,20TH AVE NE AND NE 47TH ST,0,1,,4,\\sdotnasvfa\sdot_vol1\H8\PROD\ATTACHMENTS\COL_REPORT\3551122.pdf,3551122,Dry,51,PEDALCYCLIST STRUCK MOTOR VEHICLE FRONT END AT ANGLE,,2961,0,2,Injury Collision,,45,Bicycle,Matched,N,1,Clear or Partly Cloudy,0,0,0,N,2013-220822
36484,"""(47.565371955000046, -122.40757953399998)""",148770,148790,Block,Cycles,\\sdotnasvfa\sdot_vol1\H8\PROD\ATTACHMENTS\COL_DIAGRAM\44564900.bmp,204, ,,0,Y,06/24/2013 07:00:00 AM +0000,6/24/2013 16:30,1,,Mid-Block (not related to intersection),Daylight,BEACH DR SW BETWEEN SW DOUGLAS PL AND SW GENESEE ST,0,1,,2,\\sdotnasvfa\sdot_vol1\H8\PROD\ATTACHMENTS\COL_REPORT\3380624.pdf,3380624,Dry,56,PEDALCYCLIST STRUCK MOTOR VEHICLE LEFT SIDE SIDESWIPE,,9097,0,2,Injury Collision,,45,Bicycle,Matched,N,1,Clear or Partly Cloudy,0,4014,0,N,13-220338
36502,"""(47.64854072800006, -122.34277540199997)""",148576,148596,Intersection,Cycles,\\sdotnasvfa\sdot_vol1\H8\PROD\ATTACHMENTS\COL_DIAGRAM\35187571.bmp,0, ,,0,Y,06/22/2013 07:00:00 AM +0000,6/22/2013 11:35,1,26896,At Intersection (intersection related),Daylight,STONE WAY N AND N 34TH ST,0,1,,5,\\sdotnasvfa\sdot_vol1\H8\PROD\ATTACHMENTS\COL_REPORT\3646103.pdf,3646103,Dry,18,"MOTOR VEHICLE STRUCK PEDALCYCLIST, FRONT END AT ANGLE",,12955,0,2,Injury Collision,,45,Bicycle,Matched,N,1,Clear or Partly Cloudy,0,0,523424,N,13 217270
36516,"""(47.61222458800006, -122.31675618699995)""",146299,146319,Block,Cycles,\\sdotnasvfa\sdot_vol1\H8\PROD\ATTACHMENTS\COL_DIAGRAM\11561900.bmp,242, ,,0,,05/16/2013 07:00:00 AM +0000,5/16/2013 8:50,1,,Mid-Block (not related to intersection),Daylight,12TH AVE BETWEEN E SPRING ST AND E MADISON ST,0,1,,2,\\sdotnasvfa\sdot_vol1\H8\PROD\ATTACHMENTS\COL_REPORT\3593682.pdf,3593682,Dry,56,PEDALCYCLIST STRUCK MOTOR VEHICLE LEFT SIDE SIDESWIPE,,1535,0,2,Injury Collision,,45,Bicycle,Matched,N,1,Overcast,0,10747,0,N,13-164288
36549,"""(47.71925343700008, -122.29078406199994)""",146895,146915,Intersection,Cycles,\\sdotnasvfa\sdot_vol1\H8\PROD\ATTACHMENTS\COL_DIAGRAM\55187171.bmp,0, ,,0,,05/16/2013 07:00:00 AM +0000,5/16/2013 17:29,1,36192,At Intersection (intersection related),Daylight,35TH AVE NE AND NE 125TH ST,0,1,,2,\\sdotnasvfa\sdot_vol1\H8\PROD\ATTACHMENTS\COL_REPORT\3502786.pdf,3502786,Dry,18,"MOTOR VEHICLE STRUCK PEDALCYCLIST, FRONT END AT ANGLE",,5396,0,2,Injury Collision,,45,Bicycle,Matched,N,1,Clear or Partly Cloudy,0,0,521432,N,13-164848
36635,"""(47.66444733600008, -122.29561786299996)""",146306,146326,Intersection,Cycles,\\sdotnasvfa\sdot_vol1\H8\PROD\ATTACHMENTS\COL_DIAGRAM\11184400.bmp,0, ,,0,,04/25/2013 07:00:00 AM +0000,4/25/2013 15:45,1,287164,At Intersection (intersection related),Daylight,30TH AVE NE AND BURKE GILMAN TRL,0,1,,2,\\sdotnasvfa\sdot_vol1\H8\PROD\ATTACHMENTS\COL_REPORT\3501658.pdf,3501658,Dry,18,"MOTOR VEHICLE STRUCK PEDALCYCLIST, FRONT END AT ANGLE",,287208,0,2,Injury Collision,,45,Bicycle,Matched,N,1,Clear or Partly Cloudy,0,0,525568,N,13-138638
36643,"""(47.60878749200003, -122.33844845799996)""",146302,146322,Block,Cycles,\\sdotnasvfa\sdot_vol1\H8\PROD\ATTACHMENTS\COL_DIAGRAM\43184400.bmp,213, ,,0,Y,05/15/2013 07:00:00 AM +0000,5/15/2013 7:15,2,,Driveway Junction,Daylight,2ND AVE BETWEEN UNION ST AND PIKE ST,0,2,,3,\\sdotnasvfa\sdot_vol1\H8\PROD\ATTACHMENTS\COL_REPORT\3550108.pdf,3550108,Dry,18,"MOTOR VEHICLE STRUCK PEDALCYCLIST, FRONT END AT ANGLE",,2757,0,2,Injury Collision,,45,Bicycle,Matched,N,1,Clear or Partly Cloudy,0,12168,0,N,2013-162992
36703,"""(47.61657884200008, -122.34796376599996)""",148032,148052,Intersection,Cycles,\\sdotnasvfa\sdot_vol1\H8\PROD\ATTACHMENTS\COL_DIAGRAM\22188800.bmp,0, ,,0,,06/11/2013 07:00:00 AM +0000,6/11/2013 18:13,2,29675,At Intersection (intersection related),Daylight,3RD AVE AND VINE ST,0,1,,2,\\sdotnasvfa\sdot_vol1\H8\PROD\ATTACHMENTS\COL_REPORT\3572989.pdf,3572989,Dry,18,"MOTOR VEHICLE STRUCK PEDALCYCLIST, FRONT END AT ANGLE",,4393,0,2,Injury Collision,,45,Bicycle,Matched,N,1,Clear or Partly Cloudy,0,35620,0,N,13-202125
36741,"""(47.61889599600005, -122.32528836099999)""",148599,148619,Intersection,Cycles,\\sdotnasvfa\sdot_vol1\H8\PROD\ATTACHMENTS\COL_DIAGRAM\55186600.bmp,0, ,,0,,06/22/2013 07:00:00 AM +0000,6/22/2013 20:08,1,29161,At Intersection (intersection related),Dusk,SUMMIT AVE E AND E OLIVE WAY,0,1,Y,5,\\sdotnasvfa\sdot_vol1\H8\PROD\ATTACHMENTS\COL_REPORT\3552083.pdf,3552083,Dry,18,"MOTOR VEHICLE STRUCK PEDALCYCLIST, FRONT END AT ANGLE",,12991,0,2,Injury Collision,,45,Bicycle,Matched,Y,1,Clear or Partly Cloudy,0,23263,0,N,2013-217854
36759,"""(47.665083726000034, -122.38310489199995)""",148219,148239,Block,Cycles,\\sdotnasvfa\sdot_vol1\H8\PROD\ATTACHMENTS\COL_DIAGRAM\87184400.bmp,384.5, ,,0,,06/15/2013 07:00:00 AM +0000,6/15/2013 9:27,1,,Mid-Block (not related to intersection),Daylight,SHILSHOLE AVE NW BETWEEN 20TH AVE NW AND NW VERNON PL,0,1,,2,\\sdotnasvfa\sdot_vol1\H8\PROD\ATTACHMENTS\COL_REPORT\3646433.pdf,3646433,Dry,18,"MOTOR VEHICLE STRUCK PEDALCYCLIST, FRONT END AT ANGLE",,12830,0,2,Injury Collision,,45,Bicycle,Matched,N,1,Clear or Partly Cloudy,0,17202,0,N,13-207540
36786,"""(47.652037807000056, -122.34992726899998)""",149127,149147,Block,Cycles,\\sdotnasvfa\sdot_vol1\H8\PROD\ATTACHMENTS\COL_DIAGRAM\56185500.bmp,252, ,,0,,06/28/2013 07:00:00 AM +0000,6/28/2013 17:34,1,,Mid-Block (not related to intersection),Daylight,FREMONT AVE N BETWEEN N 36TH ST AND N 38TH ST,0,1,,2,\\sdotnasvfa\sdot_vol1\H8\PROD\ATTACHMENTS\COL_REPORT\3646161.pdf,3646161,Dry,18,"MOTOR VEHICLE STRUCK PEDALCYCLIST, FRONT END AT ANGLE",,10487,0,2,Injury Collision,,45,Bicycle,Matched,N,1,Clear or Partly Cloudy,0,8364,0,N,13-225962
36793,"""(47.60980405300006, -122.31544538499998)""",146541,146561,Block,Cycles,\\sdotnasvfa\sdot_vol1\H8\PROD\ATTACHMENTS\COL_DIAGRAM\11561900.bmp,213, ,,0,Y,05/20/2013 07:00:00 AM +0000,5/20/2013 18:00,1,,Mid-Block (not related to intersection),Daylight,13TH AVE BETWEEN E COLUMBIA ST AND E MARION ST,0,1,,2,\\sdotnasvfa\sdot_vol1\H8\PROD\ATTACHMENTS\COL_REPORT\3606201.pdf,3606201,Dry,56,PEDALCYCLIST STRUCK MOTOR VEHICLE LEFT SIDE SIDESWIPE,,1734,0,2,Injury Collision,,45,Bicycle,Matched,N,1,Clear or Partly Cloudy,0,0,0,N,13-170080
36808,"""(47.52106402900006, -122.37540298999994)""",147098,147118,Intersection,Cycles,\\sdotnasvfa\sdot_vol1\H8\PROD\ATTACHMENTS\COL_DIAGRAM\11513300.bmp,0, ,,0,,10/16/2012 07:00:00 AM +0000,10/16/2012 18:43,1,34946,At Intersection (intersection related),Dark - Street Lights On,34TH AVE SW AND SW BARTON ST,0,1,,7,\\sdotnasvfa\sdot_vol1\H8\PROD\ATTACHMENTS\COL_REPORT\3505262.pdf,3505262,Dry,51,PEDALCYCLIST STRUCK MOTOR VEHICLE FRONT END AT ANGLE,,5304,0,2,Injury Collision,,45,Bicycle,Matched,N,1,Clear or Partly Cloudy,0,0,0,N,2012-355052
36834,"""(47.662179209000044, -122.31311572699997)""",147106,147126,Block,Cycles,\\sdotnasvfa\sdot_vol1\H8\PROD\ATTACHMENTS\COL_DIAGRAM\55225500.bmp,332.5, ,,0,,10/09/2012 07:00:00 AM +0000,10/9/2012 14:25,1,,Mid-Block (not related to intersection),Daylight,UNIVERSITY WAY NE BETWEEN NE 45TH ST AND NE 47TH ST,0,1,,2,\\sdotnasvfa\sdot_vol1\H8\PROD\ATTACHMENTS\COL_REPORT\3504746.pdf,3504746,Dry,22,"MOTOR VEHICLE STRUCK PEDALCYCLIST, RIGHT SIDE SIDESWIPE",,13222,0,2,Injury Collision,,45,Bicycle,Matched,N,1,Clear or Partly Cloudy,0,5645,0,N,2012-345868
36883,"""(47.574388440000064, -122.33993395799996)""",148606,148626,Intersection,Cycles,\\sdotnasvfa\sdot_vol1\H8\PROD\ATTACHMENTS\COL_DIAGRAM\11515400.bmp,0, ,,0,,06/19/2013 07:00:00 AM +0000,6/19/2013 8:00,1,32155,At Intersection (intersection related),Daylight,EAST MARGINAL WAY S AND S HORTON ST,0,1,,2,\\sdotnasvfa\sdot_vol1\H8\PROD\ATTACHMENTS\COL_REPORT\3465505.pdf,3465505,Unknown,51,PEDALCYCLIST STRUCK MOTOR VEHICLE FRONT END AT ANGLE,,14386,1,2b,Serious Injury Collision,,45,Bicycle,Matched,N,1,Unknown,0,4642,0,N,2013-214726
36926,"""(47.65399335500007, -122.37621487399997)""",148962,148982,Intersection,Cycles,\\sdotnasvfa\sdot_vol1\H8\PROD\ATTACHMENTS\COL_DIAGRAM\11541900.bmp,0, ,,0,,05/25/2011 07:00:00 AM +0000,5/25/2011 14:34,1,26741,At Intersection (intersection related),Daylight,15TH AVE W AND W EMERSON ST,0,1,,2,\\sdotnasvfa\sdot_vol1\H8\PROD\ATTACHMENTS\COL_REPORT\3560790.pdf,3560790,Wet,54,PEDALCYCLIST STRUCK MOTOR VEHICLE REAR END,,2198,0,2,Injury Collision,,45,Bicycle,Matched,N,1,Raining,0,0,0,N,11-166641
36930,"""(47.50134658600007, -122.26239735699994)""",146336,146356,Intersection,Cycles,\\sdotnasvfa\sdot_vol1\H8\PROD\ATTACHMENTS\COL_DIAGRAM\11517700.bmp,0, ,,0,,05/18/2013 07:00:00 AM +0000,5/18/2013 10:57,1,38385,At Intersection (intersection related),Daylight,56TH AVE S AND S AVON ST,0,1,Y,2,\\sdotnasvfa\sdot_vol1\H8\PROD\ATTACHMENTS\COL_REPORT\3579281.pdf,3579281,Dry,51,PEDALCYCLIST STRUCK MOTOR VEHICLE FRONT END AT ANGLE,,7755,0,2,Injury Collision,,45,Bicycle,Matched,N,1,Overcast,0,0,0,N,13-166945
36984,"""(47.51412594400006, -122.28840763199997)""",147317,147337,Block,Cycles,\\sdotnasvfa\sdot_vol1\H8\PROD\ATTACHMENTS\COL_DIAGRAM\44214400.bmp,1967, ,,1,,05/30/2013 07:00:00 AM +0000,5/30/2013 6:48,0,,Mid-Block (not related to intersection),Daylight,AIRPORT WAY S BETWEEN CITY LIMITS C AND S NORFOLK ST,0,1,,2,\\sdotnasvfa\sdot_vol1\H8\PROD\ATTACHMENTS\COL_REPORT\3502170.pdf,3502170,Dry,21,"MOTOR VEHICLE STRUCK PEDALCYCLIST, REAR END",,8702,0,3,Fatality Collision,,45,Bicycle,Matched,N,1,Overcast,0,19366,0,N,2013-183176
37066,"""(47.68304737700004, -122.29791416299997)""",148634,148654,Block,Cycles,\\sdotnasvfa\sdot_vol1\H8\PROD\ATTACHMENTS\COL_DIAGRAM\77549700.bmp,175.5, ,,0,,10/27/2012 07:00:00 AM +0000,10/27/2012 6:03,1,,Mid-Block (not related to intersection),Dark - Street Lights On,NE 75TH ST BETWEEN 27TH AVE NE AND 28TH AVE NE,0,1,,2,\\sdotnasvfa\sdot_vol1\H8\PROD\ATTACHMENTS\COL_REPORT\3508315.pdf,3508315,Wet,54,PEDALCYCLIST STRUCK MOTOR VEHICLE REAR END,,17526,0,2,Injury Collision,,45,Bicycle,Matched,N,1,Raining,0,40936,0,N,2012-368231
37120,"""(47.61120737300007, -122.33759198199999)""",147326,147346,Intersection,Cycles,\\sdotnasvfa\sdot_vol1\H8\PROD\ATTACHMENTS\COL_DIAGRAM\88186600.bmp,0, ,,0,,06/01/2013 07:00:00 AM +0000,6/1/2013 7:21,1,29579,At Intersection (intersection related),Daylight,4TH AVE AND PINE ST,0,1,,2,\\sdotnasvfa\sdot_vol1\H8\PROD\ATTACHMENTS\COL_REPORT\3503942.pdf,3503942,Dry,18,"MOTOR VEHICLE STRUCK PEDALCYCLIST, FRONT END AT ANGLE",,6133,0,2,Injury Collision,,45,Bicycle,Matched,N,1,Clear or Partly Cloudy,0,23687,0,N,13-186417
37125,"""(47.661319003000074, -122.32072786099997)""",147324,147344,Intersection,Cycles,\\sdotnasvfa\sdot_vol1\H8\PROD\ATTACHMENTS\COL_DIAGRAM\11187700.bmp,0, ,,0,,05/30/2013 07:00:00 AM +0000,5/30/2013 15:00,1,27070,At Intersection (intersection related),Daylight,7TH AVE NE AND NE 45TH ST,0,1,Y,2,\\sdotnasvfa\sdot_vol1\H8\PROD\ATTACHMENTS\COL_REPORT\3503274.pdf,3503274,Dry,18,"MOTOR VEHICLE STRUCK PEDALCYCLIST, FRONT END AT ANGLE",,8174,0,2,Injury Collision,,45,Bicycle,Matched,N,1,Clear or Partly Cloudy,0,0,522069,N,2013 183858