OBJECTID,Shape,INCKEY,COLDETKEY,ADDRTYPE,COLLISIONTYPE,DIAGRAMLINK,DISTANCE,EXCEPTRSNCODE,EXCEPTRSNDESC,FATALITIES,INATTENTIONIND,INCDATE,INCDTTM,INJURIES,INTKEY,JUNCTIONTYPE,LIGHTCOND,LOCATION,PEDCOUNT,PEDCYLCOUNT,PEDROWNOTGRNT,PERSONCOUNT,REPORTLINK,REPORTNO,ROADCOND,SDOT_COLCODE,SDOT_COLDESC,SDOTCOLNUM,SEGKEY,SERIOUSINJURIES,SEVERITYCODE,SEVERITYDESC,SPEEDING,ST_COLCODE,ST_COLDESC,STATUS,UNDERINFL,VEHCOUNT,WEATHER,WIDTH,SEGLANEKEY,CROSSWALKKEY,HITPARKEDCAR,SPDCASENO
38362,"""(47.60346436700007, -122.32974397299995)""",151583,151603,Block,Cycles,\\sdotnasvfa\sdot_vol1\H8\PROD\ATTACHMENTS\COL_DIAGRAM\66546600.bmp,161, ,,0,Y,08/01/2013 07:00:00 AM +0000,8/1/2013 8:50,1,,Mid-Block (not related to intersection),Daylight,JAMES ST BETWEEN 4TH AVE AND 5TH AVE,0,1,,2,\\sdotnasvfa\sdot_vol1\H8\PROD\ATTACHMENTS\COL_REPORT\3550116.pdf,3550116,Dry,54,PEDALCYCLIST STRUCK MOTOR VEHICLE REAR END,,11052,0,2,Injury Collision,,45,Bicycle,Matched,N,1,Clear or Partly Cloudy,0,24819,0,N,2013-274350
38397,"""(47.65891124900003, -122.31776594999997)""",149910,149930,Block,Cycles,\\sdotnasvfa\sdot_vol1\H8\PROD\ATTACHMENTS\COL_DIAGRAM\55515600.bmp,198, ,,0,,07/10/2013 07:00:00 AM +0000,7/10/2013 8:17,0,,Driveway Junction,Daylight,ROOSEVELT WAY NE BETWEEN NE 42ND N ST AND NE 43RD S ST,0,1,,2,\\sdotnasvfa\sdot_vol1\H8\PROD\ATTACHMENTS\COL_REPORT\3645954.pdf,3645954,Dry,51,PEDALCYCLIST STRUCK MOTOR VEHICLE FRONT END AT ANGLE,,12596,0,1,Property Damage Only Collision,,45,Bicycle,Matched,N,1,Clear or Partly Cloudy,0,8990,0,N,2013-243608
38411,"""(47.62599733500008, -122.32919341399997)""",149906,149926,Block,Cycles,\\sdotnasvfa\sdot_vol1\H8\PROD\ATTACHMENTS\COL_DIAGRAM\11541900.bmp,320.5, ,,0,,07/10/2013 07:00:00 AM +0000,7/10/2013 9:35,1,,Mid-Block (not related to intersection),Daylight,EASTLAKE AVE E BETWEEN LAKEVIEW BLVD E AND ALOHA ST,0,1,,2,\\sdotnasvfa\sdot_vol1\H8\PROD\ATTACHMENTS\COL_REPORT\3574967.pdf,3574967,Dry,54,PEDALCYCLIST STRUCK MOTOR VEHICLE REAR END,,10168,0,2,Injury Collision,,45,Bicycle,Matched,N,1,Clear or Partly Cloudy,0,11578,0,N,13-243666
38430,"""(47.64502969000006, -122.34730070499995)""",151012,151032,Block,Cycles,\\sdotnasvfa\sdot_vol1\H8\PROD\ATTACHMENTS\COL_DIAGRAM\43188800.bmp,727.5, ,,0,,07/19/2013 07:00:00 AM +0000,7/19/2013 20:14,2,,Driveway Junction,Daylight,WESTLAKE AVE N BETWEEN NEWELL ST AND NICKERSON ST,0,1,Y,2,\\sdotnasvfa\sdot_vol1\H8\PROD\ATTACHMENTS\COL_REPORT\3643746.pdf,3643746,Dry,18,"MOTOR VEHICLE STRUCK PEDALCYCLIST, FRONT END AT ANGLE",,13548,0,2,Injury Collision,,45,Bicycle,Matched,Y,1,Clear or Partly Cloudy,0,20053,0,N,2013-257040
38458,"""(47.62205574500007, -122.34237158599996)""",151216,151236,Intersection,Cycles,\\sdotnasvfa\sdot_vol1\H8\PROD\ATTACHMENTS\COL_DIAGRAM\11515400.bmp,0, ,,0,,07/25/2013 07:00:00 AM +0000,7/25/2013 16:11,1,28783,At Intersection (intersection related),Daylight,DEXTER AVE N AND HARRISON ST,0,1,,2,\\sdotnasvfa\sdot_vol1\H8\PROD\ATTACHMENTS\COL_REPORT\3573343.pdf,3573343,Dry,51,PEDALCYCLIST STRUCK MOTOR VEHICLE FRONT END AT ANGLE,,10074,1,2b,Serious Injury Collision,,45,Bicycle,Matched,N,1,Clear or Partly Cloudy,0,12620,0,N,2013-2634946
38474,"""(47.61467145100005, -122.33680297599994)""",151743,151763,Block,Cycles,\\sdotnasvfa\sdot_vol1\H8\PROD\ATTACHMENTS\COL_DIAGRAM\55235900.bmp,213, ,,0,,07/07/2010 07:00:00 AM +0000,7/7/2010 8:01,1,,Mid-Block (not related to intersection),Daylight,7TH AVE BETWEEN STEWART ST AND VIRGINIA ST,0,1,,2,\\sdotnasvfa\sdot_vol1\H8\PROD\ATTACHMENTS\COL_REPORT\3329859.pdf,3329859,Dry,23,"MOTOR VEHICLE STRUCK PEDALCYCLIST, LEFT SIDE SIDESWIPE",,8161,0,2,Injury Collision,,45,Bicycle,Matched,N,1,Clear or Partly Cloudy,0,37034,0,N,10-231937
38559,"""(47.669052942000064, -122.30394611099996)""",151032,151052,Block,Cycles,\\sdotnasvfa\sdot_vol1\H8\PROD\ATTACHMENTS\COL_DIAGRAM\11183400.bmp,130, ,,0,,07/20/2013 07:00:00 AM +0000,7/20/2013 16:52,1,,Mid-Block (but intersection related),Daylight,RAVENNA AVE NE BETWEEN NE 55TH N ST AND NE RAVENNA EB BV,0,1,,3,\\sdotnasvfa\sdot_vol1\H8\PROD\ATTACHMENTS\COL_REPORT\3609049.pdf,3609049,Dry,18,"MOTOR VEHICLE STRUCK PEDALCYCLIST, FRONT END AT ANGLE",,12455,0,2,Injury Collision,,45,Bicycle,Matched,N,1,Clear or Partly Cloudy,0,32835,0,N,13-258171
38573,"""(47.54637207700006, -122.30033204199998)""",151226,151246,Intersection,Cycles,\\sdotnasvfa\sdot_vol1\H8\PROD\ATTACHMENTS\COL_DIAGRAM\55517900.bmp,0, ,,0,,07/25/2013 07:00:00 AM +0000,7/25/2013 16:07,0,167336,At Intersection (intersection related),Daylight,BEACON ER AVE S AND S GRAHAM ST,0,1,,2,\\sdotnasvfa\sdot_vol1\H8\PROD\ATTACHMENTS\COL_REPORT\3589855.pdf,3589855,Wet,51,PEDALCYCLIST STRUCK MOTOR VEHICLE FRONT END AT ANGLE,,20116,0,1,Property Damage Only Collision,,45,Bicycle,Matched,N,1,Clear or Partly Cloudy,0,0,524751,N,2013-264934
38597,"""(47.67606025400005, -122.34830501799996)""",151749,151769,Intersection,Cycles,\\sdotnasvfa\sdot_vol1\H8\PROD\ATTACHMENTS\COL_DIAGRAM\33511900.bmp,0, ,,0,,08/05/2013 07:00:00 AM +0000,8/5/2013 13:00,1,24369,At Intersection (intersection related),Daylight,LINDEN AVE N AND N 65TH ST,0,1,,5,\\sdotnasvfa\sdot_vol1\H8\PROD\ATTACHMENTS\COL_REPORT\3572462.pdf,3572462,Dry,51,PEDALCYCLIST STRUCK MOTOR VEHICLE FRONT END AT ANGLE,,11411,0,2,Injury Collision,,45,Bicycle,Matched,N,1,Clear or Partly Cloudy,0,0,0,N,13-280352
38619,"""(47.609809435000045, -122.31677966199999)""",149278,149298,Block,Cycles,\\sdotnasvfa\sdot_vol1\H8\PROD\ATTACHMENTS\COL_DIAGRAM\56185500.bmp,213, ,,0,,07/02/2013 07:00:00 AM +0000,7/2/2013 19:00,1,,Mid-Block (not related to intersection),Daylight,12TH AVE BETWEEN E COLUMBIA ST AND E MARION ST,0,1,,2,\\sdotnasvfa\sdot_vol1\H8\PROD\ATTACHMENTS\COL_REPORT\3606350.pdf,3606350,Dry,18,"MOTOR VEHICLE STRUCK PEDALCYCLIST, FRONT END AT ANGLE",,1533,0,2,Injury Collision,,45,Bicycle,Matched,N,1,Clear or Partly Cloudy,0,10701,0,N,13-232336
38716,"""(47.65015880000004, -122.34742988899995)""",151604,151624,Intersection,Cycles,\\sdotnasvfa\sdot_vol1\H8\PROD\ATTACHMENTS\COL_DIAGRAM\33517600.bmp,0, ,,0,,08/05/2013 07:00:00 AM +0000,8/5/2013 18:28,1,27034,At Intersection (intersection related),Daylight,TROLL AVE N AND N 35TH ST,0,1,Y,2,\\sdotnasvfa\sdot_vol1\H8\PROD\ATTACHMENTS\COL_REPORT\3642009.pdf,3642009,Dry,51,PEDALCYCLIST STRUCK MOTOR VEHICLE FRONT END AT ANGLE,,9003,0,2,Injury Collision,,45,Bicycle,Matched,N,1,Clear or Partly Cloudy,0,17515,0,N,2013-280756
38740,"""(47.646511546000056, -122.34975553799995)""",151045,151065,Block,Cycles,\\sdotnasvfa\sdot_vol1\H8\PROD\ATTACHMENTS\COL_DIAGRAM\54515900.bmp,134, ,,0,,07/21/2013 07:00:00 AM +0000,7/21/2013 13:04,1,,Mid-Block (not related to intersection),Daylight,4TH AVE N BETWEEN NICKERSON ST AND FREMONT BR,0,1,,2,\\sdotnasvfa\sdot_vol1\H8\PROD\ATTACHMENTS\COL_REPORT\3506143.pdf,3506143,Dry,51,PEDALCYCLIST STRUCK MOTOR VEHICLE FRONT END AT ANGLE,,6170,0,2,Injury Collision,,45,Bicycle,Matched,N,1,Clear or Partly Cloudy,0,13898,0,N,13-*259257
38761,"""(47.60805877800004, -122.316779914)""",151760,151780,Intersection,Cycles,\\sdotnasvfa\sdot_vol1\H8\PROD\ATTACHMENTS\COL_DIAGRAM\55690000.bmp,0, ,,0,,07/07/2010 07:00:00 AM +0000,7/7/2010 20:41,1,29795,At Intersection (intersection related),Daylight,12TH AVE AND E CHERRY ST,0,1,,1,\\sdotnasvfa\sdot_vol1\H8\PROD\ATTACHMENTS\COL_REPORT\3332376.pdf,3332376,Dry,69,PEDALCYCLIST OVERTURNED IN ROAD,,1532,0,2,Injury Collision,,45,Bicycle,Matched,N,0,Clear or Partly Cloudy,0,10679,0,N,10-232780
38763,"""(47.62207493500006, -122.34759184799998)""",149288,149308,Intersection,Cycles,\\sdotnasvfa\sdot_vol1\H8\PROD\ATTACHMENTS\COL_DIAGRAM\11515300.bmp,0, ,,0,Y,07/02/2013 07:00:00 AM +0000,7/2/2013 14:05,2,28925,At Intersection (intersection related),Daylight,5TH AVE N AND HARRISON ST,0,1,Y,3,\\sdotnasvfa\sdot_vol1\H8\PROD\ATTACHMENTS\COL_REPORT\3643735.pdf,3643735,Dry,51,PEDALCYCLIST STRUCK MOTOR VEHICLE FRONT END AT ANGLE,,7262,1,2b,Serious Injury Collision,,45,Bicycle,Matched,N,1,Clear or Partly Cloudy,0,23596,0,N,2013-231919
38841,"""(47.606552746000034, -122.33179812299994)""",151249,151269,Intersection,Cycles,\\sdotnasvfa\sdot_vol1\H8\PROD\ATTACHMENTS\COL_DIAGRAM\44186600.bmp,0, ,,0,,07/27/2013 07:00:00 AM +0000,7/27/2013 13:08,1,29948,At Intersection (intersection related),Daylight,5TH AVE AND MADISON ST,0,1,,2,\\sdotnasvfa\sdot_vol1\H8\PROD\ATTACHMENTS\COL_REPORT\3641655.pdf,3641655,Dry,18,"MOTOR VEHICLE STRUCK PEDALCYCLIST, FRONT END AT ANGLE",,7230,0,2,Injury Collision,,45,Bicycle,Matched,N,1,Clear or Partly Cloudy,0,22694,0,N,2013-267638
38847,"""(47.66220360600005, -122.37484952499995)""",151047,151067,Block,Cycles,\\sdotnasvfa\sdot_vol1\H8\PROD\ATTACHMENTS\COL_DIAGRAM\77569700.bmp,309.5, ,,0,,07/20/2013 07:00:00 AM +0000,7/20/2013 16:28,1,,Mid-Block (not related to intersection),Daylight,NW 46TH ST BETWEEN 14TH AVE NW AND 15TH NB AVE NW,0,1,,2,\\sdotnasvfa\sdot_vol1\H8\PROD\ATTACHMENTS\COL_REPORT\3545120.pdf,3545120,Dry,56,PEDALCYCLIST STRUCK MOTOR VEHICLE LEFT SIDE SIDESWIPE,,18348,0,2,Injury Collision,,45,Bicycle,Matched,N,1,Clear or Partly Cloudy,0,17213,0,N,13-258145
38858,"""(47.60910003400005, -122.30631127899994)""",151243,151263,Intersection,Cycles,\\sdotnasvfa\sdot_vol1\H8\PROD\ATTACHMENTS\COL_DIAGRAM\33511100.bmp,0, ,,0,,07/24/2013 07:00:00 AM +0000,7/24/2013 16:48,1,30170,At Intersection (intersection related),Daylight,20TH AVE AND E COLUMBIA ST,0,1,,2,\\sdotnasvfa\sdot_vol1\H8\PROD\ATTACHMENTS\COL_REPORT\3672430.pdf,3672430,Dry,51,PEDALCYCLIST STRUCK MOTOR VEHICLE FRONT END AT ANGLE,,2937,0,2,Injury Collision,,45,Bicycle,Matched,N,1,Clear or Partly Cloudy,0,0,0,N,2013-263741
38861,"""(47.60779445000003, -122.33754000999994)""",150575,150595,Block,Cycles,\\sdotnasvfa\sdot_vol1\H8\PROD\ATTACHMENTS\COL_DIAGRAM\43184400.bmp,213, ,,0,Y,07/11/2013 07:00:00 AM +0000,7/11/2013 8:45,0,,Mid-Block (not related to intersection),Daylight,2ND AVE BETWEEN UNIVERSITY ST AND UNION ST,0,1,,3,\\sdotnasvfa\sdot_vol1\H8\PROD\ATTACHMENTS\COL_REPORT\3550112.pdf,3550112,Dry,18,"MOTOR VEHICLE STRUCK PEDALCYCLIST, FRONT END AT ANGLE",,2756,0,1,Property Damage Only Collision,,45,Bicycle,Matched,N,1,Clear or Partly Cloudy,0,12162,0,N,2013-244995
38890,"""(47.555915723000055, -122.30353585299997)""",151951,151971,Intersection,Cycles,\\sdotnasvfa\sdot_vol1\H8\PROD\ATTACHMENTS\COL_DIAGRAM\11517700.bmp,0, ,,0,,08/03/2010 07:00:00 AM +0000,8/3/2010 14:00,1,33334,At Intersection (intersection related),Daylight,BEACON WR AVE S AND S DAWSON ST,0,1,,2,\\sdotnasvfa\sdot_vol1\H8\PROD\ATTACHMENTS\COL_REPORT\3387812.pdf,3387812,Dry,51,PEDALCYCLIST STRUCK MOTOR VEHICLE FRONT END AT ANGLE,,9133,0,2,Injury Collision,,45,Bicycle,Matched,N,1,Clear or Partly Cloudy,0,0,0,N,2010-268638
38901,"""(47.59629348800007, -122.28764138699995)""",151947,151967,Block,Cycles,\\sdotnasvfa\sdot_vol1\H8\PROD\ATTACHMENTS\COL_DIAGRAM\22232200.bmp,116.5, ,,0,,07/28/2010 07:00:00 AM +0000,7/28/2010 8:05,0,,Mid-Block (not related to intersection),Daylight,LAKESIDE AVE S BETWEEN S LANE ST AND 35TH AVE S,0,1,Y,2,\\sdotnasvfa\sdot_vol1\H8\PROD\ATTACHMENTS\COL_REPORT\3329198.pdf,3329198,Dry,23,"MOTOR VEHICLE STRUCK PEDALCYCLIST, LEFT SIDE SIDESWIPE",,11262,0,1,Property Damage Only Collision,,45,Bicycle,Matched,N,1,Clear or Partly Cloudy,0,34071,0,N,2010-260191
38907,"""(47.59876469300008, -122.31722540399994)""",151946,151966,Block,Cycles,\\sdotnasvfa\sdot_vol1\H8\PROD\ATTACHMENTS\COL_DIAGRAM\18515500.bmp,155.5, ,,0,,07/28/2010 07:00:00 AM +0000,7/28/2010 8:57,1,,Mid-Block (not related to intersection),Daylight,12TH AVE S BETWEEN S JACKSON ST AND S KING ST,0,1,,2,\\sdotnasvfa\sdot_vol1\H8\PROD\ATTACHMENTS\COL_REPORT\3332583.pdf,3332583,Dry,51,PEDALCYCLIST STRUCK MOTOR VEHICLE FRONT END AT ANGLE,,1654,0,2,Injury Collision,,45,Bicycle,Matched,N,1,Clear or Partly Cloudy,0,38925,0,N,10-260237
38912,"""(47.59926044100007, -122.29927796999999)""",152142,152162,Block,Cycles,\\sdotnasvfa\sdot_vol1\H8\PROD\ATTACHMENTS\COL_DIAGRAM\34183300.bmp,150, ,,0,Y,08/10/2013 07:00:00 AM +0000,8/10/2013 16:48,1,,Mid-Block (not related to intersection),Daylight,S JACKSON ST BETWEEN 25TH AVE S AND 26TH AVE S,0,1,,2,\\sdotnasvfa\sdot_vol1\H8\PROD\ATTACHMENTS\COL_REPORT\3552058.pdf,3552058,Dry,18,"MOTOR VEHICLE STRUCK PEDALCYCLIST, FRONT END AT ANGLE",,20503,0,2,Injury Collision,,45,Bicycle,Matched,N,1,Clear or Partly Cloudy,0,11269,0,N,13 287600
38938,"""(47.578874744000075, -122.28370626699996)""",150353,150373,Block,Cycles,\\sdotnasvfa\sdot_vol1\H8\PROD\ATTACHMENTS\COL_DIAGRAM\88568800.bmp,1842, ,,0,,07/13/2013 07:00:00 AM +0000,7/13/2013 7:21,0,,Mid-Block (not related to intersection),Daylight,LAKE WASHINGTON BLVD S BETWEEN LAKE PARK DR S AND S HORTON NR ST,0,1,,2,\\sdotnasvfa\sdot_vol1\H8\PROD\ATTACHMENTS\COL_REPORT\3617747.pdf,3617747,Dry,56,PEDALCYCLIST STRUCK MOTOR VEHICLE LEFT SIDE SIDESWIPE,,11230,0,1,Property Damage Only Collision,,45,Bicycle,Matched,N,1,Clear or Partly Cloudy,0,38079,0,N,2013-247907
38960,"""(47.61992217900007, -122.31888862999995)""",150156,150176,Block,Cycles,\\sdotnasvfa\sdot_vol1\H8\PROD\ATTACHMENTS\COL_DIAGRAM\78187700.bmp,161, ,,0,,07/11/2013 07:00:00 AM +0000,7/11/2013 17:05,1,,Mid-Block (not related to intersection),Daylight,E JOHN ST BETWEEN 10TH AVE E AND 11TH AVE E,0,1,,2,\\sdotnasvfa\sdot_vol1\H8\PROD\ATTACHMENTS\COL_REPORT\3606515.pdf,3606515,Dry,18,"MOTOR VEHICLE STRUCK PEDALCYCLIST, FRONT END AT ANGLE",,14244,0,2,Injury Collision,,45,Bicycle,Matched,N,1,Clear or Partly Cloudy,0,35215,0,N,2013-245542
38983,"""(47.61649590600007, -122.289205375)""",151253,151273,Intersection,Cycles,\\sdotnasvfa\sdot_vol1\H8\PROD\ATTACHMENTS\COL_DIAGRAM\11511800.bmp,0, ,,0,,07/28/2013 07:00:00 AM +0000,7/28/2013 11:40,1,30234,At Intersection (intersection related),Daylight,34TH AVE AND E OLIVE ST,0,1,,3,\\sdotnasvfa\sdot_vol1\H8\PROD\ATTACHMENTS\COL_REPORT\3593600.pdf,3593600,Dry,51,PEDALCYCLIST STRUCK MOTOR VEHICLE FRONT END AT ANGLE,,5211,0,2,Injury Collision,,45,Bicycle,Matched,N,1,Clear or Partly Cloudy,0,9795,0,N,13 269001
39019,"""(47.58921408600003, -122.31485614599995)""",151412,151432,Block,Cycles,\\sdotnasvfa\sdot_vol1\H8\PROD\ATTACHMENTS\COL_DIAGRAM\32515500.bmp,283, ,,0,,07/30/2013 07:00:00 AM +0000,7/30/2013 18:02,1,,Mid-Block (not related to intersection),Daylight,14TH AVE S BETWEEN S ATLANTIC ST AND S MASSACHUSETTS ST,0,1,,2,\\sdotnasvfa\sdot_vol1\H8\PROD\ATTACHMENTS\COL_REPORT\3589801.pdf,3589801,Dry,51,PEDALCYCLIST STRUCK MOTOR VEHICLE FRONT END AT ANGLE,,1925,0,2,Injury Collision,,45,Bicycle,Matched,N,1,Clear or Partly Cloudy,0,37515,0,N,2013-272208
39049,"""(47.657160488000045, -122.31687596599994)""",152148,152168,Block,Cycles,\\sdotnasvfa\sdot_vol1\H8\PROD\ATTACHMENTS\COL_DIAGRAM\55215500.bmp,126.5, ,,0,,09/27/2010 07:00:00 AM +0000,9/27/2010 7:14,1,,Mid-Block (not related to intersection),Daylight,EASTLAKE AVE NE BETWEEN NE 41ST ST AND 11TH AVE NE,0,1,,2,\\sdotnasvfa\sdot_vol1\H8\PROD\ATTACHMENTS\COL_REPORT\3286950.pdf,3286950,Wet,21,"MOTOR VEHICLE STRUCK PEDALCYCLIST, REAR END",,10187,0,2,Injury Collision,,45,Bicycle,Matched,N,1,Raining,0,30558,0,N,2010-337602
39059,"""(47.62971974100003, -122.34230363299997)""",151965,151985,Intersection,Cycles,\\sdotnasvfa\sdot_vol1\H8\PROD\ATTACHMENTS\COL_DIAGRAM\18185500.bmp,0, ,,0,,08/08/2013 07:00:00 AM +0000,8/8/2013 17:57,1,28724,At Intersection (intersection related),Daylight,DEXTER AVE N AND HIGHLAND DR,0,1,,2,\\sdotnasvfa\sdot_vol1\H8\PROD\ATTACHMENTS\COL_REPORT\3197945.pdf,3197945,Dry,18,"MOTOR VEHICLE STRUCK PEDALCYCLIST, FRONT END AT ANGLE",,10081,0,2,Injury Collision,,45,Bicycle,Matched,N,1,Clear or Partly Cloudy,0,12797,0,N,13-284979
39105,"""(47.612792951000074, -122.33095438199996)""",150360,150380,Intersection,Cycles,\\sdotnasvfa\sdot_vol1\H8\PROD\ATTACHMENTS\COL_DIAGRAM\66512100.bmp,0, ,,0,,07/13/2013 07:00:00 AM +0000,7/13/2013 21:05,1,489799,At Intersection (intersection related),Daylight,9TH AV I5 EXPRESS ON RP AND I5 EXPRESS PIKE ST RP,0,1,,5,\\sdotnasvfa\sdot_vol1\H8\PROD\ATTACHMENTS\COL_REPORT\3643742.pdf,3643742,Dry,51,PEDALCYCLIST STRUCK MOTOR VEHICLE FRONT END AT ANGLE,,489839,0,2,Injury Collision,,45,Bicycle,Matched,N,1,Clear or Partly Cloudy,0,0,522304,N,2013-248733
39215,"""(47.647520858000064, -122.38197774699995)""",152161,152181,Block,Cycles,\\sdotnasvfa\sdot_vol1\H8\PROD\ATTACHMENTS\COL_DIAGRAM\55569500.bmp,341.5, ,,0,,08/11/2013 07:00:00 AM +0000,8/11/2013 22:29,1,,Mid-Block (not related to intersection),Dark - Street Lights Off,20TH AVE W BETWEEN THORNDYKE AVE W AND W DRAVUS ST,0,1,,2,\\sdotnasvfa\sdot_vol1\H8\PROD\ATTACHMENTS\COL_REPORT\3573009.pdf,3573009,Dry,56,PEDALCYCLIST STRUCK MOTOR VEHICLE LEFT SIDE SIDESWIPE,,3090,0,2,Injury Collision,,45,Bicycle,Matched,N,1,Clear or Partly Cloudy,0,15603,0,N,2013-289369
39218,"""(47.53704013300006, -122.28405373499999)""",149332,149352,Block,Cycles,\\sdotnasvfa\sdot_vol1\H8\PROD\ATTACHMENTS\COL_DIAGRAM\33513400.bmp,162, ,,0,,06/24/2013 07:00:00 AM +0000,6/24/2013 16:28,1,,Mid-Block (not related to intersection),Daylight,S OTHELLO ST BETWEEN 38TH AVE S AND 39TH AVE S,0,1,,2,\\sdotnasvfa\sdot_vol1\H8\PROD\ATTACHMENTS\COL_REPORT\3579542.pdf,3579542,Dry,51,PEDALCYCLIST STRUCK MOTOR VEHICLE FRONT END AT ANGLE,,21051,0,2,Injury Collision,,45,Bicycle,Matched,N,1,Overcast,0,24182,0,N,13-2203325
39278,"""(47.670908987000075, -122.38212446099999)""",150370,150390,Intersection,Cycles,\\sdotnasvfa\sdot_vol1\H8\PROD\ATTACHMENTS\COL_DIAGRAM\55515600.bmp,0, ,,0,,07/13/2013 07:00:00 AM +0000,7/13/2013 15:24,1,25134,At Intersection (intersection related),Daylight,20TH AVE NW AND NW 58TH ST,0,1,,2,\\sdotnasvfa\sdot_vol1\H8\PROD\ATTACHMENTS\COL_REPORT\3645806.pdf,3645806,Dry,51,PEDALCYCLIST STRUCK MOTOR VEHICLE FRONT END AT ANGLE,,3021,0,2,Injury Collision,,45,Bicycle,Matched,N,1,Clear or Partly Cloudy,0,11423,0,N,13-248366
39284,"""(47.61522500500007, -122.32447263599994)""",150875,150895,Intersection,Cycles,\\sdotnasvfa\sdot_vol1\H8\PROD\ATTACHMENTS\COL_DIAGRAM\77517800.bmp,0, ,,0,,07/19/2013 07:00:00 AM +0000,7/19/2013 13:45,1,29859,At Intersection (intersection related),Daylight,BELMONT AVE AND E PINE ST,0,1,Y,2,\\sdotnasvfa\sdot_vol1\H8\PROD\ATTACHMENTS\COL_REPORT\3672390.pdf,3672390,Dry,51,PEDALCYCLIST STRUCK MOTOR VEHICLE FRONT END AT ANGLE,,9234,0,2,Injury Collision,,45,Bicycle,Matched,N,1,Clear or Partly Cloudy,0,10368,0,N,13-256558
39287,"""(47.60085285900004, -122.31696510399996)""",150874,150894,Intersection,Cycles,\\sdotnasvfa\sdot_vol1\H8\PROD\ATTACHMENTS\COL_DIAGRAM\44514500.bmp,0, ,,0,,07/19/2013 07:00:00 AM +0000,7/19/2013 18:47,1,30418,At Intersection (intersection related),Daylight,12TH AVE S AND BOREN AVE S,0,1,,2,\\sdotnasvfa\sdot_vol1\H8\PROD\ATTACHMENTS\COL_REPORT\3672393.pdf,3672393,Dry,51,PEDALCYCLIST STRUCK MOTOR VEHICLE FRONT END AT ANGLE,,1652,0,2,Injury Collision,,45,Bicycle,Matched,N,1,Clear or Partly Cloudy,0,24389,0,N,13 256942
39311,"""(47.63190599600006, -122.32688562599998)""",151640,151660,Intersection,Cycles,\\sdotnasvfa\sdot_vol1\H8\PROD\ATTACHMENTS\COL_DIAGRAM\22515500.bmp,0, ,,0,,08/02/2013 07:00:00 AM +0000,8/2/2013 17:19,1,29082,At Intersection (intersection related),Daylight,FAIRVIEW AVE E AND FAIRVIEW AVE N,0,1,Y,3,\\sdotnasvfa\sdot_vol1\H8\PROD\ATTACHMENTS\COL_REPORT\3573474.pdf,3573474,Wet,51,PEDALCYCLIST STRUCK MOTOR VEHICLE FRONT END AT ANGLE,,10336,0,2,Injury Collision,,45,Bicycle,Matched,N,1,Clear or Partly Cloudy,0,41840,0,N,2013-276352
39326,"""(47.61524975200007, -122.31881447599994)""",149341,149361,Block,Cycles,\\sdotnasvfa\sdot_vol1\H8\PROD\ATTACHMENTS\COL_DIAGRAM\77640986.bmp,161, ,,0,Y,05/17/2013 07:00:00 AM +0000,5/17/2013 7:50,1,,Mid-Block (but intersection related),Daylight,E PINE ST BETWEEN 10TH AVE AND 11TH AVE,1,1,Y,2,\\sdotnasvfa\sdot_vol1\H8\PROD\ATTACHMENTS\COL_REPORT\3550226.pdf,3550226,Dry,64,PEDALCYCLIST STRUCK PEDESTRIAN,,14636,1,2b,Serious Injury Collision,,45,Bicycle,Matched,N,0,Clear or Partly Cloudy,0,10414,0,N,2013-165448
39372,"""(47.60062927900003, -122.28571336199997)""",149610,149630,Block,Cycles,\\sdotnasvfa\sdot_vol1\H8\PROD\ATTACHMENTS\COL_DIAGRAM\22569200.bmp,395, ,,0,,07/06/2013 07:00:00 AM +0000,7/6/2013 16:55,1,,Mid-Block (not related to intersection),Daylight,LAKESIDE AVE S BETWEEN E YESLER WAY AND S LESCHI PL,0,1,Y,2,\\sdotnasvfa\sdot_vol1\H8\PROD\ATTACHMENTS\COL_REPORT\3552086.pdf,3552086,Dry,56,PEDALCYCLIST STRUCK MOTOR VEHICLE LEFT SIDE SIDESWIPE,,11258,1,2b,Serious Injury Collision,,45,Bicycle,Matched,N,1,Clear or Partly Cloudy,0,35091,0,N,13-238476
39376,"""(47.61408978500003, -122.31879588799995)""",149607,149627,Block,Cycles,\\sdotnasvfa\sdot_vol1\H8\PROD\ATTACHMENTS\COL_DIAGRAM\33569300.bmp,161, ,,0,,07/07/2013 07:00:00 AM +0000,7/7/2013 3:00,1,,Mid-Block (not related to intersection),Dark - Street Lights On,E PIKE ST BETWEEN 10TH AVE AND 11TH AVE,0,1,,2,\\sdotnasvfa\sdot_vol1\H8\PROD\ATTACHMENTS\COL_REPORT\3551815.pdf,3551815,Dry,56,PEDALCYCLIST STRUCK MOTOR VEHICLE LEFT SIDE SIDESWIPE,,14601,0,2,Injury Collision,,45,Bicycle,Matched,N,1,Clear or Partly Cloudy,0,31243,0,N,2013 239847
39395,"""(47.63385962000007, -122.32558709099999)""",150891,150911,Intersection,Cycles,\\sdotnasvfa\sdot_vol1\H8\PROD\ATTACHMENTS\COL_DIAGRAM\28186600.bmp,0, ,,0,,07/20/2013 07:00:00 AM +0000,7/20/2013 21:27,1,28332,At Intersection (intersection related),Dusk,EASTLAKE AVE E AND E GARFIELD ST,0,1,,3,\\sdotnasvfa\sdot_vol1\H8\PROD\ATTACHMENTS\COL_REPORT\3581833.pdf,3581833,Dry,18,"MOTOR VEHICLE STRUCK PEDALCYCLIST, FRONT END AT ANGLE",,10172,0,2,Injury Collision,,45,Bicycle,Matched,N,1,Clear or Partly Cloudy,0,24787,0,N,13-258487