OBJECTID,Shape,INCKEY,COLDETKEY,ADDRTYPE,COLLISIONTYPE,DIAGRAMLINK,DISTANCE,EXCEPTRSNCODE,EXCEPTRSNDESC,FATALITIES,INATTENTIONIND,INCDATE,INCDTTM,INJURIES,INTKEY,JUNCTIONTYPE,LIGHTCOND,LOCATION,PEDCOUNT,PEDCYLCOUNT,PEDROWNOTGRNT,PERSONCOUNT,REPORTLINK,REPORTNO,ROADCOND,SDOT_COLCODE,SDOT_COLDESC,SDOTCOLNUM,SEGKEY,SERIOUSINJURIES,SEVERITYCODE,SEVERITYDESC,SPEEDING,ST_COLCODE,ST_COLDESC,STATUS,UNDERINFL,VEHCOUNT,WEATHER,WIDTH,SEGLANEKEY,CROSSWALKKEY,HITPARKEDCAR,SPDCASENO
40792,"""(47.58590509800007, -122.29812770099994)""",154530,154550,Block,Cycles,\\sdotnasvfa\sdot_vol1\H8\PROD\ATTACHMENTS\COL_DIAGRAM\55215500.bmp,154.5, ,,0,,09/21/2013 07:00:00 AM +0000,9/21/2013 19:49,1,,Mid-Block (not related to intersection),Dark - Street Lights On,M L KING JR WAY S BETWEEN S HOLGATE ST AND S PLUM ST,0,1,,2,\\sdotnasvfa\sdot_vol1\H8\PROD\ATTACHMENTS\COL_REPORT\3590203.pdf,3590203,Dry,21,"MOTOR VEHICLE STRUCK PEDALCYCLIST, REAR END",,11513,1,2b,Serious Injury Collision,,45,Bicycle,Matched,N,1,Clear or Partly Cloudy,0,37774,0,N,13-344809
40811,"""(47.57931014500008, -122.386621376)""",154708,154728,Intersection,Cycles,\\sdotnasvfa\sdot_vol1\H8\PROD\ATTACHMENTS\COL_DIAGRAM\75183571.bmp,0, ,,0,Y,09/26/2013 07:00:00 AM +0000,9/26/2013 15:43,1,31082,At Intersection (intersection related),Daylight,CALIFORNIA AVE SW AND SW LANDER ST,0,1,Y,2,\\sdotnasvfa\sdot_vol1\H8\PROD\ATTACHMENTS\COL_REPORT\3386101.pdf,3386101,Dry,18,"MOTOR VEHICLE STRUCK PEDALCYCLIST, FRONT END AT ANGLE",,9541,1,2b,Serious Injury Collision,,45,Bicycle,Matched,N,1,Clear or Partly Cloudy,0,0,522657,N,13 350639
40825,"""(47.63372768100004, -122.28106301599996)""",152799,152819,Intersection,Cycles,\\sdotnasvfa\sdot_vol1\H8\PROD\ATTACHMENTS\COL_DIAGRAM\22648271.bmp,0, ,,0,Y,08/23/2013 07:00:00 AM +0000,8/23/2013 8:53,1,28530,At Intersection (intersection related),Daylight,MCGILVRA BLVD E AND E MADISON N ST,1,1,Y,3,\\sdotnasvfa\sdot_vol1\H8\PROD\ATTACHMENTS\COL_REPORT\3672510.pdf,3672510,Dry,64,PEDALCYCLIST STRUCK PEDESTRIAN,,11721,0,2,Injury Collision,Y,45,Bicycle,Matched,N,1,Overcast,0,34285,524080,N,13 304547
40833,"""(47.70144567700004, -122.35003997299998)""",153143,153163,Intersection,Cycles,\\sdotnasvfa\sdot_vol1\H8\PROD\ATTACHMENTS\COL_DIAGRAM\34185500.bmp,0, ,,0,,08/31/2013 07:00:00 AM +0000,8/31/2013 15:45,1,37407,At Intersection (intersection related),Daylight,FREMONT AVE N AND N 100TH ST,0,1,,3,\\sdotnasvfa\sdot_vol1\H8\PROD\ATTACHMENTS\COL_REPORT\3572878.pdf,3572878,Dry,18,"MOTOR VEHICLE STRUCK PEDALCYCLIST, FRONT END AT ANGLE",,10543,0,2,Injury Collision,,45,Bicycle,Matched,N,1,Clear or Partly Cloudy,0,0,0,N,13-316171
40846,"""(47.613495138000076, -122.31678450399994)""",152616,152636,Block,Cycles,\\sdotnasvfa\sdot_vol1\H8\PROD\ATTACHMENTS\COL_DIAGRAM\54185500.bmp,222, ,,0,,08/16/2013 07:00:00 AM +0000,8/16/2013 19:26,1,,Mid-Block (not related to intersection),Daylight,12TH AVE BETWEEN E MADISON ST AND E PIKE ST,0,1,,2,\\sdotnasvfa\sdot_vol1\H8\PROD\ATTACHMENTS\COL_REPORT\3672505.pdf,3672505,Dry,18,"MOTOR VEHICLE STRUCK PEDALCYCLIST, FRONT END AT ANGLE",,1536,0,2,Injury Collision,,45,Bicycle,Matched,N,1,Clear or Partly Cloudy,0,10773,0,N,2013-295754
40847,"""(47.69708410000004, -122.34459941499995)""",153138,153158,Intersection,Cycles,\\sdotnasvfa\sdot_vol1\H8\PROD\ATTACHMENTS\COL_DIAGRAM\77185370.bmp,0, ,,0,,08/29/2013 07:00:00 AM +0000,8/29/2013 15:37,0,37326,At Intersection (intersection related),Daylight,AURORA AVE N AND N 94TH ST,0,1,,2,\\sdotnasvfa\sdot_vol1\H8\PROD\ATTACHMENTS\COL_REPORT\3579622.pdf,3579622,Wet,18,"MOTOR VEHICLE STRUCK PEDALCYCLIST, FRONT END AT ANGLE",,8973,0,1,Property Damage Only Collision,,45,Bicycle,Matched,N,1,Overcast,0,16320,0,N,13-313375
40919,"""(47.64449321800004, -122.32588269599995)""",155237,155257,Intersection,Cycles,\\sdotnasvfa\sdot_vol1\H8\PROD\ATTACHMENTS\COL_DIAGRAM\55515600.bmp,0, ,,0,,10/09/2013 07:00:00 AM +0000,10/9/2013 14:48,1,28294,At Intersection (intersection related),Daylight,EASTLAKE AVE E AND E EDGAR ST,0,1,,2,\\sdotnasvfa\sdot_vol1\H8\PROD\ATTACHMENTS\COL_REPORT\3606537.pdf,3606537,Dry,51,PEDALCYCLIST STRUCK MOTOR VEHICLE FRONT END AT ANGLE,,10180,0,2,Injury Collision,,45,Bicycle,Matched,N,1,Clear or Partly Cloudy,0,24696,0,N,13-367218
40946,"""(47.68180341500005, -122.34989069199997)""",155063,155083,Intersection,Cycles,\\sdotnasvfa\sdot_vol1\H8\PROD\ATTACHMENTS\COL_DIAGRAM\33185500.bmp,0, ,,0,,10/06/2013 07:00:00 AM +0000,10/6/2013 12:04,1,24323,At Intersection (intersection related),Daylight,FREMONT AVE N AND N 73RD ST,0,1,,2,\\sdotnasvfa\sdot_vol1\H8\PROD\ATTACHMENTS\COL_REPORT\3609292.pdf,3609292,Dry,18,"MOTOR VEHICLE STRUCK PEDALCYCLIST, FRONT END AT ANGLE",,10516,0,2,Injury Collision,,45,Bicycle,Matched,N,1,Clear or Partly Cloudy,0,0,0,N,13-363466
40984,"""(47.69060246500004, -122.37895652499998)""",152634,152654,Intersection,Cycles,\\sdotnasvfa\sdot_vol1\H8\PROD\ATTACHMENTS\COL_DIAGRAM\33185500.bmp,0, ,,0,,08/19/2013 07:00:00 AM +0000,8/19/2013 17:04,1,36986,At Intersection (intersection related),Daylight,17TH AVE NW AND NW 85TH ST,0,1,,3,\\sdotnasvfa\sdot_vol1\H8\PROD\ATTACHMENTS\COL_REPORT\3572728.pdf,3572728,Dry,18,"MOTOR VEHICLE STRUCK PEDALCYCLIST, FRONT END AT ANGLE",,2458,0,2,Injury Collision,,45,Bicycle,Matched,N,1,Clear or Partly Cloudy,0,0,0,N,13-299698
40989,"""(47.68872436500004, -122.37679944799999)""",153152,153172,Intersection,Cycles,\\sdotnasvfa\sdot_vol1\H8\PROD\ATTACHMENTS\COL_DIAGRAM\11183300.bmp,0, ,,0,,08/30/2013 07:00:00 AM +0000,8/30/2013 15:32,2,23860,At Intersection (intersection related),Daylight,15TH AVE NW AND NW 83RD ST,0,1,,3,\\sdotnasvfa\sdot_vol1\H8\PROD\ATTACHMENTS\COL_REPORT\3502770.pdf,3502770,Dry,18,"MOTOR VEHICLE STRUCK PEDALCYCLIST, FRONT END AT ANGLE",,2119,0,2,Injury Collision,,45,Bicycle,Matched,N,1,Clear or Partly Cloudy,0,0,0,N,13-314712
40995,"""(47.67248685200008, -122.35437964699997)""",152813,152833,Intersection,Cycles,\\sdotnasvfa\sdot_vol1\H8\PROD\ATTACHMENTS\COL_DIAGRAM\11511200.bmp,0, ,,0,Y,08/09/2013 07:00:00 AM +0000,8/9/2013 19:21,1,25606,At Intersection (intersection related),Daylight,PHINNEY AVE N AND N 60TH ST,0,1,,2,\\sdotnasvfa\sdot_vol1\H8\PROD\ATTACHMENTS\COL_REPORT\3326098.pdf,3326098,Dry,51,PEDALCYCLIST STRUCK MOTOR VEHICLE FRONT END AT ANGLE,,12155,0,2,Injury Collision,,45,Bicycle,Matched,N,1,Clear or Partly Cloudy,0,3843,0,N,13-286440
41025,"""(47.58822858900004, -122.33419664299998)""",154091,154111,Intersection,Cycles,\\sdotnasvfa\sdot_vol1\H8\PROD\ATTACHMENTS\COL_DIAGRAM\34181771.bmp,0, ,,0,Y,09/16/2013 07:00:00 AM +0000,9/16/2013 17:30,1,31344,At Intersection (intersection related),Daylight,1ST AVE S AND S MASSACHUSETTS ST,0,1,,2,\\sdotnasvfa\sdot_vol1\H8\PROD\ATTACHMENTS\COL_REPORT\3581597.pdf,3581597,Dry,18,"MOTOR VEHICLE STRUCK PEDALCYCLIST, FRONT END AT ANGLE",,1204,0,2,Injury Collision,,45,Bicycle,Matched,N,1,Clear or Partly Cloudy,0,0,600377,N,13-337923
41054,"""(47.58295465400005, -122.28765893499997)""",155070,155090,Intersection,Cycles,\\sdotnasvfa\sdot_vol1\H8\PROD\ATTACHMENTS\COL_DIAGRAM\21184400.bmp,0, ,,0,,10/05/2013 07:00:00 AM +0000,10/5/2013 14:07,1,30851,At Intersection (intersection related),Daylight,LAKE PARK DR S AND LAKE WASHINGTON BLVD S,0,1,Y,2,\\sdotnasvfa\sdot_vol1\H8\PROD\ATTACHMENTS\COL_REPORT\3671921.pdf,3671921,Dry,18,"MOTOR VEHICLE STRUCK PEDALCYCLIST, FRONT END AT ANGLE",,11193,0,2,Injury Collision,,45,Bicycle,Matched,N,1,Clear or Partly Cloudy,0,38003,0,N,13-362350
41067,"""(47.70836469600005, -122.29009500399997)""",154914,154934,Block,Cycles,\\sdotnasvfa\sdot_vol1\H8\PROD\ATTACHMENTS\COL_DIAGRAM\55517700.bmp,165, ,,0,,10/01/2013 07:00:00 AM +0000,10/1/2013 8:26,1,,Mid-Block (not related to intersection),Daylight,NE 110TH ST BETWEEN 35TH AVE NE AND 36TH AVE NE,0,1,,2,\\sdotnasvfa\sdot_vol1\H8\PROD\ATTACHMENTS\COL_REPORT\3501410.pdf,3501410,Wet,51,PEDALCYCLIST STRUCK MOTOR VEHICLE FRONT END AT ANGLE,,16289,0,2,Injury Collision,,45,Bicycle,Matched,N,1,Raining,0,0,0,N,13-356623
41076,"""(47.60925181700003, -122.33733769199995)""",154544,154564,Block,Cycles,\\sdotnasvfa\sdot_vol1\H8\PROD\ATTACHMENTS\COL_DIAGRAM\88218900.bmp,213, ,,0,,09/19/2013 07:00:00 AM +0000,9/19/2013 15:55,2,,Mid-Block (but intersection related),Daylight,3RD AVE BETWEEN UNION ST AND PIKE ST,1,1,,3,\\sdotnasvfa\sdot_vol1\H8\PROD\ATTACHMENTS\COL_REPORT\3644036.pdf,3644036,Dry,21,"MOTOR VEHICLE STRUCK PEDALCYCLIST, REAR END",,4383,0,2,Injury Collision,,45,Bicycle,Matched,N,1,Clear or Partly Cloudy,0,35807,0,N,13 341772
41096,"""(47.61354689900003, -122.30269424)""",153374,153394,Block,Cycles,\\sdotnasvfa\sdot_vol1\H8\PROD\ATTACHMENTS\COL_DIAGRAM\12185500.bmp,221.5, ,,0,,09/03/2013 07:00:00 AM +0000,9/3/2013 11:22,1,,Driveway Junction,Daylight,23RD AVE BETWEEN E UNION ST AND E PIKE ST,0,1,,2,\\sdotnasvfa\sdot_vol1\H8\PROD\ATTACHMENTS\COL_REPORT\3326099.pdf,3326099,Wet,18,"MOTOR VEHICLE STRUCK PEDALCYCLIST, FRONT END AT ANGLE",,3363,0,2,Injury Collision,,45,Bicycle,Matched,N,1,Raining,0,0,0,N,13-319661
41109,"""(47.605872617000045, -122.33578172399996)""",152648,152668,Intersection,Cycles,\\sdotnasvfa\sdot_vol1\H8\PROD\ATTACHMENTS\COL_DIAGRAM\43184400.bmp,0, ,,0,Y,08/14/2013 07:00:00 AM +0000,8/14/2013 8:45,1,29613,At Intersection (intersection related),Daylight,2ND AVE AND SPRING ST,0,1,,2,\\sdotnasvfa\sdot_vol1\H8\PROD\ATTACHMENTS\COL_REPORT\3550118.pdf,3550118,Dry,18,"MOTOR VEHICLE STRUCK PEDALCYCLIST, FRONT END AT ANGLE",,2754,0,2,Injury Collision,,45,Bicycle,Matched,N,1,Clear or Partly Cloudy,0,12144,0,N,2013-292344
41120,"""(47.68318391400004, -122.38755895899999)""",152645,152665,Intersection,Cycles,\\sdotnasvfa\sdot_vol1\H8\PROD\ATTACHMENTS\COL_DIAGRAM\32185500.bmp,0, ,,0,,08/13/2013 07:00:00 AM +0000,8/13/2013 18:45,1,23894,At Intersection (intersection related),Daylight,24TH AVE NW AND NW 75TH ST,0,1,,2,\\sdotnasvfa\sdot_vol1\H8\PROD\ATTACHMENTS\COL_REPORT\3553936.pdf,3553936,Dry,18,"MOTOR VEHICLE STRUCK PEDALCYCLIST, FRONT END AT ANGLE",,3604,0,2,Injury Collision,,45,Bicycle,Matched,N,1,Clear or Partly Cloudy,0,2181,0,N,13-291627
41125,"""(47.62251474200008, -122.28551409399995)""",153161,153181,Intersection,Cycles,\\sdotnasvfa\sdot_vol1\H8\PROD\ATTACHMENTS\COL_DIAGRAM\33517500.bmp,0, ,,0,,08/30/2013 07:00:00 AM +0000,8/30/2013 18:34,1,29459,At Intersection (intersection related),Daylight,37TH AVE E AND LAKE WASHINGTON BLVD E,0,1,,2,\\sdotnasvfa\sdot_vol1\H8\PROD\ATTACHMENTS\COL_REPORT\3476710.pdf,3476710,Dry,51,PEDALCYCLIST STRUCK MOTOR VEHICLE FRONT END AT ANGLE,,11204,1,2b,Serious Injury Collision,,45,Bicycle,Matched,N,1,Clear or Partly Cloudy,0,0,0,N,13-314929
41149,"""(47.65339944100003, -122.31333457599999)""",153933,153953,Intersection,Cycles,\\sdotnasvfa\sdot_vol1\H8\PROD\ATTACHMENTS\COL_DIAGRAM\55187171.bmp,0, ,,0,,09/12/2013 07:00:00 AM +0000,9/12/2013 15:00,1,27167,At Intersection (intersection related),Daylight,UNIVERSITY WAY NE AND NE PACIFIC ST,0,1,Y,2,\\sdotnasvfa\sdot_vol1\H8\PROD\ATTACHMENTS\COL_REPORT\3672587.pdf,3672587,Dry,18,"MOTOR VEHICLE STRUCK PEDALCYCLIST, FRONT END AT ANGLE",,13215,0,2,Injury Collision,,45,Bicycle,Matched,N,1,Clear or Partly Cloudy,0,0,524617,N,13-331064
41179,"""(47.65894425400006, -122.36471610299998)""",153937,153957,Intersection,Cycles,\\sdotnasvfa\sdot_vol1\H8\PROD\ATTACHMENTS\COL_DIAGRAM\31187171.bmp,0, ,,0,,09/11/2013 07:00:00 AM +0000,9/11/2013 11:00,1,26627,At Intersection (intersection related),Daylight,LEARY WAY NW AND NW 43RD ST,0,1,Y,2,\\sdotnasvfa\sdot_vol1\H8\PROD\ATTACHMENTS\COL_REPORT\3646000.pdf,3646000,Dry,18,"MOTOR VEHICLE STRUCK PEDALCYCLIST, FRONT END AT ANGLE",,11342,0,2,Injury Collision,,45,Bicycle,Matched,N,1,Clear or Partly Cloudy,0,0,523087,N,13-330605
41185,"""(47.65953408100006, -122.38390964399997)""",154237,154257,Block,Cycles,\\sdotnasvfa\sdot_vol1\H8\PROD\ATTACHMENTS\COL_DIAGRAM\11187700.bmp,185, ,,0,,08/09/2012 07:00:00 AM +0000,8/9/2012 14:41,1,,Mid-Block (not related to intersection),Daylight,W COMMODORE WAY BETWEEN 21ST AVE W AND 22ND AVE W,0,1,,2,\\sdotnasvfa\sdot_vol1\H8\PROD\ATTACHMENTS\COL_REPORT\3549355.pdf,3549355,Dry,18,"MOTOR VEHICLE STRUCK PEDALCYCLIST, FRONT END AT ANGLE",,23163,0,2,Injury Collision,,45,Bicycle,Matched,N,1,Clear or Partly Cloudy,0,0,0,N,12-262529
41219,"""(47.60230560100007, -122.33251943999994)""",154922,154942,Intersection,Cycles,\\sdotnasvfa\sdot_vol1\H8\PROD\ATTACHMENTS\COL_DIAGRAM\43184400.bmp,0, ,,0,,10/02/2013 07:00:00 AM +0000,10/2/2013 15:26,1,30482,At Intersection (intersection related),Daylight,2ND AVE AND JAMES ST,0,1,Y,2,\\sdotnasvfa\sdot_vol1\H8\PROD\ATTACHMENTS\COL_REPORT\3585426.pdf,3585426,Wet,18,"MOTOR VEHICLE STRUCK PEDALCYCLIST, FRONT END AT ANGLE",,2749,0,2,Injury Collision,,45,Bicycle,Matched,N,1,Overcast,0,12029,0,N,13-358375
41266,"""(47.65751422500006, -122.31780212899997)""",153609,153629,Intersection,Cycles,\\sdotnasvfa\sdot_vol1\H8\PROD\ATTACHMENTS\COL_DIAGRAM\55515600.bmp,0, ,,0,,09/10/2013 07:00:00 AM +0000,9/10/2013 16:30,1,27093,At Intersection (intersection related),Daylight,ROOSEVELT WAY NE AND NE 42ND S ST,0,1,,3,\\sdotnasvfa\sdot_vol1\H8\PROD\ATTACHMENTS\COL_REPORT\3641710.pdf,3641710,Dry,51,PEDALCYCLIST STRUCK MOTOR VEHICLE FRONT END AT ANGLE,,12595,0,2,Injury Collision,,45,Bicycle,Matched,N,1,Clear or Partly Cloudy,0,8986,0,N,2013-329653
41268,"""(47.684396667000044, -122.33501327199997)""",153608,153628,Intersection,Cycles,\\sdotnasvfa\sdot_vol1\H8\PROD\ATTACHMENTS\COL_DIAGRAM\81188800.bmp,0, ,,0,,09/09/2013 07:00:00 AM +0000,9/9/2013 19:54,1,24247,At Intersection (intersection related),Dusk,EAST GREEN LAKE DR N AND N 77TH ST,0,1,Y,2,\\sdotnasvfa\sdot_vol1\H8\PROD\ATTACHMENTS\COL_REPORT\3645996.pdf,3645996,Dry,18,"MOTOR VEHICLE STRUCK PEDALCYCLIST, FRONT END AT ANGLE",,14066,0,2,Injury Collision,,45,Bicycle,Matched,N,1,Clear or Partly Cloudy,0,7346,0,N,13-328454
41279,"""(47.61150400100007, -122.34434338299997)""",153180,153184,Block,Cycles,\\sdotnasvfa\sdot_vol1\H8\PROD\ATTACHMENTS\COL_DIAGRAM\66556600.bmp,161, ,,0,,09/01/2013 07:00:00 AM +0000,9/1/2013 13:04,1,,Mid-Block (not related to intersection),Daylight,LENORA ST BETWEEN WESTERN AVE AND 1ST AVE,0,1,,5,\\sdotnasvfa\sdot_vol1\H8\PROD\ATTACHMENTS\COL_REPORT\3574402.pdf,3574402,Dry,55,PEDALCYCLIST STRUCK MOTOR VEHICLE RIGHT SIDE SIDESWIPE,,11366,0,2,Injury Collision,Y,45,Bicycle,Matched,N,2,Clear or Partly Cloudy,0,36975,0,N,13 317287
41300,"""(47.64687291300004, -122.33516875699996)""",154116,154136,Intersection,Cycles,\\sdotnasvfa\sdot_vol1\H8\PROD\ATTACHMENTS\COL_DIAGRAM\55183300.bmp,0, ,,0,,08/22/2012 07:00:00 AM +0000,8/22/2012 17:22,1,26916,At Intersection (intersection related),Dusk,BURKE AVE N AND N NORTHLAKE WAY,0,1,Y,3,\\sdotnasvfa\sdot_vol1\H8\PROD\ATTACHMENTS\COL_REPORT\3376825.pdf,3376825,Dry,18,"MOTOR VEHICLE STRUCK PEDALCYCLIST, FRONT END AT ANGLE",,9499,0,2,Injury Collision,,45,Bicycle,Matched,N,1,Clear or Partly Cloudy,0,0,630885,N,12-280446
41313,"""(47.66791249800008, -122.36617990299999)""",154561,154581,Intersection,Cycles,\\sdotnasvfa\sdot_vol1\H8\PROD\ATTACHMENTS\COL_DIAGRAM\55515600.bmp,0, ,,0,,09/25/2013 07:00:00 AM +0000,9/25/2013 7:51,1,25432,At Intersection (intersection related),Daylight,8TH AVE NW AND NW 54TH ST,0,1,,4,\\sdotnasvfa\sdot_vol1\H8\PROD\ATTACHMENTS\COL_REPORT\3609358.pdf,3609358,Wet,51,PEDALCYCLIST STRUCK MOTOR VEHICLE FRONT END AT ANGLE,,8383,0,2,Injury Collision,,45,Bicycle,Matched,N,1,Overcast,0,2394,0,N,13-348951
41325,"""(47.596258136000074, -122.32637212399999)""",154243,154263,Block,Cycles,\\sdotnasvfa\sdot_vol1\H8\PROD\ATTACHMENTS\COL_DIAGRAM\33181907.bmp,153, ,,0,Y,09/18/2013 07:00:00 AM +0000,9/18/2013 14:23,0,,Driveway Junction,Daylight,6TH AVE S BETWEEN S LANE ST AND S DEARBORN ST,0,1,,2,\\sdotnasvfa\sdot_vol1\H8\PROD\ATTACHMENTS\COL_REPORT\3574876.pdf,3574876,Dry,18,"MOTOR VEHICLE STRUCK PEDALCYCLIST, FRONT END AT ANGLE",,7986,0,1,Property Damage Only Collision,,45,Bicycle,Matched,N,1,Clear or Partly Cloudy,0,0,0,N,13-340335
41340,"""(47.56955574600005, -122.37071275099999)""",153008,153028,Block,Cycles,\\sdotnasvfa\sdot_vol1\H8\PROD\ATTACHMENTS\COL_DIAGRAM\11541100.bmp,114, ,,0,Y,08/16/2013 07:00:00 AM +0000,8/16/2013 17:54,0,,Mid-Block (not related to intersection),Daylight,SW AVALON WAY BETWEEN SW CHARLESTOWN ST AND SW BRADFORD ST,0,1,,2,\\sdotnasvfa\sdot_vol1\H8\PROD\ATTACHMENTS\COL_REPORT\3465311.pdf,3465311,Dry,54,PEDALCYCLIST STRUCK MOTOR VEHICLE REAR END,,21817,0,1,Property Damage Only Collision,,45,Bicycle,Matched,N,1,Clear or Partly Cloudy,0,3422,0,N,13-295658
41368,"""(47.66135208600008, -122.32671661299997)""",154932,154952,Block,Cycles,\\sdotnasvfa\sdot_vol1\H8\PROD\ATTACHMENTS\COL_DIAGRAM\34183300.bmp,132, ,,0,Y,10/01/2013 07:00:00 AM +0000,10/1/2013 13:45,1,,Mid-Block (not related to intersection),Daylight,NE 45TH ST BETWEEN 2ND AVE NE AND THACKERAY PL NE,0,1,,2,\\sdotnasvfa\sdot_vol1\H8\PROD\ATTACHMENTS\COL_REPORT\3582129.pdf,3582129,Dry,18,"MOTOR VEHICLE STRUCK PEDALCYCLIST, FRONT END AT ANGLE",,16839,0,2,Injury Collision,,45,Bicycle,Matched,N,1,Clear or Partly Cloudy,0,6536,0,N,13-356982
41393,"""(47.63633468300003, -122.37613940999995)""",153782,153802,Block,Cycles,\\sdotnasvfa\sdot_vol1\H8\PROD\ATTACHMENTS\COL_DIAGRAM\18185500.bmp,139.5, ,,0,Y,09/11/2013 07:00:00 AM +0000,9/11/2013 8:53,1,,Driveway Junction,Daylight,15TH AVE W BETWEEN W HOWE ST AND W NEWTON ST,0,1,,2,\\sdotnasvfa\sdot_vol1\H8\PROD\ATTACHMENTS\COL_REPORT\3574654.pdf,3574654,Dry,18,"MOTOR VEHICLE STRUCK PEDALCYCLIST, FRONT END AT ANGLE",,2186,0,2,Injury Collision,,45,Bicycle,Matched,N,1,Clear or Partly Cloudy,0,19025,0,N,2013-330470
41484,"""(47.652037807000056, -122.34992726899998)""",154935,154955,Block,Cycles,\\sdotnasvfa\sdot_vol1\H8\PROD\ATTACHMENTS\COL_DIAGRAM\17185500.bmp,252, ,,0,Y,10/01/2013 07:00:00 AM +0000,10/1/2013 8:50,1,,Driveway Junction,Daylight,FREMONT AVE N BETWEEN N 36TH ST AND N 38TH ST,1,1,,4,\\sdotnasvfa\sdot_vol1\H8\PROD\ATTACHMENTS\COL_REPORT\3582130.pdf,3582130,Wet,18,"MOTOR VEHICLE STRUCK PEDALCYCLIST, FRONT END AT ANGLE",,10487,0,2,Injury Collision,,45,Bicycle,Matched,N,1,Raining,0,8364,0,N,13-356719
41486,"""(47.60620304500003, -122.31678046599995)""",154250,154270,Intersection,Cycles,\\sdotnasvfa\sdot_vol1\H8\PROD\ATTACHMENTS\COL_DIAGRAM\33213300.bmp,0, ,,0,,08/14/2012 07:00:00 AM +0000,8/14/2012 10:06,0,29809,At Intersection (intersection related),Daylight,12TH AVE AND E JEFFERSON ST,0,1,Y,2,\\sdotnasvfa\sdot_vol1\H8\PROD\ATTACHMENTS\COL_REPORT\3552212.pdf,3552212,Dry,21,"MOTOR VEHICLE STRUCK PEDALCYCLIST, REAR END",,1529,0,1,Property Damage Only Collision,,45,Bicycle,Matched,N,1,Clear or Partly Cloudy,0,10465,0,N,12-269024
41530,"""(47.72263940000005, -122.29083126699999)""",155275,155295,Intersection,Cycles,\\sdotnasvfa\sdot_vol1\H8\PROD\ATTACHMENTS\COL_DIAGRAM\32181100.bmp,0, ,,0,,10/11/2013 07:00:00 AM +0000,10/11/2013 17:43,1,36202,At Intersection (intersection related),Dusk,35TH AVE NE AND NE 130TH S ST,0,1,,3,\\sdotnasvfa\sdot_vol1\H8\PROD\ATTACHMENTS\COL_REPORT\3502890.pdf,3502890,Dry,18,"MOTOR VEHICLE STRUCK PEDALCYCLIST, FRONT END AT ANGLE",,5397,0,2,Injury Collision,,45,Bicycle,Matched,N,1,Clear or Partly Cloudy,0,7835,0,N,13-320034
41545,"""(47.65157827200005, -122.32127525699997)""",157327,157347,Intersection,Cycles,\\sdotnasvfa\sdot_vol1\H8\PROD\ATTACHMENTS\COL_DIAGRAM\66516700.bmp,0, ,,0,Y,11/19/2013 08:00:00 AM +0000,11/19/2013 12:47,1,27153,At Intersection (intersection related),Daylight,EASTLAKE AVE E AND FUHRMAN AVE E,0,1,,4,\\sdotnasvfa\sdot_vol1\H8\PROD\ATTACHMENTS\COL_REPORT\3672411.pdf,3672411,Wet,51,PEDALCYCLIST STRUCK MOTOR VEHICLE FRONT END AT ANGLE,,10579,0,2,Injury Collision,,45,Bicycle,Matched,N,1,Overcast,0,15462,0,N,13-418843
41568,"""(47.65297596400006, -122.31246414499998)""",153791,153811,Intersection,Cycles,\\sdotnasvfa\sdot_vol1\H8\PROD\ATTACHMENTS\COL_DIAGRAM\78187700.bmp,0, ,,0,Y,06/13/2013 07:00:00 AM +0000,6/13/2013 7:08,1,27149,At Intersection (intersection related),Daylight,15TH AVE NE AND NE PACIFIC ST,0,1,Y,2,\\sdotnasvfa\sdot_vol1\H8\PROD\ATTACHMENTS\COL_REPORT\3520208.pdf,3520208,Dry,18,"MOTOR VEHICLE STRUCK PEDALCYCLIST, FRONT END AT ANGLE",,2028,0,2,Injury Collision,,45,Bicycle,Matched,N,1,Clear or Partly Cloudy,0,0,520838,N,13-001560
41576,"""(47.615449718000036, -122.33072969599999)""",158308,158328,Intersection,Cycles,\\sdotnasvfa\sdot_vol1\H8\PROD\ATTACHMENTS\COL_DIAGRAM\44186600.bmp,0, ,,0,Y,12/12/2013 08:00:00 AM +0000,12/12/2013 14:05,1,29865,At Intersection (intersection related),Daylight,BOREN AVE AND OLIVE WAY,0,1,,2,\\sdotnasvfa\sdot_vol1\H8\PROD\ATTACHMENTS\COL_REPORT\3640932.pdf,3640932,Wet,18,"MOTOR VEHICLE STRUCK PEDALCYCLIST, FRONT END AT ANGLE",,9321,1,2b,Serious Injury Collision,,45,Bicycle,Matched,Y,1,Raining,0,23287,0,N,2013-444868
41623,"""(47.66692039000003, -122.36080133399997)""",155833,155853,Intersection,Cycles,\\sdotnasvfa\sdot_vol1\H8\PROD\ATTACHMENTS\COL_DIAGRAM\11514400.bmp,0, ,,0,,10/25/2013 07:00:00 AM +0000,10/25/2013 19:14,1,25334,At Intersection (intersection related),Dark - Street Lights On,3RD AVE NW AND NW MARKET ST,0,1,,2,\\sdotnasvfa\sdot_vol1\H8\PROD\ATTACHMENTS\COL_REPORT\3502814.pdf,3502814,Dry,51,PEDALCYCLIST STRUCK MOTOR VEHICLE FRONT END AT ANGLE,,4454,0,2,Injury Collision,,45,Bicycle,Matched,N,1,Clear or Partly Cloudy,0,22096,0,N,13 387979