OBJECTID,Shape,INCKEY,COLDETKEY,ADDRTYPE,COLLISIONTYPE,DIAGRAMLINK,DISTANCE,EXCEPTRSNCODE,EXCEPTRSNDESC,FATALITIES,INATTENTIONIND,INCDATE,INCDTTM,INJURIES,INTKEY,JUNCTIONTYPE,LIGHTCOND,LOCATION,PEDCOUNT,PEDCYLCOUNT,PEDROWNOTGRNT,PERSONCOUNT,REPORTLINK,REPORTNO,ROADCOND,SDOT_COLCODE,SDOT_COLDESC,SDOTCOLNUM,SEGKEY,SERIOUSINJURIES,SEVERITYCODE,SEVERITYDESC,SPEEDING,ST_COLCODE,ST_COLDESC,STATUS,UNDERINFL,VEHCOUNT,WEATHER,WIDTH,SEGLANEKEY,CROSSWALKKEY,HITPARKEDCAR,SPDCASENO
42738,"""(47.654209094000066, -122.31447179599996)""",156430,156450,Intersection,Cycles,\\sdotnasvfa\sdot_vol1\H8\PROD\ATTACHMENTS\COL_DIAGRAM\55188800.bmp,0, ,,0,,11/07/2013 08:00:00 AM +0000,11/7/2013 7:54,1,287158,At Intersection (intersection related),Daylight,BROOKLYN AVE NE AND BURKE GILMAN TRL,0,1,,2,\\sdotnasvfa\sdot_vol1\H8\PROD\ATTACHMENTS\COL_REPORT\3501719.pdf,3501719,Wet,18,"MOTOR VEHICLE STRUCK PEDALCYCLIST, FRONT END AT ANGLE",,287256,0,2,Injury Collision,,45,Bicycle,Matched,N,1,Raining,0,0,525567,N,2013-403979
42752,"""(47.67771391600007, -122.37890792699994)""",156616,156636,Intersection,Cycles,\\sdotnasvfa\sdot_vol1\H8\PROD\ATTACHMENTS\COL_DIAGRAM\54187700.bmp,0, ,,0,,11/07/2013 08:00:00 AM +0000,11/7/2013 15:30,1,23940,At Intersection (intersection related),Daylight,17TH AVE NW AND NW 67TH ST,0,1,,2,\\sdotnasvfa\sdot_vol1\H8\PROD\ATTACHMENTS\COL_REPORT\3564641.pdf,3564641,Wet,18,"MOTOR VEHICLE STRUCK PEDALCYCLIST, FRONT END AT ANGLE",,2451,0,2,Injury Collision,,45,Bicycle,Matched,N,1,Raining,0,0,0,N,13-405207
42815,"""(47.60253667200004, -122.33196570599995)""",156072,156092,Block,Cycles,\\sdotnasvfa\sdot_vol1\H8\PROD\ATTACHMENTS\COL_DIAGRAM\65186600.bmp,161, ,,0,,10/24/2013 07:00:00 AM +0000,10/24/2013 14:25,1,,Mid-Block (not related to intersection),Daylight,JAMES ST BETWEEN 2ND AVE AND 3RD AVE,0,1,,2,\\sdotnasvfa\sdot_vol1\H8\PROD\ATTACHMENTS\COL_REPORT\3585177.pdf,3585177,Dry,18,"MOTOR VEHICLE STRUCK PEDALCYCLIST, FRONT END AT ANGLE",,11050,0,2,Injury Collision,,45,Bicycle,Matched,N,1,Overcast,0,24805,0,N,13 386345
42875,"""(47.57139257500006, -122.33419371699995)""",156815,156835,Intersection,Cycles,\\sdotnasvfa\sdot_vol1\H8\PROD\ATTACHMENTS\COL_DIAGRAM\12183300.bmp,0, ,,0,Y,11/08/2013 08:00:00 AM +0000,11/8/2013 9:09,0,32340,At Intersection (intersection related),Daylight,1ST AVE S AND S SPOKANE SR ST,0,1,,2,\\sdotnasvfa\sdot_vol1\H8\PROD\ATTACHMENTS\COL_REPORT\3643233.pdf,3643233,Dry,18,"MOTOR VEHICLE STRUCK PEDALCYCLIST, FRONT END AT ANGLE",,1214,0,1,Property Damage Only Collision,,45,Bicycle,Matched,N,1,Clear or Partly Cloudy,0,39236,0,N,2013-405284
42885,"""(47.60130412800004, -122.33418005599998)""",157256,157276,Block,Cycles,\\sdotnasvfa\sdot_vol1\H8\PROD\ATTACHMENTS\COL_DIAGRAM\12181100.bmp,153, ,,0,,11/20/2013 08:00:00 AM +0000,11/20/2013 16:47,1,,Mid-Block (not related to intersection),Dark - Street Lights On,1ST AVE S BETWEEN YESLER WAY AND S WASHINGTON ST,0,1,,2,\\sdotnasvfa\sdot_vol1\H8\PROD\ATTACHMENTS\COL_REPORT\3465963.pdf,3465963,Dry,18,"MOTOR VEHICLE STRUCK PEDALCYCLIST, FRONT END AT ANGLE",,1185,0,2,Injury Collision,,45,Bicycle,Matched,N,1,Clear or Partly Cloudy,0,36174,0,N,13-420372
42892,"""(47.61393610700003, -122.34349377199999)""",157045,157065,Intersection,Cycles,\\sdotnasvfa\sdot_vol1\H8\PROD\ATTACHMENTS\COL_DIAGRAM\43188800.bmp,0, ,,0,,11/14/2013 08:00:00 AM +0000,11/14/2013 21:36,1,29547,At Intersection (intersection related),Dark - Street Lights On,3RD AVE AND BLANCHARD ST,0,1,,2,\\sdotnasvfa\sdot_vol1\H8\PROD\ATTACHMENTS\COL_REPORT\3644094.pdf,3644094,Dry,18,"MOTOR VEHICLE STRUCK PEDALCYCLIST, FRONT END AT ANGLE",,4389,0,2,Injury Collision,,45,Bicycle,Matched,N,1,Clear or Partly Cloudy,0,35698,0,N,13-413438
42894,"""(47.60306058300006, -122.33778754599996)""",157043,157063,Intersection,Cycles,\\sdotnasvfa\sdot_vol1\H8\PROD\ATTACHMENTS\COL_DIAGRAM\81188800.bmp,0, ,,0,Y,11/15/2013 08:00:00 AM +0000,11/15/2013 17:24,1,30379,At Intersection (intersection related),Daylight,ALASKAN WAY AND MARION ST,0,1,,2,\\sdotnasvfa\sdot_vol1\H8\PROD\ATTACHMENTS\COL_REPORT\3643866.pdf,3643866,Dry,18,"MOTOR VEHICLE STRUCK PEDALCYCLIST, FRONT END AT ANGLE",,8719,0,2,Injury Collision,,45,Bicycle,Matched,N,1,Clear or Partly Cloudy,0,0,0,N,13-414430
42910,"""(47.64854072800006, -122.34277540199997)""",158254,158274,Intersection,Cycles,\\sdotnasvfa\sdot_vol1\H8\PROD\ATTACHMENTS\COL_DIAGRAM\34183300.bmp,0, ,,0,,12/10/2013 08:00:00 AM +0000,12/10/2013 8:06,1,26896,At Intersection (intersection related),Daylight,STONE WAY N AND N 34TH ST,0,1,,5,\\sdotnasvfa\sdot_vol1\H8\PROD\ATTACHMENTS\COL_REPORT\3501356.pdf,3501356,Dry,18,"MOTOR VEHICLE STRUCK PEDALCYCLIST, FRONT END AT ANGLE",,12955,0,2,Injury Collision,,45,Bicycle,Matched,N,1,Overcast,0,0,523424,N,13-442233
42937,"""(47.661357277000036, -122.32775751099996)""",158059,158079,Block,Cycles,\\sdotnasvfa\sdot_vol1\H8\PROD\ATTACHMENTS\COL_DIAGRAM\32183300.bmp,124.5, ,,0,Y,10/08/2013 07:00:00 AM +0000,10/8/2013 15:08,1,,Mid-Block (not related to intersection),Daylight,NE 45TH ST BETWEEN 1ST AVE NE AND 2ND AVE NE,0,1,,2,\\sdotnasvfa\sdot_vol1\H8\PROD\ATTACHMENTS\COL_REPORT\3582463.pdf,3582463,Dry,18,"MOTOR VEHICLE STRUCK PEDALCYCLIST, FRONT END AT ANGLE",,16838,0,2,Injury Collision,,45,Bicycle,Matched,N,1,Clear or Partly Cloudy,0,6532,0,N,2013-365932
42981,"""(47.615228063000075, -122.32394607099997)""",155918,155938,Block,Cycles,\\sdotnasvfa\sdot_vol1\H8\PROD\ATTACHMENTS\COL_DIAGRAM\77569700.bmp,130.5, ,,0,,10/27/2013 07:00:00 AM +0000,10/27/2013 16:26,0,,Mid-Block (not related to intersection),Daylight,E PINE ST BETWEEN BELMONT AVE AND BOYLSTON AVE,0,1,Y,2,\\sdotnasvfa\sdot_vol1\H8\PROD\ATTACHMENTS\COL_REPORT\3672855.pdf,3672855,Dry,56,PEDALCYCLIST STRUCK MOTOR VEHICLE LEFT SIDE SIDESWIPE,,14631,0,1,Property Damage Only Collision,,45,Bicycle,Matched,N,1,Clear or Partly Cloudy,0,10368,0,N,2013-390503
43005,"""(47.63029977200006, -122.32888190799997)""",156637,156657,Block,Cycles,\\sdotnasvfa\sdot_vol1\H8\PROD\ATTACHMENTS\COL_DIAGRAM\66216600.bmp,765, ,,0,Y,11/07/2013 08:00:00 AM +0000,11/7/2013 8:37,1,,Mid-Block (not related to intersection),Daylight,FAIRVIEW AVE N BETWEEN YALE AVE N AND FAIRVIEW AVE E,0,1,,2,\\sdotnasvfa\sdot_vol1\H8\PROD\ATTACHMENTS\COL_REPORT\3573315.pdf,3573315,Wet,21,"MOTOR VEHICLE STRUCK PEDALCYCLIST, REAR END",,10357,0,2,Injury Collision,,45,Bicycle,Matched,N,1,Raining,0,25370,0,N,13-404024
43027,"""(47.65157827200005, -122.32127525699997)""",156823,156843,Intersection,Cycles,\\sdotnasvfa\sdot_vol1\H8\PROD\ATTACHMENTS\COL_DIAGRAM\64182471.bmp,0, ,,0,,11/08/2013 08:00:00 AM +0000,11/8/2013 12:43,1,27153,At Intersection (intersection related),Daylight,EASTLAKE AVE E AND FUHRMAN AVE E,0,1,,2,\\sdotnasvfa\sdot_vol1\H8\PROD\ATTACHMENTS\COL_REPORT\3672884.pdf,3672884,Dry,18,"MOTOR VEHICLE STRUCK PEDALCYCLIST, FRONT END AT ANGLE",,10579,1,2b,Serious Injury Collision,,45,Bicycle,Matched,N,1,Clear or Partly Cloudy,0,6078,0,N,2013-405499
43176,"""(47.66262431400003, -122.33194354999995)""",157631,157651,Block,Cycles,\\sdotnasvfa\sdot_vol1\H8\PROD\ATTACHMENTS\COL_DIAGRAM\32183300.bmp,147, ,,0,Y,11/23/2013 08:00:00 AM +0000,11/23/2013 12:38,1,,Mid-Block (not related to intersection),Daylight,N 46TH ST BETWEEN BAGLEY AVE N AND CORLISS AVE N,0,1,,3,\\sdotnasvfa\sdot_vol1\H8\PROD\ATTACHMENTS\COL_REPORT\3508191.pdf,3508191,Dry,18,"MOTOR VEHICLE STRUCK PEDALCYCLIST, FRONT END AT ANGLE",,15574,0,2,Injury Collision,,45,Bicycle,Matched,N,1,Clear or Partly Cloudy,0,0,0,N,13-423816
43366,"""(47.61643219200005, -122.31687284899999)""",155943,155963,Intersection,Cycles,\\sdotnasvfa\sdot_vol1\H8\PROD\ATTACHMENTS\COL_DIAGRAM\17185500.bmp,0, ,,0,Y,10/28/2013 07:00:00 AM +0000,10/28/2013 9:40,1,29729,At Intersection (intersection related),Daylight,12TH AVE AND E OLIVE ST,0,1,Y,2,\\sdotnasvfa\sdot_vol1\H8\PROD\ATTACHMENTS\COL_REPORT\3672575.pdf,3672575,Dry,18,"MOTOR VEHICLE STRUCK PEDALCYCLIST, FRONT END AT ANGLE",,1548,0,2,Injury Collision,,45,Bicycle,Matched,N,1,Clear or Partly Cloudy,0,10853,0,N,13 391218
43398,"""(47.66626671800003, -122.30060497999995)""",157293,157313,Intersection,Cycles,\\sdotnasvfa\sdot_vol1\H8\PROD\ATTACHMENTS\COL_DIAGRAM\33181771.bmp,0, ,,0,,11/19/2013 08:00:00 AM +0000,11/19/2013 17:30,1,25949,At Intersection (intersection related),Dark - Street Lights On,25TH AVE NE AND NE BLAKELEY ST,0,1,Y,2,\\sdotnasvfa\sdot_vol1\H8\PROD\ATTACHMENTS\COL_REPORT\3386458.pdf,3386458,Dry,18,"MOTOR VEHICLE STRUCK PEDALCYCLIST, FRONT END AT ANGLE",,3723,0,2,Injury Collision,,45,Bicycle,Matched,N,1,Overcast,0,0,524371,N,13-419864
43421,"""(47.60169019500006, -122.31492849999995)""",157461,157481,Intersection,Cycles,\\sdotnasvfa\sdot_vol1\H8\PROD\ATTACHMENTS\COL_DIAGRAM\31187700.bmp,0, ,,0,,11/22/2013 08:00:00 AM +0000,11/22/2013 8:48,1,30409,At Intersection (intersection related),Daylight,13TH AVE AND E YESLER WAY,0,1,,2,\\sdotnasvfa\sdot_vol1\H8\PROD\ATTACHMENTS\COL_REPORT\3673013.pdf,3673013,Dry,18,"MOTOR VEHICLE STRUCK PEDALCYCLIST, FRONT END AT ANGLE",,1728,0,2,Injury Collision,,45,Bicycle,Matched,N,1,Clear or Partly Cloudy,0,10007,0,N,13-422326
43438,"""(47.675777734000064, -122.29692434999998)""",157645,157665,Block,Cycles,\\sdotnasvfa\sdot_vol1\H8\PROD\ATTACHMENTS\COL_DIAGRAM\78187700.bmp,121, ,,0,Y,11/29/2013 08:00:00 AM +0000,11/29/2013 16:34,1,,Mid-Block (not related to intersection),Dark - Street Lights On,NE 65TH ST BETWEEN 28TH AVE NE AND 29TH AVE NE,0,1,,2,\\sdotnasvfa\sdot_vol1\H8\PROD\ATTACHMENTS\COL_REPORT\3572807.pdf,3572807,Dry,18,"MOTOR VEHICLE STRUCK PEDALCYCLIST, FRONT END AT ANGLE",,17281,0,2,Injury Collision,,45,Bicycle,Matched,N,1,Clear or Partly Cloudy,0,29805,0,N,13-430260
43486,"""(47.60729905800008, -122.33708679799997)""",155647,155667,Intersection,Cycles,\\sdotnasvfa\sdot_vol1\H8\PROD\ATTACHMENTS\COL_DIAGRAM\43184400.bmp,0, ,,0,,10/22/2013 07:00:00 AM +0000,10/22/2013 8:35,1,29603,At Intersection (intersection related),Daylight,2ND AVE AND UNIVERSITY ST,0,1,Y,2,\\sdotnasvfa\sdot_vol1\H8\PROD\ATTACHMENTS\COL_REPORT\3573557.pdf,3573557,Dry,18,"MOTOR VEHICLE STRUCK PEDALCYCLIST, FRONT END AT ANGLE",,2756,0,2,Injury Collision,,45,Bicycle,Matched,N,1,Overcast,0,12162,0,N,13 383390
43490,"""(47.618483387000026, -122.324004807)""",155948,155968,Intersection,Cycles,\\sdotnasvfa\sdot_vol1\H8\PROD\ATTACHMENTS\COL_DIAGRAM\56187700.bmp,0, ,,0,Y,10/27/2013 07:00:00 AM +0000,10/27/2013 9:06,1,29158,At Intersection (intersection related),Daylight,BELMONT AVE E AND E DENNY WAY,0,1,,2,\\sdotnasvfa\sdot_vol1\H8\PROD\ATTACHMENTS\COL_REPORT\3672854.pdf,3672854,Wet,18,"MOTOR VEHICLE STRUCK PEDALCYCLIST, FRONT END AT ANGLE",,9236,0,2,Injury Collision,,45,Bicycle,Matched,N,1,Raining,0,35198,0,N,2013-390128
43590,"""(47.62145629200006, -122.33846055199996)""",155821,155841,Block,Cycles,\\sdotnasvfa\sdot_vol1\H8\PROD\ATTACHMENTS\COL_DIAGRAM\11541900.bmp,213, ,,0,Y,10/24/2013 07:00:00 AM +0000,10/24/2013 22:54,1,,Mid-Block (not related to intersection),Dark - Street Lights On,WESTLAKE AVE N BETWEEN THOMAS ST AND HARRISON ST,0,1,,2,\\sdotnasvfa\sdot_vol1\H8\PROD\ATTACHMENTS\COL_REPORT\3581836.pdf,3581836,Dry,54,PEDALCYCLIST STRUCK MOTOR VEHICLE REAR END,,13534,0,2,Injury Collision,,45,Bicycle,Matched,N,1,Clear or Partly Cloudy,0,25130,0,N,13-386921
43622,"""(47.615449718000036, -122.33072969599999)""",155463,155483,Intersection,Cycles,\\sdotnasvfa\sdot_vol1\H8\PROD\ATTACHMENTS\COL_DIAGRAM\44516600.bmp,0, ,,0,,10/13/2013 07:00:00 AM +0000,10/13/2013 18:00,1,29865,At Intersection (intersection related),Unknown,BOREN AVE AND OLIVE WAY,0,1,,2,\\sdotnasvfa\sdot_vol1\H8\PROD\ATTACHMENTS\COL_REPORT\3643608.pdf,3643608,Unknown,51,PEDALCYCLIST STRUCK MOTOR VEHICLE FRONT END AT ANGLE,,9321,0,2,Injury Collision,,45,Bicycle,Matched,N,1,Unknown,0,0,523743,N,2013-374618
43630,"""(47.66490072400006, -122.31307415999999)""",157665,157685,Intersection,Cycles,\\sdotnasvfa\sdot_vol1\H8\PROD\ATTACHMENTS\COL_DIAGRAM\34185500.bmp,0, ,,0,Y,12/01/2013 08:00:00 AM +0000,12/1/2013 9:05,1,25793,At Intersection (intersection related),Daylight,UNIVERSITY WAY NE AND NE 50TH ST,0,1,,3,\\sdotnasvfa\sdot_vol1\H8\PROD\ATTACHMENTS\COL_REPORT\3576976.pdf,3576976,Wet,18,"MOTOR VEHICLE STRUCK PEDALCYCLIST, FRONT END AT ANGLE",,13224,0,2,Injury Collision,,45,Bicycle,Matched,N,1,Overcast,0,5611,0,N,2013-432148
43637,"""(47.650543277000054, -122.30761623199999)""",156138,156158,Intersection,Cycles,\\sdotnasvfa\sdot_vol1\H8\PROD\ATTACHMENTS\COL_DIAGRAM\22518800.bmp,0, ,,0,,11/03/2013 07:00:00 AM +0000,11/3/2013 13:10,1,27298,At Intersection (intersection related),Daylight,NE PACIFIC PL AND NE PACIFIC ST,0,1,,2,\\sdotnasvfa\sdot_vol1\H8\PROD\ATTACHMENTS\COL_REPORT\3210215.pdf,3210215,Dry,51,PEDALCYCLIST STRUCK MOTOR VEHICLE FRONT END AT ANGLE,,18037,0,2,Injury Collision,,45,Bicycle,Matched,N,1,Overcast,0,0,524624,N,13-399489
43709,"""(47.65620565000006, -122.31212642399998)""",160439,160459,Intersection,Cycles,\\sdotnasvfa\sdot_vol1\H8\PROD\ATTACHMENTS\COL_DIAGRAM\18185500.bmp,0, ,,0,,01/22/2014 08:00:00 AM +0000,1/22/2014 13:53,1,27145,At Intersection (intersection related),Daylight,15TH AVE NE AND NE CAMPUS WB PY,0,1,,2,\\sdotnasvfa\sdot_vol1\H8\PROD\ATTACHMENTS\COL_REPORT\3591576.pdf,3591576,Dry,18,"MOTOR VEHICLE STRUCK PEDALCYCLIST, FRONT END AT ANGLE",,2031,0,2,Injury Collision,,45,Bicycle,Matched,N,1,Clear or Partly Cloudy,0,21308,0,N,14-23624
43779,"""(47.62139831400003, -122.32914562799999)""",158823,158843,Block,Cycles,\\sdotnasvfa\sdot_vol1\H8\PROD\ATTACHMENTS\COL_DIAGRAM\55565500.bmp,210, ,,0,Y,12/17/2013 08:00:00 AM +0000,12/17/2013 18:40,1,,Mid-Block (not related to intersection),Dark - Street Lights Off,EASTLAKE AVE E BETWEEN THOMAS ST AND HARRISON ST,0,1,,2,\\sdotnasvfa\sdot_vol1\H8\PROD\ATTACHMENTS\COL_REPORT\3593822.pdf,3593822,Unknown,56,PEDALCYCLIST STRUCK MOTOR VEHICLE LEFT SIDE SIDESWIPE,,10164,0,2,Injury Collision,,45,Bicycle,Matched,N,1,Unknown,0,11566,0,N,2013-455229
43867,"""(47.54406693100003, -122.30416204199997)""",158319,158339,Intersection,Cycles,\\sdotnasvfa\sdot_vol1\H8\PROD\ATTACHMENTS\COL_DIAGRAM\42188800.bmp,0, ,,0,Y,12/12/2013 08:00:00 AM +0000,12/12/2013 7:47,1,34380,At Intersection (intersection related),Daylight,SWIFT AVE S AND S WARSAW ST,0,1,Y,2,\\sdotnasvfa\sdot_vol1\H8\PROD\ATTACHMENTS\COL_REPORT\3671689.pdf,3671689,Wet,18,"MOTOR VEHICLE STRUCK PEDALCYCLIST, FRONT END AT ANGLE",,3475,0,2,Injury Collision,,45,Bicycle,Matched,N,1,Overcast,0,13656,0,N,2013-444533
43952,"""(47.61443342600006, -122.35402457599997)""",160050,160070,Intersection,Cycles,\\sdotnasvfa\sdot_vol1\H8\PROD\ATTACHMENTS\COL_DIAGRAM\81188800.bmp,0, ,,0,,01/14/2014 08:00:00 AM +0000,1/14/2014 9:00,1,29694,At Intersection (intersection related),Daylight,ALASKAN WAY AND CLAY ST,0,1,,2,\\sdotnasvfa\sdot_vol1\H8\PROD\ATTACHMENTS\COL_REPORT\3288753.pdf,3288753,Dry,18,"MOTOR VEHICLE STRUCK PEDALCYCLIST, FRONT END AT ANGLE",,8733,0,2,Injury Collision,,45,Bicycle,Matched,N,1,Overcast,0,20786,0,N,14-14487
44058,"""(47.60960331900003, -122.32922283399995)""",158493,158513,Block,Cycles,\\sdotnasvfa\sdot_vol1\H8\PROD\ATTACHMENTS\COL_DIAGRAM\66516500.bmp,161, ,,0,,03/13/2013 07:00:00 AM +0000,3/13/2013 7:08,1,,Mid-Block (not related to intersection),Daylight,SENECA ST BETWEEN 8TH AVE AND 9TH AVE,0,1,,2,\\sdotnasvfa\sdot_vol1\H8\PROD\ATTACHMENTS\COL_REPORT\3581414.pdf,3581414,Dry,51,PEDALCYCLIST STRUCK MOTOR VEHICLE FRONT END AT ANGLE,,12778,0,2,Injury Collision,,45,Bicycle,Matched,N,1,Clear or Partly Cloudy,0,9110,0,N,2013-085040
44126,"""(47.61293808800008, -122.29685170899995)""",159691,159711,Block,Cycles,\\sdotnasvfa\sdot_vol1\H8\PROD\ATTACHMENTS\COL_DIAGRAM\33233300.bmp,160.5, ,,0,Y,01/06/2014 08:00:00 AM +0000,1/6/2014 16:54,1,,Mid-Block (not related to intersection),Dark - Street Lights On,E UNION ST BETWEEN 27TH AVE AND M L KING JR WAY,0,1,,2,\\sdotnasvfa\sdot_vol1\H8\PROD\ATTACHMENTS\COL_REPORT\3567634.pdf,3567634,Dry,23,"MOTOR VEHICLE STRUCK PEDALCYCLIST, LEFT SIDE SIDESWIPE",,14905,0,2,Injury Collision,,45,Bicycle,Matched,N,1,Clear or Partly Cloudy,0,9486,0,N,14-5973
44227,"""(47.67237565900007, -122.38869305599997)""",159062,159082,Block,Cycles,\\sdotnasvfa\sdot_vol1\H8\PROD\ATTACHMENTS\COL_DIAGRAM\33181100.bmp,273, ,,0,,12/27/2013 08:00:00 AM +0000,12/27/2013 14:54,1,,Mid-Block (not related to intersection),Daylight,NW 60TH ST BETWEEN 24TH AVE NW AND DEAD END 3,0,1,,2,\\sdotnasvfa\sdot_vol1\H8\PROD\ATTACHMENTS\COL_REPORT\3501687.pdf,3501687,Wet,18,"MOTOR VEHICLE STRUCK PEDALCYCLIST, FRONT END AT ANGLE",,18520,0,2,Injury Collision,,45,Bicycle,Matched,N,1,Overcast,0,0,0,N,13-461102
44232,"""(47.51685113700006, -122.27002476599995)""",159060,159080,Intersection,Cycles,\\sdotnasvfa\sdot_vol1\H8\PROD\ATTACHMENTS\COL_DIAGRAM\77511100.bmp,0, ,,0,Y,12/28/2013 08:00:00 AM +0000,12/28/2013 17:27,1,35472,At Intersection (intersection related),Dark - Street Lights On,51ST AVE S AND S ROXBURY ST,0,1,,3,\\sdotnasvfa\sdot_vol1\H8\PROD\ATTACHMENTS\COL_REPORT\3467439.pdf,3467439,Dry,51,PEDALCYCLIST STRUCK MOTOR VEHICLE FRONT END AT ANGLE,,7530,0,2,Injury Collision,,45,Bicycle,Matched,N,1,Clear or Partly Cloudy,0,0,522022,N,2013-462336
44275,"""(47.67578858600007, -122.31253248799999)""",161644,161664,Block,Cycles,\\sdotnasvfa\sdot_vol1\H8\PROD\ATTACHMENTS\COL_DIAGRAM\75183300.bmp,148, ,,0,,01/23/2014 08:00:00 AM +0000,1/23/2014 14:24,1,,Driveway Junction,Daylight,NE 65TH ST BETWEEN 14TH AVE NE AND 15TH AVE NE,0,1,,2,\\sdotnasvfa\sdot_vol1\H8\PROD\ATTACHMENTS\COL_REPORT\3608723.pdf,3608723,Dry,18,"MOTOR VEHICLE STRUCK PEDALCYCLIST, FRONT END AT ANGLE",,17265,0,2,Injury Collision,,45,Bicycle,Matched,N,1,Clear or Partly Cloudy,0,29273,0,N,14-24867
44281,"""(47.73284649900006, -122.29240305399998)""",161640,161660,Block,Cycles,\\sdotnasvfa\sdot_vol1\H8\PROD\ATTACHMENTS\COL_DIAGRAM\23182200.bmp,330, ,,0,,02/06/2014 08:00:00 AM +0000,2/6/2014 14:50,1,,Driveway Junction,Daylight,LAKE CITY WAY NE BETWEEN NE 143RD ST AND NE 145TH ST,0,1,Y,2,\\sdotnasvfa\sdot_vol1\H8\PROD\ATTACHMENTS\COL_REPORT\3591708.pdf,3591708,Dry,18,"MOTOR VEHICLE STRUCK PEDALCYCLIST, FRONT END AT ANGLE",,11190,0,2,Injury Collision,,45,Bicycle,Matched,N,1,Overcast,0,17683,0,N,14-40307
44397,"""(47.63190599600006, -122.32688562599998)""",159910,159930,Intersection,Cycles,\\sdotnasvfa\sdot_vol1\H8\PROD\ATTACHMENTS\COL_DIAGRAM\22515500.bmp,0, ,,0,,01/06/2014 08:00:00 AM +0000,1/6/2014 8:30,1,29082,At Intersection (intersection related),Daylight,FAIRVIEW AVE E AND FAIRVIEW AVE N,0,1,,2,\\sdotnasvfa\sdot_vol1\H8\PROD\ATTACHMENTS\COL_REPORT\3585008.pdf,3585008,Dry,51,PEDALCYCLIST STRUCK MOTOR VEHICLE FRONT END AT ANGLE,,10336,0,2,Injury Collision,,45,Bicycle,Matched,N,1,Clear or Partly Cloudy,0,41840,0,N,14-5440
44407,"""(47.60171208300005, -122.32768801499998)""",161662,161682,Block,Cycles,\\sdotnasvfa\sdot_vol1\H8\PROD\ATTACHMENTS\COL_DIAGRAM\76517700.bmp,329.5, ,,0,,01/24/2014 08:00:00 AM +0000,1/24/2014 9:24,1,,Mid-Block (but intersection related),Daylight,YESLER WAY BETWEEN TERRACE ST AND 6TH AVE,0,1,,2,\\sdotnasvfa\sdot_vol1\H8\PROD\ATTACHMENTS\COL_REPORT\3641488.pdf,3641488,Dry,51,PEDALCYCLIST STRUCK MOTOR VEHICLE FRONT END AT ANGLE,,13766,0,2,Injury Collision,Y,45,Bicycle,Matched,N,1,Clear or Partly Cloudy,0,9972,0,N,2014-25740
44526,"""(47.66489281100007, -122.31193741899995)""",160540,160560,Intersection,Cycles,\\sdotnasvfa\sdot_vol1\H8\PROD\ATTACHMENTS\COL_DIAGRAM\17185500.bmp,0, ,,0,,01/24/2014 08:00:00 AM +0000,1/24/2014 16:15,1,26052,At Intersection (intersection related),Daylight,15TH AVE NE AND NE 50TH ST,0,1,,2,\\sdotnasvfa\sdot_vol1\H8\PROD\ATTACHMENTS\COL_REPORT\3591306.pdf,3591306,Dry,18,"MOTOR VEHICLE STRUCK PEDALCYCLIST, FRONT END AT ANGLE",,2037,0,2,Injury Collision,,45,Bicycle,Matched,N,1,Clear or Partly Cloudy,0,28979,0,N,14-26153
44588,"""(47.58085453500007, -122.33420024799995)""",158366,158386,Block,Cycles,\\sdotnasvfa\sdot_vol1\H8\PROD\ATTACHMENTS\COL_DIAGRAM\55511700.bmp,380, ,,0,,12/13/2013 08:00:00 AM +0000,12/13/2013 14:29,1,,Mid-Block (not related to intersection),Unknown,1ST AVE S BETWEEN S STACY ST AND S LANDER ST,0,1,,2,\\sdotnasvfa\sdot_vol1\H8\PROD\ATTACHMENTS\COL_REPORT\3467437.pdf,3467437,Wet,51,PEDALCYCLIST STRUCK MOTOR VEHICLE FRONT END AT ANGLE,,1207,1,2b,Serious Injury Collision,,45,Bicycle,Matched,N,1,Clear or Partly Cloudy,0,5317,0,N,2013-446230
44610,,159086,159106,Intersection,Cycles,\\sdotnasvfa\sdot_vol1\H8\PROD\ATTACHMENTS\COL_DIAGRAM\18181100.bmp,0, ,,0,Y,12/28/2013 08:00:00 AM +0000,12/28/2013 17:17,0,27110,At Intersection (intersection related),Dark - Street Lights On,UNIVERSITY BR OFF RP AND NE 40TH ST,0,1,,2,\\sdotnasvfa\sdot_vol1\H8\PROD\ATTACHMENTS\COL_REPORT\3582118.pdf,3582118,Dry,18,"MOTOR VEHICLE STRUCK PEDALCYCLIST, FRONT END AT ANGLE",,,0,1,Property Damage Only Collision,,45,Bicycle,Matched,N,1,Overcast,0,30581,0,N,13-462329
44639,"""(47.57967346300006, -122.29915965999999)""",159516,159536,Block,Cycles,\\sdotnasvfa\sdot_vol1\H8\PROD\ATTACHMENTS\COL_DIAGRAM\44214400.bmp,542.5, ,,0,,01/02/2014 08:00:00 AM +0000,1/2/2014 21:29,1,,Mid-Block (not related to intersection),Dark - Street Lights Off,RAINIER AVE S BETWEEN S BAYVIEW ST AND S MCCLELLAN ST,0,1,,4,\\sdotnasvfa\sdot_vol1\H8\PROD\ATTACHMENTS\COL_REPORT\3504165.pdf,3504165,Wet,21,"MOTOR VEHICLE STRUCK PEDALCYCLIST, REAR END",,12364,0,2,Injury Collision,,45,Bicycle,Matched,N,1,Raining,0,20014,0,N,2014-2107