OBJECTID,Shape,INCKEY,COLDETKEY,ADDRTYPE,COLLISIONTYPE,DIAGRAMLINK,DISTANCE,EXCEPTRSNCODE,EXCEPTRSNDESC,FATALITIES,INATTENTIONIND,INCDATE,INCDTTM,INJURIES,INTKEY,JUNCTIONTYPE,LIGHTCOND,LOCATION,PEDCOUNT,PEDCYLCOUNT,PEDROWNOTGRNT,PERSONCOUNT,REPORTLINK,REPORTNO,ROADCOND,SDOT_COLCODE,SDOT_COLDESC,SDOTCOLNUM,SEGKEY,SERIOUSINJURIES,SEVERITYCODE,SEVERITYDESC,SPEEDING,ST_COLCODE,ST_COLDESC,STATUS,UNDERINFL,VEHCOUNT,WEATHER,WIDTH,SEGLANEKEY,CROSSWALKKEY,HITPARKEDCAR,SPDCASENO
49329,"""(47.61844935400006, -122.32929210599997)""",166687,166707,Block,Cycles,\\sdotnasvfa\sdot_vol1\H8\PROD\ATTACHMENTS\COL_DIAGRAM\77547900.bmp,354.5, ,,0,Y,04/25/2014 07:00:00 AM +0000,4/25/2014 8:35,1,,Mid-Block (but intersection related),Daylight,DENNY WAY BETWEEN STEWART ST AND MELROSE AVE,0,1,,3,\\sdotnasvfa\sdot_vol1\H8\PROD\ATTACHMENTS\COL_REPORT\3583705.pdf,3583705,Dry,54,PEDALCYCLIST STRUCK MOTOR VEHICLE REAR END,,10023,0,2,Injury Collision,,45,Bicycle,Matched,N,1,Clear or Partly Cloudy,0,23551,0,N,14-126256
49368,"""(47.66146315200007, -122.36666425599998)""",166949,166969,Block,Cycles,\\sdotnasvfa\sdot_vol1\H8\PROD\ATTACHMENTS\COL_DIAGRAM\33213900.bmp,121.5, ,,0,,04/21/2014 07:00:00 AM +0000,4/21/2014 17:52,1,,Mid-Block (not related to intersection),Daylight,NW 45TH ST BETWEEN 8TH AVE NW AND LEARY WAY NW,0,1,,2,\\sdotnasvfa\sdot_vol1\H8\PROD\ATTACHMENTS\COL_REPORT\3591189.pdf,3591189,Dry,21,"MOTOR VEHICLE STRUCK PEDALCYCLIST, REAR END",,18334,0,2,Injury Collision,,45,Bicycle,Matched,N,1,Clear or Partly Cloudy,0,0,0,N,14-122349
49380,"""(47.651679812000054, -122.36087040999996)""",168758,168778,Block,Cycles,\\sdotnasvfa\sdot_vol1\H8\PROD\ATTACHMENTS\COL_DIAGRAM\33511100.bmp,42, ,,0,,05/08/2014 07:00:00 AM +0000,5/8/2014 18:46,1,,Mid-Block (not related to intersection),Daylight,3RD AVE W BETWEEN W EWING S ST AND SHIP CANAL TRL,0,1,,2,\\sdotnasvfa\sdot_vol1\H8\PROD\ATTACHMENTS\COL_REPORT\3705184.pdf,3705184,Wet,51,PEDALCYCLIST STRUCK MOTOR VEHICLE FRONT END AT ANGLE,,4571,1,2b,Serious Injury Collision,,45,Bicycle,Matched,N,1,Clear or Partly Cloudy,0,0,617898,N,14-142774
49400,"""(47.72022111000007, -122.30186929099995)""",168448,168468,Block,Cycles,\\sdotnasvfa\sdot_vol1\H8\PROD\ATTACHMENTS\COL_DIAGRAM\55660000.bmp,330.5, ,,0,Y,05/22/2014 07:00:00 AM +0000,5/22/2014 8:55,1,,Mid-Block (not related to intersection),Daylight,25TH AVE NE BETWEEN NE 125TH ST AND NE 126TH ST,0,1,,1,\\sdotnasvfa\sdot_vol1\H8\PROD\ATTACHMENTS\COL_REPORT\3504294.pdf,3504294,Dry,66,PEDALCYCLIST STRUCK OBJECT IN ROAD,,3746,0,2,Injury Collision,Y,45,Bicycle,Matched,N,0,Clear or Partly Cloudy,0,0,0,N,2014-159897
49480,"""(47.679553895000026, -122.36451286099998)""",167266,167286,Intersection,Cycles,\\sdotnasvfa\sdot_vol1\H8\PROD\ATTACHMENTS\COL_DIAGRAM\11187700.bmp,0, ,,0,,05/05/2014 07:00:00 AM +0000,5/5/2014 18:08,1,24097,At Intersection (intersection related),Daylight,7TH AVE NW AND NW 70TH ST,0,1,Y,2,\\sdotnasvfa\sdot_vol1\H8\PROD\ATTACHMENTS\COL_REPORT\3582218.pdf,3582218,Dry,18,"MOTOR VEHICLE STRUCK PEDALCYCLIST, FRONT END AT ANGLE",,8193,0,2,Injury Collision,,45,Bicycle,Matched,N,1,Clear or Partly Cloudy,0,0,0,N,14-138876
49510,"""(47.70508354100008, -122.35545274599997)""",168252,168272,Intersection,Cycles,\\sdotnasvfa\sdot_vol1\H8\PROD\ATTACHMENTS\COL_DIAGRAM\22185500.bmp,0, ,,0,,05/26/2014 07:00:00 AM +0000,5/26/2014 10:20,0,36419,At Intersection (intersection related),Daylight,GREENWOOD AVE N AND HOLMAN RD N,0,1,,2,\\sdotnasvfa\sdot_vol1\H8\PROD\ATTACHMENTS\COL_REPORT\3582772.pdf,3582772,Dry,18,"MOTOR VEHICLE STRUCK PEDALCYCLIST, FRONT END AT ANGLE",,10765,0,1,Property Damage Only Collision,,45,Bicycle,Matched,Y,1,Overcast,0,18854,0,N,2014-164800
49564,"""(47.61369730700005, -122.32836055699994)""",166269,166289,Block,Cycles,\\sdotnasvfa\sdot_vol1\H8\PROD\ATTACHMENTS\COL_DIAGRAM\33187700.bmp,161, ,,0,,04/19/2014 07:00:00 AM +0000,4/19/2014 0:15,1,,Mid-Block (not related to intersection),Dark - Street Lights On,PIKE ST BETWEEN BOREN AVE AND MELROSE AVE,0,1,,3,\\sdotnasvfa\sdot_vol1\H8\PROD\ATTACHMENTS\COL_REPORT\3573276.pdf,3573276,Dry,18,"MOTOR VEHICLE STRUCK PEDALCYCLIST, FRONT END AT ANGLE",,12207,1,2b,Serious Injury Collision,,45,Bicycle,Matched,Y,1,Clear or Partly Cloudy,0,31079,0,N,14-119500
49588,"""(47.61158282700006, -122.32105473599995)""",167017,167037,Block,Cycles,\\sdotnasvfa\sdot_vol1\H8\PROD\ATTACHMENTS\COL_DIAGRAM\22184400.bmp,139, ,,0,Y,04/18/2014 07:00:00 AM +0000,4/18/2014 17:12,1,,Driveway Junction,Daylight,HARVARD AVE BETWEEN BROADWAY AND SPRING ST,0,1,,2,\\sdotnasvfa\sdot_vol1\H8\PROD\ATTACHMENTS\COL_REPORT\3701396.pdf,3701396,Dry,18,"MOTOR VEHICLE STRUCK PEDALCYCLIST, FRONT END AT ANGLE",,10774,0,2,Injury Collision,,45,Bicycle,Matched,N,1,Clear or Partly Cloudy,0,0,0,N,14-119035
49589,"""(47.64626477100006, -122.31707234699996)""",166997,167017,Block,Cycles,\\sdotnasvfa\sdot_vol1\H8\PROD\ATTACHMENTS\COL_DIAGRAM\11561900.bmp,237.5, ,,0,Y,04/07/2014 07:00:00 AM +0000,4/7/2014 17:18,1,,Mid-Block (not related to intersection),Daylight,BOYER AVE E BETWEEN E HAMLIN ST AND FUHRMAN AVE E,0,1,,3,\\sdotnasvfa\sdot_vol1\H8\PROD\ATTACHMENTS\COL_REPORT\3701501.pdf,3701501,Dry,56,PEDALCYCLIST STRUCK MOTOR VEHICLE LEFT SIDE SIDESWIPE,,9366,0,2,Injury Collision,,45,Bicycle,Matched,N,1,Clear or Partly Cloudy,0,6002,0,N,14-106168
49592,"""(47.599264825000034, -122.30459823799998)""",167273,167293,Intersection,Cycles,\\sdotnasvfa\sdot_vol1\H8\PROD\ATTACHMENTS\COL_DIAGRAM\33513400.bmp,0, ,,0,,05/01/2014 07:00:00 AM +0000,5/1/2014 17:28,1,30758,At Intersection (intersection related),Daylight,20TH PL S AND S JACKSON ST,0,1,Y,4,\\sdotnasvfa\sdot_vol1\H8\PROD\ATTACHMENTS\COL_REPORT\3585614.pdf,3585614,Dry,51,PEDALCYCLIST STRUCK MOTOR VEHICLE FRONT END AT ANGLE,,3093,1,2b,Serious Injury Collision,,45,Bicycle,Matched,N,1,Clear or Partly Cloudy,0,11066,0,N,14-134141
49595,"""(47.61649020500005, -122.33789362899995)""",167272,167292,Intersection,Cycles,\\sdotnasvfa\sdot_vol1\H8\PROD\ATTACHMENTS\COL_DIAGRAM\11511200.bmp,0, ,,0,,05/08/2014 07:00:00 AM +0000,5/8/2014 17:00,1,29528,At Intersection (intersection related),Daylight,LENORA ST AND WESTLAKE AVE,0,1,,2,\\sdotnasvfa\sdot_vol1\H8\PROD\ATTACHMENTS\COL_REPORT\3585084.pdf,3585084,Wet,51,PEDALCYCLIST STRUCK MOTOR VEHICLE FRONT END AT ANGLE,,8285,0,2,Injury Collision,,45,Bicycle,Matched,N,1,Raining,0,37186,0,N,2014-142679
49606,"""(47.67688978700005, -122.35642063799997)""",166702,166722,Block,Cycles,\\sdotnasvfa\sdot_vol1\H8\PROD\ATTACHMENTS\COL_DIAGRAM\55181100.bmp,325, ,,0,,04/29/2014 07:00:00 AM +0000,4/29/2014 10:38,0,,Mid-Block (but intersection related),Daylight,PALATINE AVE N BETWEEN N 65TH ST AND N 67TH ST,0,1,,2,\\sdotnasvfa\sdot_vol1\H8\PROD\ATTACHMENTS\COL_REPORT\3582217.pdf,3582217,Dry,18,"MOTOR VEHICLE STRUCK PEDALCYCLIST, FRONT END AT ANGLE",,12083,0,1,Property Damage Only Collision,,45,Bicycle,Matched,N,1,Clear or Partly Cloudy,0,0,0,N,14-130982
49613,"""(47.61849674100006, -122.32785352399998)""",168076,168096,Intersection,Cycles,\\sdotnasvfa\sdot_vol1\H8\PROD\ATTACHMENTS\COL_DIAGRAM\31187700.bmp,0, ,,0,,04/27/2014 07:00:00 AM +0000,4/27/2014 1:18,1,29165,At Intersection (intersection related),Dark - Street Lights On,MELROSE AVE AND E DENNY WAY,0,1,Y,3,\\sdotnasvfa\sdot_vol1\H8\PROD\ATTACHMENTS\COL_REPORT\3701658.pdf,3701658,Wet,18,"MOTOR VEHICLE STRUCK PEDALCYCLIST, FRONT END AT ANGLE",,11758,0,2,Injury Collision,,45,Bicycle,Matched,Y,1,Clear or Partly Cloudy,0,23555,0,N,14-128475
49616,"""(47.658321769000054, -122.31378726199995)""",168462,168482,Block,Cycles,\\sdotnasvfa\sdot_vol1\H8\PROD\ATTACHMENTS\COL_DIAGRAM\33185500.bmp,142.5, ,,0,,05/29/2014 07:00:00 AM +0000,5/29/2014 14:15,1,,Driveway Junction,Daylight,NE 42ND ST BETWEEN BROOKLYN AVE NE AND UNIVERSITY WAY NE,0,1,,3,\\sdotnasvfa\sdot_vol1\H8\PROD\ATTACHMENTS\COL_REPORT\3591672.pdf,3591672,Dry,18,"MOTOR VEHICLE STRUCK PEDALCYCLIST, FRONT END AT ANGLE",,16791,0,2,Injury Collision,,45,Bicycle,Matched,N,2,Clear or Partly Cloudy,0,0,0,N,14-168782
49622,"""(47.571413018000044, -122.34880038699998)""",168263,168283,Intersection,Cycles,\\sdotnasvfa\sdot_vol1\H8\PROD\ATTACHMENTS\COL_DIAGRAM\00180000.bmp,0, ,,0,,05/22/2014 07:00:00 AM +0000,5/22/2014 21:17,1,32204,At Intersection (intersection related),Dark - Street Lights On,11TH CR AVE SW AND SW SPOKANE ST,0,1,,2,\\sdotnasvfa\sdot_vol1\H8\PROD\ATTACHMENTS\COL_REPORT\3582925.pdf,3582925,Dry,18,"MOTOR VEHICLE STRUCK PEDALCYCLIST, FRONT END AT ANGLE",,1509,1,2b,Serious Injury Collision,,45,Bicycle,Matched,N,1,Overcast,0,39178,0,N,2014-160778
49717,"""(47.61445724200007, -122.32982243299995)""",167663,167683,Intersection,Cycles,\\sdotnasvfa\sdot_vol1\H8\PROD\ATTACHMENTS\COL_DIAGRAM\66516700.bmp,0, ,,0,,05/08/2014 07:00:00 AM +0000,5/8/2014 16:02,1,29872,At Intersection (intersection related),Daylight,BOREN AVE AND PINE ST,0,1,Y,2,\\sdotnasvfa\sdot_vol1\H8\PROD\ATTACHMENTS\COL_REPORT\3641160.pdf,3641160,Wet,51,PEDALCYCLIST STRUCK MOTOR VEHICLE FRONT END AT ANGLE,,9320,0,2,Injury Collision,,45,Bicycle,Matched,N,1,Raining,0,10320,0,N,14-142588
49718,"""(47.61114239800003, -122.33446376999996)""",167662,167682,Intersection,Cycles,\\sdotnasvfa\sdot_vol1\H8\PROD\ATTACHMENTS\COL_DIAGRAM\22184671.bmp,0, ,,0,Y,04/29/2014 07:00:00 AM +0000,4/29/2014 17:40,1,29894,At Intersection (intersection related),Daylight,6TH AVE AND PIKE ST,0,1,,2,\\sdotnasvfa\sdot_vol1\H8\PROD\ATTACHMENTS\COL_REPORT\3641146.pdf,3641146,Dry,18,"MOTOR VEHICLE STRUCK PEDALCYCLIST, FRONT END AT ANGLE",,7883,0,2,Injury Collision,,45,Bicycle,Matched,N,1,Clear or Partly Cloudy,0,0,523698,N,14-131491
49720,"""(47.524628654000026, -122.32822898199998)""",167029,167049,Intersection,Cycles,\\sdotnasvfa\sdot_vol1\H8\PROD\ATTACHMENTS\COL_DIAGRAM\33515500.bmp,0, ,,0,,05/02/2014 07:00:00 AM +0000,5/2/2014 20:00,0,35167,At Intersection (intersection related),Unknown,5TH AVE S AND S TRENTON S ST,0,1,,3,\\sdotnasvfa\sdot_vol1\H8\PROD\ATTACHMENTS\COL_REPORT\3295722.pdf,3295722,Unknown,51,PEDALCYCLIST STRUCK MOTOR VEHICLE FRONT END AT ANGLE,,7386,0,1,Property Damage Only Collision,,45,Bicycle,Matched,N,1,Unknown,0,0,0,N,14-135678
49725,"""(47.64087739100006, -122.325889916)""",167026,167046,Block,Cycles,\\sdotnasvfa\sdot_vol1\H8\PROD\ATTACHMENTS\COL_DIAGRAM\56515900.bmp,420, ,,0,Y,04/23/2014 07:00:00 AM +0000,4/23/2014 12:53,1,,Mid-Block (not related to intersection),Unknown,EASTLAKE AVE E BETWEEN E LYNN ST AND E LOUISA ST,0,1,,2,\\sdotnasvfa\sdot_vol1\H8\PROD\ATTACHMENTS\COL_REPORT\3701627.pdf,3701627,Dry,51,PEDALCYCLIST STRUCK MOTOR VEHICLE FRONT END AT ANGLE,,10177,0,2,Injury Collision,,45,Bicycle,Matched,N,1,Clear or Partly Cloudy,0,24736,0,N,14-124255
49740,"""(47.661319003000074, -122.32072786099997)""",166713,166733,Intersection,Cycles,\\sdotnasvfa\sdot_vol1\H8\PROD\ATTACHMENTS\COL_DIAGRAM\11183300.bmp,0, ,,0,,04/30/2014 07:00:00 AM +0000,4/30/2014 19:14,1,27070,At Intersection (intersection related),Daylight,7TH AVE NE AND NE 45TH ST,0,1,,2,\\sdotnasvfa\sdot_vol1\H8\PROD\ATTACHMENTS\COL_REPORT\3552911.pdf,3552911,Dry,18,"MOTOR VEHICLE STRUCK PEDALCYCLIST, FRONT END AT ANGLE",,8174,0,2,Injury Collision,,45,Bicycle,Matched,N,1,Clear or Partly Cloudy,0,7057,0,N,2014-132847
49742,"""(47.62454274700008, -122.33582712499998)""",168266,168286,Intersection,Cycles,\\sdotnasvfa\sdot_vol1\H8\PROD\ATTACHMENTS\COL_DIAGRAM\35187700.bmp,0, ,,0,,05/27/2014 07:00:00 AM +0000,5/27/2014 8:50,1,28762,At Intersection (intersection related),Daylight,BOREN AVE N AND MERCER SR ST,0,1,,2,\\sdotnasvfa\sdot_vol1\H8\PROD\ATTACHMENTS\COL_REPORT\3584030.pdf,3584030,Dry,18,"MOTOR VEHICLE STRUCK PEDALCYCLIST, FRONT END AT ANGLE",,11775,0,2,Injury Collision,,45,Bicycle,Matched,N,1,Clear or Partly Cloudy,0,0,0,N,14-165904
49770,"""(47.61445724200007, -122.32982243299995)""",168268,168288,Intersection,Cycles,\\sdotnasvfa\sdot_vol1\H8\PROD\ATTACHMENTS\COL_DIAGRAM\66216900.bmp,0, ,,0,,05/26/2014 07:00:00 AM +0000,5/26/2014 14:20,0,29872,At Intersection (intersection related),Daylight,BOREN AVE AND PINE ST,0,1,,2,\\sdotnasvfa\sdot_vol1\H8\PROD\ATTACHMENTS\COL_REPORT\3585085.pdf,3585085,Dry,21,"MOTOR VEHICLE STRUCK PEDALCYCLIST, REAR END",,9320,0,1,Property Damage Only Collision,,45,Bicycle,Matched,N,1,Clear or Partly Cloudy,0,10321,0,N,2014-165039
49821,"""(47.60330695700003, -122.28448725599998)""",166110,166130,Block,Cycles,\\sdotnasvfa\sdot_vol1\H8\PROD\ATTACHMENTS\COL_DIAGRAM\54181100.bmp,121, ,,0,Y,04/10/2014 07:00:00 AM +0000,4/10/2014 10:09,1,,Mid-Block (not related to intersection),Daylight,LAKE WASHINGTON BLVD BETWEEN LAKESIDE AVE AND E ALDER ST,0,1,,2,\\sdotnasvfa\sdot_vol1\H8\PROD\ATTACHMENTS\COL_REPORT\3701467.pdf,3701467,Dry,18,"MOTOR VEHICLE STRUCK PEDALCYCLIST, FRONT END AT ANGLE",,11174,0,2,Injury Collision,,45,Bicycle,Matched,N,1,Clear or Partly Cloudy,0,35157,0,N,2014-109275
49832,"""(47.604360385000064, -122.31678113299995)""",166718,166738,Intersection,Cycles,\\sdotnasvfa\sdot_vol1\H8\PROD\ATTACHMENTS\COL_DIAGRAM\17185500.bmp,0, ,,0,,04/30/2014 07:00:00 AM +0000,4/30/2014 16:54,1,29826,At Intersection (intersection related),Daylight,12TH AVE AND E ALDER ST,0,1,,2,\\sdotnasvfa\sdot_vol1\H8\PROD\ATTACHMENTS\COL_REPORT\3575045.pdf,3575045,Dry,18,"MOTOR VEHICLE STRUCK PEDALCYCLIST, FRONT END AT ANGLE",,1526,0,2,Injury Collision,,45,Bicycle,Matched,N,1,Clear or Partly Cloudy,0,10590,0,N,14-132682
49848,"""(47.72290005100007, -122.29635851799998)""",167673,167693,Intersection,Cycles,\\sdotnasvfa\sdot_vol1\H8\PROD\ATTACHMENTS\COL_DIAGRAM\11517700.bmp,0, ,,0,,05/02/2014 07:00:00 AM +0000,5/2/2014 10:58,1,36054,At Intersection (intersection related),Daylight,30TH AVE NE AND NE 130TH ST,0,1,Y,2,\\sdotnasvfa\sdot_vol1\H8\PROD\ATTACHMENTS\COL_REPORT\3642240.pdf,3642240,Dry,51,PEDALCYCLIST STRUCK MOTOR VEHICLE FRONT END AT ANGLE,,4635,0,2,Injury Collision,,45,Bicycle,Matched,N,1,Clear or Partly Cloudy,0,0,521376,N,14-134997
49870,"""(47.604360385000064, -122.31678113299995)""",167032,167052,Intersection,Cycles,\\sdotnasvfa\sdot_vol1\H8\PROD\ATTACHMENTS\COL_DIAGRAM\18185500.bmp,0, ,,0,,04/30/2014 07:00:00 AM +0000,4/30/2014 16:55,1,29826,At Intersection (intersection related),Daylight,12TH AVE AND E ALDER ST,0,1,,2,\\sdotnasvfa\sdot_vol1\H8\PROD\ATTACHMENTS\COL_REPORT\3476714.pdf,3476714,Dry,18,"MOTOR VEHICLE STRUCK PEDALCYCLIST, FRONT END AT ANGLE",,1526,0,2,Injury Collision,Y,45,Bicycle,Matched,N,1,Clear or Partly Cloudy,0,10590,0,N,14-132685
49877,"""(47.580671239000026, -122.40659696499995)""",168486,168506,Block,Cycles,\\sdotnasvfa\sdot_vol1\H8\PROD\ATTACHMENTS\COL_DIAGRAM\65186600.bmp,129, ,,0,,05/26/2014 07:00:00 AM +0000,5/26/2014 20:40,1,,Mid-Block (not related to intersection),Dusk,ALKI AVE SW BETWEEN 58TH AVE SW AND MARINE AVE SW,0,1,,2,\\sdotnasvfa\sdot_vol1\H8\PROD\ATTACHMENTS\COL_REPORT\3570926.pdf,3570926,Dry,18,"MOTOR VEHICLE STRUCK PEDALCYCLIST, FRONT END AT ANGLE",,8794,0,2,Injury Collision,,45,Bicycle,Matched,N,1,Clear or Partly Cloudy,0,3629,0,N,4
49879,"""(47.67484972600005, -122.40106987599995)""",168112,168132,Intersection,Cycles,\\sdotnasvfa\sdot_vol1\H8\PROD\ATTACHMENTS\COL_DIAGRAM\33185500.bmp,0, ,,0,,05/05/2014 07:00:00 AM +0000,5/5/2014 8:31,1,25015,At Intersection (intersection related),Daylight,34TH AVE NW AND NW 64TH ST,0,1,,2,\\sdotnasvfa\sdot_vol1\H8\PROD\ATTACHMENTS\COL_REPORT\3702929.pdf,3702929,Dry,18,"MOTOR VEHICLE STRUCK PEDALCYCLIST, FRONT END AT ANGLE",,5246,0,2,Injury Collision,,45,Bicycle,Matched,N,1,Clear or Partly Cloudy,0,26258,0,N,14-138195
49880,"""(47.56834594600008, -122.36435375099995)""",168485,168505,Block,Cycles,\\sdotnasvfa\sdot_vol1\H8\PROD\ATTACHMENTS\COL_DIAGRAM\11187700.bmp,265, ,,0,Y,05/27/2014 07:00:00 AM +0000,5/27/2014 17:54,0,,Driveway Junction,Daylight,SW ANDOVER ST BETWEEN DELRIDGE WAY SW AND 26TH AVE SW,0,1,,4,\\sdotnasvfa\sdot_vol1\H8\PROD\ATTACHMENTS\COL_REPORT\3570885.pdf,3570885,Dry,18,"MOTOR VEHICLE STRUCK PEDALCYCLIST, FRONT END AT ANGLE",,21754,0,1,Property Damage Only Collision,,45,Bicycle,Matched,N,1,Clear or Partly Cloudy,0,0,0,N,14-166524
49889,"""(47.61410376900005, -122.31683584899997)""",168279,168299,Intersection,Cycles,\\sdotnasvfa\sdot_vol1\H8\PROD\ATTACHMENTS\COL_DIAGRAM\55187700.bmp,0, ,,0,,05/24/2014 07:00:00 AM +0000,5/24/2014 7:00,1,29748,At Intersection (intersection related),Daylight,12TH AVE AND E PIKE ST,0,1,,3,\\sdotnasvfa\sdot_vol1\H8\PROD\ATTACHMENTS\COL_REPORT\3672691.pdf,3672691,Dry,18,"MOTOR VEHICLE STRUCK PEDALCYCLIST, FRONT END AT ANGLE",,1546,1,2b,Serious Injury Collision,,45,Bicycle,Matched,N,1,Overcast,0,31283,0,N,14-162496
49891,"""(47.65173653000005, -122.36086912799999)""",168913,168933,Intersection,Cycles,\\sdotnasvfa\sdot_vol1\H8\PROD\ATTACHMENTS\COL_DIAGRAM\11183973.bmp,0, ,,0,,04/30/2014 07:00:00 AM +0000,4/30/2014 9:09,1,287070,At Intersection (intersection related),Daylight,3RD AVE W AND SHIP CANAL TRL,0,1,,2,\\sdotnasvfa\sdot_vol1\H8\PROD\ATTACHMENTS\COL_REPORT\3705302.pdf,3705302,Dry,18,"MOTOR VEHICLE STRUCK PEDALCYCLIST, FRONT END AT ANGLE",,287076,0,2,Injury Collision,,45,Bicycle,Matched,N,1,Clear or Partly Cloudy,0,0,617898,N,14-132170
49892,"""(47.57069104400006, -122.41043936299997)""",168488,168508,Block,Cycles,\\sdotnasvfa\sdot_vol1\H8\PROD\ATTACHMENTS\COL_DIAGRAM\81188800.bmp,215, ,,0,,05/26/2014 07:00:00 AM +0000,5/26/2014 16:07,1,,Mid-Block (not related to intersection),Daylight,BEACH DR SW BETWEEN 61ST AVE SW AND SW CHARLESTOWN ST,0,1,,3,\\sdotnasvfa\sdot_vol1\H8\PROD\ATTACHMENTS\COL_REPORT\3571080.pdf,3571080,Dry,18,"MOTOR VEHICLE STRUCK PEDALCYCLIST, FRONT END AT ANGLE",,9093,0,2,Injury Collision,,45,Bicycle,Matched,N,2,Clear or Partly Cloudy,0,3999,0,N,2014-165145
49925,"""(47.52678336500003, -122.39275578799999)""",169558,169578,Intersection,Cycles,\\sdotnasvfa\sdot_vol1\H8\PROD\ATTACHMENTS\COL_DIAGRAM\32185500.bmp,0, ,,0,,06/05/2014 07:00:00 AM +0000,6/5/2014 17:07,1,34786,At Intersection (intersection related),Daylight,FAUNTLEROY WAY SW AND SW CLOVERDALE ST,0,1,Y,2,\\sdotnasvfa\sdot_vol1\H8\PROD\ATTACHMENTS\COL_REPORT\3644829.pdf,3644829,Dry,18,"MOTOR VEHICLE STRUCK PEDALCYCLIST, FRONT END AT ANGLE",,10419,0,2,Injury Collision,,45,Bicycle,Matched,N,1,Clear or Partly Cloudy,0,3021,0,N,2014-178139
49954,"""(47.60465157800007, -122.33869324299997)""",166116,166136,Intersection,Cycles,\\sdotnasvfa\sdot_vol1\H8\PROD\ATTACHMENTS\COL_DIAGRAM\81188800.bmp,0, ,,0,,04/09/2014 07:00:00 AM +0000,4/9/2014 14:47,0,29625,At Intersection (intersection related),Daylight,ALASKAN E RDWY WAY AND SPRING ST,0,1,,2,\\sdotnasvfa\sdot_vol1\H8\PROD\ATTACHMENTS\COL_REPORT\3583509.pdf,3583509,Dry,18,"MOTOR VEHICLE STRUCK PEDALCYCLIST, FRONT END AT ANGLE",,8748,0,1,Property Damage Only Collision,,45,Bicycle,Matched,N,1,Clear or Partly Cloudy,0,0,0,N,14-108366
49970,"""(47.61288923600006, -122.31673339099996)""",169863,169883,Intersection,Cycles,\\sdotnasvfa\sdot_vol1\H8\PROD\ATTACHMENTS\COL_DIAGRAM\11515400.bmp,0, ,,0,,06/11/2014 07:00:00 AM +0000,6/11/2014 16:16,1,29761,At Intersection (intersection related),Daylight,12TH AVE AND E MADISON ST,0,1,,2,\\sdotnasvfa\sdot_vol1\H8\PROD\ATTACHMENTS\COL_REPORT\3701772.pdf,3701772,Dry,51,PEDALCYCLIST STRUCK MOTOR VEHICLE FRONT END AT ANGLE,,1536,0,2,Injury Collision,,45,Bicycle,Matched,N,1,Clear or Partly Cloudy,0,10754,0,N,14-185923
49978,"""(47.67843998600006, -122.32716208399995)""",167701,167721,Block,Cycles,\\sdotnasvfa\sdot_vol1\H8\PROD\ATTACHMENTS\COL_DIAGRAM\23182200.bmp,90.5, ,,0,,05/01/2014 07:00:00 AM +0000,5/1/2014 18:34,1,,Mid-Block (but intersection related),Daylight,EAST GREEN LAKE WAY N BETWEEN 2ND AVE NE AND 4TH AVE NE,0,1,,2,\\sdotnasvfa\sdot_vol1\H8\PROD\ATTACHMENTS\COL_REPORT\3576496.pdf,3576496,Dry,18,"MOTOR VEHICLE STRUCK PEDALCYCLIST, FRONT END AT ANGLE",,14082,0,2,Injury Collision,,45,Bicycle,Matched,N,1,Clear or Partly Cloudy,0,7406,0,N,2014-134228
49990,"""(47.61995095100008, -122.31496985099994)""",167416,167436,Block,Cycles,\\sdotnasvfa\sdot_vol1\H8\PROD\ATTACHMENTS\COL_DIAGRAM\77517800.bmp,160.5, ,,0,Y,05/10/2014 07:00:00 AM +0000,5/10/2014 14:29,1,,Mid-Block (not related to intersection),Daylight,E JOHN ST BETWEEN 13TH AVE E AND 14TH AVE E,0,1,,2,\\sdotnasvfa\sdot_vol1\H8\PROD\ATTACHMENTS\COL_REPORT\3585771.pdf,3585771,Dry,51,PEDALCYCLIST STRUCK MOTOR VEHICLE FRONT END AT ANGLE,,14247,0,2,Injury Collision,,45,Bicycle,Matched,N,1,Clear or Partly Cloudy,0,35234,0,N,2014-144882
49992,"""(47.67149845500006, -122.34367493899998)""",167702,167722,Block,Cycles,\\sdotnasvfa\sdot_vol1\H8\PROD\ATTACHMENTS\COL_DIAGRAM\45184400.bmp,1087.5, ,,0,,05/01/2014 07:00:00 AM +0000,5/1/2014 17:30,1,,Driveway Junction,Daylight,WEST GREEN LAKE WAY N BETWEEN GREEN LAKE TURN RD AND N 63RD ST,0,1,Y,2,\\sdotnasvfa\sdot_vol1\H8\PROD\ATTACHMENTS\COL_REPORT\3576788.pdf,3576788,Dry,18,"MOTOR VEHICLE STRUCK PEDALCYCLIST, FRONT END AT ANGLE",,23399,0,2,Injury Collision,,45,Bicycle,Matched,N,1,Clear or Partly Cloudy,0,10109,0,N,2014-135300
50020,"""(47.58085270600003, -122.329055961)""",168297,168317,Block,Cycles,\\sdotnasvfa\sdot_vol1\H8\PROD\ATTACHMENTS\COL_DIAGRAM\34185500.bmp,380, ,,0,Y,05/16/2014 07:00:00 AM +0000,5/16/2014 13:57,0,,Driveway Junction,Daylight,4TH AVE S BETWEEN S STACY ST AND S LANDER ST,0,1,,2,\\sdotnasvfa\sdot_vol1\H8\PROD\ATTACHMENTS\COL_REPORT\3580839.pdf,3580839,Dry,18,"MOTOR VEHICLE STRUCK PEDALCYCLIST, FRONT END AT ANGLE",,6239,0,1,Property Damage Only Collision,,45,Bicycle,Matched,N,1,Clear or Partly Cloudy,0,18729,0,N,2014-152706