OBJECTID,Shape,INCKEY,COLDETKEY,ADDRTYPE,COLLISIONTYPE,DIAGRAMLINK,DISTANCE,EXCEPTRSNCODE,EXCEPTRSNDESC,FATALITIES,INATTENTIONIND,INCDATE,INCDTTM,INJURIES,INTKEY,JUNCTIONTYPE,LIGHTCOND,LOCATION,PEDCOUNT,PEDCYLCOUNT,PEDROWNOTGRNT,PERSONCOUNT,REPORTLINK,REPORTNO,ROADCOND,SDOT_COLCODE,SDOT_COLDESC,SDOTCOLNUM,SEGKEY,SERIOUSINJURIES,SEVERITYCODE,SEVERITYDESC,SPEEDING,ST_COLCODE,ST_COLDESC,STATUS,UNDERINFL,VEHCOUNT,WEATHER,WIDTH,SEGLANEKEY,CROSSWALKKEY,HITPARKEDCAR,SPDCASENO
50039,"""(47.65415337600007, -122.35548709599999)""",168119,168139,Intersection,Cycles,\\sdotnasvfa\sdot_vol1\H8\PROD\ATTACHMENTS\COL_DIAGRAM\11187700.bmp,0, ,,0,,05/08/2014 07:00:00 AM +0000,5/8/2014 17:39,1,27014,At Intersection (intersection related),Daylight,GREENWOOD AVE N AND N 39TH ST,0,1,Y,2,\\sdotnasvfa\sdot_vol1\H8\PROD\ATTACHMENTS\COL_REPORT\3702982.pdf,3702982,Wet,18,"MOTOR VEHICLE STRUCK PEDALCYCLIST, FRONT END AT ANGLE",,10701,1,2b,Serious Injury Collision,,45,Bicycle,Matched,N,1,Overcast,0,27015,0,N,2014-142818
50045,"""(47.656301849000045, -122.31783423699994)""",169878,169898,Intersection,Cycles,\\sdotnasvfa\sdot_vol1\H8\PROD\ATTACHMENTS\COL_DIAGRAM\55515600.bmp,0, ,,0,,06/15/2014 07:00:00 AM +0000,6/15/2014 15:24,0,27130,At Intersection (intersection related),Daylight,ROOSEVELT WAY NE AND NE 40TH ALLEY ST,0,1,,2,\\sdotnasvfa\sdot_vol1\H8\PROD\ATTACHMENTS\COL_REPORT\3503330.pdf,3503330,Dry,51,PEDALCYCLIST STRUCK MOTOR VEHICLE FRONT END AT ANGLE,,12593,0,1,Property Damage Only Collision,,45,Bicycle,Matched,N,1,Clear or Partly Cloudy,0,11662,0,N,14-190945
50106,"""(47.70911521200003, -122.33400094399997)""",166125,166145,Block,Cycles,\\sdotnasvfa\sdot_vol1\H8\PROD\ATTACHMENTS\COL_DIAGRAM\53185500.bmp,165.5, ,,0,Y,04/18/2014 07:00:00 AM +0000,4/18/2014 7:50,1,,Driveway Junction,Daylight,MERIDIAN AVE N BETWEEN N NORTHGATE WAY AND N 112TH ST,0,1,,2,\\sdotnasvfa\sdot_vol1\H8\PROD\ATTACHMENTS\COL_REPORT\3502018.pdf,3502018,Dry,18,"MOTOR VEHICLE STRUCK PEDALCYCLIST, FRONT END AT ANGLE",,11826,0,2,Injury Collision,,45,Bicycle,Matched,N,1,Clear or Partly Cloudy,0,0,0,N,14-118434
50111,"""(47.62322375000008, -122.34236126699994)""",166740,166760,Intersection,Cycles,\\sdotnasvfa\sdot_vol1\H8\PROD\ATTACHMENTS\COL_DIAGRAM\11515400.bmp,0, ,,0,Y,04/29/2014 07:00:00 AM +0000,4/29/2014 17:41,1,28775,At Intersection (intersection related),Daylight,DEXTER AVE N AND REPUBLICAN ST,0,1,Y,2,\\sdotnasvfa\sdot_vol1\H8\PROD\ATTACHMENTS\COL_REPORT\3583592.pdf,3583592,Dry,51,PEDALCYCLIST STRUCK MOTOR VEHICLE FRONT END AT ANGLE,,10075,0,2,Injury Collision,,45,Bicycle,Matched,N,1,Clear or Partly Cloudy,0,31186,0,N,14-131500
50128,"""(47.56106419300005, -122.38413694099995)""",172550,172570,Intersection,Cycles,\\sdotnasvfa\sdot_vol1\H8\PROD\ATTACHMENTS\COL_DIAGRAM\17515500.bmp,0, ,,0,Y,07/28/2014 07:00:00 AM +0000,7/28/2014 14:58,1,31918,At Intersection (intersection related),Daylight,41ST AVE SW AND SW ALASKA ST,0,1,,2,\\sdotnasvfa\sdot_vol1\H8\PROD\ATTACHMENTS\COL_REPORT\3644938.pdf,3644938,Dry,51,PEDALCYCLIST STRUCK MOTOR VEHICLE FRONT END AT ANGLE,,6460,0,2,Injury Collision,,45,Bicycle,Matched,N,1,Clear or Partly Cloudy,0,41740,0,N,14-247508
50148,"""(47.615238420000026, -122.32790375499997)""",172811,172831,Intersection,Cycles,\\sdotnasvfa\sdot_vol1\H8\PROD\ATTACHMENTS\COL_DIAGRAM\78187700.bmp,0, ,,0,,07/17/2014 07:00:00 AM +0000,7/17/2014 8:46,1,29863,At Intersection (intersection related),Daylight,MELROSE AVE AND PINE ST,0,1,,2,\\sdotnasvfa\sdot_vol1\H8\PROD\ATTACHMENTS\COL_REPORT\3702006.pdf,3702006,Dry,18,"MOTOR VEHICLE STRUCK PEDALCYCLIST, FRONT END AT ANGLE",,11745,0,2,Injury Collision,,45,Bicycle,Matched,N,1,Clear or Partly Cloudy,0,10336,0,N,2014-233446
50171,"""(47.615449718000036, -122.33072969599999)""",173128,173148,Intersection,Cycles,\\sdotnasvfa\sdot_vol1\H8\PROD\ATTACHMENTS\COL_DIAGRAM\43188800.bmp,0, ,,0,,08/01/2014 07:00:00 AM +0000,8/1/2014 21:14,1,29865,At Intersection (intersection related),Dark - Street Lights On,BOREN AVE AND OLIVE WAY,0,1,,2,\\sdotnasvfa\sdot_vol1\H8\PROD\ATTACHMENTS\COL_REPORT\3581849.pdf,3581849,Dry,18,"MOTOR VEHICLE STRUCK PEDALCYCLIST, FRONT END AT ANGLE",,9321,0,2,Injury Collision,,45,Bicycle,Matched,N,1,Clear or Partly Cloudy,0,24933,0,N,14-253312
50178,"""(47.57167786600007, -122.32910307599997)""",173126,173146,Intersection,Cycles,\\sdotnasvfa\sdot_vol1\H8\PROD\ATTACHMENTS\COL_DIAGRAM\57181770.bmp,0, ,,0,,08/04/2014 07:00:00 AM +0000,8/4/2014 15:10,1,32356,At Intersection (intersection related),Daylight,4TH AVE S AND S SPOKANE NR ST,0,1,,2,\\sdotnasvfa\sdot_vol1\H8\PROD\ATTACHMENTS\COL_REPORT\3581338.pdf,3581338,Dry,18,"MOTOR VEHICLE STRUCK PEDALCYCLIST, FRONT END AT ANGLE",,6246,1,2b,Serious Injury Collision,,45,Bicycle,Matched,N,1,Clear or Partly Cloudy,0,19625,0,N,2014-25799
50216,"""(47.719264671000076, -122.29272976099998)""",170931,170951,Intersection,Cycles,\\sdotnasvfa\sdot_vol1\H8\PROD\ATTACHMENTS\COL_DIAGRAM\55183300.bmp,0, ,,0,Y,06/30/2014 07:00:00 AM +0000,6/30/2014 6:18,1,36599,At Intersection (intersection related),Dawn,33RD AVE NE AND NE 125TH ST,0,1,,2,\\sdotnasvfa\sdot_vol1\H8\PROD\ATTACHMENTS\COL_REPORT\3706427.pdf,3706427,Dry,18,"MOTOR VEHICLE STRUCK PEDALCYCLIST, FRONT END AT ANGLE",,5132,0,2,Injury Collision,,45,Bicycle,Matched,N,1,Clear or Partly Cloudy,0,0,0,N,14-210039
50250,"""(47.65104751100006, -122.32168580199999)""",171960,171980,Block,Cycles,\\sdotnasvfa\sdot_vol1\H8\PROD\ATTACHMENTS\COL_DIAGRAM\11690000.bmp,218, ,,0,Y,07/15/2014 07:00:00 AM +0000,7/15/2014 7:40,1,,Mid-Block (not related to intersection),Daylight,EASTLAKE AVE E BETWEEN HARVARD AVE E AND FUHRMAN AVE E,0,1,,2,\\sdotnasvfa\sdot_vol1\H8\PROD\ATTACHMENTS\COL_REPORT\3702004.pdf,3702004,Dry,69,PEDALCYCLIST OVERTURNED IN ROAD,,10184,0,2,Injury Collision,,45,Bicycle,Matched,N,1,Clear or Partly Cloudy,0,6060,0,N,2014-231461
50252,"""(47.70177731000007, -122.32313249099997)""",170939,170959,Block,Cycles,\\sdotnasvfa\sdot_vol1\H8\PROD\ATTACHMENTS\COL_DIAGRAM\17181100.bmp,165.5, ,,0,,06/30/2014 07:00:00 AM +0000,6/30/2014 19:13,1,,Mid-Block (not related to intersection),Daylight,5TH AVE NE BETWEEN NE 100TH ST AND NE 102ND ST,0,1,,2,\\sdotnasvfa\sdot_vol1\H8\PROD\ATTACHMENTS\COL_REPORT\3703312.pdf,3703312,Dry,18,"MOTOR VEHICLE STRUCK PEDALCYCLIST, FRONT END AT ANGLE",,7331,0,2,Injury Collision,,45,Bicycle,Matched,N,1,Clear or Partly Cloudy,0,7275,0,N,14-210880
50346,"""(47.665083726000034, -122.38310489199995)""",170780,170800,Block,Cycles,\\sdotnasvfa\sdot_vol1\H8\PROD\ATTACHMENTS\COL_DIAGRAM\44514500.bmp,384.5, ,,0,Y,06/22/2014 07:00:00 AM +0000,6/22/2014 11:34,1,,Mid-Block (not related to intersection),Daylight,SHILSHOLE AVE NW BETWEEN 20TH AVE NW AND NW VERNON PL,0,1,,4,\\sdotnasvfa\sdot_vol1\H8\PROD\ATTACHMENTS\COL_REPORT\3591344.pdf,3591344,Dry,51,PEDALCYCLIST STRUCK MOTOR VEHICLE FRONT END AT ANGLE,,12830,0,2,Injury Collision,,45,Bicycle,Matched,N,1,Clear or Partly Cloudy,0,17202,0,N,14-199678
50364,"""(47.632648234000044, -122.342281878)""",171441,171461,Block,Cycles,\\sdotnasvfa\sdot_vol1\H8\PROD\ATTACHMENTS\COL_DIAGRAM\55515600.bmp,127.5, ,,0,Y,07/07/2014 07:00:00 AM +0000,7/7/2014 19:06,1,,Mid-Block (not related to intersection),Daylight,DEXTER AVE N BETWEEN GALER ST AND GARFIELD S ST,0,1,,2,\\sdotnasvfa\sdot_vol1\H8\PROD\ATTACHMENTS\COL_REPORT\3704986.pdf,3704986,Dry,51,PEDALCYCLIST STRUCK MOTOR VEHICLE FRONT END AT ANGLE,,10084,0,2,Injury Collision,,45,Bicycle,Matched,N,1,Clear or Partly Cloudy,0,12941,0,N,14-219846
50399,"""(47.619985977000056, -122.35969870899999)""",171997,172017,Block,Cycles,\\sdotnasvfa\sdot_vol1\H8\PROD\ATTACHMENTS\COL_DIAGRAM\88238800.bmp,112, ,,0,Y,07/15/2014 07:00:00 AM +0000,7/15/2014 8:30,0,,Mid-Block (not related to intersection),Daylight,WESTERN AVE W BETWEEN 2ND AVE W AND ELLIOTT ER AVE W,0,1,,2,\\sdotnasvfa\sdot_vol1\H8\PROD\ATTACHMENTS\COL_REPORT\3700296.pdf,3700296,Dry,23,"MOTOR VEHICLE STRUCK PEDALCYCLIST, LEFT SIDE SIDESWIPE",,13521,0,1,Property Damage Only Collision,,45,Bicycle,Matched,N,1,Clear or Partly Cloudy,0,19126,0,N,2014-231475
50424,"""(47.60093100200004, -122.33599368499995)""",170181,170201,Block,Cycles,\\sdotnasvfa\sdot_vol1\H8\PROD\ATTACHMENTS\COL_DIAGRAM\43514400.bmp,324, ,,0,,06/17/2014 07:00:00 AM +0000,6/17/2014 5:23,1,,Mid-Block (not related to intersection),Dawn,ALASKAN WAY S BETWEEN YESLER WAY AND S MAIN ST,0,1,,2,\\sdotnasvfa\sdot_vol1\H8\PROD\ATTACHMENTS\COL_REPORT\3549703.pdf,3549703,Wet,51,PEDALCYCLIST STRUCK MOTOR VEHICLE FRONT END AT ANGLE,,8735,0,2,Injury Collision,,45,Bicycle,Matched,N,1,Overcast,0,0,0,N,2014-192808
50443,"""(47.618413849000035, -122.35057261099996)""",173422,173442,Block,Cycles,\\sdotnasvfa\sdot_vol1\H8\PROD\ATTACHMENTS\COL_DIAGRAM\32513300.bmp,81, ,,0,,07/24/2014 07:00:00 AM +0000,7/24/2014 7:30,1,,Mid-Block (not related to intersection),Daylight,BROAD ST BETWEEN 3RD AVE AND DENNY WAY,0,1,,2,\\sdotnasvfa\sdot_vol1\H8\PROD\ATTACHMENTS\COL_REPORT\3705309.pdf,3705309,Wet,51,PEDALCYCLIST STRUCK MOTOR VEHICLE FRONT END AT ANGLE,,9415,0,2,Injury Collision,,45,Bicycle,Matched,N,1,Overcast,0,20163,0,N,14-242016
50448,"""(47.67059462900005, -122.31628657099998)""",173145,173165,Block,Cycles,\\sdotnasvfa\sdot_vol1\H8\PROD\ATTACHMENTS\COL_DIAGRAM\12181100.bmp,425, ,,0,Y,08/01/2014 07:00:00 AM +0000,8/1/2014 14:17,1,,Mid-Block (not related to intersection),Daylight,11TH AVE NE BETWEEN NE 56TH ST AND NE RAVENNA EB BV,0,1,Y,2,\\sdotnasvfa\sdot_vol1\H8\PROD\ATTACHMENTS\COL_REPORT\3646471.pdf,3646471,Dry,18,"MOTOR VEHICLE STRUCK PEDALCYCLIST, FRONT END AT ANGLE",,1414,0,2,Injury Collision,,45,Bicycle,Matched,N,1,Overcast,0,9056,0,N,14-252785
50455,"""(47.61536891700007, -122.34393441299994)""",170362,170382,Intersection,Cycles,\\sdotnasvfa\sdot_vol1\H8\PROD\ATTACHMENTS\COL_DIAGRAM\87188800.bmp,0, ,,0,,06/12/2014 07:00:00 AM +0000,6/12/2014 13:16,1,29533,At Intersection (intersection related),Daylight,4TH AVE AND BELL ST,0,1,,2,\\sdotnasvfa\sdot_vol1\H8\PROD\ATTACHMENTS\COL_REPORT\3583788.pdf,3583788,Dry,18,"MOTOR VEHICLE STRUCK PEDALCYCLIST, FRONT END AT ANGLE",,6140,0,2,Injury Collision,,45,Bicycle,Matched,N,1,Clear or Partly Cloudy,0,14229,0,N,14-187022
50466,"""(47.682308412000054, -122.37677695899998)""",170580,170600,Block,Cycles,\\sdotnasvfa\sdot_vol1\H8\PROD\ATTACHMENTS\COL_DIAGRAM\56185500.bmp,338.5, ,,0,Y,06/25/2014 07:00:00 AM +0000,6/25/2014 17:01,1,,Driveway Junction,Daylight,15TH AVE NW BETWEEN NW 73RD ST AND NW 75TH ST,0,1,,3,\\sdotnasvfa\sdot_vol1\H8\PROD\ATTACHMENTS\COL_REPORT\3587657.pdf,3587657,Dry,18,"MOTOR VEHICLE STRUCK PEDALCYCLIST, FRONT END AT ANGLE",,2115,0,2,Injury Collision,,45,Bicycle,Matched,N,1,Clear or Partly Cloudy,0,18388,0,N,14-204076
50471,"""(47.59918968200003, -122.32440465099995)""",170186,170206,Block,Cycles,\\sdotnasvfa\sdot_vol1\H8\PROD\ATTACHMENTS\COL_DIAGRAM\66690000.bmp,161, ,,0,,06/16/2014 07:00:00 AM +0000,6/16/2014 11:24,1,,Mid-Block (not related to intersection),Daylight,S JACKSON ST BETWEEN MAYNARD AVE S AND 7TH AVE S,0,1,,1,\\sdotnasvfa\sdot_vol1\H8\PROD\ATTACHMENTS\COL_REPORT\3583855.pdf,3583855,Wet,69,PEDALCYCLIST OVERTURNED IN ROAD,,20490,1,2b,Serious Injury Collision,,45,Bicycle,Matched,N,0,Overcast,0,244715,0,N,14-191799
50499,"""(47.71974505000003, -122.31813230799997)""",171776,171796,Intersection,Cycles,\\sdotnasvfa\sdot_vol1\H8\PROD\ATTACHMENTS\COL_DIAGRAM\44515600.bmp,0, ,,0,,07/12/2014 07:00:00 AM +0000,7/12/2014 19:20,1,35902,At Intersection (intersection related),Daylight,ROOSEVELT WAY NE AND NE 125TH N ST,0,1,,2,\\sdotnasvfa\sdot_vol1\H8\PROD\ATTACHMENTS\COL_REPORT\3706730.pdf,3706730,Dry,51,PEDALCYCLIST STRUCK MOTOR VEHICLE FRONT END AT ANGLE,,1305,0,2,Injury Collision,,45,Bicycle,Matched,N,1,Clear or Partly Cloudy,0,0,520783,N,14-227598
50510,"""(47.60347707600005, -122.29890750399994)""",171449,171469,Block,Cycles,\\sdotnasvfa\sdot_vol1\H8\PROD\ATTACHMENTS\COL_DIAGRAM\55549500.bmp,298, ,,0,Y,07/05/2014 07:00:00 AM +0000,7/5/2014 19:00,1,,Mid-Block (not related to intersection),Daylight,26TH AVE BETWEEN E FIR ST AND E ALDER ST,0,1,,2,\\sdotnasvfa\sdot_vol1\H8\PROD\ATTACHMENTS\COL_REPORT\3706577.pdf,3706577,Dry,54,PEDALCYCLIST STRUCK MOTOR VEHICLE REAR END,,3829,0,2,Injury Collision,,45,Bicycle,Matched,N,1,Overcast,0,0,0,N,2014-217919
50532,"""(47.599210087000074, -122.31413725499999)""",172855,172875,Intersection,Cycles,\\sdotnasvfa\sdot_vol1\H8\PROD\ATTACHMENTS\COL_DIAGRAM\00180000.bmp,0, ,,0,,07/25/2014 07:00:00 AM +0000,7/25/2014 19:49,1,30428,At Intersection (intersection related),Daylight,BOREN AVE S AND RAINIER AVE S,0,1,,2,\\sdotnasvfa\sdot_vol1\H8\PROD\ATTACHMENTS\COL_REPORT\3702023.pdf,3702023,Dry,18,"MOTOR VEHICLE STRUCK PEDALCYCLIST, FRONT END AT ANGLE",,12340,1,2b,Serious Injury Collision,,45,Bicycle,Matched,N,1,Clear or Partly Cloudy,0,25279,0,N,2014-244056
50542,"""(47.71717310100007, -122.34489607899997)""",172851,172871,Block,Cycles,\\sdotnasvfa\sdot_vol1\H8\PROD\ATTACHMENTS\COL_DIAGRAM\55515700.bmp,874.5, ,,0,Y,06/07/2014 07:00:00 AM +0000,6/7/2014 9:34,1,,Mid-Block (not related to intersection),Daylight,AURORA AVE N BETWEEN N 117TH PL AND N 125TH ST,0,1,,2,\\sdotnasvfa\sdot_vol1\H8\PROD\ATTACHMENTS\COL_REPORT\3501813.pdf,3501813,Dry,51,PEDALCYCLIST STRUCK MOTOR VEHICLE FRONT END AT ANGLE,,8991,0,2,Injury Collision,,45,Bicycle,Matched,N,1,Clear or Partly Cloudy,0,0,0,N,2014-180207
50554,"""(47.70519882600007, -122.31242979499996)""",173155,173175,Block,Cycles,\\sdotnasvfa\sdot_vol1\H8\PROD\ATTACHMENTS\COL_DIAGRAM\00180000.bmp,447, ,,0,,08/01/2014 07:00:00 AM +0000,8/1/2014 3:15,1,,Mid-Block (not related to intersection),Dark - Street Lights On,15TH AVE NE BETWEEN NE 104TH ST AND NE 106TH ST,0,1,,1,\\sdotnasvfa\sdot_vol1\H8\PROD\ATTACHMENTS\COL_REPORT\3695633.pdf,3695633,Dry,18,"MOTOR VEHICLE STRUCK PEDALCYCLIST, FRONT END AT ANGLE",,2076,1,2b,Serious Injury Collision,,45,Bicycle,Matched,N,0,Clear or Partly Cloudy,0,27979,0,N,14-252258
50588,"""(47.619773260000045, -122.35674674399996)""",170372,170392,Intersection,Cycles,\\sdotnasvfa\sdot_vol1\H8\PROD\ATTACHMENTS\COL_DIAGRAM\55517700.bmp,0, ,,0,Y,06/13/2014 07:00:00 AM +0000,6/13/2014 8:31,1,28661,At Intersection (intersection related),Daylight,JOHN ST AND QUEEN ANNE AVE N,0,1,,3,\\sdotnasvfa\sdot_vol1\H8\PROD\ATTACHMENTS\COL_REPORT\3583792.pdf,3583792,Wet,51,PEDALCYCLIST STRUCK MOTOR VEHICLE FRONT END AT ANGLE,,11068,0,2,Injury Collision,,45,Bicycle,Matched,N,1,Raining,0,0,0,N,2014-187964
50609,"""(47.629760642000065, -122.30033358799994)""",171254,171274,Block,Cycles,\\sdotnasvfa\sdot_vol1\H8\PROD\ATTACHMENTS\COL_DIAGRAM\11561900.bmp,183, ,,0,,06/03/2014 07:00:00 AM +0000,6/3/2014 15:02,1,,Mid-Block (not related to intersection),Daylight,25TH AVE E BETWEEN E PROSPECT ST AND E HIGHLAND DR,0,1,,3,\\sdotnasvfa\sdot_vol1\H8\PROD\ATTACHMENTS\COL_REPORT\3701858.pdf,3701858,Dry,56,PEDALCYCLIST STRUCK MOTOR VEHICLE LEFT SIDE SIDESWIPE,,3707,0,2,Injury Collision,,45,Bicycle,Matched,N,1,Clear or Partly Cloudy,0,0,0,N,2014-175412
50631,"""(47.663956821000056, -122.37889320099998)""",170593,170613,Intersection,Cycles,\\sdotnasvfa\sdot_vol1\H8\PROD\ATTACHMENTS\COL_DIAGRAM\00180000.bmp,0, ,,0,,06/13/2014 07:00:00 AM +0000,6/13/2014 21:10,1,25181,At Intersection (intersection related),Dark - Street Lights On,LEARY AVE NW AND NW LEARY WAY,0,1,,3,\\sdotnasvfa\sdot_vol1\H8\PROD\ATTACHMENTS\COL_REPORT\3643416.pdf,3643416,Dry,18,"MOTOR VEHICLE STRUCK PEDALCYCLIST, FRONT END AT ANGLE",,2430,0,2,Injury Collision,,45,Bicycle,Matched,N,1,Overcast,0,23674,0,N,2014-188924
50650,"""(47.676143911000054, -122.31193708799998)""",171797,171817,Block,Cycles,\\sdotnasvfa\sdot_vol1\H8\PROD\ATTACHMENTS\COL_DIAGRAM\33213900.bmp,132, ,,0,,07/11/2014 07:00:00 AM +0000,7/11/2014 18:41,0,,Mid-Block (but intersection related),Daylight,15TH AVE NE BETWEEN NE 65TH ST AND NE 66TH ST,0,1,,2,\\sdotnasvfa\sdot_vol1\H8\PROD\ATTACHMENTS\COL_REPORT\3706728.pdf,3706728,Dry,21,"MOTOR VEHICLE STRUCK PEDALCYCLIST, REAR END",,2048,0,1,Property Damage Only Collision,,45,Bicycle,Matched,N,1,Clear or Partly Cloudy,0,29280,0,N,2014-226124
50656,"""(47.580671239000026, -122.40659696499995)""",172038,172058,Block,Cycles,\\sdotnasvfa\sdot_vol1\H8\PROD\ATTACHMENTS\COL_DIAGRAM\22562900.bmp,129, ,,0,,07/14/2014 07:00:00 AM +0000,7/14/2014 16:22,1,,Mid-Block (not related to intersection),Daylight,ALKI AVE SW BETWEEN 58TH AVE SW AND MARINE AVE SW,0,1,,2,\\sdotnasvfa\sdot_vol1\H8\PROD\ATTACHMENTS\COL_REPORT\3644934.pdf,3644934,Dry,56,PEDALCYCLIST STRUCK MOTOR VEHICLE LEFT SIDE SIDESWIPE,,8794,0,2,Injury Collision,,45,Bicycle,Matched,N,1,Clear or Partly Cloudy,0,3626,0,N,2014-229951
50658,"""(47.65601781700008, -122.31784158899995)""",171779,171799,Intersection,Cycles,\\sdotnasvfa\sdot_vol1\H8\PROD\ATTACHMENTS\COL_DIAGRAM\56185500.bmp,0, ,,0,,07/10/2014 07:00:00 AM +0000,7/10/2014 15:19,1,27111,At Intersection (intersection related),Daylight,EASTLAKE AVE NE AND ROOSEVELT WAY NE,0,1,Y,2,\\sdotnasvfa\sdot_vol1\H8\PROD\ATTACHMENTS\COL_REPORT\3706729.pdf,3706729,Dry,18,"MOTOR VEHICLE STRUCK PEDALCYCLIST, FRONT END AT ANGLE",,10186,0,2,Injury Collision,,45,Bicycle,Matched,N,1,Clear or Partly Cloudy,0,11675,0,N,2014-224477
50732,"""(47.66125713000008, -122.30652821299998)""",170382,170402,Intersection,Cycles,\\sdotnasvfa\sdot_vol1\H8\PROD\ATTACHMENTS\COL_DIAGRAM\33181771.bmp,0, ,,0,,06/13/2014 07:00:00 AM +0000,6/13/2014 16:28,1,26079,At Intersection (intersection related),Daylight,20TH AVE NE AND NE 45TH ST,0,1,Y,3,\\sdotnasvfa\sdot_vol1\H8\PROD\ATTACHMENTS\COL_REPORT\3587609.pdf,3587609,Dry,18,"MOTOR VEHICLE STRUCK PEDALCYCLIST, FRONT END AT ANGLE",,2960,0,2,Injury Collision,,45,Bicycle,Matched,N,1,Clear or Partly Cloudy,0,0,524701,N,14-188566
50745,"""(47.61561648000003, -122.33443632099994)""",170604,170624,Intersection,Cycles,\\sdotnasvfa\sdot_vol1\H8\PROD\ATTACHMENTS\COL_DIAGRAM\44186600.bmp,0, ,,0,,06/12/2014 07:00:00 AM +0000,6/12/2014 17:51,1,29538,At Intersection (intersection related),Daylight,9TH AVE AND STEWART ST,0,1,,2,\\sdotnasvfa\sdot_vol1\H8\PROD\ATTACHMENTS\COL_REPORT\3696776.pdf,3696776,Dry,18,"MOTOR VEHICLE STRUCK PEDALCYCLIST, FRONT END AT ANGLE",,8524,0,2,Injury Collision,,45,Bicycle,Matched,N,1,Overcast,0,13684,0,N,14-187350
50772,"""(47.613073246000056, -122.35167784699996)""",171805,171825,Block,Cycles,\\sdotnasvfa\sdot_vol1\H8\PROD\ATTACHMENTS\COL_DIAGRAM\33563900.bmp,154.5, ,,0,Y,07/13/2014 07:00:00 AM +0000,7/13/2014 16:20,1,,Mid-Block (not related to intersection),Daylight,ALASKAN WAY BETWEEN WALL ST AND VINE ST,0,1,,2,\\sdotnasvfa\sdot_vol1\H8\PROD\ATTACHMENTS\COL_REPORT\3705515.pdf,3705515,Dry,56,PEDALCYCLIST STRUCK MOTOR VEHICLE LEFT SIDE SIDESWIPE,,8731,0,2,Injury Collision,,45,Bicycle,Matched,N,1,Overcast,0,20821,0,N,14-228667
50793,"""(47.64958972900007, -122.34974744899995)""",171263,171283,Intersection,Cycles,\\sdotnasvfa\sdot_vol1\H8\PROD\ATTACHMENTS\COL_DIAGRAM\18185500.bmp,0, ,,0,,07/05/2014 07:00:00 AM +0000,7/5/2014 17:28,1,27039,At Intersection (intersection related),Daylight,FREMONT AVE N AND N 34TH ST,0,1,,2,\\sdotnasvfa\sdot_vol1\H8\PROD\ATTACHMENTS\COL_REPORT\3702770.pdf,3702770,Dry,18,"MOTOR VEHICLE STRUCK PEDALCYCLIST, FRONT END AT ANGLE",,10485,0,2,Injury Collision,,45,Bicycle,Matched,N,1,Clear or Partly Cloudy,0,8240,0,N,14-217831
50794,"""(47.612931253000056, -122.31812237799994)""",171262,171282,Intersection,Cycles,\\sdotnasvfa\sdot_vol1\H8\PROD\ATTACHMENTS\COL_DIAGRAM\55517700.bmp,0, ,,0,,07/06/2014 07:00:00 AM +0000,7/6/2014 18:44,2,29760,At Intersection (intersection related),Daylight,11TH AVE AND E UNION ST,0,1,,2,\\sdotnasvfa\sdot_vol1\H8\PROD\ATTACHMENTS\COL_REPORT\3701896.pdf,3701896,Dry,51,PEDALCYCLIST STRUCK MOTOR VEHICLE FRONT END AT ANGLE,,1381,0,2,Injury Collision,,45,Bicycle,Matched,N,1,Clear or Partly Cloudy,0,0,0,N,14-219141
50797,"""(47.60529909600007, -122.33832642499999)""",172043,172063,Block,Cycles,\\sdotnasvfa\sdot_vol1\H8\PROD\ATTACHMENTS\COL_DIAGRAM\44544900.bmp,153, ,,0,Y,07/14/2014 07:00:00 AM +0000,7/14/2014 12:55,1,,Mid-Block (not related to intersection),Daylight,WESTERN AVE BETWEEN SPRING ST AND SENECA ST,0,1,,2,\\sdotnasvfa\sdot_vol1\H8\PROD\ATTACHMENTS\COL_REPORT\3705347.pdf,3705347,Dry,54,PEDALCYCLIST STRUCK MOTOR VEHICLE REAR END,,13500,0,2,Injury Collision,Y,45,Bicycle,Matched,N,1,Clear or Partly Cloudy,0,12911,0,N,2014-229693
50834,"""(47.59548532000008, -122.32637522499999)""",172605,172625,Block,Cycles,\\sdotnasvfa\sdot_vol1\H8\PROD\ATTACHMENTS\COL_DIAGRAM\11561900.bmp,129, ,,0,Y,07/25/2014 07:00:00 AM +0000,7/25/2014 15:30,1,,Mid-Block (not related to intersection),Daylight,6TH AVE S BETWEEN S DEARBORN ST AND SEATTLE W BLVD S,0,1,,2,\\sdotnasvfa\sdot_vol1\H8\PROD\ATTACHMENTS\COL_REPORT\3599491.pdf,3599491,Dry,56,PEDALCYCLIST STRUCK MOTOR VEHICLE LEFT SIDE SIDESWIPE,,7987,0,2,Injury Collision,,45,Bicycle,Matched,N,1,Clear or Partly Cloudy,0,5797,0,N,14-243722
50854,"""(47.62719238600005, -122.35668955499995)""",171057,171077,Intersection,Cycles,\\sdotnasvfa\sdot_vol1\H8\PROD\ATTACHMENTS\COL_DIAGRAM\55517700.bmp,0, ,,0,,07/02/2014 07:00:00 AM +0000,7/2/2014 7:49,1,28605,At Intersection (intersection related),Daylight,ALOHA ST AND QUEEN ANNE AVE N,0,1,,1,\\sdotnasvfa\sdot_vol1\H8\PROD\ATTACHMENTS\COL_REPORT\3585323.pdf,3585323,Dry,51,PEDALCYCLIST STRUCK MOTOR VEHICLE FRONT END AT ANGLE,,8804,0,2,Injury Collision,,45,Bicycle,Matched,N,0,Clear or Partly Cloudy,0,30638,0,N,14-212869