OBJECTID,Shape,INCKEY,COLDETKEY,ADDRTYPE,COLLISIONTYPE,DIAGRAMLINK,DISTANCE,EXCEPTRSNCODE,EXCEPTRSNDESC,FATALITIES,INATTENTIONIND,INCDATE,INCDTTM,INJURIES,INTKEY,JUNCTIONTYPE,LIGHTCOND,LOCATION,PEDCOUNT,PEDCYLCOUNT,PEDROWNOTGRNT,PERSONCOUNT,REPORTLINK,REPORTNO,ROADCOND,SDOT_COLCODE,SDOT_COLDESC,SDOTCOLNUM,SEGKEY,SERIOUSINJURIES,SEVERITYCODE,SEVERITYDESC,SPEEDING,ST_COLCODE,ST_COLDESC,STATUS,UNDERINFL,VEHCOUNT,WEATHER,WIDTH,SEGLANEKEY,CROSSWALKKEY,HITPARKEDCAR,SPDCASENO
52297,"""(47.631410781000056, -122.34228891699996)""",174316,174336,Intersection,Cycles,\\sdotnasvfa\sdot_vol1\H8\PROD\ATTACHMENTS\COL_DIAGRAM\33185500.bmp,0, ,,0,,08/25/2014 07:00:00 AM +0000,8/25/2014 13:32,1,28753,At Intersection (intersection related),Daylight,DEXTER AVE N AND LEE ST,0,1,,2,\\sdotnasvfa\sdot_vol1\H8\PROD\ATTACHMENTS\COL_REPORT\3588802.pdf,3588802,Dry,18,"MOTOR VEHICLE STRUCK PEDALCYCLIST, FRONT END AT ANGLE",,10083,0,2,Injury Collision,,45,Bicycle,Matched,N,1,Clear or Partly Cloudy,0,12941,0,N,14-283368
52372,"""(47.64157769800005, -122.34467325099996)""",176620,176640,Block,Cycles,\\sdotnasvfa\sdot_vol1\H8\PROD\ATTACHMENTS\COL_DIAGRAM\54515900.bmp,245.5, ,,0,Y,09/23/2014 07:00:00 AM +0000,9/23/2014 7:56,1,,Mid-Block (not related to intersection),Daylight,DEXTER AVE N BETWEEN WHEELER ST AND HALLADAY ST,0,1,,2,\\sdotnasvfa\sdot_vol1\H8\PROD\ATTACHMENTS\COL_REPORT\3591001.pdf,3591001,Dry,51,PEDALCYCLIST STRUCK MOTOR VEHICLE FRONT END AT ANGLE,,10093,0,2,Injury Collision,,45,Bicycle,Matched,N,1,Overcast,0,13853,0,N,14-318230
52416,"""(47.60169336800004, -122.31678189299998)""",174094,174114,Intersection,Cycles,\\sdotnasvfa\sdot_vol1\H8\PROD\ATTACHMENTS\COL_DIAGRAM\53185500.bmp,0, ,,0,Y,08/19/2014 07:00:00 AM +0000,8/19/2014 23:40,1,30410,At Intersection (intersection related),Dark - Street Lights On,12TH AVE AND E YESLER WAY,0,1,Y,2,\\sdotnasvfa\sdot_vol1\H8\PROD\ATTACHMENTS\COL_REPORT\3701811.pdf,3701811,Dry,18,"MOTOR VEHICLE STRUCK PEDALCYCLIST, FRONT END AT ANGLE",,1523,0,2,Injury Collision,,45,Bicycle,Matched,N,1,Clear or Partly Cloudy,0,10532,0,N,2014-276505
52437,"""(47.59131555300007, -122.38237552699997)""",174839,174859,Block,Cycles,\\sdotnasvfa\sdot_vol1\H8\PROD\ATTACHMENTS\COL_DIAGRAM\53185500.bmp,692.5, ,,0,,09/01/2014 07:00:00 AM +0000,9/1/2014 10:20,1,,Driveway Junction,Daylight,HARBOR AVE SW BETWEEN SW MARYLAND PL AND CALIFORNIA WAY SW,0,1,Y,2,\\sdotnasvfa\sdot_vol1\H8\PROD\ATTACHMENTS\COL_REPORT\3571518.pdf,3571518,Dry,18,"MOTOR VEHICLE STRUCK PEDALCYCLIST, FRONT END AT ANGLE",,10814,0,2,Injury Collision,,45,Bicycle,Matched,N,1,Clear or Partly Cloudy,0,0,0,N,14-291629
52446,"""(47.62511809200004, -122.32404140599999)""",174320,174340,Intersection,Cycles,\\sdotnasvfa\sdot_vol1\H8\PROD\ATTACHMENTS\COL_DIAGRAM\44187700.bmp,0, ,,0,,08/23/2014 07:00:00 AM +0000,8/23/2014 17:49,1,29112,At Intersection (intersection related),Daylight,BELMONT AVE E AND E ROY ST,0,1,,5,\\sdotnasvfa\sdot_vol1\H8\PROD\ATTACHMENTS\COL_REPORT\3642513.pdf,3642513,Dry,18,"MOTOR VEHICLE STRUCK PEDALCYCLIST, FRONT END AT ANGLE",,9242,0,2,Injury Collision,,45,Bicycle,Matched,N,1,Clear or Partly Cloudy,0,36113,0,N,2014-281282
52448,"""(47.61288923600006, -122.31673339099996)""",174319,174339,Intersection,Cycles,\\sdotnasvfa\sdot_vol1\H8\PROD\ATTACHMENTS\COL_DIAGRAM\22516500.bmp,0, ,,0,Y,08/22/2014 07:00:00 AM +0000,8/22/2014 21:18,1,29761,At Intersection (intersection related),Dark - Street Lights On,12TH AVE AND E MADISON ST,0,1,Y,2,\\sdotnasvfa\sdot_vol1\H8\PROD\ATTACHMENTS\COL_REPORT\3642510.pdf,3642510,Dry,51,PEDALCYCLIST STRUCK MOTOR VEHICLE FRONT END AT ANGLE,,1536,0,2,Injury Collision,,45,Bicycle,Matched,N,1,Clear or Partly Cloudy,0,22953,0,N,14-280243
52482,"""(47.630262952000066, -122.34074680299994)""",175504,175524,Block,Cycles,\\sdotnasvfa\sdot_vol1\H8\PROD\ATTACHMENTS\COL_DIAGRAM\12549200.bmp,246, ,,0,Y,08/26/2014 07:00:00 AM +0000,8/26/2014 18:35,0,,Mid-Block (not related to intersection),Daylight,WESTLAKE EAST RDWY AVE N BETWEEN HIGHLAND DR AND COMSTOCK ST,0,1,,2,\\sdotnasvfa\sdot_vol1\H8\PROD\ATTACHMENTS\COL_REPORT\3641104.pdf,3641104,Dry,54,PEDALCYCLIST STRUCK MOTOR VEHICLE REAR END,,13550,0,1,Property Damage Only Collision,,45,Bicycle,Matched,N,1,Clear or Partly Cloudy,0,0,0,N,14-285022
52501,"""(47.60878749200003, -122.33844845799996)""",176857,176877,Block,Cycles,\\sdotnasvfa\sdot_vol1\H8\PROD\ATTACHMENTS\COL_DIAGRAM\43184400.bmp,213, ,,0,,10/08/2014 07:00:00 AM +0000,10/8/2014 8:10,1,,Driveway Junction,Daylight,2ND AVE BETWEEN UNION ST AND PIKE ST,0,1,Y,2,\\sdotnasvfa\sdot_vol1\H8\PROD\ATTACHMENTS\COL_REPORT\3696240.pdf,3696240,Dry,18,"MOTOR VEHICLE STRUCK PEDALCYCLIST, FRONT END AT ANGLE",,2757,0,2,Injury Collision,,45,Bicycle,Matched,N,1,Clear or Partly Cloudy,0,42160,0,N,2014-336528
52507,"""(47.528280755000026, -122.36652818899995)""",176854,176874,Block,Cycles,\\sdotnasvfa\sdot_vol1\H8\PROD\ATTACHMENTS\COL_DIAGRAM\33513400.bmp,166.5, ,,0,,10/02/2014 07:00:00 AM +0000,10/2/2014 8:29,1,,Mid-Block (not related to intersection),Daylight,SW THISTLE ST BETWEEN 26TH AVE SW AND 27TH AVE SW,0,1,,3,\\sdotnasvfa\sdot_vol1\H8\PROD\ATTACHMENTS\COL_REPORT\3644525.pdf,3644525,Dry,51,PEDALCYCLIST STRUCK MOTOR VEHICLE FRONT END AT ANGLE,,22891,0,2,Injury Collision,,45,Bicycle,Matched,N,1,Clear or Partly Cloudy,0,4346,0,N,14-329276
52514,"""(47.62541810300007, -122.34625917399995)""",176217,176237,Intersection,Cycles,\\sdotnasvfa\sdot_vol1\H8\PROD\ATTACHMENTS\COL_DIAGRAM\11517700.bmp,0, ,,0,,09/30/2014 07:00:00 AM +0000,9/30/2014 14:05,0,28889,At Intersection (intersection related),Daylight,ROY ST AND TAYLOR AVE N,0,1,,2,\\sdotnasvfa\sdot_vol1\H8\PROD\ATTACHMENTS\COL_REPORT\3591009.pdf,3591009,Dry,51,PEDALCYCLIST STRUCK MOTOR VEHICLE FRONT END AT ANGLE,,12687,0,1,Property Damage Only Collision,,45,Bicycle,Matched,N,1,Clear or Partly Cloudy,0,11276,0,N,14-327144
52546,"""(47.63337181300005, -122.28157849399997)""",174357,174377,Intersection,Cycles,\\sdotnasvfa\sdot_vol1\H8\PROD\ATTACHMENTS\COL_DIAGRAM\22518700.bmp,0, ,,0,,08/27/2014 07:00:00 AM +0000,8/27/2014 17:52,1,28531,At Intersection (intersection related),Daylight,MCGILVRA BLVD E AND E MADISON S ST,0,1,,3,\\sdotnasvfa\sdot_vol1\H8\PROD\ATTACHMENTS\COL_REPORT\2621621.pdf,2621621,Dry,51,PEDALCYCLIST STRUCK MOTOR VEHICLE FRONT END AT ANGLE,,14052,0,2,Injury Collision,,45,Bicycle,Matched,N,1,Clear or Partly Cloudy,0,34300,0,N,14-286198
52580,"""(47.615238420000026, -122.32790375499997)""",174365,174385,Intersection,Cycles,\\sdotnasvfa\sdot_vol1\H8\PROD\ATTACHMENTS\COL_DIAGRAM\21186600.bmp,0, ,,0,,08/26/2014 07:00:00 AM +0000,8/26/2014 7:56,0,29863,At Intersection (intersection related),Daylight,MELROSE AVE AND PINE ST,0,1,,2,\\sdotnasvfa\sdot_vol1\H8\PROD\ATTACHMENTS\COL_REPORT\3642554.pdf,3642554,Dry,18,"MOTOR VEHICLE STRUCK PEDALCYCLIST, FRONT END AT ANGLE",,11745,0,1,Property Damage Only Collision,,45,Bicycle,Matched,N,1,Clear or Partly Cloudy,0,11518,0,N,14-284276
52669,"""(47.59829223200006, -122.33590723199995)""",174118,174138,Intersection,Cycles,\\sdotnasvfa\sdot_vol1\H8\PROD\ATTACHMENTS\COL_DIAGRAM\33515500.bmp,0, ,,0,,07/29/2014 07:00:00 AM +0000,7/29/2014 14:13,1,30367,At Intersection (intersection related),Daylight,ALASKAN WAY S AND S KING ST,0,1,,2,\\sdotnasvfa\sdot_vol1\H8\PROD\ATTACHMENTS\COL_REPORT\3705131.pdf,3705131,Dry,51,PEDALCYCLIST STRUCK MOTOR VEHICLE FRONT END AT ANGLE,,8739,0,2,Injury Collision,,45,Bicycle,Matched,N,1,Clear or Partly Cloudy,0,0,0,N,14-248829
52709,"""(47.696020184000076, -122.35266730799998)""",175021,175041,Intersection,Cycles,\\sdotnasvfa\sdot_vol1\H8\PROD\ATTACHMENTS\COL_DIAGRAM\33185500.bmp,0, ,,0,,09/10/2014 07:00:00 AM +0000,9/10/2014 7:53,1,37430,At Intersection (intersection related),Daylight,DAYTON AVE N AND N 92ND ST,0,1,,2,\\sdotnasvfa\sdot_vol1\H8\PROD\ATTACHMENTS\COL_REPORT\3608744.pdf,3608744,Dry,18,"MOTOR VEHICLE STRUCK PEDALCYCLIST, FRONT END AT ANGLE",,9931,0,2,Injury Collision,,45,Bicycle,Matched,N,1,Overcast,0,0,0,N,2014-302499
52728,"""(47.61851728800008, -122.33425488099999)""",175740,175760,Intersection,Cycles,\\sdotnasvfa\sdot_vol1\H8\PROD\ATTACHMENTS\COL_DIAGRAM\35183571.bmp,0, ,,0,,09/24/2014 07:00:00 AM +0000,9/24/2014 12:06,1,29504,At Intersection (intersection related),Daylight,DENNY WAY AND FAIRVIEW AVE,0,1,,2,\\sdotnasvfa\sdot_vol1\H8\PROD\ATTACHMENTS\COL_REPORT\3583515.pdf,3583515,Wet,18,"MOTOR VEHICLE STRUCK PEDALCYCLIST, FRONT END AT ANGLE",,10019,0,2,Injury Collision,,45,Bicycle,Matched,N,1,Overcast,0,0,522949,N,14-319678
52796,"""(47.69092351900008, -122.34452620899998)""",176886,176906,Block,Cycles,\\sdotnasvfa\sdot_vol1\H8\PROD\ATTACHMENTS\COL_DIAGRAM\78185500.bmp,132, ,,0,,10/02/2014 07:00:00 AM +0000,10/2/2014 15:43,1,,Driveway Junction,Daylight,AURORA AVE N BETWEEN N 85TH ST AND N 86TH ST,0,1,Y,2,\\sdotnasvfa\sdot_vol1\H8\PROD\ATTACHMENTS\COL_REPORT\3591813.pdf,3591813,Dry,18,"MOTOR VEHICLE STRUCK PEDALCYCLIST, FRONT END AT ANGLE",,8963,0,2,Injury Collision,,45,Bicycle,Matched,N,1,Clear or Partly Cloudy,0,0,0,N,2014-329805
52809,"""(47.66146692900003, -122.36861555399997)""",174126,174146,Intersection,Cycles,\\sdotnasvfa\sdot_vol1\H8\PROD\ATTACHMENTS\COL_DIAGRAM\75187700.bmp,0, ,,0,,08/07/2014 07:00:00 AM +0000,8/7/2014 18:14,1,26710,At Intersection (intersection related),Daylight,9TH AVE NW AND NW 45TH ST,0,1,,2,\\sdotnasvfa\sdot_vol1\H8\PROD\ATTACHMENTS\COL_REPORT\3706316.pdf,3706316,Dry,18,"MOTOR VEHICLE STRUCK PEDALCYCLIST, FRONT END AT ANGLE",,8563,0,2,Injury Collision,,45,Bicycle,Matched,N,1,Clear or Partly Cloudy,0,0,630875,N,14-261112
52818,"""(47.70864592500004, -122.33131365399998)""",174685,174705,Intersection,Cycles,\\sdotnasvfa\sdot_vol1\H8\PROD\ATTACHMENTS\COL_DIAGRAM\55183171.bmp,0, ,,0,Y,09/01/2014 07:00:00 AM +0000,9/1/2014 22:41,1,36585,At Intersection (intersection related),Dark - Street Lights On,CORLISS AVE N AND N NORTHGATE WAY,0,1,,2,\\sdotnasvfa\sdot_vol1\H8\PROD\ATTACHMENTS\COL_REPORT\3562221.pdf,3562221,Dry,18,"MOTOR VEHICLE STRUCK PEDALCYCLIST, FRONT END AT ANGLE",,16120,0,2,Injury Collision,,45,Bicycle,Matched,N,1,Clear or Partly Cloudy,0,0,525659,N,14-292344
52821,"""(47.679817015000026, -122.32571289799995)""",174684,174704,Intersection,Cycles,\\sdotnasvfa\sdot_vol1\H8\PROD\ATTACHMENTS\COL_DIAGRAM\11183571.bmp,0, ,,0,,09/04/2014 07:00:00 AM +0000,9/4/2014 11:49,1,24581,At Intersection (intersection related),Daylight,EAST GREEN LAKE DR N AND NE RAVENNA EB BV,0,1,,2,\\sdotnasvfa\sdot_vol1\H8\PROD\ATTACHMENTS\COL_REPORT\3553107.pdf,3553107,Dry,18,"MOTOR VEHICLE STRUCK PEDALCYCLIST, FRONT END AT ANGLE",,14056,0,2,Injury Collision,,45,Bicycle,Matched,N,1,Clear or Partly Cloudy,0,0,631431,N,14-295319
52858,"""(47.61337526800003, -122.33664679399999)""",174868,174888,Block,Cycles,\\sdotnasvfa\sdot_vol1\H8\PROD\ATTACHMENTS\COL_DIAGRAM\81188800.bmp,127.5, ,,0,,09/02/2014 07:00:00 AM +0000,9/2/2014 11:50,1,,Mid-Block (not related to intersection),Daylight,6TH AVE BETWEEN OLIVE WAY AND STEWART ST,0,1,Y,2,\\sdotnasvfa\sdot_vol1\H8\PROD\ATTACHMENTS\COL_REPORT\3588763.pdf,3588763,Dry,18,"MOTOR VEHICLE STRUCK PEDALCYCLIST, FRONT END AT ANGLE",,7886,0,2,Injury Collision,,45,Bicycle,Matched,N,1,Clear or Partly Cloudy,0,25430,0,N,14-292852
52964,"""(47.55208187900007, -122.31975399399994)""",174383,174403,Intersection,Cycles,\\sdotnasvfa\sdot_vol1\H8\PROD\ATTACHMENTS\COL_DIAGRAM\68182871.bmp,0, ,,0,,08/25/2014 07:00:00 AM +0000,8/25/2014 15:30,1,33108,At Intersection (intersection related),Daylight,AIRPORT WAY S AND CORSON AVE S,0,1,,3,\\sdotnasvfa\sdot_vol1\H8\PROD\ATTACHMENTS\COL_REPORT\3699478.pdf,3699478,Dry,18,"MOTOR VEHICLE STRUCK PEDALCYCLIST, FRONT END AT ANGLE",,8691,0,2,Injury Collision,,45,Bicycle,Matched,N,1,Clear or Partly Cloudy,0,0,522394,N,2014-283485
52966,"""(47.61428794700004, -122.33615476799997)""",174698,174718,Intersection,Cycles,\\sdotnasvfa\sdot_vol1\H8\PROD\ATTACHMENTS\COL_DIAGRAM\64186600.bmp,0, ,,0,,09/04/2014 07:00:00 AM +0000,9/4/2014 17:38,1,29552,At Intersection (intersection related),Daylight,7TH AVE AND STEWART ST,0,1,Y,2,\\sdotnasvfa\sdot_vol1\H8\PROD\ATTACHMENTS\COL_REPORT\3641403.pdf,3641403,Dry,18,"MOTOR VEHICLE STRUCK PEDALCYCLIST, FRONT END AT ANGLE",,8161,0,2,Injury Collision,,45,Bicycle,Matched,N,1,Clear or Partly Cloudy,0,37031,0,N,14-295685
52971,"""(47.60166927600005, -122.30373893499996)""",175042,175062,Intersection,Cycles,\\sdotnasvfa\sdot_vol1\H8\PROD\ATTACHMENTS\COL_DIAGRAM\33513400.bmp,0, ,,0,,09/10/2014 07:00:00 AM +0000,9/10/2014 17:23,1,30732,At Intersection (intersection related),Daylight,22ND AVE AND E YESLER WAY,0,1,,3,\\sdotnasvfa\sdot_vol1\H8\PROD\ATTACHMENTS\COL_REPORT\3705290.pdf,3705290,Dry,51,PEDALCYCLIST STRUCK MOTOR VEHICLE FRONT END AT ANGLE,,3220,0,2,Injury Collision,,45,Bicycle,Matched,N,1,Clear or Partly Cloudy,0,10042,0,N,2014-303112
53000,"""(47.60776317700004, -122.33597579399998)""",175766,175786,Intersection,Cycles,\\sdotnasvfa\sdot_vol1\H8\PROD\ATTACHMENTS\COL_DIAGRAM\43188800.bmp,0, ,,0,Y,09/23/2014 07:00:00 AM +0000,9/23/2014 13:41,1,29601,At Intersection (intersection related),Daylight,3RD AVE AND UNIVERSITY ST,0,1,,2,\\sdotnasvfa\sdot_vol1\H8\PROD\ATTACHMENTS\COL_REPORT\3641116.pdf,3641116,Wet,18,"MOTOR VEHICLE STRUCK PEDALCYCLIST, FRONT END AT ANGLE",,4382,0,2,Injury Collision,,45,Bicycle,Matched,N,1,Raining,0,35841,0,N,14-318632
53078,"""(47.60444646500008, -122.33447723499995)""",174394,174414,Intersection,Cycles,\\sdotnasvfa\sdot_vol1\H8\PROD\ATTACHMENTS\COL_DIAGRAM\42184400.bmp,0, ,,0,Y,08/24/2014 07:00:00 AM +0000,8/24/2014 13:53,1,29968,At Intersection (intersection related),Daylight,2ND AVE AND MARION ST,0,1,Y,2,\\sdotnasvfa\sdot_vol1\H8\PROD\ATTACHMENTS\COL_REPORT\3705093.pdf,3705093,Dry,18,"MOTOR VEHICLE STRUCK PEDALCYCLIST, FRONT END AT ANGLE",,2752,0,2,Injury Collision,,45,Bicycle,Matched,N,1,Clear or Partly Cloudy,0,12103,0,N,14-282233
53141,"""(47.613073246000056, -122.35167784699996)""",176260,176280,Block,Cycles,\\sdotnasvfa\sdot_vol1\H8\PROD\ATTACHMENTS\COL_DIAGRAM\17185500.bmp,154.5, ,,0,,08/02/2014 07:00:00 AM +0000,8/2/2014 8:57,1,,Mid-Block (not related to intersection),Daylight,ALASKAN WAY BETWEEN WALL ST AND VINE ST,0,1,Y,2,\\sdotnasvfa\sdot_vol1\H8\PROD\ATTACHMENTS\COL_REPORT\2599444.pdf,2599444,Wet,18,"MOTOR VEHICLE STRUCK PEDALCYCLIST, FRONT END AT ANGLE",,8731,0,2,Injury Collision,,45,Bicycle,Matched,N,1,Clear or Partly Cloudy,0,20821,0,N,14-033234
53242,"""(47.65157827200005, -122.32127525699997)""",175781,175801,Intersection,Cycles,\\sdotnasvfa\sdot_vol1\H8\PROD\ATTACHMENTS\COL_DIAGRAM\22512300.bmp,0, ,,0,,09/22/2014 07:00:00 AM +0000,9/22/2014 8:31,0,27153,At Intersection (intersection related),Daylight,EASTLAKE AVE E AND FUHRMAN AVE E,0,1,,2,\\sdotnasvfa\sdot_vol1\H8\PROD\ATTACHMENTS\COL_REPORT\3642766.pdf,3642766,Wet,51,PEDALCYCLIST STRUCK MOTOR VEHICLE FRONT END AT ANGLE,,10579,0,1,Property Damage Only Collision,,45,Bicycle,Matched,N,1,Raining,0,6078,0,N,2014-317085
53262,"""(47.652702530000056, -122.31451186799995)""",175943,175963,Block,Cycles,\\sdotnasvfa\sdot_vol1\H8\PROD\ATTACHMENTS\COL_DIAGRAM\56185500.bmp,326.5, ,,0,,09/25/2014 07:00:00 AM +0000,9/25/2014 9:00,0,,Driveway Junction,Daylight,BROOKLYN AVE NE BETWEEN NE BOAT ST AND NE PACIFIC ST,0,1,,2,\\sdotnasvfa\sdot_vol1\H8\PROD\ATTACHMENTS\COL_REPORT\3695998.pdf,3695998,Wet,18,"MOTOR VEHICLE STRUCK PEDALCYCLIST, FRONT END AT ANGLE",,9474,0,1,Property Damage Only Collision,,45,Bicycle,Matched,N,1,Raining,0,10739,0,N,14-320666
53281,"""(47.67510648900003, -122.36077430199998)""",175340,175360,Block,Cycles,\\sdotnasvfa\sdot_vol1\H8\PROD\ATTACHMENTS\COL_DIAGRAM\12181100.bmp,328.5, ,,0,,09/05/2014 07:00:00 AM +0000,9/5/2014 17:30,1,,Mid-Block (not related to intersection),Daylight,3RD AVE NW BETWEEN NW 62ND ST AND NW 65TH ST,0,1,,4,\\sdotnasvfa\sdot_vol1\H8\PROD\ATTACHMENTS\COL_REPORT\3576638.pdf,3576638,Dry,18,"MOTOR VEHICLE STRUCK PEDALCYCLIST, FRONT END AT ANGLE",,4460,0,2,Injury Collision,,45,Bicycle,Matched,N,1,Clear or Partly Cloudy,0,33534,0,N,14-298160
53293,"""(47.68513193200005, -122.33908871699998)""",176929,176949,Intersection,Cycles,\\sdotnasvfa\sdot_vol1\H8\PROD\ATTACHMENTS\COL_DIAGRAM\00180000.bmp,0, ,,0,,10/02/2014 07:00:00 AM +0000,10/2/2014 19:11,1,24242,At Intersection (intersection related),Dark - Street Lights On,WINONA AVE N AND WEST GREEN LAKE DR N,0,1,,2,\\sdotnasvfa\sdot_vol1\H8\PROD\ATTACHMENTS\COL_REPORT\3591789.pdf,3591789,Dry,18,"MOTOR VEHICLE STRUCK PEDALCYCLIST, FRONT END AT ANGLE",,8866,1,2b,Serious Injury Collision,,45,Bicycle,Matched,N,1,Clear or Partly Cloudy,0,27881,0,N,14-330064
53313,"""(47.61521476100006, -122.32618642899996)""",176511,176531,Intersection,Cycles,\\sdotnasvfa\sdot_vol1\H8\PROD\ATTACHMENTS\COL_DIAGRAM\11511200.bmp,0, ,,0,Y,10/02/2014 07:00:00 AM +0000,10/2/2014 12:11,0,29861,At Intersection (intersection related),Daylight,CRAWFORD PL AND E PINE ST,0,1,,2,\\sdotnasvfa\sdot_vol1\H8\PROD\ATTACHMENTS\COL_REPORT\3642888.pdf,3642888,Dry,51,PEDALCYCLIST STRUCK MOTOR VEHICLE FRONT END AT ANGLE,,9853,0,1,Property Damage Only Collision,,45,Bicycle,Matched,N,1,Clear or Partly Cloudy,0,10348,0,N,14-329536
53334,"""(47.686215109000045, -122.35529915999996)""",174207,174227,Intersection,Cycles,\\sdotnasvfa\sdot_vol1\H8\PROD\ATTACHMENTS\COL_DIAGRAM\11513200.bmp,0, ,,0,Y,08/22/2014 07:00:00 AM +0000,8/22/2014 18:14,1,24291,At Intersection (intersection related),Daylight,GREENWOOD AVE N AND N 79TH ST,0,1,,3,\\sdotnasvfa\sdot_vol1\H8\PROD\ATTACHMENTS\COL_REPORT\3572711.pdf,3572711,Dry,51,PEDALCYCLIST STRUCK MOTOR VEHICLE FRONT END AT ANGLE,,10746,0,2,Injury Collision,,45,Bicycle,Matched,N,1,Clear or Partly Cloudy,0,4491,0,N,2014-280044
53404,"""(47.68311118200006, -122.317489508)""",176930,176950,Intersection,Cycles,\\sdotnasvfa\sdot_vol1\H8\PROD\ATTACHMENTS\COL_DIAGRAM\35187571.bmp,0, ,,0,Y,10/06/2014 07:00:00 AM +0000,10/6/2014 9:47,1,24431,At Intersection (intersection related),Daylight,ROOSEVELT WAY NE AND NE 75TH ST,0,1,,2,\\sdotnasvfa\sdot_vol1\H8\PROD\ATTACHMENTS\COL_REPORT\3591792.pdf,3591792,Dry,18,"MOTOR VEHICLE STRUCK PEDALCYCLIST, FRONT END AT ANGLE",,12626,0,2,Injury Collision,,45,Bicycle,Matched,N,1,Clear or Partly Cloudy,0,0,522365,N,2014-334258
53439,"""(47.60926581100006, -122.29045197399995)""",176933,176953,Intersection,Cycles,\\sdotnasvfa\sdot_vol1\H8\PROD\ATTACHMENTS\COL_DIAGRAM\11517700.bmp,0, ,,0,,10/04/2014 07:00:00 AM +0000,10/4/2014 12:30,0,30304,At Intersection (intersection related),Daylight,33RD AVE AND E COLUMBIA ST,0,1,,2,\\sdotnasvfa\sdot_vol1\H8\PROD\ATTACHMENTS\COL_REPORT\3642708.pdf,3642708,Dry,51,PEDALCYCLIST STRUCK MOTOR VEHICLE FRONT END AT ANGLE,,5105,0,1,Property Damage Only Collision,,45,Bicycle,Matched,N,1,Clear or Partly Cloudy,0,0,0,N,14-332183
53446,"""(47.61538794900008, -122.33702606099996)""",174422,174442,Block,Cycles,\\sdotnasvfa\sdot_vol1\H8\PROD\ATTACHMENTS\COL_DIAGRAM\22542900.bmp,161, ,,0,Y,08/26/2014 07:00:00 AM +0000,8/26/2014 12:10,1,,Mid-Block (but intersection related),Daylight,VIRGINIA ST BETWEEN 7TH AVE AND 8TH AVE,0,1,,2,\\sdotnasvfa\sdot_vol1\H8\PROD\ATTACHMENTS\COL_REPORT\3584908.pdf,3584908,Dry,54,PEDALCYCLIST STRUCK MOTOR VEHICLE REAR END,,13317,0,2,Injury Collision,,45,Bicycle,Matched,N,1,Clear or Partly Cloudy,0,14311,0,N,14-284518
53491,"""(47.620355765000056, -122.35674263399994)""",174911,174931,Block,Cycles,\\sdotnasvfa\sdot_vol1\H8\PROD\ATTACHMENTS\COL_DIAGRAM\55515600.bmp,213, ,,0,Y,08/22/2014 07:00:00 AM +0000,8/22/2014 9:46,1,,Driveway Junction,Daylight,QUEEN ANNE AVE N BETWEEN JOHN ST AND THOMAS ST,0,1,Y,2,\\sdotnasvfa\sdot_vol1\H8\PROD\ATTACHMENTS\COL_REPORT\3705085.pdf,3705085,Dry,51,PEDALCYCLIST STRUCK MOTOR VEHICLE FRONT END AT ANGLE,,12295,0,2,Injury Collision,,45,Bicycle,Matched,N,1,Clear or Partly Cloudy,0,12314,0,N,14-279388
53515,"""(47.583402041000056, -122.30200503499998)""",175385,175405,Block,Cycles,\\sdotnasvfa\sdot_vol1\H8\PROD\ATTACHMENTS\COL_DIAGRAM\77184400.bmp,105, ,,0,,07/31/2014 07:00:00 AM +0000,7/31/2014 11:40,1,,Driveway Junction,Daylight,RAINIER AVE S BETWEEN S WALKER ST AND S COLLEGE N ST,0,1,Y,2,\\sdotnasvfa\sdot_vol1\H8\PROD\ATTACHMENTS\COL_REPORT\3705363.pdf,3705363,Dry,18,"MOTOR VEHICLE STRUCK PEDALCYCLIST, FRONT END AT ANGLE",,12360,0,2,Injury Collision,,45,Bicycle,Matched,N,1,Clear or Partly Cloudy,0,0,0,N,14-252613
53532,"""(47.60878749200003, -122.33844845799996)""",176753,176773,Block,Cycles,\\sdotnasvfa\sdot_vol1\H8\PROD\ATTACHMENTS\COL_DIAGRAM\42184400.bmp,213, ,,0,,10/06/2014 07:00:00 AM +0000,10/6/2014 7:30,1,,Driveway Junction,Daylight,2ND AVE BETWEEN UNION ST AND PIKE ST,0,1,,2,\\sdotnasvfa\sdot_vol1\H8\PROD\ATTACHMENTS\COL_REPORT\3584148.pdf,3584148,Dry,18,"MOTOR VEHICLE STRUCK PEDALCYCLIST, FRONT END AT ANGLE",,2757,0,2,Injury Collision,,45,Bicycle,Matched,N,1,Clear or Partly Cloudy,0,42160,0,N,14-334146
53543,"""(47.58209667400007, -122.38651233599995)""",176530,176550,Block,Cycles,\\sdotnasvfa\sdot_vol1\H8\PROD\ATTACHMENTS\COL_DIAGRAM\11561900.bmp,328.5, ,,0,Y,09/23/2014 07:00:00 AM +0000,9/23/2014 22:14,1,,Mid-Block (not related to intersection),Dark - Street Lights On,CALIFORNIA AVE SW BETWEEN SW COLLEGE ST AND SW ADMIRAL WAY,0,1,,2,\\sdotnasvfa\sdot_vol1\H8\PROD\ATTACHMENTS\COL_REPORT\3386346.pdf,3386346,Wet,56,PEDALCYCLIST STRUCK MOTOR VEHICLE LEFT SIDE SIDESWIPE,,9539,0,2,Injury Collision,,45,Bicycle,Matched,N,1,Raining,0,32696,0,N,2014-319178