OBJECTID,Shape,INCKEY,COLDETKEY,ADDRTYPE,COLLISIONTYPE,DIAGRAMLINK,DISTANCE,EXCEPTRSNCODE,EXCEPTRSNDESC,FATALITIES,INATTENTIONIND,INCDATE,INCDTTM,INJURIES,INTKEY,JUNCTIONTYPE,LIGHTCOND,LOCATION,PEDCOUNT,PEDCYLCOUNT,PEDROWNOTGRNT,PERSONCOUNT,REPORTLINK,REPORTNO,ROADCOND,SDOT_COLCODE,SDOT_COLDESC,SDOTCOLNUM,SEGKEY,SERIOUSINJURIES,SEVERITYCODE,SEVERITYDESC,SPEEDING,ST_COLCODE,ST_COLDESC,STATUS,UNDERINFL,VEHCOUNT,WEATHER,WIDTH,SEGLANEKEY,CROSSWALKKEY,HITPARKEDCAR,SPDCASENO
59521,"""(47.61869046000004, -122.32528706899996)""",186506,186586,Block,Cycles,\\sdotnasvfa\sdot_vol1\H8\PROD\ATTACHMENTS\COL_DIAGRAM\11541100.bmp,74.5, ,,0,,02/02/2015 08:00:00 AM +0000,2/2/2015 13:15,1,,Mid-Block (but intersection related),Daylight,SUMMIT AVE E BETWEEN E DENNY WAY AND E OLIVE WAY,0,1,,0,\\sdotnasvfa\sdot_vol1\H8\PROD\ATTACHMENTS\COL_REPORT\E397192.pdf,E397192,Wet,54,PEDALCYCLIST STRUCK MOTOR VEHICLE REAR END,,12990,0,2,Injury Collision,,45,Bicycle,Matched,N,1,Overcast,0,0,0,N,2015-37604
59601,"""(47.59749957200006, -122.31722672699999)""",187012,187092,Intersection,Cycles,\\sdotnasvfa\sdot_vol1\H8\PROD\ATTACHMENTS\COL_DIAGRAM\11515400.bmp,0, ,,0,,03/04/2015 08:00:00 AM +0000,3/4/2015 8:50,1,30436,At Intersection (intersection related),Daylight,12TH AVE S AND S WELLER ST,0,1,Y,2,\\sdotnasvfa\sdot_vol1\H8\PROD\ATTACHMENTS\COL_REPORT\3559910.pdf,3559910,Dry,51,PEDALCYCLIST STRUCK MOTOR VEHICLE FRONT END AT ANGLE,,21537,0,2,Injury Collision,,45,Bicycle,Matched,N,1,Clear or Partly Cloudy,0,16237,0,N,15-71754
59695,"""(47.62965397600004, -122.32861177999996)""",189693,189773,Block,Cycles,\\sdotnasvfa\sdot_vol1\H8\PROD\ATTACHMENTS\COL_DIAGRAM\65516600.bmp,418, ,,0,,04/10/2015 07:00:00 AM +0000,4/10/2015 8:23,1,,Mid-Block (not related to intersection),Daylight,EASTLAKE AVE E BETWEEN PROSPECT ST AND E NELSON PL,0,1,,3,\\sdotnasvfa\sdot_vol1\H8\PROD\ATTACHMENTS\COL_REPORT\3591000.pdf,3591000,Dry,51,PEDALCYCLIST STRUCK MOTOR VEHICLE FRONT END AT ANGLE,,334269,0,2,Injury Collision,,45,Bicycle,Matched,N,1,Clear or Partly Cloudy,0,11616,0,N,2015-116870
59698,"""(47.656834220000064, -122.31324600799996)""",187018,187098,Intersection,Cycles,\\sdotnasvfa\sdot_vol1\H8\PROD\ATTACHMENTS\COL_DIAGRAM\33185500.bmp,0, ,,0,,10/31/2014 07:00:00 AM +0000,10/31/2014 19:00,1,27105,At Intersection (intersection related),Dark - Street Lights On,UNIVERSITY WAY NE AND NE 41ST ST,0,1,,3,\\sdotnasvfa\sdot_vol1\H8\PROD\ATTACHMENTS\COL_REPORT\3571107.pdf,3571107,Dry,18,"MOTOR VEHICLE STRUCK PEDALCYCLIST, FRONT END AT ANGLE",,13219,0,2,Injury Collision,,45,Bicycle,Matched,N,1,Raining,0,5667,0,N,14-365136
59700,"""(47.552872249000075, -122.37629143199996)""",185957,186037,Block,Cycles,\\sdotnasvfa\sdot_vol1\H8\PROD\ATTACHMENTS\COL_DIAGRAM\12181100.bmp,332, ,,0,Y,02/24/2015 08:00:00 AM +0000,2/24/2015 6:16,1,,Mid-Block (not related to intersection),Dawn,35TH AVE SW BETWEEN SW BRANDON ST AND SW FINDLAY ST,0,1,,2,\\sdotnasvfa\sdot_vol1\H8\PROD\ATTACHMENTS\COL_REPORT\3571156.pdf,3571156,Dry,18,"MOTOR VEHICLE STRUCK PEDALCYCLIST, FRONT END AT ANGLE",,5456,0,2,Injury Collision,,45,Bicycle,Matched,N,1,Clear or Partly Cloudy,0,0,0,N,15-62400
59720,"""(47.61852939200003, -122.33728173199995)""",187286,187366,Intersection,Cycles,\\sdotnasvfa\sdot_vol1\H8\PROD\ATTACHMENTS\COL_DIAGRAM\81187700.bmp,0, ,,0,Y,03/11/2015 07:00:00 AM +0000,3/11/2015 6:47,1,29508,At Intersection (intersection related),Dawn,DENNY WAY AND TERRY AVE,0,1,Y,2,\\sdotnasvfa\sdot_vol1\H8\PROD\ATTACHMENTS\COL_REPORT\3733265.pdf,3733265,Wet,18,"MOTOR VEHICLE STRUCK PEDALCYCLIST, FRONT END AT ANGLE",,10016,0,2,Injury Collision,,45,Bicycle,Matched,N,1,Raining,0,0,0,N,2015-79931
59739,"""(47.69420515500008, -122.35125422299996)""",187039,187119,Intersection,Cycles,\\sdotnasvfa\sdot_vol1\H8\PROD\ATTACHMENTS\COL_DIAGRAM\11517700.bmp,0, ,,0,Y,02/26/2015 08:00:00 AM +0000,2/26/2015 12:04,1,37441,At Intersection (intersection related),Daylight,EVANSTON AVE N AND N 90TH ST,0,1,,2,\\sdotnasvfa\sdot_vol1\H8\PROD\ATTACHMENTS\COL_REPORT\3587344.pdf,3587344,Dry,51,PEDALCYCLIST STRUCK MOTOR VEHICLE FRONT END AT ANGLE,,10288,0,2,Injury Collision,,45,Bicycle,Matched,N,1,Clear or Partly Cloudy,0,0,0,N,15-64960
59747,"""(47.73409487400005, -122.32887983699999)""",187037,187117,Intersection,Cycles,\\sdotnasvfa\sdot_vol1\H8\PROD\ATTACHMENTS\COL_DIAGRAM\33517500.bmp,0, ,,0,,03/01/2015 08:00:00 AM +0000,3/1/2015 6:33,1,35906,At Intersection (intersection related),Dawn,1ST AVE NE AND NE 145TH ST,0,1,Y,2,\\sdotnasvfa\sdot_vol1\H8\PROD\ATTACHMENTS\COL_REPORT\3575317.pdf,3575317,Dry,51,PEDALCYCLIST STRUCK MOTOR VEHICLE FRONT END AT ANGLE,,16678,0,2,Injury Collision,,45,Bicycle,Matched,N,1,Clear or Partly Cloudy,0,0,0,N,2015-68296
59803,"""(47.61468248300008, -122.31684498699997)""",186257,186337,Block,Cycles,\\sdotnasvfa\sdot_vol1\H8\PROD\ATTACHMENTS\COL_DIAGRAM\56185500.bmp,211.5, ,,0,Y,02/26/2015 08:00:00 AM +0000,2/26/2015 19:40,1,,Mid-Block (but intersection related),Dark - Street Lights On,12TH AVE BETWEEN E PIKE ST AND E PINE ST,0,1,,2,\\sdotnasvfa\sdot_vol1\H8\PROD\ATTACHMENTS\COL_REPORT\3626711.pdf,3626711,Dry,18,"MOTOR VEHICLE STRUCK PEDALCYCLIST, FRONT END AT ANGLE",,1546,0,2,Injury Collision,,45,Bicycle,Matched,N,1,Clear or Partly Cloudy,0,10956,0,N,2015-65481
59858,"""(47.62205574500007, -122.34237158599996)""",187051,187131,Intersection,Cycles,\\sdotnasvfa\sdot_vol1\H8\PROD\ATTACHMENTS\COL_DIAGRAM\11515400.bmp,0, ,,0,,03/03/2015 08:00:00 AM +0000,3/3/2015 16:17,1,28783,At Intersection (intersection related),Daylight,DEXTER AVE N AND HARRISON ST,0,1,,4,\\sdotnasvfa\sdot_vol1\H8\PROD\ATTACHMENTS\COL_REPORT\3733351.pdf,3733351,Dry,51,PEDALCYCLIST STRUCK MOTOR VEHICLE FRONT END AT ANGLE,,10074,0,2,Injury Collision,,45,Bicycle,Matched,N,1,Clear or Partly Cloudy,0,0,0,N,15-71042
59873,"""(47.59665174500003, -122.31212118199994)""",187049,187129,Intersection,Cycles,\\sdotnasvfa\sdot_vol1\H8\PROD\ATTACHMENTS\COL_DIAGRAM\53185370.bmp,0, ,,0,,02/26/2015 08:00:00 AM +0000,2/26/2015 14:00,1,30783,At Intersection (intersection related),Daylight,RAINIER AVE S AND S LANE ST,0,1,,2,\\sdotnasvfa\sdot_vol1\H8\PROD\ATTACHMENTS\COL_REPORT\3707759.pdf,3707759,Dry,18,"MOTOR VEHICLE STRUCK PEDALCYCLIST, FRONT END AT ANGLE",,12344,0,2,Injury Collision,,45,Bicycle,Matched,N,1,Clear or Partly Cloudy,0,0,0,N,2015-65108
59898,"""(47.66495773100007, -122.32070290399997)""",187044,187124,Intersection,Cycles,\\sdotnasvfa\sdot_vol1\H8\PROD\ATTACHMENTS\COL_DIAGRAM\12187571.bmp,0, ,,0,,03/03/2015 08:00:00 AM +0000,3/3/2015 18:48,0,25786,At Intersection (intersection related),Dark - Street Lights On,7TH AVE NE AND NE 50TH ST,0,1,Y,2,\\sdotnasvfa\sdot_vol1\H8\PROD\ATTACHMENTS\COL_REPORT\3702773.pdf,3702773,Dry,18,"MOTOR VEHICLE STRUCK PEDALCYCLIST, FRONT END AT ANGLE",,8178,0,1,Property Damage Only Collision,,45,Bicycle,Matched,N,1,Clear or Partly Cloudy,0,0,522071,N,2015-071220
59927,"""(47.705933635000065, -122.332603974)""",188915,188995,Intersection,Cycles,\\sdotnasvfa\sdot_vol1\H8\PROD\ATTACHMENTS\COL_DIAGRAM\54517700.bmp,0, ,,0,Y,03/30/2015 07:00:00 AM +0000,3/30/2015 13:30,1,36592,At Intersection (intersection related),Daylight,BAGLEY AVE N AND N 106TH ST,0,1,,2,\\sdotnasvfa\sdot_vol1\H8\PROD\ATTACHMENTS\COL_REPORT\3706892.pdf,3706892,Dry,51,PEDALCYCLIST STRUCK MOTOR VEHICLE FRONT END AT ANGLE,,9027,0,2,Injury Collision,,45,Bicycle,Matched,N,1,Clear or Partly Cloudy,0,0,0,N,15-105807
59952,"""(47.61523114200003, -122.32341547099998)""",189304,189384,Intersection,Cycles,\\sdotnasvfa\sdot_vol1\H8\PROD\ATTACHMENTS\COL_DIAGRAM\11187700.bmp,0, ,,0,,03/18/2015 07:00:00 AM +0000,3/18/2015 8:12,1,29734,At Intersection (intersection related),Daylight,BOYLSTON AVE AND E PINE ST,0,1,,0,\\sdotnasvfa\sdot_vol1\H8\PROD\ATTACHMENTS\COL_REPORT\E409647.pdf,E409647,Dry,18,"MOTOR VEHICLE STRUCK PEDALCYCLIST, FRONT END AT ANGLE",,9375,0,2,Injury Collision,,45,Bicycle,Matched,N,1,Overcast,0,14632,0,N,2015-88444
60016,"""(47.73027352100007, -122.31000536199997)""",187568,187648,Intersection,Cycles,\\sdotnasvfa\sdot_vol1\H8\PROD\ATTACHMENTS\COL_DIAGRAM\18185500.bmp,0, ,,0,Y,03/16/2015 07:00:00 AM +0000,3/16/2015 8:11,1,36084,At Intersection (intersection related),Daylight,17TH AVE NE AND NE 140TH ST,0,1,Y,2,\\sdotnasvfa\sdot_vol1\H8\PROD\ATTACHMENTS\COL_REPORT\3736427.pdf,3736427,Dry,18,"MOTOR VEHICLE STRUCK PEDALCYCLIST, FRONT END AT ANGLE",,2426,0,2,Injury Collision,,45,Bicycle,Matched,N,1,Clear or Partly Cloudy,0,0,0,N,2015-85901
60046,"""(47.60779445000003, -122.33754000999994)""",187063,187143,Block,Cycles,\\sdotnasvfa\sdot_vol1\H8\PROD\ATTACHMENTS\COL_DIAGRAM\43184400.bmp,213, ,,0,,03/05/2015 08:00:00 AM +0000,3/5/2015 17:29,1,,Driveway Junction,Daylight,2ND AVE BETWEEN UNIVERSITY ST AND UNION ST,0,1,Y,2,\\sdotnasvfa\sdot_vol1\H8\PROD\ATTACHMENTS\COL_REPORT\3733354.pdf,3733354,Dry,18,"MOTOR VEHICLE STRUCK PEDALCYCLIST, FRONT END AT ANGLE",,2756,0,2,Injury Collision,,45,Bicycle,Matched,N,1,Clear or Partly Cloudy,0,12161,0,N,15-73648
60061,"""(47.68090114200004, -122.32176953799996)""",185617,185697,Intersection,Cycles,\\sdotnasvfa\sdot_vol1\H8\PROD\ATTACHMENTS\COL_DIAGRAM\55188800.bmp,0, ,,0,Y,02/12/2015 08:00:00 AM +0000,2/12/2015 13:31,1,24455,At Intersection (intersection related),Daylight,6TH AVE NE AND NE 72ND ST,0,1,Y,2,\\sdotnasvfa\sdot_vol1\H8\PROD\ATTACHMENTS\COL_REPORT\3706753.pdf,3706753,Dry,18,"MOTOR VEHICLE STRUCK PEDALCYCLIST, FRONT END AT ANGLE",,7917,0,2,Injury Collision,,45,Bicycle,Matched,N,1,Clear or Partly Cloudy,0,0,0,N,15-49208
60084,"""(47.68983726600004, -122.35530146599996)""",188926,189006,Intersection,Cycles,\\sdotnasvfa\sdot_vol1\H8\PROD\ATTACHMENTS\COL_DIAGRAM\11513300.bmp,0, ,,0,Y,04/04/2015 07:00:00 AM +0000,4/4/2015 18:19,1,24267,At Intersection (intersection related),Daylight,GREENWOOD AVE N AND N 84TH ST,0,1,,2,\\sdotnasvfa\sdot_vol1\H8\PROD\ATTACHMENTS\COL_REPORT\3736832.pdf,3736832,Dry,51,PEDALCYCLIST STRUCK MOTOR VEHICLE FRONT END AT ANGLE,,10751,0,2,Injury Collision,,45,Bicycle,Matched,N,1,Clear or Partly Cloudy,0,0,0,N,2015-110231
60114,"""(47.613495138000076, -122.31678450399994)""",187377,187457,Block,Cycles,\\sdotnasvfa\sdot_vol1\H8\PROD\ATTACHMENTS\COL_DIAGRAM\11511200.bmp,222, ,,0,,03/12/2015 07:00:00 AM +0000,3/12/2015 11:35,1,,Mid-Block (not related to intersection),Daylight,12TH AVE BETWEEN E MADISON ST AND E PIKE ST,0,1,,2,\\sdotnasvfa\sdot_vol1\H8\PROD\ATTACHMENTS\COL_REPORT\3626555.pdf,3626555,Dry,51,PEDALCYCLIST STRUCK MOTOR VEHICLE FRONT END AT ANGLE,,1536,0,2,Injury Collision,,45,Bicycle,Matched,N,1,Clear or Partly Cloudy,0,10778,0,N,2015-81444
60118,"""(47.664932528000065, -122.31687117199999)""",185982,186062,Block,Cycles,\\sdotnasvfa\sdot_vol1\H8\PROD\ATTACHMENTS\COL_DIAGRAM\77547900.bmp,132, ,,0,,02/18/2015 08:00:00 AM +0000,2/18/2015 18:59,1,,Mid-Block (but intersection related),Dark - Street Lights On,NE 50TH ST BETWEEN ROOSEVELT WAY NE AND 11TH AVE NE,0,1,,2,\\sdotnasvfa\sdot_vol1\H8\PROD\ATTACHMENTS\COL_REPORT\3706724.pdf,3706724,Dry,54,PEDALCYCLIST STRUCK MOTOR VEHICLE REAR END,,16930,0,2,Injury Collision,,45,Bicycle,Matched,N,1,Overcast,0,0,0,N,2015-56519
60273,"""(47.669793983000034, -122.36617636099999)""",186280,186360,Block,Cycles,\\sdotnasvfa\sdot_vol1\H8\PROD\ATTACHMENTS\COL_DIAGRAM\54515500.bmp,133, ,,0,,03/02/2015 08:00:00 AM +0000,3/2/2015 7:13,1,,Mid-Block (but intersection related),Daylight,8TH AVE NW BETWEEN NW 56TH ST AND NW 57TH ST,0,1,,2,\\sdotnasvfa\sdot_vol1\H8\PROD\ATTACHMENTS\COL_REPORT\3575114.pdf,3575114,Dry,51,PEDALCYCLIST STRUCK MOTOR VEHICLE FRONT END AT ANGLE,,8385,0,2,Injury Collision,,45,Bicycle,Matched,N,1,Clear or Partly Cloudy,0,24240,0,N,15-69192
60279,"""(47.70505030700008, -122.34401368799996)""",187077,187157,Block,Cycles,\\sdotnasvfa\sdot_vol1\H8\PROD\ATTACHMENTS\COL_DIAGRAM\32183300.bmp,168, ,,0,,02/28/2015 08:00:00 AM +0000,2/28/2015 19:00,1,,Driveway Junction,Dark - Street Lights On,N NORTHGATE WAY BETWEEN AURORA AVE N AND MIDVALE AVE N,0,1,,0,\\sdotnasvfa\sdot_vol1\H8\PROD\ATTACHMENTS\COL_REPORT\E404165.pdf,E404165,Dry,18,"MOTOR VEHICLE STRUCK PEDALCYCLIST, FRONT END AT ANGLE",,16111,0,2,Injury Collision,,45,Bicycle,Matched,N,1,Clear or Partly Cloudy,0,0,0,N,2015-067831
60363,"""(47.62263838000007, -122.34236643899999)""",185704,185784,Block,Cycles,\\sdotnasvfa\sdot_vol1\H8\PROD\ATTACHMENTS\COL_DIAGRAM\54515500.bmp,213, ,,0,Y,02/19/2015 08:00:00 AM +0000,2/19/2015 11:01,1,,Mid-Block (not related to intersection),Daylight,DEXTER AVE N BETWEEN HARRISON ST AND REPUBLICAN ST,0,1,,2,\\sdotnasvfa\sdot_vol1\H8\PROD\ATTACHMENTS\COL_REPORT\3641236.pdf,3641236,Wet,51,PEDALCYCLIST STRUCK MOTOR VEHICLE FRONT END AT ANGLE,,10074,0,2,Injury Collision,,45,Bicycle,Matched,N,1,Overcast,0,0,0,N,2015-57157
60374,"""(47.60527694600006, -122.28350343499994)""",185697,185777,Block,Cycles,\\sdotnasvfa\sdot_vol1\H8\PROD\ATTACHMENTS\COL_DIAGRAM\00180000.bmp,238, ,,0,,02/12/2015 08:00:00 AM +0000,2/12/2015 18:30,0,,Mid-Block (not related to intersection),Unknown,LAKE WASHINGTON BLVD BETWEEN E TERRACE ST AND E JEFFERSON ST,0,1,,2,\\sdotnasvfa\sdot_vol1\H8\PROD\ATTACHMENTS\COL_REPORT\3701157.pdf,3701157,Unknown,18,"MOTOR VEHICLE STRUCK PEDALCYCLIST, FRONT END AT ANGLE",,11194,0,1,Property Damage Only Collision,,45,Bicycle,Matched,N,1,Unknown,0,0,0,N,15-49655
60408,"""(47.65551733600006, -122.32269173899999)""",186294,186374,Intersection,Cycles,\\sdotnasvfa\sdot_vol1\H8\PROD\ATTACHMENTS\COL_DIAGRAM\77517600.bmp,0, ,,0,,01/26/2015 08:00:00 AM +0000,1/26/2015 13:50,1,27123,At Intersection (intersection related),Daylight,6TH AVE NE AND NE 40TH ST,0,1,,2,\\sdotnasvfa\sdot_vol1\H8\PROD\ATTACHMENTS\COL_REPORT\3448938.pdf,3448938,Dry,51,PEDALCYCLIST STRUCK MOTOR VEHICLE FRONT END AT ANGLE,,16732,0,2,Injury Collision,,45,Bicycle,Matched,N,1,Clear or Partly Cloudy,0,0,0,N,15-000163
60436,"""(47.65393223500007, -122.37570239699994)""",187397,187477,Intersection,Cycles,\\sdotnasvfa\sdot_vol1\H8\PROD\ATTACHMENTS\COL_DIAGRAM\88182200.bmp,0, ,,0,,02/24/2015 08:00:00 AM +0000,2/24/2015 8:15,1,26735,At Intersection (intersection related),Unknown,15TH AV W OFF RP AND W NICKERSON ST,0,1,,2,\\sdotnasvfa\sdot_vol1\H8\PROD\ATTACHMENTS\COL_REPORT\3506001.pdf,3506001,Unknown,18,"MOTOR VEHICLE STRUCK PEDALCYCLIST, FRONT END AT ANGLE",,2204,0,2,Injury Collision,,45,Bicycle,Matched,N,1,Unknown,0,0,0,N,2015-65911
60447,"""(47.521410787000036, -122.269997478)""",187139,187219,Intersection,Cycles,\\sdotnasvfa\sdot_vol1\H8\PROD\ATTACHMENTS\COL_DIAGRAM\78185370.bmp,0, ,,0,,02/20/2015 08:00:00 AM +0000,2/20/2015 12:24,1,35449,At Intersection (intersection related),Daylight,RAINIER AVE S AND S FISHER PL,0,1,,0,\\sdotnasvfa\sdot_vol1\H8\PROD\ATTACHMENTS\COL_REPORT\E402191.pdf,E402191,Dry,18,"MOTOR VEHICLE STRUCK PEDALCYCLIST, FRONT END AT ANGLE",,12423,0,2,Injury Collision,,45,Bicycle,Matched,N,1,Clear or Partly Cloudy,0,0,0,N,2015-058392
60488,"""(47.61296336300006, -122.32076237799998)""",188978,189058,Intersection,Cycles,\\sdotnasvfa\sdot_vol1\H8\PROD\ATTACHMENTS\COL_DIAGRAM\11511300.bmp,0, ,,0,,03/19/2015 07:00:00 AM +0000,3/19/2015 17:28,1,29757,At Intersection (intersection related),Daylight,BROADWAY AND E UNION ST,0,1,,0,\\sdotnasvfa\sdot_vol1\H8\PROD\ATTACHMENTS\COL_REPORT\E409518.pdf,E409518,Wet,51,PEDALCYCLIST STRUCK MOTOR VEHICLE FRONT END AT ANGLE,,9446,0,2,Injury Collision,,45,Bicycle,Matched,N,1,Raining,0,9445,0,N,2015-090408
60658,"""(47.61120737300007, -122.33759198199999)""",189081,189161,Intersection,Cycles,\\sdotnasvfa\sdot_vol1\H8\PROD\ATTACHMENTS\COL_DIAGRAM\86188800.bmp,0, ,,0,,04/06/2015 07:00:00 AM +0000,4/6/2015 9:05,1,29579,At Intersection (intersection related),Daylight,4TH AVE AND PINE ST,0,1,Y,2,\\sdotnasvfa\sdot_vol1\H8\PROD\ATTACHMENTS\COL_REPORT\3590992.pdf,3590992,Dry,18,"MOTOR VEHICLE STRUCK PEDALCYCLIST, FRONT END AT ANGLE",,6133,0,2,Injury Collision,,45,Bicycle,Matched,N,1,Clear or Partly Cloudy,0,12764,0,N,2015-111935
60752,"""(47.60168055300005, -122.31026488399999)""",186840,186920,Intersection,Cycles,\\sdotnasvfa\sdot_vol1\H8\PROD\ATTACHMENTS\COL_DIAGRAM\32187700.bmp,0, ,,0,,02/12/2015 08:00:00 AM +0000,2/12/2015 19:45,1,30727,At Intersection (intersection related),Dark - Street Lights On,17TH AVE AND E YESLER WAY,0,1,,0,\\sdotnasvfa\sdot_vol1\H8\PROD\ATTACHMENTS\COL_REPORT\E401312.pdf,E401312,Dry,18,"MOTOR VEHICLE STRUCK PEDALCYCLIST, FRONT END AT ANGLE",,2356,0,2,Injury Collision,,45,Bicycle,Matched,N,1,Clear or Partly Cloudy,0,0,0,N,2015-49710
60757,"""(47.605872617000045, -122.33578172399996)""",186839,186919,Intersection,Cycles,\\sdotnasvfa\sdot_vol1\H8\PROD\ATTACHMENTS\COL_DIAGRAM\44516600.bmp,0, ,,0,,02/18/2015 08:00:00 AM +0000,2/18/2015 6:34,1,29613,At Intersection (intersection related),Dark - Street Lights On,2ND AVE AND SPRING ST,0,1,,0,\\sdotnasvfa\sdot_vol1\H8\PROD\ATTACHMENTS\COL_REPORT\E401616.pdf,E401616,Dry,51,PEDALCYCLIST STRUCK MOTOR VEHICLE FRONT END AT ANGLE,,2754,0,2,Injury Collision,,45,Bicycle,Matched,N,1,Clear or Partly Cloudy,0,2754,0,N,2015-55813
60761,"""(47.618534269000065, -122.33848456799996)""",193384,193464,Intersection,Cycles,\\sdotnasvfa\sdot_vol1\H8\PROD\ATTACHMENTS\COL_DIAGRAM\56183300.bmp,0, ,,0,Y,05/16/2015 07:00:00 AM +0000,5/16/2015 22:02,1,29510,At Intersection (intersection related),Dark - Street Lights On,DENNY WAY AND WESTLAKE AVE,0,1,Y,5,\\sdotnasvfa\sdot_vol1\H8\PROD\ATTACHMENTS\COL_REPORT\3739300.pdf,3739300,Dry,18,"MOTOR VEHICLE STRUCK PEDALCYCLIST, FRONT END AT ANGLE",,10015,0,2,Injury Collision,,45,Bicycle,Matched,N,1,Overcast,0,0,0,N,2015-161360
60784,"""(47.70716868300008, -122.31607137699996)""",193120,193200,Block,Cycles,\\sdotnasvfa\sdot_vol1\H8\PROD\ATTACHMENTS\COL_DIAGRAM\44518600.bmp,160, ,,0,,05/09/2015 07:00:00 AM +0000,5/9/2015 15:43,1,,Driveway Junction,Daylight,NE 108TH ST BETWEEN 11TH AVE NE AND 12TH AVE NE,0,1,,0,\\sdotnasvfa\sdot_vol1\H8\PROD\ATTACHMENTS\COL_REPORT\E423181.pdf,E423181,Dry,51,PEDALCYCLIST STRUCK MOTOR VEHICLE FRONT END AT ANGLE,,16279,0,2,Injury Collision,,45,Bicycle,Matched,N,1,Clear or Partly Cloudy,0,0,0,N,2015-152274
60803,"""(47.60171819900006, -122.32964493999998)""",194007,194087,Block,Cycles,\\sdotnasvfa\sdot_vol1\H8\PROD\ATTACHMENTS\COL_DIAGRAM\78187700.bmp,153.5, ,,0,,05/27/2015 07:00:00 AM +0000,5/27/2015 8:43,1,,Mid-Block (but intersection related),Daylight,YESLER WAY BETWEEN 3RD AVE AND TERRACE ST,0,1,,2,\\sdotnasvfa\sdot_vol1\H8\PROD\ATTACHMENTS\COL_REPORT\3739494.pdf,3739494,Dry,18,"MOTOR VEHICLE STRUCK PEDALCYCLIST, FRONT END AT ANGLE",,13765,0,2,Injury Collision,,45,Bicycle,Matched,N,1,Clear or Partly Cloudy,0,0,0,N,2015-174477
60804,"""(47.682641587000035, -122.32958468499999)""",190116,190196,Intersection,Cycles,\\sdotnasvfa\sdot_vol1\H8\PROD\ATTACHMENTS\COL_DIAGRAM\44514300.bmp,0, ,,0,,03/26/2015 07:00:00 AM +0000,3/26/2015 10:45,1,24570,At Intersection (intersection related),Daylight,SUNNYSIDE AVE N AND EAST GREEN LAKE DR N,0,1,,2,\\sdotnasvfa\sdot_vol1\H8\PROD\ATTACHMENTS\COL_REPORT\3549634.pdf,3549634,Dry,51,PEDALCYCLIST STRUCK MOTOR VEHICLE FRONT END AT ANGLE,,13016,0,2,Injury Collision,,45,Bicycle,Matched,N,1,Clear or Partly Cloudy,0,0,0,N,15-98225
60830,"""(47.60833487000008, -122.333429277)""",193386,193466,Block,Cycles,\\sdotnasvfa\sdot_vol1\H8\PROD\ATTACHMENTS\COL_DIAGRAM\44554900.bmp,153, ,,0,,05/13/2015 07:00:00 AM +0000,5/13/2015 15:55,1,,Mid-Block (but intersection related),Daylight,5TH AVE BETWEEN SENECA ST AND UNIVERSITY ST,0,1,,5,\\sdotnasvfa\sdot_vol1\H8\PROD\ATTACHMENTS\COL_REPORT\3739656.pdf,3739656,Wet,55,PEDALCYCLIST STRUCK MOTOR VEHICLE RIGHT SIDE SIDESWIPE,,7232,0,2,Injury Collision,,45,Bicycle,Matched,N,1,Raining,0,0,0,N,15-157178
60870,"""(47.65904018900005, -122.32829662099999)""",191958,192038,Intersection,Cycles,\\sdotnasvfa\sdot_vol1\H8\PROD\ATTACHMENTS\COL_DIAGRAM\34511100.bmp,0, ,,0,,05/02/2015 07:00:00 AM +0000,5/2/2015 13:45,1,27203,At Intersection (intersection related),Daylight,1ST AVE NE AND NE 43RD ST,0,1,,2,\\sdotnasvfa\sdot_vol1\H8\PROD\ATTACHMENTS\COL_REPORT\3736361.pdf,3736361,Dry,51,PEDALCYCLIST STRUCK MOTOR VEHICLE FRONT END AT ANGLE,,1065,0,2,Injury Collision,,45,Bicycle,Matched,N,1,Clear or Partly Cloudy,0,27203,0,N,2015-143483
60874,"""(47.59919951900008, -122.31568207499998)""",192228,192308,Block,Cycles,\\sdotnasvfa\sdot_vol1\H8\PROD\ATTACHMENTS\COL_DIAGRAM\77690000.bmp,380.5, ,,0,,05/04/2015 07:00:00 AM +0000,5/4/2015 7:52,1,,Mid-Block (not related to intersection),Daylight,S JACKSON ST BETWEEN 12TH AVE S AND 14TH AVE S,0,1,,1,\\sdotnasvfa\sdot_vol1\H8\PROD\ATTACHMENTS\COL_REPORT\E421520.pdf,E421520,Dry,69,PEDALCYCLIST OVERTURNED IN ROAD,,20494,1,2b,Serious Injury Collision,,45,Bicycle,Matched,N,1,Clear or Partly Cloudy,0,0,0,N,2015-145264
61020,"""(47.612633294000034, -122.33582748299995)""",192236,192316,Block,Cycles,\\sdotnasvfa\sdot_vol1\H8\PROD\ATTACHMENTS\COL_DIAGRAM\67186600.bmp,213.5, ,,0,,04/17/2015 07:00:00 AM +0000,4/17/2015 9:22,1,,Mid-Block (not related to intersection),Daylight,6TH AVE BETWEEN PINE ST AND OLIVE WAY,0,1,,0,\\sdotnasvfa\sdot_vol1\H8\PROD\ATTACHMENTS\COL_REPORT\E417132.pdf,E417132,Dry,18,"MOTOR VEHICLE STRUCK PEDALCYCLIST, FRONT END AT ANGLE",,7884,0,2,Injury Collision,,45,Bicycle,Matched,N,1,Clear or Partly Cloudy,0,0,0,N,2015-124992