OBJECTID,Shape,INCKEY,COLDETKEY,ADDRTYPE,COLLISIONTYPE,DIAGRAMLINK,DISTANCE,EXCEPTRSNCODE,EXCEPTRSNDESC,FATALITIES,INATTENTIONIND,INCDATE,INCDTTM,INJURIES,INTKEY,JUNCTIONTYPE,LIGHTCOND,LOCATION,PEDCOUNT,PEDCYLCOUNT,PEDROWNOTGRNT,PERSONCOUNT,REPORTLINK,REPORTNO,ROADCOND,SDOT_COLCODE,SDOT_COLDESC,SDOTCOLNUM,SEGKEY,SERIOUSINJURIES,SEVERITYCODE,SEVERITYDESC,SPEEDING,ST_COLCODE,ST_COLDESC,STATUS,UNDERINFL,VEHCOUNT,WEATHER,WIDTH,SEGLANEKEY,CROSSWALKKEY,HITPARKEDCAR,SPDCASENO
61038,"""(47.66943046700004, -122.36617831099994)""",191972,192052,Intersection,Cycles,\\sdotnasvfa\sdot_vol1\H8\PROD\ATTACHMENTS\COL_DIAGRAM\56185500.bmp,0, ,,0,,04/07/2015 07:00:00 AM +0000,4/7/2015 8:43,1,25418,At Intersection (intersection related),Daylight,8TH AVE NW AND NW 56TH ST,0,1,,0,\\sdotnasvfa\sdot_vol1\H8\PROD\ATTACHMENTS\COL_REPORT\E416522.pdf,E416522,Dry,18,"MOTOR VEHICLE STRUCK PEDALCYCLIST, FRONT END AT ANGLE",,8385,0,2,Injury Collision,,45,Bicycle,Matched,N,1,Overcast,0,8384,0,N,2015-113095
61070,"""(47.72503747500008, -122.34793329699994)""",193157,193237,Block,Cycles,\\sdotnasvfa\sdot_vol1\H8\PROD\ATTACHMENTS\COL_DIAGRAM\12185500.bmp,667, ,,0,,05/06/2015 07:00:00 AM +0000,5/6/2015 8:12,1,,Driveway Junction,Daylight,LINDEN AVE N BETWEEN N 130TH ST AND N 135TH ST,0,1,Y,2,\\sdotnasvfa\sdot_vol1\H8\PROD\ATTACHMENTS\COL_REPORT\3501825.pdf,3501825,Dry,18,"MOTOR VEHICLE STRUCK PEDALCYCLIST, FRONT END AT ANGLE",,11453,0,2,Injury Collision,,45,Bicycle,Matched,N,1,Clear or Partly Cloudy,0,0,0,N,2015-147723
61142,"""(47.58126700100007, -122.29699071399995)""",192238,192318,Intersection,Cycles,\\sdotnasvfa\sdot_vol1\H8\PROD\ATTACHMENTS\COL_DIAGRAM\12187700.bmp,0, ,,0,,04/18/2015 07:00:00 AM +0000,4/18/2015 11:41,1,31507,At Intersection (intersection related),Daylight,M L KING JR WAY S AND S BAYVIEW S ST,0,1,,0,\\sdotnasvfa\sdot_vol1\H8\PROD\ATTACHMENTS\COL_REPORT\E417181.pdf,E417181,Dry,18,"MOTOR VEHICLE STRUCK PEDALCYCLIST, FRONT END AT ANGLE",,11518,0,2,Injury Collision,,45,Bicycle,Matched,N,1,Clear or Partly Cloudy,0,0,0,N,2015-126537
61151,"""(47.60878749200003, -122.33844845799996)""",191258,191338,Block,Cycles,\\sdotnasvfa\sdot_vol1\H8\PROD\ATTACHMENTS\COL_DIAGRAM\42184400.bmp,213, ,,0,,04/21/2015 07:00:00 AM +0000,4/21/2015 8:53,2,,Mid-Block (not related to intersection),Daylight,2ND AVE BETWEEN UNION ST AND PIKE ST,0,2,,4,\\sdotnasvfa\sdot_vol1\H8\PROD\ATTACHMENTS\COL_REPORT\3739580.pdf,3739580,Dry,18,"MOTOR VEHICLE STRUCK PEDALCYCLIST, FRONT END AT ANGLE",,2757,0,2,Injury Collision,,45,Bicycle,Matched,N,1,Clear or Partly Cloudy,0,0,0,N,2015-129977
61229,"""(47.66238965500003, -122.37889419899994)""",189918,189998,Intersection,Cycles,\\sdotnasvfa\sdot_vol1\H8\PROD\ATTACHMENTS\COL_DIAGRAM\42188800.bmp,0, ,,0,Y,03/27/2015 07:00:00 AM +0000,3/27/2015 18:20,0,25183,At Intersection (intersection related),Daylight,17TH AVE NW AND SHILSHOLE AVE NW,0,1,,2,\\sdotnasvfa\sdot_vol1\H8\PROD\ATTACHMENTS\COL_REPORT\3736353.pdf,3736353,Dry,18,"MOTOR VEHICLE STRUCK PEDALCYCLIST, FRONT END AT ANGLE",,2428,0,1,Property Damage Only Collision,,45,Bicycle,Matched,N,1,Clear or Partly Cloudy,0,0,0,N,2015-100169
61319,"""(47.70866306600004, -122.33399304399995)""",194058,194138,Intersection,Cycles,\\sdotnasvfa\sdot_vol1\H8\PROD\ATTACHMENTS\COL_DIAGRAM\56183300.bmp,0, ,,0,Y,05/29/2015 07:00:00 AM +0000,5/29/2015 18:03,1,36584,At Intersection (intersection related),Daylight,MERIDIAN AVE N AND N NORTHGATE WAY,0,1,,2,\\sdotnasvfa\sdot_vol1\H8\PROD\ATTACHMENTS\COL_REPORT\3738783.pdf,3738783,Dry,18,"MOTOR VEHICLE STRUCK PEDALCYCLIST, FRONT END AT ANGLE",,11826,0,2,Injury Collision,,45,Bicycle,Matched,N,1,Clear or Partly Cloudy,0,0,0,N,15-178071
61323,"""(47.61702818900005, -122.31145033699994)""",193433,193513,Block,Cycles,\\sdotnasvfa\sdot_vol1\H8\PROD\ATTACHMENTS\COL_DIAGRAM\56515900.bmp,213, ,,0,Y,05/17/2015 07:00:00 AM +0000,5/17/2015 18:30,1,,Mid-Block (but intersection related),Daylight,16TH AVE BETWEEN E OLIVE ST AND E HOWELL ST,0,1,,2,\\sdotnasvfa\sdot_vol1\H8\PROD\ATTACHMENTS\COL_REPORT\3707251.pdf,3707251,Dry,51,PEDALCYCLIST STRUCK MOTOR VEHICLE FRONT END AT ANGLE,,2231,0,2,Injury Collision,,45,Bicycle,Matched,N,1,Clear or Partly Cloudy,0,0,0,N,2015-163254
61334,"""(47.61465412100006, -122.32078948899999)""",193738,193818,Block,Cycles,\\sdotnasvfa\sdot_vol1\H8\PROD\ATTACHMENTS\COL_DIAGRAM\78185500.bmp,211.5, ,,0,,05/26/2015 07:00:00 AM +0000,5/26/2015 18:50,1,,Driveway Junction,Daylight,BROADWAY BETWEEN E PIKE ST AND E PINE ST,0,1,Y,2,\\sdotnasvfa\sdot_vol1\H8\PROD\ATTACHMENTS\COL_REPORT\3626634.pdf,3626634,Dry,18,"MOTOR VEHICLE STRUCK PEDALCYCLIST, FRONT END AT ANGLE",,9447,0,2,Injury Collision,,45,Bicycle,Matched,N,1,Clear or Partly Cloudy,0,0,0,N,2015-173907
61351,"""(47.66501582700005, -122.35146177899998)""",194057,194137,Intersection,Cycles,\\sdotnasvfa\sdot_vol1\H8\PROD\ATTACHMENTS\COL_DIAGRAM\75183300.bmp,0, ,,0,,05/19/2015 07:00:00 AM +0000,5/19/2015 10:19,1,25657,At Intersection (intersection related),Daylight,EVANSTON AVE N AND N 50TH ST,0,1,,2,\\sdotnasvfa\sdot_vol1\H8\PROD\ATTACHMENTS\COL_REPORT\3738444.pdf,3738444,Dry,18,"MOTOR VEHICLE STRUCK PEDALCYCLIST, FRONT END AT ANGLE",,15641,0,2,Injury Collision,,45,Bicycle,Matched,N,1,Clear or Partly Cloudy,0,0,0,N,15-164192
61514,"""(47.60974973300006, -122.33779291599996)""",191282,191362,Intersection,Cycles,\\sdotnasvfa\sdot_vol1\H8\PROD\ATTACHMENTS\COL_DIAGRAM\68186600.bmp,0, ,,0,,04/22/2015 07:00:00 AM +0000,4/22/2015 21:34,0,29587,At Intersection (intersection related),Dark - Street Lights On,3RD AVE AND PIKE ST,0,1,Y,2,\\sdotnasvfa\sdot_vol1\H8\PROD\ATTACHMENTS\COL_REPORT\3739533.pdf,3739533,Dry,18,"MOTOR VEHICLE STRUCK PEDALCYCLIST, FRONT END AT ANGLE",,4384,0,1,Property Damage Only Collision,,45,Bicycle,Matched,N,1,Clear or Partly Cloudy,0,0,0,N,2015-132031
61518,"""(47.54515463200005, -122.27371077699996)""",191058,191138,Block,Cycles,\\sdotnasvfa\sdot_vol1\H8\PROD\ATTACHMENTS\COL_DIAGRAM\33511100.bmp,324.5, ,,0,,04/19/2015 07:00:00 AM +0000,4/19/2015 14:38,1,,Driveway Junction,Daylight,47TH AVE S BETWEEN S GRAHAM ST AND S MORGAN ST,0,1,,2,\\sdotnasvfa\sdot_vol1\H8\PROD\ATTACHMENTS\COL_REPORT\3730165.pdf,3730165,Dry,51,PEDALCYCLIST STRUCK MOTOR VEHICLE FRONT END AT ANGLE,,7024,0,2,Injury Collision,,45,Bicycle,Matched,N,1,Clear or Partly Cloudy,0,7024,0,N,2015-127936
61545,"""(47.61508065500004, -122.32831087699998)""",191498,191578,Block,Cycles,\\sdotnasvfa\sdot_vol1\H8\PROD\ATTACHMENTS\COL_DIAGRAM\66236600.bmp,115, ,,0,,03/31/2015 07:00:00 AM +0000,3/31/2015 15:19,1,,Mid-Block (not related to intersection),Daylight,PINE ST BETWEEN MINOR AVE AND MELROSE AVE,0,1,,0,\\sdotnasvfa\sdot_vol1\H8\PROD\ATTACHMENTS\COL_REPORT\E412383.pdf,E412383,Wet,23,"MOTOR VEHICLE STRUCK PEDALCYCLIST, LEFT SIDE SIDESWIPE",,12225,0,2,Injury Collision,,45,Bicycle,Matched,N,1,Overcast,0,10330,0,N,2015-104918
61598,"""(47.671896987000025, -122.31577275399997)""",193797,193877,Intersection,Cycles,\\sdotnasvfa\sdot_vol1\H8\PROD\ATTACHMENTS\COL_DIAGRAM\88515500.bmp,0, ,,0,Y,05/26/2015 07:00:00 AM +0000,5/26/2015 20:13,1,25757,At Intersection (intersection related),Daylight,11TH AVE NE AND NE RAVENNA WB BV,0,1,,2,\\sdotnasvfa\sdot_vol1\H8\PROD\ATTACHMENTS\COL_REPORT\3706666.pdf,3706666,Dry,51,PEDALCYCLIST STRUCK MOTOR VEHICLE FRONT END AT ANGLE,,1575,0,2,Injury Collision,,45,Bicycle,Matched,N,1,Clear or Partly Cloudy,0,0,0,N,15-173983
61628,"""(47.55645156800006, -122.28410238699996)""",191078,191158,Block,Cycles,\\sdotnasvfa\sdot_vol1\H8\PROD\ATTACHMENTS\COL_DIAGRAM\22188800.bmp,253, ,,0,Y,04/22/2015 07:00:00 AM +0000,4/22/2015 19:03,1,,Driveway Junction,Daylight,RAINIER AVE S BETWEEN S HUDSON ST AND 39TH N AVE S,0,1,Y,2,\\sdotnasvfa\sdot_vol1\H8\PROD\ATTACHMENTS\COL_REPORT\3730170.pdf,3730170,Dry,18,"MOTOR VEHICLE STRUCK PEDALCYCLIST, FRONT END AT ANGLE",,12388,0,2,Injury Collision,,45,Bicycle,Matched,N,1,Clear or Partly Cloudy,0,0,0,N,2015-131901
61694,"""(47.60326855800008, -122.33493456599996)""",192101,192181,Intersection,Cycles,\\sdotnasvfa\sdot_vol1\H8\PROD\ATTACHMENTS\COL_DIAGRAM\86184400.bmp,0, ,,0,,05/02/2015 07:00:00 AM +0000,5/2/2015 12:20,1,30348,At Intersection (intersection related),Daylight,1ST AVE AND COLUMBIA ST,0,1,Y,3,\\sdotnasvfa\sdot_vol1\H8\PROD\ATTACHMENTS\COL_REPORT\3739231.pdf,3739231,Dry,18,"MOTOR VEHICLE STRUCK PEDALCYCLIST, FRONT END AT ANGLE",,1002,0,2,Injury Collision,,45,Bicycle,Matched,N,1,Clear or Partly Cloudy,0,1002,0,N,2015-143385
61718,"""(47.646816612000066, -122.40361794699999)""",193564,193644,Intersection,Cycles,\\sdotnasvfa\sdot_vol1\H8\PROD\ATTACHMENTS\COL_DIAGRAM\33185500.bmp,0, ,,0,,05/15/2015 07:00:00 AM +0000,5/15/2015 5:45,1,27440,At Intersection (intersection related),Dawn,36TH AVE W AND W BARRETT ST,0,1,,2,\\sdotnasvfa\sdot_vol1\H8\PROD\ATTACHMENTS\COL_REPORT\3739292.pdf,3739292,Dry,18,"MOTOR VEHICLE STRUCK PEDALCYCLIST, FRONT END AT ANGLE",,5656,0,2,Injury Collision,,45,Bicycle,Matched,N,1,Overcast,0,0,0,N,2015-159072
61722,"""(47.65015880000004, -122.34742988899995)""",193562,193642,Intersection,Cycles,\\sdotnasvfa\sdot_vol1\H8\PROD\ATTACHMENTS\COL_DIAGRAM\33185500.bmp,0, ,,0,,05/20/2015 07:00:00 AM +0000,5/20/2015 17:29,1,27034,At Intersection (intersection related),Daylight,TROLL AVE N AND N 35TH ST,0,1,,2,\\sdotnasvfa\sdot_vol1\H8\PROD\ATTACHMENTS\COL_REPORT\3736365.pdf,3736365,Dry,18,"MOTOR VEHICLE STRUCK PEDALCYCLIST, FRONT END AT ANGLE",,9003,0,2,Injury Collision,,45,Bicycle,Matched,N,1,Clear or Partly Cloudy,0,0,0,N,2015-166066
61726,"""(47.615238420000026, -122.32790375499997)""",193560,193640,Intersection,Cycles,\\sdotnasvfa\sdot_vol1\H8\PROD\ATTACHMENTS\COL_DIAGRAM\77517800.bmp,0, ,,0,,05/19/2015 07:00:00 AM +0000,5/19/2015 9:53,1,29863,At Intersection (intersection related),Daylight,MELROSE AVE AND PINE ST,0,1,,2,\\sdotnasvfa\sdot_vol1\H8\PROD\ATTACHMENTS\COL_REPORT\3626512.pdf,3626512,Dry,51,PEDALCYCLIST STRUCK MOTOR VEHICLE FRONT END AT ANGLE,,11745,0,2,Injury Collision,,45,Bicycle,Matched,N,1,Clear or Partly Cloudy,0,41973,0,N,2015-164159
61744,"""(47.52853365000004, -122.28025718699996)""",193215,193295,Block,Cycles,\\sdotnasvfa\sdot_vol1\H8\PROD\ATTACHMENTS\COL_DIAGRAM\77185500.bmp,255.5, ,,0,,04/16/2015 07:00:00 AM +0000,4/16/2015 16:18,1,,Mid-Block (not related to intersection),Daylight,M L KING JR ER WAY S BETWEEN S ROSE ST AND S THISTLE ST,0,1,,0,\\sdotnasvfa\sdot_vol1\H8\PROD\ATTACHMENTS\COL_REPORT\E418701.pdf,E418701,Dry,18,"MOTOR VEHICLE STRUCK PEDALCYCLIST, FRONT END AT ANGLE",,11567,0,2,Injury Collision,,45,Bicycle,Matched,N,1,Clear or Partly Cloudy,0,0,525484,N,15-106326
61811,"""(47.569518121000044, -122.31342877599997)""",192138,192218,Block,Cycles,\\sdotnasvfa\sdot_vol1\H8\PROD\ATTACHMENTS\COL_DIAGRAM\11511200.bmp,128, ,,0,,04/07/2015 07:00:00 AM +0000,4/7/2015 9:43,1,,Mid-Block (not related to intersection),Daylight,15TH AVE S BETWEEN 15TH AVS TURN RD AND S COLUMBIAN N WAY,0,1,,0,\\sdotnasvfa\sdot_vol1\H8\PROD\ATTACHMENTS\COL_REPORT\E414454.pdf,E414454,Dry,51,PEDALCYCLIST STRUCK MOTOR VEHICLE FRONT END AT ANGLE,,2153,0,2,Injury Collision,,45,Bicycle,Matched,N,1,Overcast,0,0,0,N,2015-113162
61859,"""(47.61971961300003, -122.342391712)""",193578,193658,Intersection,Cycles,\\sdotnasvfa\sdot_vol1\H8\PROD\ATTACHMENTS\COL_DIAGRAM\11511200.bmp,0, ,,0,Y,05/14/2015 07:00:00 AM +0000,5/14/2015 18:13,1,28797,At Intersection (intersection related),Daylight,DEXTER AVE N AND JOHN ST,0,1,,2,\\sdotnasvfa\sdot_vol1\H8\PROD\ATTACHMENTS\COL_REPORT\3739791.pdf,3739791,Dry,51,PEDALCYCLIST STRUCK MOTOR VEHICLE FRONT END AT ANGLE,,10072,0,2,Injury Collision,,45,Bicycle,Matched,N,1,Clear or Partly Cloudy,0,0,0,N,2015-158332
61926,"""(47.65378517900007, -122.32515355599998)""",193858,193938,Block,Cycles,\\sdotnasvfa\sdot_vol1\H8\PROD\ATTACHMENTS\COL_DIAGRAM\76517700.bmp,140, ,,0,,05/26/2015 07:00:00 AM +0000,5/26/2015 15:35,0,,Mid-Block (not related to intersection),Daylight,NE NORTHLAKE WAY BETWEEN LATONA AVE NE AND 4TH AVE NE,0,1,,2,\\sdotnasvfa\sdot_vol1\H8\PROD\ATTACHMENTS\COL_REPORT\3503349.pdf,3503349,Dry,51,PEDALCYCLIST STRUCK MOTOR VEHICLE FRONT END AT ANGLE,,18031,0,1,Property Damage Only Collision,,45,Bicycle,Matched,N,1,Clear or Partly Cloudy,0,0,0,N,2015-173689
61959,"""(47.57977779200007, -122.40866226299994)""",191659,191739,Block,Cycles,\\sdotnasvfa\sdot_vol1\H8\PROD\ATTACHMENTS\COL_DIAGRAM\34183300.bmp,192, ,,0,Y,05/03/2015 07:00:00 AM +0000,5/3/2015 17:25,1,,Mid-Block (not related to intersection),Daylight,ALKI AVE SW BETWEEN 59TH AVE SW AND 60TH AVE SW,0,1,,2,\\sdotnasvfa\sdot_vol1\H8\PROD\ATTACHMENTS\COL_REPORT\3385966.pdf,3385966,Dry,18,"MOTOR VEHICLE STRUCK PEDALCYCLIST, FRONT END AT ANGLE",,8796,0,2,Injury Collision,,45,Bicycle,Matched,N,1,Clear or Partly Cloudy,0,0,0,N,2015-144747
61995,"""(47.60802362000004, -122.30827862499996)""",193898,193978,Block,Cycles,\\sdotnasvfa\sdot_vol1\H8\PROD\ATTACHMENTS\COL_DIAGRAM\76183300.bmp,161.5, ,,0,,05/18/2015 07:00:00 AM +0000,5/18/2015 17:06,1,,Mid-Block (not related to intersection),Daylight,E CHERRY ST BETWEEN 18TH AVE AND 19TH AVE,0,1,,0,\\sdotnasvfa\sdot_vol1\H8\PROD\ATTACHMENTS\COL_REPORT\E426893.pdf,E426893,Dry,18,"MOTOR VEHICLE STRUCK PEDALCYCLIST, FRONT END AT ANGLE",,13887,0,2,Injury Collision,,45,Bicycle,Matched,N,1,Clear or Partly Cloudy,0,0,0,N,2015-163394
62102,"""(47.65751422500006, -122.31780212899997)""",191359,191439,Intersection,Cycles,\\sdotnasvfa\sdot_vol1\H8\PROD\ATTACHMENTS\COL_DIAGRAM\55515600.bmp,0, ,,0,,04/16/2015 07:00:00 AM +0000,4/16/2015 11:24,1,27093,At Intersection (intersection related),Daylight,ROOSEVELT WAY NE AND NE 42ND S ST,0,1,,2,\\sdotnasvfa\sdot_vol1\H8\PROD\ATTACHMENTS\COL_REPORT\3591200.pdf,3591200,Dry,51,PEDALCYCLIST STRUCK MOTOR VEHICLE FRONT END AT ANGLE,,12595,0,2,Injury Collision,,45,Bicycle,Matched,N,1,Clear or Partly Cloudy,0,8985,0,N,15-123843
62173,"""(47.643194556000026, -122.32005642799999)""",193297,193377,Intersection,Cycles,\\sdotnasvfa\sdot_vol1\H8\PROD\ATTACHMENTS\COL_DIAGRAM\77185771.bmp,0, ,,0,,05/14/2015 07:00:00 AM +0000,5/14/2015 18:11,1,28205,At Intersection (intersection related),Daylight,10TH AVE E AND E ROANOKE W ST,0,1,Y,3,\\sdotnasvfa\sdot_vol1\H8\PROD\ATTACHMENTS\COL_REPORT\3707047.pdf,3707047,Dry,18,"MOTOR VEHICLE STRUCK PEDALCYCLIST, FRONT END AT ANGLE",,14728,0,2,Injury Collision,,45,Bicycle,Matched,N,2,Clear or Partly Cloudy,0,28205,0,N,2015-158592
62237,"""(47.69050090300004, -122.33644048199994)""",191370,191450,Intersection,Cycles,\\sdotnasvfa\sdot_vol1\H8\PROD\ATTACHMENTS\COL_DIAGRAM\32185500.bmp,0, ,,0,Y,04/16/2015 07:00:00 AM +0000,4/16/2015 20:33,1,37375,At Intersection (intersection related),Dusk,WALLINGFORD AVE N AND N 85TH ST,0,1,,2,\\sdotnasvfa\sdot_vol1\H8\PROD\ATTACHMENTS\COL_REPORT\3738506.pdf,3738506,Dry,18,"MOTOR VEHICLE STRUCK PEDALCYCLIST, FRONT END AT ANGLE",,13389,0,2,Injury Collision,,45,Bicycle,Matched,N,1,Clear or Partly Cloudy,0,0,0,N,2015-124486
62265,"""(47.65945594600004, -122.31775170599997)""",191160,191240,Intersection,Cycles,\\sdotnasvfa\sdot_vol1\H8\PROD\ATTACHMENTS\COL_DIAGRAM\56185500.bmp,0, ,,0,Y,04/20/2015 07:00:00 AM +0000,4/20/2015 15:17,1,27079,At Intersection (intersection related),Daylight,ROOSEVELT WAY NE AND NE 43RD S ST,0,1,,3,\\sdotnasvfa\sdot_vol1\H8\PROD\ATTACHMENTS\COL_REPORT\3736780.pdf,3736780,Dry,18,"MOTOR VEHICLE STRUCK PEDALCYCLIST, FRONT END AT ANGLE",,12597,0,2,Injury Collision,,45,Bicycle,Matched,N,1,Clear or Partly Cloudy,0,8995,0,N,2015-129172
62300,"""(47.66800627300006, -122.30648740199996)""",192568,192668,Intersection,Cycles,\\sdotnasvfa\sdot_vol1\H8\PROD\ATTACHMENTS\COL_DIAGRAM\11517600.bmp,0, ,,0,,05/06/2015 07:00:00 AM +0000,5/6/2015 15:20,1,26039,At Intersection (intersection related),Daylight,20TH AVE NE AND NE 54TH ST,0,1,,0,\\sdotnasvfa\sdot_vol1\H8\PROD\ATTACHMENTS\COL_REPORT\E423324.pdf,E423324,Dry,51,PEDALCYCLIST STRUCK MOTOR VEHICLE FRONT END AT ANGLE,,2964,0,2,Injury Collision,,45,Bicycle,Matched,N,1,Clear or Partly Cloudy,0,0,0,N,15-148215
62312,"""(47.52287008800005, -122.35510445399996)""",192397,192477,Intersection,Cycles,\\sdotnasvfa\sdot_vol1\H8\PROD\ATTACHMENTS\COL_DIAGRAM\54517700.bmp,0, ,,0,,05/05/2015 07:00:00 AM +0000,5/5/2015 11:01,1,35033,At Intersection (intersection related),Daylight,16TH AVE SW AND SW HENDERSON ST,0,1,,2,\\sdotnasvfa\sdot_vol1\H8\PROD\ATTACHMENTS\COL_REPORT\3588332.pdf,3588332,Dry,51,PEDALCYCLIST STRUCK MOTOR VEHICLE FRONT END AT ANGLE,,2348,0,2,Injury Collision,,45,Bicycle,Matched,N,1,Clear or Partly Cloudy,0,0,0,N,2015-146691
62325,"""(47.606865973000026, -122.33976041099999)""",190060,190140,Block,Cycles,\\sdotnasvfa\sdot_vol1\H8\PROD\ATTACHMENTS\COL_DIAGRAM\44514500.bmp,213, ,,0,Y,03/26/2015 07:00:00 AM +0000,3/26/2015 16:16,1,,Mid-Block (not related to intersection),Daylight,WESTERN AVE BETWEEN UNIVERSITY ST AND UNION ST,0,1,,3,\\sdotnasvfa\sdot_vol1\H8\PROD\ATTACHMENTS\COL_REPORT\3733289.pdf,3733289,Dry,51,PEDALCYCLIST STRUCK MOTOR VEHICLE FRONT END AT ANGLE,,13502,0,2,Injury Collision,,45,Bicycle,Matched,N,1,Clear or Partly Cloudy,0,0,0,N,2015-98647
62390,"""(47.59204988700003, -122.297633916)""",191738,191818,Intersection,Cycles,\\sdotnasvfa\sdot_vol1\H8\PROD\ATTACHMENTS\COL_DIAGRAM\17185500.bmp,0, ,,0,,05/03/2015 07:00:00 AM +0000,5/3/2015 0:37,1,30686,At Intersection (intersection related),Dark - Street Lights On,M L KING JR WAY S AND S JUDKINS ST,0,1,Y,2,\\sdotnasvfa\sdot_vol1\H8\PROD\ATTACHMENTS\COL_REPORT\3707192.pdf,3707192,Dry,18,"MOTOR VEHICLE STRUCK PEDALCYCLIST, FRONT END AT ANGLE",,11508,0,2,Injury Collision,,45,Bicycle,Matched,N,1,Clear or Partly Cloudy,0,12941,0,N,2015-144087
62408,"""(47.56977061300006, -122.29069886499997)""",192425,192505,Intersection,Cycles,\\sdotnasvfa\sdot_vol1\H8\PROD\ATTACHMENTS\COL_DIAGRAM\77185371.bmp,0, ,,0,,04/28/2015 07:00:00 AM +0000,4/28/2015 17:22,1,32672,At Intersection (intersection related),Daylight,RAINIER AVE S AND S CHARLESTOWN ST,0,1,,0,\\sdotnasvfa\sdot_vol1\H8\PROD\ATTACHMENTS\COL_REPORT\E420644.pdf,E420644,Wet,18,"MOTOR VEHICLE STRUCK PEDALCYCLIST, FRONT END AT ANGLE",,11378,0,2,Injury Collision,,45,Bicycle,Matched,N,1,Raining,0,0,524336,N,2015-139096
62413,"""(47.68029316900004, -122.32582592399996)""",193964,194044,Intersection,Cycles,\\sdotnasvfa\sdot_vol1\H8\PROD\ATTACHMENTS\COL_DIAGRAM\65188800.bmp,0, ,,0,,05/28/2015 07:00:00 AM +0000,5/28/2015 16:56,1,24580,At Intersection (intersection related),Daylight,EAST GREEN LAKE DR N AND NE 72ND ST,0,1,,2,\\sdotnasvfa\sdot_vol1\H8\PROD\ATTACHMENTS\COL_REPORT\3708133.pdf,3708133,Dry,18,"MOTOR VEHICLE STRUCK PEDALCYCLIST, FRONT END AT ANGLE",,14057,0,2,Injury Collision,,45,Bicycle,Matched,N,1,Clear or Partly Cloudy,0,0,0,N,15-176470
62441,"""(47.604360385000064, -122.31678113299995)""",192582,192682,Intersection,Cycles,\\sdotnasvfa\sdot_vol1\H8\PROD\ATTACHMENTS\COL_DIAGRAM\17185500.bmp,0, ,,0,,05/07/2015 07:00:00 AM +0000,5/7/2015 14:33,1,29826,At Intersection (intersection related),Daylight,12TH AVE AND E ALDER ST,0,1,,0,\\sdotnasvfa\sdot_vol1\H8\PROD\ATTACHMENTS\COL_REPORT\E423419.pdf,E423419,Dry,18,"MOTOR VEHICLE STRUCK PEDALCYCLIST, FRONT END AT ANGLE",,1526,0,2,Injury Collision,,45,Bicycle,Matched,N,1,Clear or Partly Cloudy,0,0,0,N,2015-149424
62445,"""(47.60522681700007, -122.32074874099999)""",192581,192681,Intersection,Cycles,\\sdotnasvfa\sdot_vol1\H8\PROD\ATTACHMENTS\COL_DIAGRAM\12185500.bmp,0, ,,0,,05/05/2015 07:00:00 AM +0000,5/5/2015 19:00,1,29818,At Intersection (intersection related),Dusk,BROADWAY AND TERRACE ST,0,1,,2,\\sdotnasvfa\sdot_vol1\H8\PROD\ATTACHMENTS\COL_REPORT\3707153.pdf,3707153,Wet,18,"MOTOR VEHICLE STRUCK PEDALCYCLIST, FRONT END AT ANGLE",,9436,0,2,Injury Collision,,45,Bicycle,Matched,N,1,Overcast,0,29818,0,N,2015-147330
62503,"""(47.60912237400004, -122.32801317499997)""",190898,190978,Intersection,Cycles,\\sdotnasvfa\sdot_vol1\H8\PROD\ATTACHMENTS\COL_DIAGRAM\77181100.bmp,0, ,,0,,04/15/2015 07:00:00 AM +0000,4/15/2015 16:49,1,29918,At Intersection (intersection related),Daylight,9TH AVE AND SPRING ST,0,1,Y,2,\\sdotnasvfa\sdot_vol1\H8\PROD\ATTACHMENTS\COL_REPORT\3707014.pdf,3707014,Dry,18,"MOTOR VEHICLE STRUCK PEDALCYCLIST, FRONT END AT ANGLE",,8517,1,2b,Serious Injury Collision,,45,Bicycle,Matched,N,1,Clear or Partly Cloudy,0,0,0,N,2015-123064
62536,"""(47.67344965800004, -122.373578082)""",191386,191466,Block,Cycles,\\sdotnasvfa\sdot_vol1\H8\PROD\ATTACHMENTS\COL_DIAGRAM\12181100.bmp,133, ,,0,,04/27/2015 07:00:00 AM +0000,4/27/2015 17:47,0,,Mid-Block (not related to intersection),Daylight,14TH AVE NW BETWEEN NW 61ST ST AND NW 62ND ST,0,1,,2,\\sdotnasvfa\sdot_vol1\H8\PROD\ATTACHMENTS\COL_REPORT\3738478.pdf,3738478,Dry,18,"MOTOR VEHICLE STRUCK PEDALCYCLIST, FRONT END AT ANGLE",,1901,0,1,Property Damage Only Collision,,45,Bicycle,Matched,N,1,Clear or Partly Cloudy,0,0,0,N,2015-137850
62570,"""(47.66399488800005, -122.31308797799994)""",193648,193728,Block,Cycles,\\sdotnasvfa\sdot_vol1\H8\PROD\ATTACHMENTS\COL_DIAGRAM\12181100.bmp,330, ,,0,Y,05/19/2015 07:00:00 AM +0000,5/19/2015 13:43,1,,Mid-Block (not related to intersection),Daylight,UNIVERSITY WAY NE BETWEEN NE 47TH ST AND NE 50TH ST,0,1,,2,\\sdotnasvfa\sdot_vol1\H8\PROD\ATTACHMENTS\COL_REPORT\3736784.pdf,3736784,Dry,18,"MOTOR VEHICLE STRUCK PEDALCYCLIST, FRONT END AT ANGLE",,13223,0,2,Injury Collision,,45,Bicycle,Matched,N,1,Clear or Partly Cloudy,0,13222,0,N,2015-164425