OBJECTID,Shape,INCKEY,COLDETKEY,ADDRTYPE,COLLISIONTYPE,DIAGRAMLINK,DISTANCE,EXCEPTRSNCODE,EXCEPTRSNDESC,FATALITIES,INATTENTIONIND,INCDATE,INCDTTM,INJURIES,INTKEY,JUNCTIONTYPE,LIGHTCOND,LOCATION,PEDCOUNT,PEDCYLCOUNT,PEDROWNOTGRNT,PERSONCOUNT,REPORTLINK,REPORTNO,ROADCOND,SDOT_COLCODE,SDOT_COLDESC,SDOTCOLNUM,SEGKEY,SERIOUSINJURIES,SEVERITYCODE,SEVERITYDESC,SPEEDING,ST_COLCODE,ST_COLDESC,STATUS,UNDERINFL,VEHCOUNT,WEATHER,WIDTH,SEGLANEKEY,CROSSWALKKEY,HITPARKEDCAR,SPDCASENO
62587,"""(47.65945594600004, -122.31775170599997)""",193974,194054,Intersection,Cycles,\\sdotnasvfa\sdot_vol1\H8\PROD\ATTACHMENTS\COL_DIAGRAM\57185500.bmp,0, ,,0,Y,05/27/2015 07:00:00 AM +0000,5/27/2015 19:12,1,27079,At Intersection (intersection related),Daylight,ROOSEVELT WAY NE AND NE 43RD S ST,0,1,,2,\\sdotnasvfa\sdot_vol1\H8\PROD\ATTACHMENTS\COL_REPORT\3706667.pdf,3706667,Dry,18,"MOTOR VEHICLE STRUCK PEDALCYCLIST, FRONT END AT ANGLE",,12597,0,2,Injury Collision,,45,Bicycle,Matched,N,1,Clear or Partly Cloudy,0,0,0,N,15-175284
62632,"""(47.65751422500006, -122.31780212899997)""",191202,191282,Intersection,Cycles,\\sdotnasvfa\sdot_vol1\H8\PROD\ATTACHMENTS\COL_DIAGRAM\56185500.bmp,0, ,,0,,04/22/2015 07:00:00 AM +0000,4/22/2015 8:35,1,27093,At Intersection (intersection related),Daylight,ROOSEVELT WAY NE AND NE 42ND S ST,0,1,Y,2,\\sdotnasvfa\sdot_vol1\H8\PROD\ATTACHMENTS\COL_REPORT\3738438.pdf,3738438,Dry,18,"MOTOR VEHICLE STRUCK PEDALCYCLIST, FRONT END AT ANGLE",,12595,0,2,Injury Collision,,45,Bicycle,Matched,N,1,Clear or Partly Cloudy,0,8985,0,N,2015-131136
62720,"""(47.54426392500005, -122.26414708199997)""",193980,194060,Intersection,Cycles,\\sdotnasvfa\sdot_vol1\H8\PROD\ATTACHMENTS\COL_DIAGRAM\33516600.bmp,0, ,,0,,05/21/2015 07:00:00 AM +0000,5/21/2015 15:18,1,34609,At Intersection (intersection related),Daylight,SEWARD PARK S AVE S AND S MORGAN ST,0,1,,0,\\sdotnasvfa\sdot_vol1\H8\PROD\ATTACHMENTS\COL_REPORT\E426565.pdf,E426565,Dry,51,PEDALCYCLIST STRUCK MOTOR VEHICLE FRONT END AT ANGLE,,12799,0,2,Injury Collision,,45,Bicycle,Matched,N,1,Clear or Partly Cloudy,0,0,0,N,2015-167149
62770,"""(47.728353629000026, -122.29917291699996)""",191224,191304,Intersection,Cycles,\\sdotnasvfa\sdot_vol1\H8\PROD\ATTACHMENTS\COL_DIAGRAM\77185500.bmp,0, ,,0,,04/24/2015 07:00:00 AM +0000,4/24/2015 17:41,1,36021,At Intersection (intersection related),Daylight,27TH AVE NE AND NE 137TH ST,0,1,Y,2,\\sdotnasvfa\sdot_vol1\H8\PROD\ATTACHMENTS\COL_REPORT\3736977.pdf,3736977,Dry,18,"MOTOR VEHICLE STRUCK PEDALCYCLIST, FRONT END AT ANGLE",,4042,0,2,Injury Collision,,45,Bicycle,Matched,N,1,Clear or Partly Cloudy,0,36019,0,N,2015-1304
62843,"""(47.59918968200003, -122.32440465099995)""",192202,192282,Block,Cycles,\\sdotnasvfa\sdot_vol1\H8\PROD\ATTACHMENTS\COL_DIAGRAM\33690000.bmp,161, ,,0,Y,04/28/2015 07:00:00 AM +0000,4/28/2015 5:12,1,,Mid-Block (not related to intersection),Dark - Street Lights On,S JACKSON ST BETWEEN MAYNARD AVE S AND 7TH AVE S,0,1,,1,\\sdotnasvfa\sdot_vol1\H8\PROD\ATTACHMENTS\COL_REPORT\3739755.pdf,3739755,Dry,69,PEDALCYCLIST OVERTURNED IN ROAD,,20490,0,2,Injury Collision,,45,Bicycle,Matched,Y,0,,0,0,0,N,2015-138310
62877,"""(47.557445847000054, -122.28483764799995)""",193987,194067,Block,Cycles,\\sdotnasvfa\sdot_vol1\H8\PROD\ATTACHMENTS\COL_DIAGRAM\33514400.bmp,156, ,,0,,05/28/2015 07:00:00 AM +0000,5/28/2015 21:33,1,,Mid-Block (not related to intersection),Dark - Street Lights On,RAINIER AVE S BETWEEN S FERDINAND ST AND S HUDSON ST,0,1,,2,\\sdotnasvfa\sdot_vol1\H8\PROD\ATTACHMENTS\COL_REPORT\3730434.pdf,3730434,Dry,51,PEDALCYCLIST STRUCK MOTOR VEHICLE FRONT END AT ANGLE,,12387,0,2,Injury Collision,,45,Bicycle,Matched,N,1,Clear or Partly Cloudy,0,0,0,N,15-176669
62913,"""(47.72048062700003, -122.34494681799998)""",191877,191957,Block,Cycles,\\sdotnasvfa\sdot_vol1\H8\PROD\ATTACHMENTS\COL_DIAGRAM\57185500.bmp,332, ,,0,Y,05/01/2015 07:00:00 AM +0000,5/1/2015 10:29,1,,Driveway Junction,Daylight,AURORA AVE N BETWEEN N 125TH ST AND N 127TH ST,0,1,,2,\\sdotnasvfa\sdot_vol1\H8\PROD\ATTACHMENTS\COL_REPORT\3738530.pdf,3738530,Dry,18,"MOTOR VEHICLE STRUCK PEDALCYCLIST, FRONT END AT ANGLE",,8992,1,2b,Serious Injury Collision,,45,Bicycle,Matched,N,1,Clear or Partly Cloudy,0,8992,0,N,2015-142109
62930,"""(47.60230560100007, -122.33251943999994)""",191418,191498,Intersection,Cycles,\\sdotnasvfa\sdot_vol1\H8\PROD\ATTACHMENTS\COL_DIAGRAM\44514300.bmp,0, ,,0,,04/29/2015 07:00:00 AM +0000,4/29/2015 17:09,1,30482,At Intersection (intersection related),Daylight,2ND AVE AND JAMES ST,0,1,,2,\\sdotnasvfa\sdot_vol1\H8\PROD\ATTACHMENTS\COL_REPORT\3736376.pdf,3736376,Dry,51,PEDALCYCLIST STRUCK MOTOR VEHICLE FRONT END AT ANGLE,,2749,0,2,Injury Collision,,45,Bicycle,Matched,N,1,Clear or Partly Cloudy,0,12028,0,N,15-140229
62968,"""(47.61664171000007, -122.32788067299998)""",192456,192536,Intersection,Cycles,\\sdotnasvfa\sdot_vol1\H8\PROD\ATTACHMENTS\COL_DIAGRAM\54185500.bmp,0, ,,0,Y,05/07/2015 07:00:00 AM +0000,5/7/2015 22:25,1,29847,At Intersection (intersection related),Dark - Street Lights On,MELROSE AVE AND OLIVE WAY,0,1,Y,2,\\sdotnasvfa\sdot_vol1\H8\PROD\ATTACHMENTS\COL_REPORT\3707155.pdf,3707155,Dry,18,"MOTOR VEHICLE STRUCK PEDALCYCLIST, FRONT END AT ANGLE",,11756,0,2,Injury Collision,,45,Bicycle,Matched,Y,1,Clear or Partly Cloudy,0,0,29847,N,2015-150028
62995,"""(47.62026809500003, -122.32913853999997)""",197599,197719,Block,Cycles,\\sdotnasvfa\sdot_vol1\H8\PROD\ATTACHMENTS\COL_DIAGRAM\12181100.bmp,202, ,,0,,07/09/2015 07:00:00 AM +0000,7/9/2015 20:30,1,,Mid-Block (not related to intersection),Dark - Street Lights On,EASTLAKE AVE E BETWEEN STEWART ST AND THOMAS ST,0,1,,2,\\sdotnasvfa\sdot_vol1\H8\PROD\ATTACHMENTS\COL_REPORT\3590841.pdf,3590841,Dry,18,"MOTOR VEHICLE STRUCK PEDALCYCLIST, FRONT END AT ANGLE",,10163,0,2,Injury Collision,,45,Bicycle,Matched,N,1,Clear or Partly Cloudy,0,0,0,N,15-235103
63015,"""(47.690587073000074, -122.35260172799997)""",197293,197413,Intersection,Cycles,\\sdotnasvfa\sdot_vol1\H8\PROD\ATTACHMENTS\COL_DIAGRAM\78187700.bmp,0, ,,0,,06/07/2015 07:00:00 AM +0000,6/7/2015 15:27,1,37461,At Intersection (intersection related),Daylight,DAYTON AVE N AND N 85TH ST,0,1,,1,\\sdotnasvfa\sdot_vol1\H8\PROD\ATTACHMENTS\COL_REPORT\E431753.pdf,E431753,Dry,18,"MOTOR VEHICLE STRUCK PEDALCYCLIST, FRONT END AT ANGLE",,9927,0,2,Injury Collision,,45,Bicycle,Matched,N,1,Clear or Partly Cloudy,0,0,37461,N,2015-189917
63025,"""(47.557041119000075, -122.28462952899997)""",195159,195259,Intersection,Cycles,\\sdotnasvfa\sdot_vol1\H8\PROD\ATTACHMENTS\COL_DIAGRAM\46184400.bmp,0, ,,0,Y,06/05/2015 07:00:00 AM +0000,6/5/2015 19:20,0,33579,At Intersection (intersection related),Daylight,RAINIER AVE S AND S HUDSON ST,0,1,Y,2,\\sdotnasvfa\sdot_vol1\H8\PROD\ATTACHMENTS\COL_REPORT\3730457.pdf,3730457,Dry,18,"MOTOR VEHICLE STRUCK PEDALCYCLIST, FRONT END AT ANGLE",,12388,0,1,Property Damage Only Collision,,45,Bicycle,Matched,N,1,Clear or Partly Cloudy,0,0,0,N,2015-187476
63027,"""(47.613341770000034, -122.33852199699999)""",194710,194810,Block,Cycles,\\sdotnasvfa\sdot_vol1\H8\PROD\ATTACHMENTS\COL_DIAGRAM\44516600.bmp,213, ,,0,,04/27/2015 07:00:00 AM +0000,4/27/2015 20:53,1,,Mid-Block (not related to intersection),Dark - Street Lights On,5TH AVE BETWEEN STEWART ST AND VIRGINIA ST,0,1,,0,\\sdotnasvfa\sdot_vol1\H8\PROD\ATTACHMENTS\COL_REPORT\E422616.pdf,E422616,Dry,51,PEDALCYCLIST STRUCK MOTOR VEHICLE FRONT END AT ANGLE,,7242,0,2,Injury Collision,,45,Bicycle,Matched,N,1,Clear or Partly Cloudy,0,29556,0,N,2015-138047
63041,"""(47.648606130000076, -122.33390722799999)""",198867,199007,Block,Cycles,\\sdotnasvfa\sdot_vol1\H8\PROD\ATTACHMENTS\COL_DIAGRAM\11185500.bmp,210, ,,0,Y,07/28/2015 07:00:00 AM +0000,7/28/2015 9:05,1,,Mid-Block (not related to intersection),Daylight,MERIDIAN AVE N BETWEEN N 34TH ST AND N 35TH ST,0,1,,2,\\sdotnasvfa\sdot_vol1\H8\PROD\ATTACHMENTS\COL_REPORT\3736690.pdf,3736690,Dry,18,"MOTOR VEHICLE STRUCK PEDALCYCLIST, FRONT END AT ANGLE",,11781,0,2,Injury Collision,,45,Bicycle,Matched,N,1,Clear or Partly Cloudy,0,0,0,N,15-259944
63044,"""(47.66125120400005, -122.28769960799997)""",194918,195018,Block,Cycles,\\sdotnasvfa\sdot_vol1\H8\PROD\ATTACHMENTS\COL_DIAGRAM\33213900.bmp,128, ,,0,,05/09/2015 07:00:00 AM +0000,5/9/2015 21:30,1,,Mid-Block (not related to intersection),Dark - Street Lights On,NE 45TH ST BETWEEN 37TH AVE NE AND SAND POINT WAY NE,0,1,,0,\\sdotnasvfa\sdot_vol1\H8\PROD\ATTACHMENTS\COL_REPORT\E423656.pdf,E423656,Dry,21,"MOTOR VEHICLE STRUCK PEDALCYCLIST, REAR END",,16865,0,2,Injury Collision,,45,Bicycle,Matched,N,1,Clear or Partly Cloudy,0,0,0,N,2015-152641
63059,"""(47.60618936800006, -122.31351479899996)""",195359,195459,Block,Cycles,\\sdotnasvfa\sdot_vol1\H8\PROD\ATTACHMENTS\COL_DIAGRAM\34513900.bmp,161, ,,0,,06/10/2015 07:00:00 AM +0000,6/10/2015 8:55,1,,Mid-Block (not related to intersection),Unknown,E JEFFERSON ST BETWEEN 14TH AVE AND 15TH AVE,0,1,,2,\\sdotnasvfa\sdot_vol1\H8\PROD\ATTACHMENTS\COL_REPORT\3586269.pdf,3586269,Wet,51,PEDALCYCLIST STRUCK MOTOR VEHICLE FRONT END AT ANGLE,,14222,0,2,Injury Collision,,45,Bicycle,Matched,N,1,Overcast,0,0,0,N,2015-193601
63075,"""(47.62455804800004, -122.34626626299996)""",195166,195266,Intersection,Cycles,\\sdotnasvfa\sdot_vol1\H8\PROD\ATTACHMENTS\COL_DIAGRAM\71187700.bmp,0, ,,0,,06/05/2015 07:00:00 AM +0000,6/5/2015 22:05,1,28913,At Intersection (intersection related),Dark - Street Lights On,MERCER ST AND TAYLOR AVE N,0,1,,0,\\sdotnasvfa\sdot_vol1\H8\PROD\ATTACHMENTS\COL_REPORT\E431072.pdf,E431072,Dry,18,"MOTOR VEHICLE STRUCK PEDALCYCLIST, FRONT END AT ANGLE",,11768,0,2,Injury Collision,,45,Bicycle,Matched,N,1,Clear or Partly Cloudy,0,0,0,N,2015187702
63138,"""(47.61288923600006, -122.31673339099996)""",197301,197421,Intersection,Cycles,\\sdotnasvfa\sdot_vol1\H8\PROD\ATTACHMENTS\COL_DIAGRAM\56185500.bmp,0, ,,0,,05/31/2015 07:00:00 AM +0000,5/31/2015 12:18,1,29761,At Intersection (intersection related),Daylight,12TH AVE AND E MADISON ST,0,1,,0,\\sdotnasvfa\sdot_vol1\H8\PROD\ATTACHMENTS\COL_REPORT\E431761.pdf,E431761,Dry,18,"MOTOR VEHICLE STRUCK PEDALCYCLIST, FRONT END AT ANGLE",,1536,0,2,Injury Collision,,45,Bicycle,Matched,N,1,Clear or Partly Cloudy,0,0,297610,N,2015-108400
63239,"""(47.60341979000003, -122.33810477899999)""",198522,198662,Block,Cycles,\\sdotnasvfa\sdot_vol1\H8\PROD\ATTACHMENTS\COL_DIAGRAM\81188800.bmp,153, ,,0,,07/24/2015 07:00:00 AM +0000,7/24/2015 9:28,1,,Driveway Junction,Daylight,ALASKAN WAY BETWEEN MARION ST AND MADISON ST,0,1,Y,2,\\sdotnasvfa\sdot_vol1\H8\PROD\ATTACHMENTS\COL_REPORT\3549711.pdf,3549711,Dry,18,"MOTOR VEHICLE STRUCK PEDALCYCLIST, FRONT END AT ANGLE",,8719,0,2,Injury Collision,,45,Bicycle,Matched,N,1,Clear or Partly Cloudy,0,0,0,N,2015-253971
63256,"""(47.66866614400004, -122.37489946299996)""",197611,197731,Block,Cycles,\\sdotnasvfa\sdot_vol1\H8\PROD\ATTACHMENTS\COL_DIAGRAM\55183300.bmp,323.5, ,,0,,06/12/2015 07:00:00 AM +0000,6/12/2015 12:20,0,,Mid-Block (not related to intersection),Daylight,NW MARKET ST BETWEEN 14TH AVE NW AND 15TH AVE NW,0,1,,0,\\sdotnasvfa\sdot_vol1\H8\PROD\ATTACHMENTS\COL_REPORT\E434964.pdf,E434964,Dry,18,"MOTOR VEHICLE STRUCK PEDALCYCLIST, FRONT END AT ANGLE",,19226,0,1,Property Damage Only Collision,,45,Bicycle,Matched,N,1,Clear or Partly Cloudy,0,0,0,N,2015-196738
63306,"""(47.61329521600004, -122.33259897599999)""",198526,198666,Block,Cycles,\\sdotnasvfa\sdot_vol1\H8\PROD\ATTACHMENTS\COL_DIAGRAM\67186600.bmp,161, ,,0,,07/24/2015 07:00:00 AM +0000,7/24/2015 19:10,1,,Driveway Junction,Daylight,PINE ST BETWEEN 8TH AVE AND 9TH AVE,0,1,,3,\\sdotnasvfa\sdot_vol1\H8\PROD\ATTACHMENTS\COL_REPORT\3574925.pdf,3574925,Dry,18,"MOTOR VEHICLE STRUCK PEDALCYCLIST, FRONT END AT ANGLE",,12221,0,2,Injury Collision,,45,Bicycle,Matched,Y,1,Clear or Partly Cloudy,0,0,0,N,2015-254679
63332,"""(47.69057378300005, -122.39032847399994)""",196204,196304,Intersection,Cycles,\\sdotnasvfa\sdot_vol1\H8\PROD\ATTACHMENTS\COL_DIAGRAM\78183300.bmp,0, ,,0,Y,06/20/2015 07:00:00 AM +0000,6/20/2015 18:08,1,37087,At Intersection (intersection related),Daylight,26TH AVE NW AND NW 85TH W ST,0,1,Y,2,\\sdotnasvfa\sdot_vol1\H8\PROD\ATTACHMENTS\COL_REPORT\3707632.pdf,3707632,Dry,18,"MOTOR VEHICLE STRUCK PEDALCYCLIST, FRONT END AT ANGLE",,3906,0,2,Injury Collision,,45,Bicycle,Matched,N,1,Clear or Partly Cloudy,0,0,0,N,15-208333
63333,"""(47.59920482900003, -122.33418803199999)""",195398,195498,Intersection,Cycles,\\sdotnasvfa\sdot_vol1\H8\PROD\ATTACHMENTS\COL_DIAGRAM\31187700.bmp,0, ,,0,,06/13/2015 07:00:00 AM +0000,6/13/2015 0:46,1,30365,At Intersection (intersection related),Dark - Street Lights On,1ST AVE S AND S JACKSON ST,0,1,,2,\\sdotnasvfa\sdot_vol1\H8\PROD\ATTACHMENTS\COL_REPORT\3576522.pdf,3576522,Dry,18,"MOTOR VEHICLE STRUCK PEDALCYCLIST, FRONT END AT ANGLE",,1188,0,2,Injury Collision,,45,Bicycle,Matched,N,1,Clear or Partly Cloudy,0,0,0,N,15-197727
63362,"""(47.60840867600007, -122.32736100899996)""",196846,196966,Intersection,Cycles,\\sdotnasvfa\sdot_vol1\H8\PROD\ATTACHMENTS\COL_DIAGRAM\87188800.bmp,0, ,,0,,07/02/2015 07:00:00 AM +0000,7/2/2015 9:57,1,29925,At Intersection (intersection related),Daylight,9TH AVE AND MADISON ST,0,1,,2,\\sdotnasvfa\sdot_vol1\H8\PROD\ATTACHMENTS\COL_REPORT\3559925.pdf,3559925,Dry,18,"MOTOR VEHICLE STRUCK PEDALCYCLIST, FRONT END AT ANGLE",,8516,0,2,Injury Collision,,45,Bicycle,Matched,N,1,Clear or Partly Cloudy,0,0,0,N,15-224097
63397,"""(47.662997646000065, -122.38055647199997)""",198186,198326,Block,Cycles,\\sdotnasvfa\sdot_vol1\H8\PROD\ATTACHMENTS\COL_DIAGRAM\81188800.bmp,468, ,,0,,07/11/2015 07:00:00 AM +0000,7/11/2015 17:23,1,,Mid-Block (not related to intersection),Daylight,SHILSHOLE AVE NW BETWEEN 17TH AVE NW AND NW DOCK PL,0,1,Y,3,\\sdotnasvfa\sdot_vol1\H8\PROD\ATTACHMENTS\COL_REPORT\3736650.pdf,3736650,Dry,18,"MOTOR VEHICLE STRUCK PEDALCYCLIST, FRONT END AT ANGLE",,12828,0,2,Injury Collision,,45,Bicycle,Matched,N,1,Overcast,0,0,0,N,15-237585
63422,"""(47.56752239700006, -122.40951444099994)""",195407,195507,Intersection,Cycles,\\sdotnasvfa\sdot_vol1\H8\PROD\ATTACHMENTS\COL_DIAGRAM\11511200.bmp,0, ,,0,Y,06/13/2015 07:00:00 AM +0000,6/13/2015 9:15,1,31812,At Intersection (intersection related),Daylight,BEACH DR SW AND SW CARROLL ST,0,1,,2,\\sdotnasvfa\sdot_vol1\H8\PROD\ATTACHMENTS\COL_REPORT\3588278.pdf,3588278,Dry,51,PEDALCYCLIST STRUCK MOTOR VEHICLE FRONT END AT ANGLE,,9096,0,2,Injury Collision,,45,Bicycle,Matched,N,1,Clear or Partly Cloudy,0,0,0,N,2015-198037
63437,,194740,194840,,Cycles,\\sdotnasvfa\sdot_vol1\H8\PROD\ATTACHMENTS\COL_DIAGRAM\88690000.bmp,,NEI,"Not Enough Information, or Insufficient Location Information",0,Y,06/02/2015 07:00:00 AM +0000,6/2/2015 15:55,1,,Mid-Block (not related to intersection),Daylight,,0,1,,1,\\sdotnasvfa\sdot_vol1\H8\PROD\ATTACHMENTS\COL_REPORT\3732679.pdf,3732679,Dry,69,PEDALCYCLIST OVERTURNED IN ROAD,,,0,2,Injury Collision,,45,Bicycle,Matched,N,0,Clear or Partly Cloudy,0,0,0,N,2015-183244
63449,"""(47.55668934000005, -122.39003525299995)""",196227,196327,Intersection,Cycles,\\sdotnasvfa\sdot_vol1\H8\PROD\ATTACHMENTS\COL_DIAGRAM\55515700.bmp,0, ,,0,,06/24/2015 07:00:00 AM +0000,6/24/2015 19:32,1,32863,At Intersection (intersection related),Daylight,ERSKINE WAY SW AND SW DAWSON N ST,0,1,,2,\\sdotnasvfa\sdot_vol1\H8\PROD\ATTACHMENTS\COL_REPORT\3588162.pdf,3588162,Dry,51,PEDALCYCLIST STRUCK MOTOR VEHICLE FRONT END AT ANGLE,,10251,0,2,Injury Collision,,45,Bicycle,Matched,N,1,Clear or Partly Cloudy,0,0,0,N,2015-213721
63462,"""(47.53362371500003, -122.39267097499999)""",195666,195766,Block,Cycles,\\sdotnasvfa\sdot_vol1\H8\PROD\ATTACHMENTS\COL_DIAGRAM\12181100.bmp,491, ,,0,,06/17/2015 07:00:00 AM +0000,6/17/2015 19:55,1,,Mid-Block (not related to intersection),Daylight,FAUNTLEROY WAY SW BETWEEN SW AUSTIN ST AND SW KENYON ST,0,1,,3,\\sdotnasvfa\sdot_vol1\H8\PROD\ATTACHMENTS\COL_REPORT\3571258.pdf,3571258,Dry,18,"MOTOR VEHICLE STRUCK PEDALCYCLIST, FRONT END AT ANGLE",,10412,0,2,Injury Collision,,45,Bicycle,Matched,N,1,Clear or Partly Cloudy,0,0,0,N,2015-204239
63474,"""(47.62201610500006, -122.31264321799995)""",195941,196041,Block,Cycles,\\sdotnasvfa\sdot_vol1\H8\PROD\ATTACHMENTS\COL_DIAGRAM\56515900.bmp,26, ,,0,Y,06/22/2015 07:00:00 AM +0000,6/22/2015 9:03,1,,Mid-Block (not related to intersection),Daylight,15TH AVE E BETWEEN E HARRISON S ST AND E HARRISON N ST,0,1,,3,\\sdotnasvfa\sdot_vol1\H8\PROD\ATTACHMENTS\COL_REPORT\3626648.pdf,3626648,Dry,51,PEDALCYCLIST STRUCK MOTOR VEHICLE FRONT END AT ANGLE,,2006,0,2,Injury Collision,,45,Bicycle,Matched,N,1,Clear or Partly Cloudy,0,0,0,N,2015-210278
63495,"""(47.61849470200008, -122.32729177899995)""",197662,197782,Block,Cycles,\\sdotnasvfa\sdot_vol1\H8\PROD\ATTACHMENTS\COL_DIAGRAM\31187700.bmp,139, ,,0,,05/11/2015 07:00:00 AM +0000,5/11/2015 19:38,1,,Driveway Junction,Daylight,E DENNY WAY BETWEEN MELROSE AVE AND BELLEVUE AVE,0,1,,2,\\sdotnasvfa\sdot_vol1\H8\PROD\ATTACHMENTS\COL_REPORT\3707139.pdf,3707139,Dry,18,"MOTOR VEHICLE STRUCK PEDALCYCLIST, FRONT END AT ANGLE",,13945,0,2,Injury Collision,,45,Bicycle,Matched,N,1,Clear or Partly Cloudy,0,0,0,N,15-154879
63508,"""(47.55372176100008, -122.362963149)""",196859,196979,Intersection,Cycles,\\sdotnasvfa\sdot_vol1\H8\PROD\ATTACHMENTS\COL_DIAGRAM\33185771.bmp,0, ,,0,,07/02/2015 07:00:00 AM +0000,7/2/2015 17:33,1,32953,At Intersection (intersection related),Daylight,DELRIDGE WAY SW AND SW BRANDON ST,0,1,,2,\\sdotnasvfa\sdot_vol1\H8\PROD\ATTACHMENTS\COL_REPORT\3571214.pdf,3571214,Dry,18,"MOTOR VEHICLE STRUCK PEDALCYCLIST, FRONT END AT ANGLE",,9968,0,2,Injury Collision,Y,45,Bicycle,Matched,N,1,Clear or Partly Cloudy,0,0,0,N,15-224728
63542,"""(47.72321071500005, -122.34228021099995)""",194748,194848,Intersection,Cycles,\\sdotnasvfa\sdot_vol1\H8\PROD\ATTACHMENTS\COL_DIAGRAM\12187700.bmp,0, ,,0,,05/23/2015 07:00:00 AM +0000,5/23/2015 11:58,0,35762,At Intersection (intersection related),Daylight,STONE AVE N AND N 130TH ST,0,1,,4,\\sdotnasvfa\sdot_vol1\H8\PROD\ATTACHMENTS\COL_REPORT\E427323.pdf,E427323,Dry,18,"MOTOR VEHICLE STRUCK PEDALCYCLIST, FRONT END AT ANGLE",,12948,1,2b,Serious Injury Collision,,45,Bicycle,Matched,N,1,Overcast,0,0,0,N,15-169576
63599,"""(47.717523345000075, -122.29627141599997)""",196869,196989,Block,Cycles,\\sdotnasvfa\sdot_vol1\H8\PROD\ATTACHMENTS\COL_DIAGRAM\22188800.bmp,46, ,,0,,05/19/2015 07:00:00 AM +0000,5/19/2015 8:51,1,,Mid-Block (not related to intersection),Daylight,LAKE CITY WAY NE BETWEEN NE 123RD ST AND 30TH N AVE NE,0,1,,1,\\sdotnasvfa\sdot_vol1\H8\PROD\ATTACHMENTS\COL_REPORT\E427778.pdf,E427778,Dry,18,"MOTOR VEHICLE STRUCK PEDALCYCLIST, FRONT END AT ANGLE",,11180,0,2,Injury Collision,,45,Bicycle,Matched,N,1,Overcast,0,0,0,N,2015-164098
63641,"""(47.60937180500008, -122.32977650099997)""",197674,197794,Intersection,Cycles,\\sdotnasvfa\sdot_vol1\H8\PROD\ATTACHMENTS\COL_DIAGRAM\88186471.bmp,0, ,,0,,05/28/2015 07:00:00 AM +0000,5/28/2015 11:57,1,29916,At Intersection (intersection related),Daylight,8TH AVE AND SENECA ST,0,1,,0,\\sdotnasvfa\sdot_vol1\H8\PROD\ATTACHMENTS\COL_REPORT\E435206.pdf,E435206,Dry,18,"MOTOR VEHICLE STRUCK PEDALCYCLIST, FRONT END AT ANGLE",,8278,0,2,Injury Collision,,45,Bicycle,Matched,N,1,Clear or Partly Cloudy,0,0,29916,N,2015-176067
63677,"""(47.717523345000075, -122.29627141599997)""",194757,194857,Block,Cycles,\\sdotnasvfa\sdot_vol1\H8\PROD\ATTACHMENTS\COL_DIAGRAM\65186600.bmp,46, ,,0,,06/01/2015 07:00:00 AM +0000,6/1/2015 15:54,1,,Mid-Block (not related to intersection),Daylight,LAKE CITY WAY NE BETWEEN NE 123RD ST AND 30TH N AVE NE,0,1,,3,\\sdotnasvfa\sdot_vol1\H8\PROD\ATTACHMENTS\COL_REPORT\3738579.pdf,3738579,Dry,18,"MOTOR VEHICLE STRUCK PEDALCYCLIST, FRONT END AT ANGLE",,11180,0,2,Injury Collision,,45,Bicycle,Matched,N,2,Overcast,0,0,0,N,2015-181919
63734,"""(47.71938575400003, -122.30954145099997)""",197076,197196,Block,Cycles,\\sdotnasvfa\sdot_vol1\H8\PROD\ATTACHMENTS\COL_DIAGRAM\76517700.bmp,107.5, ,,0,,06/25/2015 07:00:00 AM +0000,6/25/2015 17:23,1,,Mid-Block (but intersection related),Daylight,NE 125TH ST BETWEEN 17TH E AVE NE AND 19TH AVE NE,0,1,,3,\\sdotnasvfa\sdot_vol1\H8\PROD\ATTACHMENTS\COL_REPORT\3707865.pdf,3707865,Dry,51,PEDALCYCLIST STRUCK MOTOR VEHICLE FRONT END AT ANGLE,,16487,0,2,Injury Collision,,45,Bicycle,Matched,N,1,Clear or Partly Cloudy,0,0,0,N,15-214946
63763,"""(47.62583102800005, -122.34233820999998)""",197078,197198,Block,Cycles,\\sdotnasvfa\sdot_vol1\H8\PROD\ATTACHMENTS\COL_DIAGRAM\17185500.bmp,156.5, ,,0,,06/25/2015 07:00:00 AM +0000,6/25/2015 16:21,1,,Driveway Junction,Daylight,DEXTER AVE N BETWEEN ROY ST AND VALLEY ST,0,1,Y,2,\\sdotnasvfa\sdot_vol1\H8\PROD\ATTACHMENTS\COL_REPORT\3732143.pdf,3732143,Dry,18,"MOTOR VEHICLE STRUCK PEDALCYCLIST, FRONT END AT ANGLE",,10078,0,2,Injury Collision,,45,Bicycle,Matched,N,1,Clear or Partly Cloudy,0,0,0,N,2015-214874
63767,"""(47.615785104000054, -122.32447970899995)""",198617,198758,Block,Cycles,\\sdotnasvfa\sdot_vol1\H8\PROD\ATTACHMENTS\COL_DIAGRAM\00680000.bmp,205, ,,0,,07/27/2015 07:00:00 AM +0000,7/27/2015 4:40,1,,Mid-Block (but intersection related),Dark - Street Lights On,BELMONT AVE BETWEEN E PINE ST AND E OLIVE ST,0,1,,1,\\sdotnasvfa\sdot_vol1\H8\PROD\ATTACHMENTS\COL_REPORT\3642467.pdf,3642467,Dry,68,PEDALCYCLIST RAN OFF ROAD - HIT FIXED OBJECT,,9234,1,2b,Serious Injury Collision,Y,45,Bicycle,Matched,N,0,Clear or Partly Cloudy,0,0,0,N,2015-257473