OBJECTID,Shape,INCKEY,COLDETKEY,ADDRTYPE,COLLISIONTYPE,DIAGRAMLINK,DISTANCE,EXCEPTRSNCODE,EXCEPTRSNDESC,FATALITIES,INATTENTIONIND,INCDATE,INCDTTM,INJURIES,INTKEY,JUNCTIONTYPE,LIGHTCOND,LOCATION,PEDCOUNT,PEDCYLCOUNT,PEDROWNOTGRNT,PERSONCOUNT,REPORTLINK,REPORTNO,ROADCOND,SDOT_COLCODE,SDOT_COLDESC,SDOTCOLNUM,SEGKEY,SERIOUSINJURIES,SEVERITYCODE,SEVERITYDESC,SPEEDING,ST_COLCODE,ST_COLDESC,STATUS,UNDERINFL,VEHCOUNT,WEATHER,WIDTH,SEGLANEKEY,CROSSWALKKEY,HITPARKEDCAR,SPDCASENO
63779,"""(47.56748036600004, -122.32928120099996)""",197697,197817,Block,Cycles,\\sdotnasvfa\sdot_vol1\H8\PROD\ATTACHMENTS\COL_DIAGRAM\33181100.bmp,69.5, ,,0,,05/20/2015 07:00:00 AM +0000,5/20/2015 15:20,1,,Mid-Block (not related to intersection),Daylight,4TH AVE S BETWEEN S INDUSTRIAL EB WAY AND DIAGONAL AVE S,0,1,,0,\\sdotnasvfa\sdot_vol1\H8\PROD\ATTACHMENTS\COL_REPORT\E435265.pdf,E435265,Dry,18,"MOTOR VEHICLE STRUCK PEDALCYCLIST, FRONT END AT ANGLE",,6250,0,2,Injury Collision,,45,Bicycle,Matched,N,1,Clear or Partly Cloudy,0,0,0,N,2015-165906
63794,"""(47.620888395000065, -122.34238173099999)""",198599,198739,Intersection,Cycles,\\sdotnasvfa\sdot_vol1\H8\PROD\ATTACHMENTS\COL_DIAGRAM\53181100.bmp,0, ,,0,,07/24/2015 07:00:00 AM +0000,7/24/2015 18:48,1,28788,At Intersection (intersection related),Daylight,DEXTER AVE N AND THOMAS ST,0,1,Y,2,\\sdotnasvfa\sdot_vol1\H8\PROD\ATTACHMENTS\COL_REPORT\3573348.pdf,3573348,Dry,18,"MOTOR VEHICLE STRUCK PEDALCYCLIST, FRONT END AT ANGLE",,10073,0,2,Injury Collision,,45,Bicycle,Matched,N,1,Clear or Partly Cloudy,0,0,0,N,2015-254655
63823,"""(47.533689028000026, -122.31223592499998)""",194773,194873,Block,Cycles,\\sdotnasvfa\sdot_vol1\H8\PROD\ATTACHMENTS\COL_DIAGRAM\56215500.bmp,318, ,,0,,05/04/2015 07:00:00 AM +0000,5/4/2015 16:17,1,,Mid-Block (not related to intersection),Daylight,EAST MARGINAL WAY S BETWEEN 16TH AVE S AND BOEING DR,0,1,,0,\\sdotnasvfa\sdot_vol1\H8\PROD\ATTACHMENTS\COL_REPORT\E423173.pdf,E423173,Dry,21,"MOTOR VEHICLE STRUCK PEDALCYCLIST, REAR END",,14419,0,2,Injury Collision,,45,Bicycle,Matched,N,1,Clear or Partly Cloudy,0,0,0,N,2015-145883
63824,"""(47.598293356000056, -122.33565807699995)""",195437,195537,Block,Cycles,\\sdotnasvfa\sdot_vol1\H8\PROD\ATTACHMENTS\COL_DIAGRAM\18183300.bmp,62, ,,0,,06/12/2015 07:00:00 AM +0000,6/12/2015 17:31,1,,Mid-Block (but intersection related),Daylight,S KING ST BETWEEN ALASKAN WAY S AND ALASKAN E RDWY WAY S,0,1,,2,\\sdotnasvfa\sdot_vol1\H8\PROD\ATTACHMENTS\COL_REPORT\3739458.pdf,3739458,Dry,18,"MOTOR VEHICLE STRUCK PEDALCYCLIST, FRONT END AT ANGLE",,20592,0,2,Injury Collision,,45,Bicycle,Matched,N,1,Clear or Partly Cloudy,0,0,0,N,2015-197174
63868,"""(47.61521815300006, -122.32680418799998)""",195726,195826,Intersection,Cycles,\\sdotnasvfa\sdot_vol1\H8\PROD\ATTACHMENTS\COL_DIAGRAM\78187700.bmp,0, ,,0,,06/17/2015 07:00:00 AM +0000,6/17/2015 9:14,1,29862,At Intersection (intersection related),Daylight,BELLEVUE AVE AND E PINE ST,0,1,,2,\\sdotnasvfa\sdot_vol1\H8\PROD\ATTACHMENTS\COL_REPORT\3707282.pdf,3707282,Dry,18,"MOTOR VEHICLE STRUCK PEDALCYCLIST, FRONT END AT ANGLE",,9213,0,2,Injury Collision,,45,Bicycle,Matched,N,1,Clear or Partly Cloudy,0,0,0,N,2015-203456
63912,"""(47.59665558800003, -122.31499411799996)""",198023,198143,Block,Cycles,\\sdotnasvfa\sdot_vol1\H8\PROD\ATTACHMENTS\COL_DIAGRAM\33185500.bmp,231, ,,0,,07/18/2015 07:00:00 AM +0000,7/18/2015 20:29,0,,Driveway Junction,Daylight,S LANE ST BETWEEN 13TH AVE S AND CORWIN PL S,0,1,,2,\\sdotnasvfa\sdot_vol1\H8\PROD\ATTACHMENTS\COL_REPORT\3707551.pdf,3707551,Dry,18,"MOTOR VEHICLE STRUCK PEDALCYCLIST, FRONT END AT ANGLE",,20658,0,1,Property Damage Only Collision,,45,Bicycle,Matched,N,1,Clear or Partly Cloudy,0,0,0,N,2015-246760
63958,"""(47.65751922700008, -122.32084615399998)""",194523,194623,Intersection,Cycles,\\sdotnasvfa\sdot_vol1\H8\PROD\ATTACHMENTS\COL_DIAGRAM\11183300.bmp,0, ,,0,,05/31/2015 07:00:00 AM +0000,5/31/2015 22:44,1,27096,At Intersection (intersection related),Dark - Street Lights On,7TH AVE NE AND NE 42ND ST,0,1,,0,\\sdotnasvfa\sdot_vol1\H8\PROD\ATTACHMENTS\COL_REPORT\E429305.pdf,E429305,Dry,18,"MOTOR VEHICLE STRUCK PEDALCYCLIST, FRONT END AT ANGLE",,8171,0,2,Injury Collision,,45,Bicycle,Matched,N,1,Clear or Partly Cloudy,0,0,0,N,2015-180969
63977,"""(47.59514844500006, -122.38679448199997)""",195477,195558,Block,Cycles,\\sdotnasvfa\sdot_vol1\H8\PROD\ATTACHMENTS\COL_DIAGRAM\65186600.bmp,365, ,,0,,06/11/2015 07:00:00 AM +0000,6/11/2015 5:58,1,,Mid-Block (not related to intersection),Daylight,ALKI AVE SW BETWEEN HARBOR AVE SW AND SW RHODE ISLAND ST,0,1,,0,\\sdotnasvfa\sdot_vol1\H8\PROD\ATTACHMENTS\COL_REPORT\E432698.pdf,E432698,Dry,18,"MOTOR VEHICLE STRUCK PEDALCYCLIST, FRONT END AT ANGLE",,8782,0,2,Injury Collision,,45,Bicycle,Matched,N,1,Clear or Partly Cloudy,0,0,0,N,2015-194905
64058,"""(47.62106633700006, -122.32222485499994)""",198324,198464,Intersection,Cycles,\\sdotnasvfa\sdot_vol1\H8\PROD\ATTACHMENTS\COL_DIAGRAM\78181100.bmp,0, ,,0,Y,07/22/2015 07:00:00 AM +0000,7/22/2015 10:56,1,29047,At Intersection (intersection related),Daylight,HARVARD AVE E AND E THOMAS ST,0,1,,2,\\sdotnasvfa\sdot_vol1\H8\PROD\ATTACHMENTS\COL_REPORT\2899346.pdf,2899346,Dry,18,"MOTOR VEHICLE STRUCK PEDALCYCLIST, FRONT END AT ANGLE",,10847,0,2,Injury Collision,,45,Bicycle,Matched,N,1,Clear or Partly Cloudy,0,0,0,N,15-251267
64076,"""(47.70816806600004, -122.33509521199994)""",195488,195569,Block,Cycles,\\sdotnasvfa\sdot_vol1\H8\PROD\ATTACHMENTS\COL_DIAGRAM\21512200.bmp,329.5, ,,0,,06/09/2015 07:00:00 AM +0000,6/9/2015 13:20,1,,Mid-Block (not related to intersection),Daylight,N NORTHGATE WAY BETWEEN BURKE AVE N AND MERIDIAN AVE N,0,1,,2,\\sdotnasvfa\sdot_vol1\H8\PROD\ATTACHMENTS\COL_REPORT\E433004.pdf,E433004,Dry,51,PEDALCYCLIST STRUCK MOTOR VEHICLE FRONT END AT ANGLE,,16118,0,2,Injury Collision,,45,Bicycle,Matched,N,1,Clear or Partly Cloudy,0,0,0,N,2015-192495
64086,"""(47.58617011700005, -122.32906226399996)""",195484,195565,Intersection,Cycles,\\sdotnasvfa\sdot_vol1\H8\PROD\ATTACHMENTS\COL_DIAGRAM\71187171.bmp,0, ,,0,,06/10/2015 07:00:00 AM +0000,6/10/2015 14:07,1,31348,At Intersection (intersection related),Daylight,4TH AVE S AND S HOLGATE ST,0,1,,0,\\sdotnasvfa\sdot_vol1\H8\PROD\ATTACHMENTS\COL_REPORT\E432976.pdf,E432976,Dry,18,"MOTOR VEHICLE STRUCK PEDALCYCLIST, FRONT END AT ANGLE",,6237,0,2,Injury Collision,,45,Bicycle,Matched,N,1,Clear or Partly Cloudy,0,0,0,N,2015-194015
64091,"""(47.59583727300003, -122.32637379799996)""",195043,195143,Intersection,Cycles,\\sdotnasvfa\sdot_vol1\H8\PROD\ATTACHMENTS\COL_DIAGRAM\31187700.bmp,0, ,,0,Y,06/05/2015 07:00:00 AM +0000,6/5/2015 8:31,1,30542,At Intersection (intersection related),Daylight,6TH AVE S AND S DEARBORN ST,0,1,,2,\\sdotnasvfa\sdot_vol1\H8\PROD\ATTACHMENTS\COL_REPORT\3590618.pdf,3590618,Dry,18,"MOTOR VEHICLE STRUCK PEDALCYCLIST, FRONT END AT ANGLE",,7987,0,2,Injury Collision,,45,Bicycle,Matched,N,1,Clear or Partly Cloudy,0,0,0,N,15-186725
64156,"""(47.615084022000076, -122.34741883299995)""",198718,198858,Block,Cycles,\\sdotnasvfa\sdot_vol1\H8\PROD\ATTACHMENTS\COL_DIAGRAM\43186600.bmp,153, ,,0,,07/25/2015 07:00:00 AM +0000,7/25/2015 16:30,1,,Mid-Block (but intersection related),Daylight,2ND AVE BETWEEN BATTERY ST AND WALL ST,0,1,,2,\\sdotnasvfa\sdot_vol1\H8\PROD\ATTACHMENTS\COL_REPORT\3739001.pdf,3739001,Dry,18,"MOTOR VEHICLE STRUCK PEDALCYCLIST, FRONT END AT ANGLE",,2765,0,2,Injury Collision,,45,Bicycle,Matched,N,1,Clear or Partly Cloudy,0,0,0,N,2015-255932
64177,"""(47.53703456900007, -122.28470685799999)""",197748,197868,Intersection,Cycles,\\sdotnasvfa\sdot_vol1\H8\PROD\ATTACHMENTS\COL_DIAGRAM\75183300.bmp,0, ,,0,,07/13/2015 07:00:00 AM +0000,7/13/2015 15:06,1,34561,At Intersection (intersection related),Daylight,38TH AVE S AND S OTHELLO ST,0,1,,0,\\sdotnasvfa\sdot_vol1\H8\PROD\ATTACHMENTS\COL_REPORT\E442600.pdf,E442600,Dry,18,"MOTOR VEHICLE STRUCK PEDALCYCLIST, FRONT END AT ANGLE",,21051,0,2,Injury Collision,,45,Bicycle,Matched,N,1,Clear or Partly Cloudy,0,0,0,N,2015-239894
64227,"""(47.70865451600008, -122.33265537499994)""",198757,198897,Block,Cycles,\\sdotnasvfa\sdot_vol1\H8\PROD\ATTACHMENTS\COL_DIAGRAM\12187700.bmp,330, ,,0,Y,07/22/2015 07:00:00 AM +0000,7/22/2015 18:33,1,,Mid-Block (not related to intersection),Daylight,N NORTHGATE WAY BETWEEN MERIDIAN AVE N AND CORLISS AVE N,0,1,Y,2,\\sdotnasvfa\sdot_vol1\H8\PROD\ATTACHMENTS\COL_REPORT\3739053.pdf,3739053,Dry,18,"MOTOR VEHICLE STRUCK PEDALCYCLIST, FRONT END AT ANGLE",,16119,0,2,Injury Collision,,45,Bicycle,Matched,N,1,Clear or Partly Cloudy,0,0,0,N,2015-251907
64231,"""(47.64745442200007, -122.33516193799994)""",196357,196457,Block,Cycles,\\sdotnasvfa\sdot_vol1\H8\PROD\ATTACHMENTS\COL_DIAGRAM\33515500.bmp,212.5, ,,0,,06/24/2015 07:00:00 AM +0000,6/24/2015 18:30,1,,Mid-Block (not related to intersection),Daylight,BURKE AVE N BETWEEN N NORTHLAKE WAY AND N 34TH ST,0,1,,2,\\sdotnasvfa\sdot_vol1\H8\PROD\ATTACHMENTS\COL_REPORT\3626520.pdf,3626520,Dry,51,PEDALCYCLIST STRUCK MOTOR VEHICLE FRONT END AT ANGLE,,9499,0,2,Injury Collision,,45,Bicycle,Matched,N,1,Clear or Partly Cloudy,0,0,0,N,2015-213825
64264,"""(47.579811138000025, -122.33420081399998)""",196663,196763,Intersection,Cycles,\\sdotnasvfa\sdot_vol1\H8\PROD\ATTACHMENTS\COL_DIAGRAM\78185371.bmp,0, ,,0,,06/22/2015 07:00:00 AM +0000,6/22/2015 16:25,1,31372,At Intersection (intersection related),Daylight,1ST AVE S AND S LANDER ST,0,1,,2,\\sdotnasvfa\sdot_vol1\H8\PROD\ATTACHMENTS\COL_REPORT\E436065.pdf,E436065,Dry,18,"MOTOR VEHICLE STRUCK PEDALCYCLIST, FRONT END AT ANGLE",,1208,0,2,Injury Collision,,45,Bicycle,Matched,N,1,Clear or Partly Cloudy,0,0,524927,N,2015-210842
64360,"""(47.690589067000076, -122.35326864399997)""",195059,195159,Block,Cycles,\\sdotnasvfa\sdot_vol1\H8\PROD\ATTACHMENTS\COL_DIAGRAM\33213900.bmp,164, ,,0,Y,06/06/2015 07:00:00 AM +0000,6/6/2015 21:39,1,,Mid-Block (but intersection related),Dark - Street Lights On,N 85TH ST BETWEEN PHINNEY AVE N AND DAYTON AVE N,0,1,,2,\\sdotnasvfa\sdot_vol1\H8\PROD\ATTACHMENTS\COL_REPORT\3738556.pdf,3738556,Dry,21,"MOTOR VEHICLE STRUCK PEDALCYCLIST, REAR END",,15951,0,2,Injury Collision,,45,Bicycle,Matched,N,1,Clear or Partly Cloudy,0,0,0,N,2015-189008
64413,"""(47.56563473700004, -122.36331216099995)""",196008,196108,Block,Cycles,\\sdotnasvfa\sdot_vol1\H8\PROD\ATTACHMENTS\COL_DIAGRAM\56215500.bmp,330, ,,0,Y,06/19/2015 07:00:00 AM +0000,6/19/2015 16:37,1,,Mid-Block (not related to intersection),Daylight,DELRIDGE WAY SW BETWEEN SW DAKOTA ST AND SW GENESEE ST,0,1,,2,\\sdotnasvfa\sdot_vol1\H8\PROD\ATTACHMENTS\COL_REPORT\3588258.pdf,3588258,Dry,21,"MOTOR VEHICLE STRUCK PEDALCYCLIST, REAR END",,9961,1,2b,Serious Injury Collision,,45,Bicycle,Matched,Y,1,Clear or Partly Cloudy,0,0,0,N,15-206745
64416,"""(47.65794175700006, -122.31779112599997)""",194612,194712,Block,Cycles,\\sdotnasvfa\sdot_vol1\H8\PROD\ATTACHMENTS\COL_DIAGRAM\55515600.bmp,156.5, ,,0,,06/02/2015 07:00:00 AM +0000,6/2/2015 15:04,1,,Driveway Junction,Daylight,ROOSEVELT WAY NE BETWEEN NE 42ND S ST AND NE 42ND N ST,0,1,,2,\\sdotnasvfa\sdot_vol1\H8\PROD\ATTACHMENTS\COL_REPORT\3695654.pdf,3695654,Dry,51,PEDALCYCLIST STRUCK MOTOR VEHICLE FRONT END AT ANGLE,,12595,0,2,Injury Collision,,45,Bicycle,Matched,N,1,Clear or Partly Cloudy,0,0,0,N,15-183167
64423,"""(47.613518148000026, -122.32077135099996)""",197790,197910,Block,Cycles,\\sdotnasvfa\sdot_vol1\H8\PROD\ATTACHMENTS\COL_DIAGRAM\53185500.bmp,203, ,,0,,07/14/2015 07:00:00 AM +0000,7/14/2015 11:15,1,,Driveway Junction,Daylight,BROADWAY BETWEEN E UNION ST AND E PIKE ST,0,1,Y,2,\\sdotnasvfa\sdot_vol1\H8\PROD\ATTACHMENTS\COL_REPORT\3707504.pdf,3707504,Dry,18,"MOTOR VEHICLE STRUCK PEDALCYCLIST, FRONT END AT ANGLE",,9446,0,2,Injury Collision,,45,Bicycle,Matched,N,1,Clear or Partly Cloudy,0,0,0,N,2015-240894
64428,"""(47.634573061000026, -122.30157617799995)""",197787,197907,Intersection,Cycles,\\sdotnasvfa\sdot_vol1\H8\PROD\ATTACHMENTS\COL_DIAGRAM\86184400.bmp,0, ,,0,,07/14/2015 07:00:00 AM +0000,7/14/2015 17:20,1,28376,At Intersection (intersection related),Daylight,24TH AVE E AND E INTERLAKEN BLVD,0,1,,2,\\sdotnasvfa\sdot_vol1\H8\PROD\ATTACHMENTS\COL_REPORT\3707440.pdf,3707440,Dry,18,"MOTOR VEHICLE STRUCK PEDALCYCLIST, FRONT END AT ANGLE",,3548,0,2,Injury Collision,,45,Bicycle,Matched,N,1,Clear or Partly Cloudy,0,0,0,N,2015-241362
64431,"""(47.67396072400004, -122.30064519199999)""",198774,198914,Block,Cycles,\\sdotnasvfa\sdot_vol1\H8\PROD\ATTACHMENTS\COL_DIAGRAM\55215900.bmp,661, ,,0,,07/23/2015 07:00:00 AM +0000,7/23/2015 21:40,1,,Mid-Block (but intersection related),Dark - Street Lights On,25TH AVE NE BETWEEN NE 60TH ST AND NE 65TH ST,0,1,,2,\\sdotnasvfa\sdot_vol1\H8\PROD\ATTACHMENTS\COL_REPORT\3738473.pdf,3738473,Dry,21,"MOTOR VEHICLE STRUCK PEDALCYCLIST, REAR END",,3727,0,2,Injury Collision,,45,Bicycle,Matched,N,1,Clear or Partly Cloudy,0,0,0,N,15-254108
64440,"""(47.66865140600004, -122.39368163099999)""",198769,198909,Block,Cycles,\\sdotnasvfa\sdot_vol1\H8\PROD\ATTACHMENTS\COL_DIAGRAM\33213900.bmp,203.5, ,,0,,07/23/2015 07:00:00 AM +0000,7/23/2015 12:38,0,,Mid-Block (but intersection related),Daylight,NW MARKET ST BETWEEN 28TH AVE NW AND NW 54TH ST,0,1,,2,\\sdotnasvfa\sdot_vol1\H8\PROD\ATTACHMENTS\COL_REPORT\3734369.pdf,3734369,Dry,21,"MOTOR VEHICLE STRUCK PEDALCYCLIST, REAR END",,19238,0,1,Property Damage Only Collision,,45,Bicycle,Matched,N,1,Clear or Partly Cloudy,0,0,0,N,15-252810
64499,"""(47.60309866700004, -122.31678166399996)""",196018,196118,Block,Cycles,\\sdotnasvfa\sdot_vol1\H8\PROD\ATTACHMENTS\COL_DIAGRAM\55215900.bmp,151, ,,0,,06/20/2015 07:00:00 AM +0000,6/20/2015 0:33,1,,Mid-Block (but intersection related),Dark - Street Lights On,12TH AVE BETWEEN E FIR ST AND E SPRUCE ST,0,1,,2,\\sdotnasvfa\sdot_vol1\H8\PROD\ATTACHMENTS\COL_REPORT\3707379.pdf,3707379,Dry,21,"MOTOR VEHICLE STRUCK PEDALCYCLIST, REAR END",,1524,0,2,Injury Collision,,45,Bicycle,Matched,N,1,Clear or Partly Cloudy,0,0,0,N,2015-207329
64505,"""(47.644142687000056, -122.30201994899994)""",196016,196116,Intersection,Cycles,\\sdotnasvfa\sdot_vol1\H8\PROD\ATTACHMENTS\COL_DIAGRAM\11517700.bmp,0, ,,0,,06/20/2015 07:00:00 AM +0000,6/20/2015 9:11,0,28341,At Intersection (intersection related),Daylight,24TH AVE E AND E LAKE WASHINGTON BLVD,0,1,,2,\\sdotnasvfa\sdot_vol1\H8\PROD\ATTACHMENTS\COL_REPORT\3707333.pdf,3707333,Dry,51,PEDALCYCLIST STRUCK MOTOR VEHICLE FRONT END AT ANGLE,,3560,0,1,Property Damage Only Collision,,45,Bicycle,Matched,N,1,Clear or Partly Cloudy,0,0,0,N,2015-207709
64507,"""(47.59026045000007, -122.29747681399999)""",196015,196115,Intersection,Cycles,\\sdotnasvfa\sdot_vol1\H8\PROD\ATTACHMENTS\COL_DIAGRAM\55187700.bmp,0, ,,0,,06/20/2015 07:00:00 AM +0000,6/20/2015 20:18,1,30715,At Intersection (intersection related),Daylight,M L KING JR WAY S AND MOUNTAINS TO SOUND TRL,0,1,Y,2,\\sdotnasvfa\sdot_vol1\H8\PROD\ATTACHMENTS\COL_REPORT\3707170.pdf,3707170,Dry,18,"MOTOR VEHICLE STRUCK PEDALCYCLIST, FRONT END AT ANGLE",,163714,0,2,Injury Collision,,45,Bicycle,Matched,N,1,Clear or Partly Cloudy,0,0,0,N,2015-208470
64530,"""(47.677645349000045, -122.39296545299999)""",195821,195921,Intersection,Cycles,\\sdotnasvfa\sdot_vol1\H8\PROD\ATTACHMENTS\COL_DIAGRAM\34185500.bmp,0, ,,0,,06/15/2015 07:00:00 AM +0000,6/15/2015 18:15,1,24024,At Intersection (intersection related),Daylight,28TH AVE NW AND NW 67TH N ST,0,1,,0,\\sdotnasvfa\sdot_vol1\H8\PROD\ATTACHMENTS\COL_REPORT\E434292.pdf,E434292,Dry,18,"MOTOR VEHICLE STRUCK PEDALCYCLIST, FRONT END AT ANGLE",,4150,0,2,Injury Collision,,45,Bicycle,Matched,N,1,Clear or Partly Cloudy,0,0,0,N,2015-201412
64587,"""(47.690562587000045, -122.34452192099997)""",195081,195181,Intersection,Cycles,\\sdotnasvfa\sdot_vol1\H8\PROD\ATTACHMENTS\COL_DIAGRAM\77511100.bmp,0, ,,0,,06/07/2015 07:00:00 AM +0000,6/7/2015 22:41,1,37367,At Intersection (intersection related),Dark - Street Lights On,AURORA AVE N AND N 85TH ST,0,1,,3,\\sdotnasvfa\sdot_vol1\H8\PROD\ATTACHMENTS\COL_REPORT\3606432.pdf,3606432,Dry,51,PEDALCYCLIST STRUCK MOTOR VEHICLE FRONT END AT ANGLE,,8963,0,2,Injury Collision,,45,Bicycle,Matched,N,1,Clear or Partly Cloudy,0,0,0,N,15-190373
64593,"""(47.607979458000045, -122.33310387099999)""",195077,195177,Intersection,Cycles,\\sdotnasvfa\sdot_vol1\H8\PROD\ATTACHMENTS\COL_DIAGRAM\88514300.bmp,0, ,,0,,06/06/2015 07:00:00 AM +0000,6/6/2015 13:58,0,29929,At Intersection (intersection related),Daylight,5TH AVE AND SENECA ST,0,1,,2,\\sdotnasvfa\sdot_vol1\H8\PROD\ATTACHMENTS\COL_REPORT\3739661.pdf,3739661,Dry,51,PEDALCYCLIST STRUCK MOTOR VEHICLE FRONT END AT ANGLE,,7232,0,1,Property Damage Only Collision,,45,Bicycle,Matched,N,1,Clear or Partly Cloudy,0,0,0,N,15-188501
64676,"""(47.612933104000035, -122.30363535099997)""",197246,197366,Intersection,Cycles,\\sdotnasvfa\sdot_vol1\H8\PROD\ATTACHMENTS\COL_DIAGRAM\75183300.bmp,0, ,,0,,07/08/2015 07:00:00 AM +0000,7/8/2015 16:50,1,30148,At Intersection (intersection related),Daylight,22ND AVE AND E UNION ST,0,1,,2,\\sdotnasvfa\sdot_vol1\H8\PROD\ATTACHMENTS\COL_REPORT\3707453.pdf,3707453,Dry,18,"MOTOR VEHICLE STRUCK PEDALCYCLIST, FRONT END AT ANGLE",,3232,1,2b,Serious Injury Collision,,45,Bicycle,Matched,N,1,Clear or Partly Cloudy,0,0,0,N,2015-233460
64688,"""(47.65538287600003, -122.34243924099997)""",197837,197957,Intersection,Cycles,\\sdotnasvfa\sdot_vol1\H8\PROD\ATTACHMENTS\COL_DIAGRAM\34181100.bmp,0, ,,0,,07/07/2015 07:00:00 AM +0000,7/7/2015 8:30,1,26848,At Intersection (intersection related),Unknown,STONE WAY N AND N 40TH ST,0,1,,0,\\sdotnasvfa\sdot_vol1\H8\PROD\ATTACHMENTS\COL_REPORT\E441032.pdf,E441032,Unknown,18,"MOTOR VEHICLE STRUCK PEDALCYCLIST, FRONT END AT ANGLE",,12961,0,2,Injury Collision,,45,Bicycle,Matched,N,1,Unknown,0,0,0,N,15-231759
64702,"""(47.664002692000054, -122.31422407499997)""",196957,197077,Block,Cycles,\\sdotnasvfa\sdot_vol1\H8\PROD\ATTACHMENTS\COL_DIAGRAM\11187700.bmp,330, ,,0,,05/28/2015 07:00:00 AM +0000,5/28/2015 19:30,1,,Mid-Block (not related to intersection),Daylight,BROOKLYN AVE NE BETWEEN NE 47TH ST AND NE 50TH ST,0,1,,0,\\sdotnasvfa\sdot_vol1\H8\PROD\ATTACHMENTS\COL_REPORT\E429310.pdf,E429310,Dry,18,"MOTOR VEHICLE STRUCK PEDALCYCLIST, FRONT END AT ANGLE",,9483,0,2,Injury Collision,,45,Bicycle,Matched,N,1,Clear or Partly Cloudy,0,0,0,N,2015-176651
64717,"""(47.60130412800004, -122.33418005599998)""",198793,198933,Block,Cycles,\\sdotnasvfa\sdot_vol1\H8\PROD\ATTACHMENTS\COL_DIAGRAM\12181100.bmp,153, ,,0,,07/28/2015 07:00:00 AM +0000,7/28/2015 21:43,1,,Mid-Block (not related to intersection),Dark - Street Lights On,1ST AVE S BETWEEN YESLER WAY AND S WASHINGTON ST,0,2,,3,\\sdotnasvfa\sdot_vol1\H8\PROD\ATTACHMENTS\COL_REPORT\3696135.pdf,3696135,Dry,18,"MOTOR VEHICLE STRUCK PEDALCYCLIST, FRONT END AT ANGLE",,1185,0,2,Injury Collision,,45,Bicycle,Matched,N,1,Clear or Partly Cloudy,0,0,0,N,2015-259867
64768,"""(47.602031397000076, -122.33686381999996)""",195540,195620,Block,Cycles,\\sdotnasvfa\sdot_vol1\H8\PROD\ATTACHMENTS\COL_DIAGRAM\81188800.bmp,134.5, ,,0,,06/12/2015 07:00:00 AM +0000,6/12/2015 14:18,1,,Driveway Junction,Daylight,ALASKAN WAY BETWEEN YESLER WAY AND COLUMBIA ST,0,1,,3,\\sdotnasvfa\sdot_vol1\H8\PROD\ATTACHMENTS\COL_REPORT\3696645.pdf,3696645,Dry,18,"MOTOR VEHICLE STRUCK PEDALCYCLIST, FRONT END AT ANGLE",,8717,0,2,Injury Collision,,45,Bicycle,Matched,N,1,Clear or Partly Cloudy,0,0,0,N,15-196906
64772,"""(47.73212583000003, -122.31272410599996)""",196786,196906,Intersection,Cycles,\\sdotnasvfa\sdot_vol1\H8\PROD\ATTACHMENTS\COL_DIAGRAM\57185500.bmp,0, ,,0,,06/29/2015 07:00:00 AM +0000,6/29/2015 16:51,1,35855,At Intersection (intersection related),Daylight,15TH AVE NE AND NE 143RD ST,0,1,,2,\\sdotnasvfa\sdot_vol1\H8\PROD\ATTACHMENTS\COL_REPORT\3736991.pdf,3736991,Dry,18,"MOTOR VEHICLE STRUCK PEDALCYCLIST, FRONT END AT ANGLE",,2096,0,2,Injury Collision,,45,Bicycle,Matched,N,1,Clear or Partly Cloudy,0,0,0,N,2015-220220
64808,"""(47.578626298000074, -122.31159702199994)""",196981,197101,Intersection,Cycles,\\sdotnasvfa\sdot_vol1\H8\PROD\ATTACHMENTS\COL_DIAGRAM\81188800.bmp,0, ,,0,,07/01/2015 07:00:00 AM +0000,7/1/2015 11:00,1,31623,At Intersection (intersection related),Daylight,BEACON AVE S AND S MCCLELLAN ST,0,1,,0,\\sdotnasvfa\sdot_vol1\H8\PROD\ATTACHMENTS\COL_REPORT\E439077.pdf,E439077,Dry,18,"MOTOR VEHICLE STRUCK PEDALCYCLIST, FRONT END AT ANGLE",,9120,0,2,Injury Collision,,45,Bicycle,Matched,N,1,Clear or Partly Cloudy,0,0,0,N,2015-222697
64832,"""(47.614088508000066, -122.32551417499997)""",197265,197385,Intersection,Cycles,\\sdotnasvfa\sdot_vol1\H8\PROD\ATTACHMENTS\COL_DIAGRAM\78187700.bmp,0, ,,0,,07/06/2015 07:00:00 AM +0000,7/6/2015 11:05,1,29875,At Intersection (intersection related),Daylight,SUMMIT AVE AND E PIKE ST,0,1,,0,\\sdotnasvfa\sdot_vol1\H8\PROD\ATTACHMENTS\COL_REPORT\E440188.pdf,E440188,Dry,18,"MOTOR VEHICLE STRUCK PEDALCYCLIST, FRONT END AT ANGLE",,12986,0,2,Injury Collision,,45,Bicycle,Matched,N,1,Clear or Partly Cloudy,0,0,0,N,2015-230266