OBJECTID,Shape,INCKEY,COLDETKEY,ADDRTYPE,COLLISIONTYPE,DIAGRAMLINK,DISTANCE,EXCEPTRSNCODE,EXCEPTRSNDESC,FATALITIES,INATTENTIONIND,INCDATE,INCDTTM,INJURIES,INTKEY,JUNCTIONTYPE,LIGHTCOND,LOCATION,PEDCOUNT,PEDCYLCOUNT,PEDROWNOTGRNT,PERSONCOUNT,REPORTLINK,REPORTNO,ROADCOND,SDOT_COLCODE,SDOT_COLDESC,SDOTCOLNUM,SEGKEY,SERIOUSINJURIES,SEVERITYCODE,SEVERITYDESC,SPEEDING,ST_COLCODE,ST_COLDESC,STATUS,UNDERINFL,VEHCOUNT,WEATHER,WIDTH,SEGLANEKEY,CROSSWALKKEY,HITPARKEDCAR,SPDCASENO
66006,"""(47.615449718000036, -122.33072969599999)""",200270,200410,Intersection,Cycles,\\sdotnasvfa\sdot_vol1\H8\PROD\ATTACHMENTS\COL_DIAGRAM\82188800.bmp,0, ,,0,,08/14/2015 07:00:00 AM +0000,8/14/2015 18:00,1,29865,At Intersection (intersection related),Daylight,BOREN AVE AND OLIVE WAY,0,1,Y,2,\\sdotnasvfa\sdot_vol1\H8\PROD\ATTACHMENTS\COL_REPORT\3726039.pdf,3726039,Dry,18,"MOTOR VEHICLE STRUCK PEDALCYCLIST, FRONT END AT ANGLE",,9321,0,2,Injury Collision,,45,Bicycle,Matched,N,1,Clear or Partly Cloudy,0,0,0,N,2015-286188
66014,"""(47.61288923600006, -122.31673339099996)""",199726,199866,Intersection,Cycles,\\sdotnasvfa\sdot_vol1\H8\PROD\ATTACHMENTS\COL_DIAGRAM\18185500.bmp,0, ,,0,,06/26/2015 07:00:00 AM +0000,6/26/2015 23:27,1,29761,At Intersection (intersection related),Dark - Street Lights On,12TH AVE AND E MADISON ST,0,1,,1,\\sdotnasvfa\sdot_vol1\H8\PROD\ATTACHMENTS\COL_REPORT\E439685.pdf,E439685,Dry,18,"MOTOR VEHICLE STRUCK PEDALCYCLIST, FRONT END AT ANGLE",,1536,0,2,Injury Collision,,45,Bicycle,Matched,N,1,Clear or Partly Cloudy,0,29761,0,N,2015-216765
66020,"""(47.61584669400003, -122.31686348699998)""",200264,200404,Block,Cycles,\\sdotnasvfa\sdot_vol1\H8\PROD\ATTACHMENTS\COL_DIAGRAM\56515900.bmp,213, ,,0,Y,08/18/2015 07:00:00 AM +0000,8/18/2015 17:50,1,,Mid-Block (not related to intersection),Daylight,12TH AVE BETWEEN E PINE ST AND E OLIVE ST,0,1,,2,\\sdotnasvfa\sdot_vol1\H8\PROD\ATTACHMENTS\COL_REPORT\3707384.pdf,3707384,Dry,51,PEDALCYCLIST STRUCK MOTOR VEHICLE FRONT END AT ANGLE,,1547,0,2,Injury Collision,,45,Bicycle,Matched,N,1,Clear or Partly Cloudy,0,0,0,N,2015-288084
66043,"""(47.60351416000003, -122.31678152399996)""",201310,201450,Intersection,Cycles,\\sdotnasvfa\sdot_vol1\H8\PROD\ATTACHMENTS\COL_DIAGRAM\11515300.bmp,0, ,,0,,09/01/2015 07:00:00 AM +0000,9/1/2015 10:45,1,29839,At Intersection (intersection related),Daylight,12TH AVE AND E SPRUCE ST,0,1,,2,\\sdotnasvfa\sdot_vol1\H8\PROD\ATTACHMENTS\COL_REPORT\3707603.pdf,3707603,Wet,51,PEDALCYCLIST STRUCK MOTOR VEHICLE FRONT END AT ANGLE,,1525,0,2,Injury Collision,,45,Bicycle,Matched,N,1,Raining,0,0,0,N,2015-305979
66102,"""(47.70860281500006, -122.32461717999996)""",202452,202592,Block,Cycles,\\sdotnasvfa\sdot_vol1\H8\PROD\ATTACHMENTS\COL_DIAGRAM\12187700.bmp,330, ,,0,,09/16/2015 07:00:00 AM +0000,9/16/2015 13:42,1,,Driveway Junction,Daylight,NE NORTHGATE WAY BETWEEN 3RD AVE NE AND 5TH AVE NE,0,1,,2,\\sdotnasvfa\sdot_vol1\H8\PROD\ATTACHMENTS\COL_REPORT\3573642.pdf,3573642,Dry,18,"MOTOR VEHICLE STRUCK PEDALCYCLIST, FRONT END AT ANGLE",,18012,0,2,Injury Collision,,45,Bicycle,Matched,N,1,Clear or Partly Cloudy,0,0,0,N,2015-325129
66133,"""(47.67760055700006, -122.28495680399999)""",199391,199531,Intersection,Cycles,\\sdotnasvfa\sdot_vol1\H8\PROD\ATTACHMENTS\COL_DIAGRAM\55513300.bmp,0, ,,0,,07/01/2015 07:00:00 AM +0000,7/1/2015 11:31,1,24966,At Intersection (intersection related),Daylight,40TH AVE NE AND NE 68TH ST,0,1,,2,\\sdotnasvfa\sdot_vol1\H8\PROD\ATTACHMENTS\COL_REPORT\3642117.pdf,3642117,Dry,51,PEDALCYCLIST STRUCK MOTOR VEHICLE FRONT END AT ANGLE,,6321,0,2,Injury Collision,,45,Bicycle,Matched,N,1,Clear or Partly Cloudy,0,0,0,N,2015-222735
66145,"""(47.646886522000045, -122.35342724799995)""",200520,200660,Intersection,Cycles,\\sdotnasvfa\sdot_vol1\H8\PROD\ATTACHMENTS\COL_DIAGRAM\76183300.bmp,0, ,,0,,08/20/2015 07:00:00 AM +0000,8/20/2015 18:30,1,28048,At Intersection (intersection related),Daylight,2ND AVE N AND FLORENTIA ST,0,1,,0,\\sdotnasvfa\sdot_vol1\H8\PROD\ATTACHMENTS\COL_REPORT\E453876.pdf,E453876,Dry,18,"MOTOR VEHICLE STRUCK PEDALCYCLIST, FRONT END AT ANGLE",,10459,0,2,Injury Collision,,45,Bicycle,Matched,N,1,Clear or Partly Cloudy,0,0,0,N,2015-290862
66216,"""(47.61465412100006, -122.32078948899999)""",202257,202397,Block,Cycles,\\sdotnasvfa\sdot_vol1\H8\PROD\ATTACHMENTS\COL_DIAGRAM\55690000.bmp,211.5, ,,0,,08/12/2015 07:00:00 AM +0000,8/12/2015 8:31,1,,Mid-Block (not related to intersection),Daylight,BROADWAY BETWEEN E PIKE ST AND E PINE ST,0,1,,1,\\sdotnasvfa\sdot_vol1\H8\PROD\ATTACHMENTS\COL_REPORT\E451819.pdf,E451819,Dry,69,PEDALCYCLIST OVERTURNED IN ROAD,,9447,1,2b,Serious Injury Collision,Y,45,Bicycle,Matched,N,0,Clear or Partly Cloudy,0,0,0,N,15-279361
66220,"""(47.57171617400007, -122.33549150599998)""",202254,202394,Block,Cycles,\\sdotnasvfa\sdot_vol1\H8\PROD\ATTACHMENTS\COL_DIAGRAM\11183300.bmp,319, ,,0,,08/13/2015 07:00:00 AM +0000,8/13/2015 7:56,1,,Mid-Block (not related to intersection),Daylight,S SPOKANE NR ST BETWEEN COLORADO AVE S AND 1ST AVE S,0,1,,1,\\sdotnasvfa\sdot_vol1\H8\PROD\ATTACHMENTS\COL_REPORT\E451552.pdf,E451552,Dry,18,"MOTOR VEHICLE STRUCK PEDALCYCLIST, FRONT END AT ANGLE",,21312,0,2,Injury Collision,,45,Bicycle,Matched,N,1,Clear or Partly Cloudy,0,0,0,N,2015-280708
66265,"""(47.61169433900005, -122.32422347199997)""",199576,199716,Intersection,Cycles,\\sdotnasvfa\sdot_vol1\H8\PROD\ATTACHMENTS\COL_DIAGRAM\66184400.bmp,0, ,,0,,08/07/2015 07:00:00 AM +0000,8/7/2015 12:50,1,29900,At Intersection (intersection related),Daylight,SENECA ST AND SUMMIT AVE,0,1,,2,\\sdotnasvfa\sdot_vol1\H8\PROD\ATTACHMENTS\COL_REPORT\3287495.pdf,3287495,Dry,18,"MOTOR VEHICLE STRUCK PEDALCYCLIST, FRONT END AT ANGLE",,12783,0,2,Injury Collision,,45,Bicycle,Matched,N,1,Clear or Partly Cloudy,0,0,0,N,2015-277192
66367,"""(47.66490072400006, -122.31307415999999)""",199022,199162,Intersection,Cycles,\\sdotnasvfa\sdot_vol1\H8\PROD\ATTACHMENTS\COL_DIAGRAM\78185500.bmp,0, ,,0,,07/30/2015 07:00:00 AM +0000,7/30/2015 21:30,0,25793,At Intersection (intersection related),Dusk,UNIVERSITY WAY NE AND NE 50TH ST,0,1,Y,2,\\sdotnasvfa\sdot_vol1\H8\PROD\ATTACHMENTS\COL_REPORT\3739060.pdf,3739060,Dry,18,"MOTOR VEHICLE STRUCK PEDALCYCLIST, FRONT END AT ANGLE",,13224,0,1,Property Damage Only Collision,,45,Bicycle,Matched,N,1,Clear or Partly Cloudy,0,0,0,N,15-263467
66391,"""(47.629166619000046, -122.29603606699999)""",199589,199729,Block,Cycles,\\sdotnasvfa\sdot_vol1\H8\PROD\ATTACHMENTS\COL_DIAGRAM\11231100.bmp,631.5, ,,0,,06/24/2015 07:00:00 AM +0000,6/24/2015 11:33,1,,Mid-Block (not related to intersection),Daylight,LAKE WASHINGTON BLVD E BETWEEN ARBORETUM DR E AND E INTERLAKEN BLVD,0,1,,0,\\sdotnasvfa\sdot_vol1\H8\PROD\ATTACHMENTS\COL_REPORT\E437289.pdf,E437289,Dry,23,"MOTOR VEHICLE STRUCK PEDALCYCLIST, LEFT SIDE SIDESWIPE",,11210,0,2,Injury Collision,,45,Bicycle,Matched,N,1,Clear or Partly Cloudy,0,0,0,N,2015-213117
66398,"""(47.65055586100004, -122.34438614899994)""",200014,200154,Block,Cycles,\\sdotnasvfa\sdot_vol1\H8\PROD\ATTACHMENTS\COL_DIAGRAM\33549300.bmp,89.5, ,,0,,07/10/2015 07:00:00 AM +0000,7/10/2015 17:45,1,,Mid-Block (not related to intersection),Daylight,N 36TH ST BETWEEN ALBION PL N AND WOODLAND PARK AVE N,1,1,,1,\\sdotnasvfa\sdot_vol1\H8\PROD\ATTACHMENTS\COL_REPORT\E443372.pdf,E443372,Dry,54,PEDALCYCLIST STRUCK MOTOR VEHICLE REAR END,,15328,0,2,Injury Collision,,45,Bicycle,Matched,N,1,Overcast,0,0,0,Y,236306
66402,"""(47.67575234700007, -122.26956486099999)""",200012,200152,Intersection,Cycles,\\sdotnasvfa\sdot_vol1\H8\PROD\ATTACHMENTS\COL_DIAGRAM\34183300.bmp,0, ,,0,,07/10/2015 07:00:00 AM +0000,7/10/2015 12:00,1,24878,At Intersection (intersection related),Daylight,54TH AVE NE AND NE 65TH ST,0,1,,0,\\sdotnasvfa\sdot_vol1\H8\PROD\ATTACHMENTS\COL_REPORT\E443236.pdf,E443236,Dry,18,"MOTOR VEHICLE STRUCK PEDALCYCLIST, FRONT END AT ANGLE",,7658,0,2,Injury Collision,,45,Bicycle,Matched,N,1,Overcast,0,24878,0,N,2015-235881
66525,"""(47.64025178000003, -122.30034445099994)""",199028,199168,Intersection,Cycles,\\sdotnasvfa\sdot_vol1\H8\PROD\ATTACHMENTS\COL_DIAGRAM\18185500.bmp,0, ,,0,,07/28/2015 07:00:00 AM +0000,7/28/2015 19:19,1,28355,At Intersection (intersection related),Daylight,25TH AVE E AND E MCGRAW ST,0,1,,1,\\sdotnasvfa\sdot_vol1\H8\PROD\ATTACHMENTS\COL_REPORT\E446840.pdf,E446840,Dry,18,"MOTOR VEHICLE STRUCK PEDALCYCLIST, FRONT END AT ANGLE",,3714,0,2,Injury Collision,,45,Bicycle,Matched,N,1,Clear or Partly Cloudy,0,0,0,N,2015-259688
66536,"""(47.612633294000034, -122.33582748299995)""",200348,200488,Block,Cycles,\\sdotnasvfa\sdot_vol1\H8\PROD\ATTACHMENTS\COL_DIAGRAM\80181900.bmp,213.5, ,,0,Y,08/18/2015 07:00:00 AM +0000,8/18/2015 9:37,1,,Mid-Block (but intersection related),Daylight,6TH AVE BETWEEN PINE ST AND OLIVE WAY,0,1,,2,\\sdotnasvfa\sdot_vol1\H8\PROD\ATTACHMENTS\COL_REPORT\3732642.pdf,3732642,Dry,18,"MOTOR VEHICLE STRUCK PEDALCYCLIST, FRONT END AT ANGLE",,7884,0,2,Injury Collision,,45,Bicycle,Matched,N,1,Clear or Partly Cloudy,0,0,0,N,2015-287442
66571,"""(47.60782816200003, -122.33910533499994)""",201664,201804,Intersection,Cycles,\\sdotnasvfa\sdot_vol1\H8\PROD\ATTACHMENTS\COL_DIAGRAM\86184400.bmp,0, ,,0,,09/04/2015 07:00:00 AM +0000,9/4/2015 21:42,1,29599,At Intersection (intersection related),Dark - Street Lights On,1ST AVE AND UNION ST,0,1,,0,\\sdotnasvfa\sdot_vol1\H8\PROD\ATTACHMENTS\COL_REPORT\E459217.pdf,E459217,Dry,18,"MOTOR VEHICLE STRUCK PEDALCYCLIST, FRONT END AT ANGLE",,1008,0,2,Injury Collision,,45,Bicycle,Matched,N,1,Clear or Partly Cloudy,0,0,0,N,2015-310793
66614,"""(47.66501850100008, -122.353337351)""",199040,199180,Block,Cycles,\\sdotnasvfa\sdot_vol1\H8\PROD\ATTACHMENTS\COL_DIAGRAM\76183300.bmp,154, ,,0,,07/28/2015 07:00:00 AM +0000,7/28/2015 17:49,1,,Mid-Block (but intersection related),Daylight,N 50TH ST BETWEEN PHINNEY E AVE N AND DAYTON AVE N,0,1,,1,\\sdotnasvfa\sdot_vol1\H8\PROD\ATTACHMENTS\COL_REPORT\E447006.pdf,E447006,Dry,18,"MOTOR VEHICLE STRUCK PEDALCYCLIST, FRONT END AT ANGLE",,15639,0,2,Injury Collision,,45,Bicycle,Matched,N,1,Clear or Partly Cloudy,0,0,0,N,2015-259595
66667,"""(47.53618344800003, -122.26727802699997)""",201441,201581,Block,Cycles,\\sdotnasvfa\sdot_vol1\H8\PROD\ATTACHMENTS\COL_DIAGRAM\12181100.bmp,290, ,,0,Y,08/03/2015 07:00:00 AM +0000,8/3/2015 17:53,1,,Mid-Block (not related to intersection),Daylight,SEWARD PARK AVE S BETWEEN S OTHELLO ST AND S FONTANELLE PL,0,1,Y,2,\\sdotnasvfa\sdot_vol1\H8\PROD\ATTACHMENTS\COL_REPORT\3730398.pdf,3730398,Dry,18,"MOTOR VEHICLE STRUCK PEDALCYCLIST, FRONT END AT ANGLE",,12806,0,2,Injury Collision,,45,Bicycle,Matched,N,1,Clear or Partly Cloudy,0,0,0,N,2015-267844
66673,"""(47.67527948700007, -122.37621073499997)""",200877,201017,Intersection,Cycles,\\sdotnasvfa\sdot_vol1\H8\PROD\ATTACHMENTS\COL_DIAGRAM\55690000.bmp,0, ,,0,,08/26/2015 07:00:00 AM +0000,8/26/2015 21:07,1,25385,At Intersection (but not related to intersection),Dark - Street Lights On,15TH AVE NW AND NW 64TH ST,0,1,,1,\\sdotnasvfa\sdot_vol1\H8\PROD\ATTACHMENTS\COL_REPORT\3501589.pdf,3501589,Dry,69,PEDALCYCLIST OVERTURNED IN ROAD,,2111,0,2,Injury Collision,,45,Bicycle,Matched,N,0,Clear or Partly Cloudy,0,0,0,N,2015-298786
66816,"""(47.67598993800004, -122.36479070099995)""",105979,105979,Block,Cycles,\\sdotnasvfa\sdot_vol1\H8\PROD\ATTACHMENTS\COL_DIAGRAM\77217700.bmp,67,,,0,,10/24/2009 07:00:00 AM +0000,10/24/2009 16:35,1,,Mid-Block (not related to intersection),Daylight,NW 65TH ST BETWEEN 7TH E AVE NW AND 7TH W AVE NW,0,1,Y,2,\\sdotnasvfa\sdot_vol1\H8\PROD\ATTACHMENTS\COL_REPORT\3276690.pdf,3276690,Dry,21,"MOTOR VEHICLE STRUCK PEDALCYCLIST, REAR END",9297006,18608,1,2b,Serious Injury Collision,,45,Bicycle,Matched,1,1,Clear or Partly Cloudy,0,28346,0,N,09-374655
66819,"""(47.574311359000035, -122.37093230899995)""",104105,104105,Block,Cycles,\\sdotnasvfa\sdot_vol1\H8\PROD\ATTACHMENTS\COL_DIAGRAM\11511300.bmp,922.5,,,0,Y,07/05/2009 07:00:00 AM +0000,7/5/2009,1,,Driveway Junction,Daylight,HARBOR AVE SW BETWEEN SW HARBOR LN AND SW SPOKANE NR ST,0,1,,4,\\sdotnasvfa\sdot_vol1\H8\PROD\ATTACHMENTS\COL_REPORT\3296120.pdf,3296120,Dry,51,PEDALCYCLIST STRUCK MOTOR VEHICLE FRONT END AT ANGLE,9186022,10821,1,2b,Serious Injury Collision,,45,Bicycle,Matched,0,1,Clear or Partly Cloudy,0,4282,0,N,2009-233683
66910,"""(47.52317298100007, -122.39298987299998)""",104770,104770,Intersection,Cycles,\\sdotnasvfa\sdot_vol1\H8\PROD\ATTACHMENTS\COL_DIAGRAM\17185500.bmp,0,,,0,,07/29/2009 07:00:00 AM +0000,7/29/2009 21:15,1,34801,At Intersection (intersection related),Dusk,FAUNTLEROY WAY SW AND SW BARTON ST,0,1,Y,4,\\sdotnasvfa\sdot_vol1\H8\PROD\ATTACHMENTS\COL_REPORT\2796652.pdf,2796652,Dry,18,"MOTOR VEHICLE STRUCK PEDALCYCLIST, FRONT END AT ANGLE",9210022,10421,0,2,Injury Collision,,45,Bicycle,Matched,0,1,Clear or Partly Cloudy,0,3033,0,N,2009-265893
66918,"""(47.60974973300006, -122.33779291599996)""",104233,104233,Intersection,Cycles,\\sdotnasvfa\sdot_vol1\H8\PROD\ATTACHMENTS\COL_DIAGRAM\44214900.bmp,0,,,0,,10/09/2009 07:00:00 AM +0000,10/9/2009,1,29587,At Intersection (intersection related),Daylight,3RD AVE AND PIKE ST,0,1,,2,\\sdotnasvfa\sdot_vol1\H8\PROD\ATTACHMENTS\COL_REPORT\3345176.pdf,3345176,Dry,21,"MOTOR VEHICLE STRUCK PEDALCYCLIST, REAR END",9282002,4384,0,2,Injury Collision,,45,Bicycle,Matched,0,1,Clear or Partly Cloudy,0,35770,0,N,2009-356463
66937,"""(47.68165808100008, -122.32748855199998)""",105840,105840,Intersection,Cycles,\\sdotnasvfa\sdot_vol1\H8\PROD\ATTACHMENTS\COL_DIAGRAM\44514500.bmp,0,,,0,Y,09/17/2009 07:00:00 AM +0000,9/17/2009 8:00,1,24573,At Intersection (intersection related),Daylight,LATONA AVE NE AND EAST GREEN LAKE DR N,0,1,,2,\\sdotnasvfa\sdot_vol1\H8\PROD\ATTACHMENTS\COL_REPORT\3283907.pdf,3283907,Dry,51,PEDALCYCLIST STRUCK MOTOR VEHICLE FRONT END AT ANGLE,9260031,11313,0,2,Injury Collision,,45,Bicycle,Matched,0,1,Clear or Partly Cloudy,0,7307,0,N,09-329049
67006,"""(47.66492767300008, -122.31633451799996)""",104893,104893,Intersection,Cycles,\\sdotnasvfa\sdot_vol1\H8\PROD\ATTACHMENTS\COL_DIAGRAM\32187700.bmp,0,,,0,,05/18/2009 07:00:00 AM +0000,5/18/2009 18:00,1,25790,At Intersection (intersection related),Daylight,11TH AVE NE AND NE 50TH ST,0,1,,2,\\sdotnasvfa\sdot_vol1\H8\PROD\ATTACHMENTS\COL_REPORT\C721225.pdf,C721225,Dry,18,"MOTOR VEHICLE STRUCK PEDALCYCLIST, FRONT END AT ANGLE",9138042,1411,0,2,Injury Collision,,45,Bicycle,Matched,0,1,Overcast,0,21428,0,N,
67074,"""(47.555672249000054, -122.39062963199996)""",105420,105420,Intersection,Cycles,\\sdotnasvfa\sdot_vol1\H8\PROD\ATTACHMENTS\COL_DIAGRAM\18183300.bmp,0,,,0,,09/12/2009 07:00:00 AM +0000,9/12/2009 5:55,1,32871,At Intersection (intersection related),Dark - Street Lights On,46TH AVE SW AND ERSKINE E WAY SW,0,1,Y,2,\\sdotnasvfa\sdot_vol1\H8\PROD\ATTACHMENTS\COL_REPORT\2796281.pdf,2796281,Dry,18,"MOTOR VEHICLE STRUCK PEDALCYCLIST, FRONT END AT ANGLE",9255001,6967,0,2,Injury Collision,,45,Bicycle,Matched,0,1,Clear or Partly Cloudy,0,32376,0,N,2009-322838
67117,"""(47.65977668000005, -122.40034774399999)""",105292,105292,Block,Cycles,\\sdotnasvfa\sdot_vol1\H8\PROD\ATTACHMENTS\COL_DIAGRAM\77237700.bmp,218,,,0,,01/31/2009 08:00:00 AM +0000,1/31/2009 10:31,1,,Mid-Block (not related to intersection),Daylight,W GOVERNMENT WAY BETWEEN 33RD AVE W AND 34TH AVE W,0,1,,2,\\sdotnasvfa\sdot_vol1\H8\PROD\ATTACHMENTS\COL_REPORT\3274132.pdf,3274132,Dry,23,"MOTOR VEHICLE STRUCK PEDALCYCLIST, LEFT SIDE SIDESWIPE",9031004,23390,0,2,Injury Collision,Y,45,Bicycle,Matched,0,1,Clear or Partly Cloudy,0,15363,0,N,2009-37727
67137,"""(47.63536821100007, -122.32540032999998)""",105016,105016,Block,Cycles,\\sdotnasvfa\sdot_vol1\H8\PROD\ATTACHMENTS\COL_DIAGRAM\17185500.bmp,189.5,,,0,,04/07/2009 07:00:00 AM +0000,4/7/2009,1,,Driveway Junction,Daylight,EASTLAKE AVE E BETWEEN E BLAINE ST AND E HOWE ST,0,1,Y,4,\\sdotnasvfa\sdot_vol1\H8\PROD\ATTACHMENTS\COL_REPORT\3289570.pdf,3289570,Dry,18,"MOTOR VEHICLE STRUCK PEDALCYCLIST, FRONT END AT ANGLE",9097039,10173,0,2,Injury Collision,,45,Bicycle,Matched,0,1,Clear or Partly Cloudy,0,24781,0,N,09-116827
67184,"""(47.66129873700004, -122.31763816199998)""",104751,104751,Intersection,Cycles,\\sdotnasvfa\sdot_vol1\H8\PROD\ATTACHMENTS\COL_DIAGRAM\57181771.bmp,0, ,,0,,03/06/2009 08:00:00 AM +0000,3/6/2009,1,27066,At Intersection (intersection related),Dark - Street Lights On,ROOSEVELT WAY NE AND NE 45TH ST,0,1,,2,\\sdotnasvfa\sdot_vol1\H8\PROD\ATTACHMENTS\COL_REPORT\3210254.pdf,3210254,Dry,18,"MOTOR VEHICLE STRUCK PEDALCYCLIST, FRONT END AT ANGLE",9065027,12599,0,2,Injury Collision,,45,Bicycle,Matched,0,1,Clear or Partly Cloudy,0,0,524683,N,2009-079433
67213,"""(47.60928514300008, -122.33890369399995)""",104080,104080,Intersection,Cycles,\\sdotnasvfa\sdot_vol1\H8\PROD\ATTACHMENTS\COL_DIAGRAM\22514300.bmp,0,,,0,,10/13/2009 07:00:00 AM +0000,10/13/2009 7:40,1,29592,At Intersection (intersection related),Daylight,2ND AVE AND PIKE ST,0,1,,2,\\sdotnasvfa\sdot_vol1\H8\PROD\ATTACHMENTS\COL_REPORT\3207284.pdf,3207284,Dry,51,PEDALCYCLIST STRUCK MOTOR VEHICLE FRONT END AT ANGLE,9286045,2758,0,2,Injury Collision,,45,Bicycle,Matched,0,1,Overcast,0,36906,0,N,09-361014
67236,"""(47.624549727000044, -122.34234960099997)""",105414,105414,Intersection,Cycles,\\sdotnasvfa\sdot_vol1\H8\PROD\ATTACHMENTS\COL_DIAGRAM\11515300.bmp,0,,,0,,02/23/2009 08:00:00 AM +0000,2/23/2009 8:05,1,28767,At Intersection (intersection related),Daylight,DEXTER AVE N AND MERCER ST,0,1,Y,2,\\sdotnasvfa\sdot_vol1\H8\PROD\ATTACHMENTS\COL_REPORT\3289759.pdf,3289759,Dry,51,PEDALCYCLIST STRUCK MOTOR VEHICLE FRONT END AT ANGLE,9054014,10076,0,2,Injury Collision,,45,Bicycle,Matched,0,1,Clear or Partly Cloudy,0,12649,0,N,2009-65618
67304,"""(47.65516512500005, -122.37491603499996)""",104074,104074,Intersection,Cycles,\\sdotnasvfa\sdot_vol1\H8\PROD\ATTACHMENTS\COL_DIAGRAM\11182200.bmp,0,,,0,,06/30/2009 07:00:00 AM +0000,6/30/2009 21:46,1,26727,At Intersection (intersection related),Dusk,14TH AVE W AND W NICKERSON ST,0,1,Y,2,\\sdotnasvfa\sdot_vol1\H8\PROD\ATTACHMENTS\COL_REPORT\2805528.pdf,2805528,Dry,18,"MOTOR VEHICLE STRUCK PEDALCYCLIST, FRONT END AT ANGLE",9181035,23619,0,2,Injury Collision,,45,Bicycle,Matched,0,1,Clear or Partly Cloudy,0,29914,0,N,09-225657
67309,"""(47.55104977900004, -122.25934300299997)""",104344,104344,Intersection,Cycles,\\sdotnasvfa\sdot_vol1\H8\PROD\ATTACHMENTS\COL_DIAGRAM\44517700.bmp,0,,,1,,07/17/2009 07:00:00 AM +0000,7/17/2009 18:36,1,33710,At Intersection (intersection related),Daylight,LAKE WASHINGTON BLVD S AND S ORCAS ST,0,1,Y,7,\\sdotnasvfa\sdot_vol1\H8\PROD\ATTACHMENTS\COL_REPORT\3211076.pdf,3211076,Dry,51,PEDALCYCLIST STRUCK MOTOR VEHICLE FRONT END AT ANGLE,9198005,11246,0,3,Fatality Collision,,45,Bicycle,Matched,0,1,Clear or Partly Cloudy,0,38088,0,N,2009-249469
67324,"""(47.66402505000008, -122.37359347799998)""",105948,105948,Block,Cycles,\\sdotnasvfa\sdot_vol1\H8\PROD\ATTACHMENTS\COL_DIAGRAM\11231100.bmp,133,,,0,,06/29/2009 07:00:00 AM +0000,6/29/2009 23:00,1,,Mid-Block (not related to intersection),Dusk,14TH AVE NW BETWEEN NW LEARY WAY AND NW 49TH ST,0,1,,2,\\sdotnasvfa\sdot_vol1\H8\PROD\ATTACHMENTS\COL_REPORT\2804338.pdf,2804338,Dry,23,"MOTOR VEHICLE STRUCK PEDALCYCLIST, LEFT SIDE SIDESWIPE",9180032,1888,0,2,Injury Collision,,45,Bicycle,Matched,0,1,Clear or Partly Cloudy,0,26641,0,N,09-227562
67435,"""(47.72503747500008, -122.34793329699994)""",104335,104335,Block,Cycles,\\sdotnasvfa\sdot_vol1\H8\PROD\ATTACHMENTS\COL_DIAGRAM\11181800.bmp,667,,,0,,10/20/2009 07:00:00 AM +0000,10/20/2009 14:16,1,,Driveway Junction,Daylight,LINDEN AVE N BETWEEN N 130TH ST AND N 135TH ST,0,1,,2,\\sdotnasvfa\sdot_vol1\H8\PROD\ATTACHMENTS\COL_REPORT\3206104.pdf,3206104,Dry,18,"MOTOR VEHICLE STRUCK PEDALCYCLIST, FRONT END AT ANGLE",9293004,11453,0,2,Injury Collision,,45,Bicycle,Matched,0,1,Clear or Partly Cloudy,0,40842,0,N,2009-369797
67479,"""(47.578341488000035, -122.28979542099995)""",105671,105671,Intersection,Cycles,\\sdotnasvfa\sdot_vol1\H8\PROD\ATTACHMENTS\COL_DIAGRAM\11517700.bmp,0,,,0,,03/17/2009 07:00:00 AM +0000,3/17/2009 9:29,1,30868,At Intersection (intersection related),Daylight,34TH AVE S AND S MCCLELLAN ST,0,1,Y,2,\\sdotnasvfa\sdot_vol1\H8\PROD\ATTACHMENTS\COL_REPORT\2798093.pdf,2798093,Wet,51,PEDALCYCLIST STRUCK MOTOR VEHICLE FRONT END AT ANGLE,9076025,5265,0,2,Injury Collision,,45,Bicycle,Matched,0,1,Clear or Partly Cloudy,0,0,0,N,09-91664
67499,"""(47.661261953000064, -122.31199330999999)""",105799,105799,Intersection,Cycles,\\sdotnasvfa\sdot_vol1\H8\PROD\ATTACHMENTS\COL_DIAGRAM\77645371.bmp,0, ,,0,,04/21/2009 07:00:00 AM +0000,4/21/2009 13:30,1,27061,At Intersection (intersection related),Daylight,15TH AVE NE AND NE 45TH ST,1,1,Y,2,\\sdotnasvfa\sdot_vol1\H8\PROD\ATTACHMENTS\COL_REPORT\2893945.pdf,2893945,Dry,64,PEDALCYCLIST STRUCK PEDESTRIAN,9111012,2035,0,2,Injury Collision,,45,Bicycle,Matched,0,0,Clear or Partly Cloudy,0,6965,524694,N,09-134898
67507,"""(47.62205574500007, -122.34237158599996)""",104595,104595,Intersection,Cycles,\\sdotnasvfa\sdot_vol1\H8\PROD\ATTACHMENTS\COL_DIAGRAM\11515400.bmp,0,,,0,,11/16/2009 08:00:00 AM +0000,11/16/2009 17:17,1,28783,At Intersection (intersection related),Dark - Street Lights On,DEXTER AVE N AND HARRISON ST,0,1,Y,2,\\sdotnasvfa\sdot_vol1\H8\PROD\ATTACHMENTS\COL_REPORT\2826472.pdf,2826472,Wet,51,PEDALCYCLIST STRUCK MOTOR VEHICLE FRONT END AT ANGLE,9320004,10074,0,2,Injury Collision,,45,Bicycle,Matched,0,1,Raining,0,12620,0,N,09-400322