OBJECTID,Shape,INCKEY,COLDETKEY,ADDRTYPE,COLLISIONTYPE,DIAGRAMLINK,DISTANCE,EXCEPTRSNCODE,EXCEPTRSNDESC,FATALITIES,INATTENTIONIND,INCDATE,INCDTTM,INJURIES,INTKEY,JUNCTIONTYPE,LIGHTCOND,LOCATION,PEDCOUNT,PEDCYLCOUNT,PEDROWNOTGRNT,PERSONCOUNT,REPORTLINK,REPORTNO,ROADCOND,SDOT_COLCODE,SDOT_COLDESC,SDOTCOLNUM,SEGKEY,SERIOUSINJURIES,SEVERITYCODE,SEVERITYDESC,SPEEDING,ST_COLCODE,ST_COLDESC,STATUS,UNDERINFL,VEHCOUNT,WEATHER,WIDTH,SEGLANEKEY,CROSSWALKKEY,HITPARKEDCAR,SPDCASENO
67514,"""(47.64404198200003, -122.31705447399997)""",105543,105543,Block,Cycles,\\sdotnasvfa\sdot_vol1\H8\PROD\ATTACHMENTS\COL_DIAGRAM\11561900.bmp,161.5,,,0,,12/05/2009 08:00:00 AM +0000,12/5/2009,1,,Mid-Block (not related to intersection),Daylight,BOYER AVE E BETWEEN BOYER UPPER AVE E AND E EDGAR ST,0,1,,2,\\sdotnasvfa\sdot_vol1\H8\PROD\ATTACHMENTS\COL_REPORT\3207386.pdf,3207386,Dry,56,PEDALCYCLIST STRUCK MOTOR VEHICLE LEFT SIDE SIDESWIPE,9339022,9364,0,2,Injury Collision,,45,Bicycle,Matched,0,1,Clear or Partly Cloudy,0,6016,0,N,09 420522
67537,"""(47.60840867600007, -122.32736100899996)""",104593,104593,Intersection,Cycles,\\sdotnasvfa\sdot_vol1\H8\PROD\ATTACHMENTS\COL_DIAGRAM\21186600.bmp,0,,,0,,11/13/2009 08:00:00 AM +0000,11/13/2009 9:13,1,29925,At Intersection (intersection related),Daylight,9TH AVE AND MADISON ST,0,1,Y,2,\\sdotnasvfa\sdot_vol1\H8\PROD\ATTACHMENTS\COL_REPORT\2797562.pdf,2797562,Wet,18,"MOTOR VEHICLE STRUCK PEDALCYCLIST, FRONT END AT ANGLE",9317046,8516,0,2,Injury Collision,,45,Bicycle,Matched,0,1,Raining,0,22727,0,N,09-396668
67559,"""(47.61114239800003, -122.33446376999996)""",104188,104188,Intersection,Cycles,\\sdotnasvfa\sdot_vol1\H8\PROD\ATTACHMENTS\COL_DIAGRAM\22188671.bmp,0, ,,0,,05/24/2009 07:00:00 AM +0000,5/24/2009 12:50,0,29894,At Intersection (intersection related),Daylight,6TH AVE AND PIKE ST,0,1,Y,2,\\sdotnasvfa\sdot_vol1\H8\PROD\ATTACHMENTS\COL_REPORT\2826485.pdf,2826485,Dry,18,"MOTOR VEHICLE STRUCK PEDALCYCLIST, FRONT END AT ANGLE",9144012,7883,0,1,Property Damage Only Collision,,45,Bicycle,Matched,0,1,Clear or Partly Cloudy,0,0,523698,N,09-177627
67594,"""(47.62723101500006, -122.29299330799995)""",104055,104055,Block,Cycles,\\sdotnasvfa\sdot_vol1\H8\PROD\ATTACHMENTS\COL_DIAGRAM\55235500.bmp,475.5,,,0,,06/01/2009 07:00:00 AM +0000,6/1/2009,0,,Mid-Block (but intersection related),Daylight,LAKE WASHINGTON BLVD E BETWEEN E MADISON ST AND ARBORETUM DR E,0,1,Y,2,\\sdotnasvfa\sdot_vol1\H8\PROD\ATTACHMENTS\COL_REPORT\3198935.pdf,3198935,Dry,23,"MOTOR VEHICLE STRUCK PEDALCYCLIST, LEFT SIDE SIDESWIPE",9152003,11209,0,1,Property Damage Only Collision,,45,Bicycle,Matched,0,1,Clear or Partly Cloudy,0,8945,0,N,09-188827
67622,"""(47.592397453000046, -122.33484538999994)""",105931,105931,Block,Cycles,\\sdotnasvfa\sdot_vol1\H8\PROD\ATTACHMENTS\COL_DIAGRAM\11513300.bmp,160,,,0,,06/01/2009 07:00:00 AM +0000,6/1/2009,1,,Driveway Junction,Daylight,S ROYAL BROUGHAM WAY BETWEEN EAST FRONTAGE RD S AND 1ST AVE S,0,1,,2,\\sdotnasvfa\sdot_vol1\H8\PROD\ATTACHMENTS\COL_REPORT\3282592.pdf,3282592,Dry,51,PEDALCYCLIST STRUCK MOTOR VEHICLE FRONT END AT ANGLE,9152001,21213,0,2,Injury Collision,,45,Bicycle,Matched,0,1,Clear or Partly Cloudy,0,0,0,N,09-188702
67669,"""(47.65688930500005, -122.31781902899996)""",105917,105917,Intersection,Cycles,\\sdotnasvfa\sdot_vol1\H8\PROD\ATTACHMENTS\COL_DIAGRAM\55235500.bmp,0,,,0,,10/12/2009 07:00:00 AM +0000,10/12/2009 15:30,1,27100,At Intersection (intersection related),Unknown,ROOSEVELT WAY NE AND NE 41ST ST,0,1,Y,2,\\sdotnasvfa\sdot_vol1\H8\PROD\ATTACHMENTS\COL_REPORT\3334399.pdf,3334399,Unknown,23,"MOTOR VEHICLE STRUCK PEDALCYCLIST, LEFT SIDE SIDESWIPE",9285016,12594,0,2,Injury Collision,,45,Bicycle,Matched,0,1,Unknown,0,11662,0,N,09-360305
67694,"""(47.60451764100003, -122.32840497599994)""",104319,104319,Block,Cycles,\\sdotnasvfa\sdot_vol1\H8\PROD\ATTACHMENTS\COL_DIAGRAM\00180000.bmp,153.5,,,0,,10/20/2009 07:00:00 AM +0000,10/20/2009 16:44,1,,Driveway Junction,Daylight,6TH AVE BETWEEN JAMES ST AND CHERRY ST,0,1,Y,2,\\sdotnasvfa\sdot_vol1\H8\PROD\ATTACHMENTS\COL_REPORT\3328460.pdf,3328460,Dry,18,"MOTOR VEHICLE STRUCK PEDALCYCLIST, FRONT END AT ANGLE",9293003,7873,0,2,Injury Collision,,45,Bicycle,Matched,0,1,Clear or Partly Cloudy,0,36575,0,N,2009-369974
67700,"""(47.62375513000006, -122.31261507399995)""",104182,104182,Block,Cycles,\\sdotnasvfa\sdot_vol1\H8\PROD\ATTACHMENTS\COL_DIAGRAM\55565900.bmp,180,,,0,,09/29/2009 07:00:00 AM +0000,9/29/2009 17:49,0,,Mid-Block (not related to intersection),Daylight,15TH AVE E BETWEEN E REPUBLICAN N ST AND E MERCER S ST,0,1,,2,\\sdotnasvfa\sdot_vol1\H8\PROD\ATTACHMENTS\COL_REPORT\3199390.pdf,3199390,Wet,56,PEDALCYCLIST STRUCK MOTOR VEHICLE LEFT SIDE SIDESWIPE,9272008,2009,0,1,Property Damage Only Collision,,45,Bicycle,Matched,0,1,Raining,0,8560,0,N,09-344711
67706,"""(47.58841060100008, -122.30582739599998)""",104181,104181,Intersection,Cycles,\\sdotnasvfa\sdot_vol1\H8\PROD\ATTACHMENTS\COL_DIAGRAM\77185371.bmp,0, ,,0,,09/28/2009 07:00:00 AM +0000,9/28/2009 16:34,1,31517,At Intersection (intersection related),Daylight,RAINIER AVE S AND S MASSACHUSETTS ST,0,1,,3,\\sdotnasvfa\sdot_vol1\H8\PROD\ATTACHMENTS\COL_REPORT\3211220.pdf,3211220,Dry,18,"MOTOR VEHICLE STRUCK PEDALCYCLIST, FRONT END AT ANGLE",9271001,12353,0,2,Injury Collision,,45,Bicycle,Matched,0,1,Clear or Partly Cloudy,0,0,522986,N,09-343374
67753,"""(47.66568552000007, -122.31739560399996)""",105113,105113,Block,Cycles,\\sdotnasvfa\sdot_vol1\H8\PROD\ATTACHMENTS\COL_DIAGRAM\55565900.bmp,273.5,,,0,,04/25/2009 07:00:00 AM +0000,4/25/2009 17:57,0,,Mid-Block (not related to intersection),Daylight,ROOSEVELT WAY NE BETWEEN NE 50TH ST AND NE 52ND ST,0,1,,2,\\sdotnasvfa\sdot_vol1\H8\PROD\ATTACHMENTS\COL_REPORT\2802362.pdf,2802362,Dry,56,PEDALCYCLIST STRUCK MOTOR VEHICLE LEFT SIDE SIDESWIPE,9115002,12601,0,1,Property Damage Only Collision,,45,Bicycle,Matched,0,1,Clear or Partly Cloudy,0,9128,0,N,09-140382
67778,"""(47.66138585200008, -122.33915660499997)""",105657,105657,Intersection,Cycles,\\sdotnasvfa\sdot_vol1\H8\PROD\ATTACHMENTS\COL_DIAGRAM\71187170.bmp,0,,,0,,01/30/2009 08:00:00 AM +0000,1/30/2009 18:56,1,26791,At Intersection (intersection related),Dark - Street Lights On,WOODLAWN AVE N AND N 45TH W ST,0,1,Y,2,\\sdotnasvfa\sdot_vol1\H8\PROD\ATTACHMENTS\COL_REPORT\3284814.pdf,3284814,Wet,18,"MOTOR VEHICLE STRUCK PEDALCYCLIST, FRONT END AT ANGLE",9030008,13680,0,2,Injury Collision,,45,Bicycle,Matched,0,1,Raining,0,0,0,N,09-037073
67794,"""(47.650099854000075, -122.35838332399999)""",104441,104441,Block,Cycles,\\sdotnasvfa\sdot_vol1\H8\PROD\ATTACHMENTS\COL_DIAGRAM\44234400.bmp,211,,,0,,05/05/2009 07:00:00 AM +0000,5/5/2009,1,,Mid-Block (not related to intersection),Daylight,W NICKERSON ST BETWEEN QUEEN ANNE AVE N AND W BERTONA ST,0,1,Y,2,\\sdotnasvfa\sdot_vol1\H8\PROD\ATTACHMENTS\COL_REPORT\2612760.pdf,2612760,Wet,23,"MOTOR VEHICLE STRUCK PEDALCYCLIST, LEFT SIDE SIDESWIPE",9125021,23610,0,2,Injury Collision,,45,Bicycle,Matched,0,1,Raining,0,12480,0,N,09-152474
67812,"""(47.66852284700008, -122.29850822999998)""",104709,104709,Intersection,Cycles,\\sdotnasvfa\sdot_vol1\H8\PROD\ATTACHMENTS\COL_DIAGRAM\55187700.bmp,0,,,0,,04/09/2009 07:00:00 AM +0000,4/9/2009,1,25934,At Intersection (intersection related),Daylight,27TH AVE NE AND NE 55TH ST,0,1,Y,2,\\sdotnasvfa\sdot_vol1\H8\PROD\ATTACHMENTS\COL_REPORT\2893931.pdf,2893931,Wet,18,"MOTOR VEHICLE STRUCK PEDALCYCLIST, FRONT END AT ANGLE",9099004,4009,0,2,Injury Collision,,45,Bicycle,Matched,0,1,Overcast,0,33923,0,N,2009-119364
67883,"""(47.55344267600003, -122.31347288299997)""",105909,105909,Intersection,Cycles,\\sdotnasvfa\sdot_vol1\H8\PROD\ATTACHMENTS\COL_DIAGRAM\77181371.bmp,0, ,,0,,10/06/2009 07:00:00 AM +0000,10/6/2009,0,33362,At Intersection (intersection related),Daylight,15TH AVE S AND S LUCILE ST,0,1,,2,\\sdotnasvfa\sdot_vol1\H8\PROD\ATTACHMENTS\COL_REPORT\3343891.pdf,3343891,Dry,18,"MOTOR VEHICLE STRUCK PEDALCYCLIST, FRONT END AT ANGLE",9279005,2169,0,1,Property Damage Only Collision,,45,Bicycle,Matched,0,1,Clear or Partly Cloudy,0,0,525165,N,09-352995
67907,"""(47.61932227600005, -122.32086366599998)""",103102,103102,Block,Cycles,\\sdotnasvfa\sdot_vol1\H8\PROD\ATTACHMENTS\COL_DIAGRAM\11231100.bmp,213,,,0,,10/19/2009 07:00:00 AM +0000,10/19/2009 18:45,1,,Mid-Block (but intersection related),Dusk,BROADWAY E BETWEEN E DENNY WAY AND E OLIVE WAY,0,1,Y,2,\\sdotnasvfa\sdot_vol1\H8\PROD\ATTACHMENTS\COL_REPORT\3207727.pdf,3207727,Dry,23,"MOTOR VEHICLE STRUCK PEDALCYCLIST, LEFT SIDE SIDESWIPE",9292003,9451,0,2,Injury Collision,,45,Bicycle,Matched,0,1,Clear or Partly Cloudy,0,6821,0,N,2009-368945
67973,"""(47.626280877000056, -122.33400849299994)""",102559,102559,Intersection,Cycles,\\sdotnasvfa\sdot_vol1\H8\PROD\ATTACHMENTS\COL_DIAGRAM\44182870.bmp,0,,,0,,05/25/2009 07:00:00 AM +0000,5/25/2009 23:42,1,29109,At Intersection (intersection related),Dark - Street Lights On,FAIRVIEW AVE N AND FAIRVIEW PL N,0,1,,2,\\sdotnasvfa\sdot_vol1\H8\PROD\ATTACHMENTS\COL_REPORT\3273860.pdf,3273860,Dry,18,"MOTOR VEHICLE STRUCK PEDALCYCLIST, FRONT END AT ANGLE",9145001,10354,0,2,Injury Collision,,45,Bicycle,Matched,0,1,Clear or Partly Cloudy,0,0,0,N,2009-179341
68047,"""(47.52005416000003, -122.26982140799998)""",102686,102686,Block,Cycles,\\sdotnasvfa\sdot_vol1\H8\PROD\ATTACHMENTS\COL_DIAGRAM\22517600.bmp,43,,,0,,07/21/2009 07:00:00 AM +0000,7/21/2009 11:27,1,,Mid-Block (but intersection related),Daylight,51ST AVE S BETWEEN RAINIER AVE S AND S BARTON PL,0,1,,2,\\sdotnasvfa\sdot_vol1\H8\PROD\ATTACHMENTS\COL_REPORT\3285312.pdf,3285312,Dry,51,PEDALCYCLIST STRUCK MOTOR VEHICLE FRONT END AT ANGLE,9202008,7525,0,2,Injury Collision,,45,Bicycle,Matched,0,1,Clear or Partly Cloudy,0,37790,0,N,09-254313
68122,"""(47.612901753000074, -122.30886086799995)""",102291,102291,Intersection,Cycles,\\sdotnasvfa\sdot_vol1\H8\PROD\ATTACHMENTS\COL_DIAGRAM\33515500.bmp,0, ,,0,,02/01/2009 08:00:00 AM +0000,2/1/2009,1,30144,At Intersection (intersection related),Dark - Street Lights On,18TH AVE AND E UNION ST,0,1,Y,2,\\sdotnasvfa\sdot_vol1\H8\PROD\ATTACHMENTS\COL_REPORT\3283001.pdf,3283001,Dry,51,PEDALCYCLIST STRUCK MOTOR VEHICLE FRONT END AT ANGLE,9032003,2540,0,2,Injury Collision,,45,Bicycle,Matched,0,1,Clear or Partly Cloudy,0,9324,0,N,2009-39218
68176,"""(47.67578890500005, -122.28020712999995)""",103494,103494,Block,Cycles,\\sdotnasvfa\sdot_vol1\H8\PROD\ATTACHMENTS\COL_DIAGRAM\77549700.bmp,165.5,,,0,,08/03/2009 07:00:00 AM +0000,8/3/2009,1,,Mid-Block (not related to intersection),Daylight,NE 65TH ST BETWEEN 44TH AVE NE AND 45TH AVE NE,0,1,,2,\\sdotnasvfa\sdot_vol1\H8\PROD\ATTACHMENTS\COL_REPORT\3284488.pdf,3284488,Dry,54,PEDALCYCLIST STRUCK MOTOR VEHICLE REAR END,9215005,17302,1,2b,Serious Injury Collision,,45,Bicycle,Matched,0,1,Clear or Partly Cloudy,0,29987,0,N,2009-271914
68212,"""(47.61292129000003, -122.30494951099996)""",102545,102545,Intersection,Cycles,\\sdotnasvfa\sdot_vol1\H8\PROD\ATTACHMENTS\COL_DIAGRAM\11183300.bmp,0,,,0,,06/29/2009 07:00:00 AM +0000,6/29/2009 15:55,1,30147,At Intersection (intersection related),Daylight,21ST AVE AND E UNION ST,0,1,Y,2,\\sdotnasvfa\sdot_vol1\H8\PROD\ATTACHMENTS\COL_REPORT\3283159.pdf,3283159,Dry,18,"MOTOR VEHICLE STRUCK PEDALCYCLIST, FRONT END AT ANGLE",9180003,3106,0,2,Injury Collision,,45,Bicycle,Matched,0,1,Clear or Partly Cloudy,0,9353,0,N,09-224885
68232,"""(47.59923179300006, -122.31027221399995)""",102009,102009,Intersection,Cycles,\\sdotnasvfa\sdot_vol1\H8\PROD\ATTACHMENTS\COL_DIAGRAM\31187700.bmp,0,,,0,,10/12/2009 07:00:00 AM +0000,10/12/2009 6:55,1,30750,At Intersection (intersection related),Dawn,17TH AVE S AND S JACKSON ST,0,1,Y,3,\\sdotnasvfa\sdot_vol1\H8\PROD\ATTACHMENTS\COL_REPORT\3207651.pdf,3207651,Dry,18,"MOTOR VEHICLE STRUCK PEDALCYCLIST, FRONT END AT ANGLE",9285003,20497,0,2,Injury Collision,,45,Bicycle,Matched,0,1,Clear or Partly Cloudy,0,11031,0,N,09-359742
68237,"""(47.62682378000005, -122.31968435399995)""",103880,103880,Block,Cycles,\\sdotnasvfa\sdot_vol1\H8\PROD\ATTACHMENTS\COL_DIAGRAM\55187700.bmp,132.5,,,0,,12/07/2009 08:00:00 AM +0000,12/7/2009,1,,Driveway Junction,Dark - Street Lights On,E ALOHA ST BETWEEN 10TH AVE E AND FEDERAL AVE E,0,1,Y,2,\\sdotnasvfa\sdot_vol1\H8\PROD\ATTACHMENTS\COL_REPORT\3199413.pdf,3199413,Dry,18,"MOTOR VEHICLE STRUCK PEDALCYCLIST, FRONT END AT ANGLE",9341005,13812,0,2,Injury Collision,,45,Bicycle,Matched,0,1,Clear or Partly Cloudy,0,8608,0,N,2009-422678
68259,"""(47.70864592500004, -122.33131365399998)""",102279,102279,Intersection,Cycles,\\sdotnasvfa\sdot_vol1\H8\PROD\ATTACHMENTS\COL_DIAGRAM\33513400.bmp,0,,,0,,01/26/2009 08:00:00 AM +0000,1/26/2009 12:05,1,36585,At Intersection (intersection related),Daylight,CORLISS AVE N AND N NORTHGATE WAY,0,1,,2,\\sdotnasvfa\sdot_vol1\H8\PROD\ATTACHMENTS\COL_REPORT\3282573.pdf,3282573,Dry,51,PEDALCYCLIST STRUCK MOTOR VEHICLE FRONT END AT ANGLE,9026005,16120,0,2,Injury Collision,,45,Bicycle,Matched,0,1,Clear or Partly Cloudy,0,18972,0,N,2009-031572
68283,"""(47.65891124900003, -122.31776594999997)""",102146,102146,Block,Cycles,\\sdotnasvfa\sdot_vol1\H8\PROD\ATTACHMENTS\COL_DIAGRAM\55690000.bmp,198,,,0,,04/17/2009 07:00:00 AM +0000,4/17/2009 9:28,1,,Mid-Block (not related to intersection),Daylight,ROOSEVELT WAY NE BETWEEN NE 42ND N ST AND NE 43RD S ST,0,1,,1,\\sdotnasvfa\sdot_vol1\H8\PROD\ATTACHMENTS\COL_REPORT\3277107.pdf,3277107,Wet,69,PEDALCYCLIST OVERTURNED IN ROAD,9107008,12596,0,2,Injury Collision,,45,Bicycle,Matched,0,0,Overcast,0,8990,0,N,2009-129267
68305,"""(47.594039731000066, -122.33419227599995)""",103073,103073,Block,Cycles,\\sdotnasvfa\sdot_vol1\H8\PROD\ATTACHMENTS\COL_DIAGRAM\00180000.bmp,600,,,0,,04/16/2009 07:00:00 AM +0000,4/16/2009 18:59,1,,Driveway Junction,Daylight,1ST AVE S BETWEEN RAILROAD S WAY S AND S ROYAL BROUGHAM WAY,0,1,,1,\\sdotnasvfa\sdot_vol1\H8\PROD\ATTACHMENTS\COL_REPORT\3207186.pdf,3207186,Dry,18,"MOTOR VEHICLE STRUCK PEDALCYCLIST, FRONT END AT ANGLE",9106026,1200,0,2,Injury Collision,,45,Bicycle,Matched,0,0,Clear or Partly Cloudy,0,0,0,N,2009-128616
68348,"""(47.628152871000054, -122.29408106699998)""",102675,102675,Intersection,Cycles,\\sdotnasvfa\sdot_vol1\H8\PROD\ATTACHMENTS\COL_DIAGRAM\88642870.bmp,0,,,0,,07/19/2009 07:00:00 AM +0000,7/19/2009 14:40,2,29212,At Intersection (intersection related),Daylight,ARBORETUM DR E AND LAKE WASHINGTON BLVD E,1,1,Y,2,\\sdotnasvfa\sdot_vol1\H8\PROD\ATTACHMENTS\COL_REPORT\3199405.pdf,3199405,Dry,64,PEDALCYCLIST STRUCK PEDESTRIAN,9200035,8844,1,2b,Serious Injury Collision,,45,Bicycle,Matched,0,0,Clear or Partly Cloudy,0,8940,0,N,2009-251993
68419,"""(47.60253667200004, -122.33196570599995)""",103613,103613,Block,Cycles,\\sdotnasvfa\sdot_vol1\H8\PROD\ATTACHMENTS\COL_DIAGRAM\66546900.bmp,161,,,0,Y,08/22/2009 07:00:00 AM +0000,8/22/2009 20:32,1,,Mid-Block (but intersection related),Dark - Street Lights On,JAMES ST BETWEEN 2ND AVE AND 3RD AVE,0,1,,5,\\sdotnasvfa\sdot_vol1\H8\PROD\ATTACHMENTS\COL_REPORT\3200595.pdf,3200595,Dry,54,PEDALCYCLIST STRUCK MOTOR VEHICLE REAR END,9234002,11050,0,2,Injury Collision,,45,Bicycle,Matched,0,2,Clear or Partly Cloudy,0,24805,0,N,2009-297100
68447,"""(47.66936557400004, -122.32825777899996)""",103202,103202,Intersection,Cycles,\\sdotnasvfa\sdot_vol1\H8\PROD\ATTACHMENTS\COL_DIAGRAM\33185500.bmp,0,,,1,,03/11/2009 07:00:00 AM +0000,3/11/2009 10:25,0,25845,At Intersection (intersection related),Daylight,1ST AVE NE AND NE 56TH ST,0,1,,4,\\sdotnasvfa\sdot_vol1\H8\PROD\ATTACHMENTS\COL_REPORT\2792983.pdf,2792983,Dry,18,"MOTOR VEHICLE STRUCK PEDALCYCLIST, FRONT END AT ANGLE",9070037,1074,0,3,Fatality Collision,,45,Bicycle,Matched,0,1,Clear or Partly Cloudy,0,0,0,N,09-84594
68461,"""(47.59583432900007, -122.32441806099996)""",102932,102932,Block,Cycles,\\sdotnasvfa\sdot_vol1\H8\PROD\ATTACHMENTS\COL_DIAGRAM\77517800.bmp,161,,,0,,02/27/2009 08:00:00 AM +0000,2/27/2009 10:00,1,,Mid-Block (not related to intersection),Daylight,S DEARBORN ST BETWEEN MAYNARD AVE S AND 7TH AVE S,0,1,Y,3,\\sdotnasvfa\sdot_vol1\H8\PROD\ATTACHMENTS\COL_REPORT\2898366.pdf,2898366,Dry,51,PEDALCYCLIST STRUCK MOTOR VEHICLE FRONT END AT ANGLE,9058009,19828,0,2,Injury Collision,,45,Bicycle,Matched,0,1,Clear or Partly Cloudy,0,5820,0,N,09-070362
68469,"""(47.63337181300005, -122.28157849399997)""",102804,102804,Intersection,Cycles,\\sdotnasvfa\sdot_vol1\H8\PROD\ATTACHMENTS\COL_DIAGRAM\22516500.bmp,0,,,0,,01/12/2009 08:00:00 AM +0000,1/12/2009 17:49,1,28531,At Intersection (intersection related),Dark - No Street Lights,MCGILVRA BLVD E AND E MADISON S ST,0,1,Y,2,\\sdotnasvfa\sdot_vol1\H8\PROD\ATTACHMENTS\COL_REPORT\3282959.pdf,3282959,Wet,51,PEDALCYCLIST STRUCK MOTOR VEHICLE FRONT END AT ANGLE,9012030,14052,0,2,Injury Collision,,45,Bicycle,Matched,0,1,Raining,0,34300,0,N,09-14703
68540,"""(47.61408812700006, -122.32682047299994)""",103994,103994,Intersection,Cycles,\\sdotnasvfa\sdot_vol1\H8\PROD\ATTACHMENTS\COL_DIAGRAM\32187700.bmp,0,,,0,,06/23/2009 07:00:00 AM +0000,6/23/2009 17:11,1,29873,At Intersection (intersection related),Daylight,BELLEVUE AVE AND E PIKE ST,0,1,Y,2,\\sdotnasvfa\sdot_vol1\H8\PROD\ATTACHMENTS\COL_REPORT\3283317.pdf,3283317,Dry,18,"MOTOR VEHICLE STRUCK PEDALCYCLIST, FRONT END AT ANGLE",9174003,9212,0,2,Injury Collision,,45,Bicycle,Matched,0,1,Clear or Partly Cloudy,0,31140,0,N,09-217397
68541,"""(47.661357277000036, -122.32775751099996)""",103465,103465,Block,Cycles,\\sdotnasvfa\sdot_vol1\H8\PROD\ATTACHMENTS\COL_DIAGRAM\33517500.bmp,124.5,,,0,,04/24/2009 07:00:00 AM +0000,4/24/2009 17:15,1,,Driveway Junction,Daylight,NE 45TH ST BETWEEN 1ST AVE NE AND 2ND AVE NE,0,1,Y,2,\\sdotnasvfa\sdot_vol1\H8\PROD\ATTACHMENTS\COL_REPORT\2893453.pdf,2893453,Dry,51,PEDALCYCLIST STRUCK MOTOR VEHICLE FRONT END AT ANGLE,9114007,16838,0,2,Injury Collision,,45,Bicycle,Matched,0,1,Clear or Partly Cloudy,0,6532,0,N,2009-139162
68546,"""(47.60890055800007, -122.34444039399995)""",103736,103736,Block,Cycles,\\sdotnasvfa\sdot_vol1\H8\PROD\ATTACHMENTS\COL_DIAGRAM\88568900.bmp,181.5,,,0,,06/02/2009 07:00:00 AM +0000,6/2/2009,1,,Mid-Block (not related to intersection),Daylight,ALASKAN WAY BETWEEN PINE ST AND VIRGINIA ST,0,1,,3,\\sdotnasvfa\sdot_vol1\H8\PROD\ATTACHMENTS\COL_REPORT\2612764.pdf,2612764,Dry,56,PEDALCYCLIST STRUCK MOTOR VEHICLE LEFT SIDE SIDESWIPE,9153027,8726,0,2,Injury Collision,,45,Bicycle,Matched,0,1,Clear or Partly Cloudy,0,20933,0,N,09-190186
68791,"""(47.64058930700003, -122.34631476299995)""",103982,103982,Intersection,Cycles,\\sdotnasvfa\sdot_vol1\H8\PROD\ATTACHMENTS\COL_DIAGRAM\56184670.bmp,0,,,1,,07/01/2009 07:00:00 AM +0000,7/1/2009,1,27982,At Intersection (intersection related),Dark - Street Lights On,AURORA AVE N AND DEXTER WAY N,0,1,,3,\\sdotnasvfa\sdot_vol1\H8\PROD\ATTACHMENTS\COL_REPORT\2907125.pdf,2907125,Dry,18,"MOTOR VEHICLE STRUCK PEDALCYCLIST, FRONT END AT ANGLE",9182026,8917,0,3,Fatality Collision,,45,Bicycle,Matched,1,2,Clear or Partly Cloudy,0,0,0,N,2009-228057
68795,"""(47.61407091900003, -122.32144766799996)""",103852,103852,Block,Cycles,\\sdotnasvfa\sdot_vol1\H8\PROD\ATTACHMENTS\COL_DIAGRAM\77547900.bmp,164,,,0,,08/07/2009 07:00:00 AM +0000,8/7/2009,1,,Mid-Block (but intersection related),Daylight,E PIKE ST BETWEEN HARVARD AVE AND BROADWAY,0,1,,2,\\sdotnasvfa\sdot_vol1\H8\PROD\ATTACHMENTS\COL_REPORT\3199372.pdf,3199372,Dry,54,PEDALCYCLIST STRUCK MOTOR VEHICLE REAR END,9219039,14599,0,2,Injury Collision,,45,Bicycle,Matched,0,1,Clear or Partly Cloudy,0,31201,0,N,09-278031
68812,"""(47.668788594000034, -122.28080181999997)""",103586,103586,Block,Cycles,\\sdotnasvfa\sdot_vol1\H8\PROD\ATTACHMENTS\COL_DIAGRAM\77567900.bmp,340.5,,,0,,03/07/2009 08:00:00 AM +0000,3/7/2009,1,,Mid-Block (not related to intersection),Daylight,NE 55TH ST BETWEEN 43RD AVE NE AND 45TH AVE NE,0,1,,2,\\sdotnasvfa\sdot_vol1\H8\PROD\ATTACHMENTS\COL_REPORT\3283933.pdf,3283933,Wet,56,PEDALCYCLIST STRUCK MOTOR VEHICLE LEFT SIDE SIDESWIPE,9066003,17057,0,2,Injury Collision,,45,Bicycle,Matched,0,1,Overcast,0,34171,0,N,09-080356
68862,"""(47.60424209800004, -122.29679819299997)""",102507,102507,Intersection,Cycles,\\sdotnasvfa\sdot_vol1\H8\PROD\ATTACHMENTS\COL_DIAGRAM\11187700.bmp,0,,,0,,04/26/2009 07:00:00 AM +0000,4/26/2009 18:49,1,30097,At Intersection (intersection related),Daylight,M L KING JR WAY AND E ALDER ST,0,1,,3,\\sdotnasvfa\sdot_vol1\H8\PROD\ATTACHMENTS\COL_REPORT\3287459.pdf,3287459,Dry,18,"MOTOR VEHICLE STRUCK PEDALCYCLIST, FRONT END AT ANGLE",9116002,11483,0,2,Injury Collision,,45,Bicycle,Matched,0,1,Clear or Partly Cloudy,0,0,0,N,09-141636
68935,"""(47.68323791900008, -122.37678003499997)""",103304,103304,Intersection,Cycles,\\sdotnasvfa\sdot_vol1\H8\PROD\ATTACHMENTS\COL_DIAGRAM\55187171.bmp,0, ,,0,,02/02/2009 08:00:00 AM +0000,2/2/2009,1,23895,At Intersection (intersection related),Daylight,15TH AVE NW AND NW 75TH ST,0,1,,3,\\sdotnasvfa\sdot_vol1\H8\PROD\ATTACHMENTS\COL_REPORT\3277491.pdf,3277491,Dry,18,"MOTOR VEHICLE STRUCK PEDALCYCLIST, FRONT END AT ANGLE",9033025,2116,0,2,Injury Collision,,45,Bicycle,Matched,0,1,Clear or Partly Cloudy,0,0,521278,N,09-040275