OBJECTID,Shape,INCKEY,COLDETKEY,ADDRTYPE,COLLISIONTYPE,DIAGRAMLINK,DISTANCE,EXCEPTRSNCODE,EXCEPTRSNDESC,FATALITIES,INATTENTIONIND,INCDATE,INCDTTM,INJURIES,INTKEY,JUNCTIONTYPE,LIGHTCOND,LOCATION,PEDCOUNT,PEDCYLCOUNT,PEDROWNOTGRNT,PERSONCOUNT,REPORTLINK,REPORTNO,ROADCOND,SDOT_COLCODE,SDOT_COLDESC,SDOTCOLNUM,SEGKEY,SERIOUSINJURIES,SEVERITYCODE,SEVERITYDESC,SPEEDING,ST_COLCODE,ST_COLDESC,STATUS,UNDERINFL,VEHCOUNT,WEATHER,WIDTH,SEGLANEKEY,CROSSWALKKEY,HITPARKEDCAR,SPDCASENO
68961,"""(47.62050127500004, -122.31205001199999)""",103305,103305,Block,Cycles,\\sdotnasvfa\sdot_vol1\H8\PROD\ATTACHMENTS\COL_DIAGRAM\32187700.bmp,164,,,0,,02/04/2009 08:00:00 AM +0000,2/4/2009,1,,Driveway Junction,Dawn,E THOMAS ST BETWEEN 15TH S AVE E AND 16TH AVE E,0,1,Y,2,\\sdotnasvfa\sdot_vol1\H8\PROD\ATTACHMENTS\COL_REPORT\3287716.pdf,3287716,Dry,18,"MOTOR VEHICLE STRUCK PEDALCYCLIST, FRONT END AT ANGLE",9035016,14859,0,2,Injury Collision,,45,Bicycle,Matched,0,1,Clear or Partly Cloudy,0,35281,0,N,09-042337
68963,"""(47.68872662000007, -122.37612772599999)""",103579,103579,Block,Cycles,\\sdotnasvfa\sdot_vol1\H8\PROD\ATTACHMENTS\COL_DIAGRAM\77547900.bmp,165,,,0,,05/16/2009 07:00:00 AM +0000,5/16/2009 12:59,0,,Mid-Block (but intersection related),Daylight,NW 83RD ST BETWEEN MARY AVE NW AND 15TH AVE NW,0,1,,2,\\sdotnasvfa\sdot_vol1\H8\PROD\ATTACHMENTS\COL_REPORT\3284890.pdf,3284890,Dry,54,PEDALCYCLIST STRUCK MOTOR VEHICLE REAR END,9136002,18937,0,1,Property Damage Only Collision,,45,Bicycle,Matched,0,1,Clear or Partly Cloudy,0,0,0,N,09-166579
68969,"""(47.73413650100008, -122.33427594299997)""",102626,102626,Intersection,Cycles,\\sdotnasvfa\sdot_vol1\H8\PROD\ATTACHMENTS\COL_DIAGRAM\55183171.bmp,0, ,,0,,07/10/2009 07:00:00 AM +0000,7/10/2009 18:45,1,35910,At Intersection (intersection related),Daylight,MERIDIAN AVE N AND N 145TH ST,0,1,,2,\\sdotnasvfa\sdot_vol1\H8\PROD\ATTACHMENTS\COL_REPORT\2877980.pdf,2877980,Dry,18,"MOTOR VEHICLE STRUCK PEDALCYCLIST, FRONT END AT ANGLE",9191050,15280,0,2,Injury Collision,,45,Bicycle,Matched,0,1,Clear or Partly Cloudy,0,0,523998,N,
69003,"""(47.62461728400007, -122.33506754299998)""",102234,102234,Block,Cycles,\\sdotnasvfa\sdot_vol1\H8\PROD\ATTACHMENTS\COL_DIAGRAM\11187907.bmp,190,,,0,,01/21/2009 08:00:00 AM +0000,1/21/2009 9:20,1,,Driveway Junction,Daylight,MERCER SR ST BETWEEN BOREN AVE N AND FAIRVIEW N AVE N,0,1,Y,2,\\sdotnasvfa\sdot_vol1\H8\PROD\ATTACHMENTS\COL_REPORT\3289459.pdf,3289459,Dry,18,"MOTOR VEHICLE STRUCK PEDALCYCLIST, FRONT END AT ANGLE",9021010,11775,0,2,Injury Collision,,45,Bicycle,Matched,0,1,Clear or Partly Cloudy,0,0,0,N,2009-25200
69043,"""(47.613465820000044, -122.32891310199994)""",103291,103291,Intersection,Cycles,\\sdotnasvfa\sdot_vol1\H8\PROD\ATTACHMENTS\COL_DIAGRAM\66518800.bmp,0,,,0,,09/25/2009 07:00:00 AM +0000,9/25/2009 16:40,0,29878,At Intersection (intersection related),Daylight,BOREN AVE AND PIKE ST,0,1,,2,\\sdotnasvfa\sdot_vol1\H8\PROD\ATTACHMENTS\COL_REPORT\3326534.pdf,3326534,Dry,51,PEDALCYCLIST STRUCK MOTOR VEHICLE FRONT END AT ANGLE,9268005,9319,0,1,Property Damage Only Collision,,45,Bicycle,Matched,0,1,Clear or Partly Cloudy,0,31087,0,N,09-339598
69104,"""(47.654209094000066, -122.31447179599996)""",102759,102759,Intersection,Cycles,\\sdotnasvfa\sdot_vol1\H8\PROD\ATTACHMENTS\COL_DIAGRAM\55187771.bmp,0, ,,0,,11/16/2009 08:00:00 AM +0000,11/16/2009 17:10,0,287158,At Intersection (intersection related),Dark - Street Lights Off,BROOKLYN AVE NE AND BURKE GILMAN TRL,0,1,,2,\\sdotnasvfa\sdot_vol1\H8\PROD\ATTACHMENTS\COL_REPORT\3198558.pdf,3198558,Wet,18,"MOTOR VEHICLE STRUCK PEDALCYCLIST, FRONT END AT ANGLE",9320001,287256,0,1,Property Damage Only Collision,,45,Bicycle,Matched,0,1,Raining,0,0,525567,N,09-400318
69106,"""(47.659098415000074, -122.36625996299995)""",103025,103025,Block,Cycles,\\sdotnasvfa\sdot_vol1\H8\PROD\ATTACHMENTS\COL_DIAGRAM\66188800.bmp,76, ,,0,,02/20/2009 08:00:00 AM +0000,2/20/2009 14:05,1,,Driveway Junction,Daylight,BURKE GILMAN TRL BETWEEN 8TH AVE NW AND 8TH AVE NW,0,1,Y,2,\\sdotnasvfa\sdot_vol1\H8\PROD\ATTACHMENTS\COL_REPORT\3210351.pdf,3210351,Dry,18,"MOTOR VEHICLE STRUCK PEDALCYCLIST, FRONT END AT ANGLE",9051019,287188,0,2,Injury Collision,,45,Bicycle,Matched,0,1,Clear or Partly Cloudy,0,0,630875,N,09-062453
69109,"""(47.582981946000075, -122.31339442999996)""",103024,103024,Intersection,Cycles,\\sdotnasvfa\sdot_vol1\H8\PROD\ATTACHMENTS\COL_DIAGRAM\18185500.bmp,0,,,0,,09/13/2009 07:00:00 AM +0000,9/13/2009 2:25,1,31285,At Intersection (intersection related),Dark - Street Lights On,15TH AVE S AND S COLLEGE ST,0,1,Y,2,\\sdotnasvfa\sdot_vol1\H8\PROD\ATTACHMENTS\COL_REPORT\3283467.pdf,3283467,Dry,18,"MOTOR VEHICLE STRUCK PEDALCYCLIST, FRONT END AT ANGLE",9256002,2141,0,2,Injury Collision,,45,Bicycle,Matched,0,1,Clear or Partly Cloudy,0,14060,0,N,09-324058
69140,"""(47.648468285000035, -122.37610866399996)""",103560,103560,Intersection,Cycles,\\sdotnasvfa\sdot_vol1\H8\PROD\ATTACHMENTS\COL_DIAGRAM\11587700.bmp,0,,,0,,01/21/2009 08:00:00 AM +0000,1/21/2009 7:23,2,26774,At Intersection (intersection related),Dawn,15TH AV W NB OFF RP AND W DRAVUS ST,0,2,,2,\\sdotnasvfa\sdot_vol1\H8\PROD\ATTACHMENTS\COL_REPORT\3273989.pdf,3273989,Dry,58,PEDALCYCLIST STRUCK PEDALCYCLIST FRONT END AT ANGLE,9021001,2202,0,2,Injury Collision,,45,Bicycle,Matched,0,0,Clear or Partly Cloudy,0,16062,0,N,2009-25085
69163,"""(47.579811138000025, -122.33420081399998)""",103562,103562,Intersection,Cycles,\\sdotnasvfa\sdot_vol1\H8\PROD\ATTACHMENTS\COL_DIAGRAM\11515300.bmp,0,,,0,,01/22/2009 08:00:00 AM +0000,1/22/2009 7:35,1,31372,At Intersection (intersection related),Dawn,1ST AVE S AND S LANDER ST,0,1,Y,2,\\sdotnasvfa\sdot_vol1\H8\PROD\ATTACHMENTS\COL_REPORT\3289460.pdf,3289460,Dry,51,PEDALCYCLIST STRUCK MOTOR VEHICLE FRONT END AT ANGLE,9022025,1208,0,2,Injury Collision,,45,Bicycle,Matched,0,1,Overcast,0,5336,0,N,2009-26446
69267,"""(47.64314903700006, -122.30071450999998)""",102884,102884,Block,Cycles,\\sdotnasvfa\sdot_vol1\H8\PROD\ATTACHMENTS\COL_DIAGRAM\33517700.bmp,115,,,0,,05/14/2009 07:00:00 AM +0000,5/14/2009 14:38,1,,Mid-Block (but intersection related),Daylight,E ROANOKE ST BETWEEN GLENWILDE PL E AND 25TH AVE E,0,1,,2,\\sdotnasvfa\sdot_vol1\H8\PROD\ATTACHMENTS\COL_REPORT\2898937.pdf,2898937,Dry,51,PEDALCYCLIST STRUCK MOTOR VEHICLE FRONT END AT ANGLE,9134004,14736,0,2,Injury Collision,,45,Bicycle,Matched,0,1,Clear or Partly Cloudy,0,0,0,N,09-163904
69346,"""(47.661354747000075, -122.32725022499994)""",102738,102738,Intersection,Cycles,\\sdotnasvfa\sdot_vol1\H8\PROD\ATTACHMENTS\COL_DIAGRAM\33517600.bmp,0,,,0,,05/01/2009 07:00:00 AM +0000,5/1/2009,1,27182,At Intersection (intersection related),Daylight,2ND AVE NE AND NE 45TH ST,0,1,Y,3,\\sdotnasvfa\sdot_vol1\H8\PROD\ATTACHMENTS\COL_REPORT\3287033.pdf,3287033,Dry,51,PEDALCYCLIST STRUCK MOTOR VEHICLE FRONT END AT ANGLE,9121031,2803,0,2,Injury Collision,,45,Bicycle,Matched,0,1,Clear or Partly Cloudy,0,6532,0,N,09-147555
69370,"""(47.67573704200004, -122.26656513399996)""",102203,102203,Intersection,Cycles,\\sdotnasvfa\sdot_vol1\H8\PROD\ATTACHMENTS\COL_DIAGRAM\77185371.bmp,0, ,,0,,09/26/2009 07:00:00 AM +0000,9/26/2009 18:06,1,287171,At Intersection (intersection related),Daylight,BURKE GILMAN TRL AND NE 65TH ST,0,1,,2,\\sdotnasvfa\sdot_vol1\H8\PROD\ATTACHMENTS\COL_REPORT\3327986.pdf,3327986,Dry,18,"MOTOR VEHICLE STRUCK PEDALCYCLIST, FRONT END AT ANGLE",9269027,287215,1,2b,Serious Injury Collision,,45,Bicycle,Matched,0,1,Clear or Partly Cloudy,0,0,524265,N,09-341067
69412,"""(47.65202472800007, -122.32092404899998)""",102607,102607,Block,Cycles,\\sdotnasvfa\sdot_vol1\H8\PROD\ATTACHMENTS\COL_DIAGRAM\66556900.bmp,185,,,0,,06/01/2009 07:00:00 AM +0000,6/1/2009,0,,Mid-Block (not related to intersection),Daylight,UNIVERSITY BR BETWEEN FUHRMAN AVE E AND POINT A,0,1,,2,\\sdotnasvfa\sdot_vol1\H8\PROD\ATTACHMENTS\COL_REPORT\3205952.pdf,3205952,Dry,55,PEDALCYCLIST STRUCK MOTOR VEHICLE RIGHT SIDE SIDESWIPE,9152002,13189,0,1,Property Damage Only Collision,,45,Bicycle,Matched,0,1,Clear or Partly Cloudy,0,15452,0,N,09-188705
69579,"""(47.633420201000035, -122.34228296399999)""",103402,103402,Intersection,Cycles,\\sdotnasvfa\sdot_vol1\H8\PROD\ATTACHMENTS\COL_DIAGRAM\17185500.bmp,0,,,0,,04/10/2009 07:00:00 AM +0000,4/10/2009 8:21,1,28028,At Intersection (intersection related),Daylight,DEXTER AVE N AND GARFIELD N ST,0,1,Y,2,\\sdotnasvfa\sdot_vol1\H8\PROD\ATTACHMENTS\COL_REPORT\3289749.pdf,3289749,Wet,18,"MOTOR VEHICLE STRUCK PEDALCYCLIST, FRONT END AT ANGLE",9100025,10086,0,2,Injury Collision,,45,Bicycle,Matched,0,1,Raining,0,12978,0,N,09-120662
69591,"""(47.61966624400003, -122.32401126599996)""",103934,103934,Intersection,Cycles,\\sdotnasvfa\sdot_vol1\H8\PROD\ATTACHMENTS\COL_DIAGRAM\55186600.bmp,0,,,0,,12/29/2009 08:00:00 AM +0000,12/29/2009 8:20,0,29157,At Intersection (intersection related),Daylight,BELMONT AVE E AND E OLIVE WAY,0,1,Y,4,\\sdotnasvfa\sdot_vol1\H8\PROD\ATTACHMENTS\COL_REPORT\2882165.pdf,2882165,Dry,18,"MOTOR VEHICLE STRUCK PEDALCYCLIST, FRONT END AT ANGLE",9363003,9237,0,1,Property Damage Only Collision,,45,Bicycle,Matched,0,1,Clear or Partly Cloudy,0,23250,0,N,2009-444915
69595,"""(47.66570139100003, -122.37359167999995)""",103533,103533,Intersection,Cycles,\\sdotnasvfa\sdot_vol1\H8\PROD\ATTACHMENTS\COL_DIAGRAM\33185500.bmp,0,,,0,,12/14/2009 08:00:00 AM +0000,12/14/2009 17:28,1,25439,At Intersection (intersection related),Dark - Street Lights Off,14TH AVE NW AND NW 51ST ST,0,1,Y,2,\\sdotnasvfa\sdot_vol1\H8\PROD\ATTACHMENTS\COL_REPORT\3333139.pdf,3333139,Wet,18,"MOTOR VEHICLE STRUCK PEDALCYCLIST, FRONT END AT ANGLE",9348034,1891,0,2,Injury Collision,,45,Bicycle,Matched,0,1,Raining,0,26676,0,N,09-430062
69646,"""(47.62926766700008, -122.30166617799995)""",102318,102318,Intersection,Cycles,\\sdotnasvfa\sdot_vol1\H8\PROD\ATTACHMENTS\COL_DIAGRAM\11517800.bmp,0,,,0,,01/28/2009 08:00:00 AM +0000,1/28/2009 8:30,1,29205,At Intersection (intersection related),Daylight,24TH AVE E AND E PROSPECT ST,0,1,,2,\\sdotnasvfa\sdot_vol1\H8\PROD\ATTACHMENTS\COL_REPORT\2882766.pdf,2882766,Dry,51,PEDALCYCLIST STRUCK MOTOR VEHICLE FRONT END AT ANGLE,9028021,3543,0,2,Injury Collision,Y,45,Bicycle,Matched,0,1,Clear or Partly Cloudy,0,22536,0,N,2009-035281
69680,"""(47.65297596400006, -122.31246414499998)""",101917,101917,Intersection,Cycles,\\sdotnasvfa\sdot_vol1\H8\PROD\ATTACHMENTS\COL_DIAGRAM\82184271.bmp,0, ,,0,,01/24/2009 08:00:00 AM +0000,1/24/2009 21:16,1,27149,At Intersection (intersection related),Dark - Street Lights On,15TH AVE NE AND NE PACIFIC ST,0,1,,3,\\sdotnasvfa\sdot_vol1\H8\PROD\ATTACHMENTS\COL_REPORT\3210551.pdf,3210551,Wet,18,"MOTOR VEHICLE STRUCK PEDALCYCLIST, FRONT END AT ANGLE",9024002,2028,0,2,Injury Collision,,45,Bicycle,Matched,0,2,Raining,0,0,520838,N,2009-029864
69681,"""(47.58841060100008, -122.30582739599998)""",102587,102587,Intersection,Cycles,\\sdotnasvfa\sdot_vol1\H8\PROD\ATTACHMENTS\COL_DIAGRAM\33181771.bmp,0, ,,0,,06/28/2009 07:00:00 AM +0000,6/28/2009 11:39,0,31517,At Intersection (intersection related),Daylight,RAINIER AVE S AND S MASSACHUSETTS ST,0,1,Y,6,\\sdotnasvfa\sdot_vol1\H8\PROD\ATTACHMENTS\COL_REPORT\3210926.pdf,3210926,Dry,18,"MOTOR VEHICLE STRUCK PEDALCYCLIST, FRONT END AT ANGLE",9179002,12353,0,1,Property Damage Only Collision,,45,Bicycle,Matched,0,1,Clear or Partly Cloudy,0,0,524935,N,2009-223395
69682,"""(47.66674642900006, -122.34008797699994)""",102451,102451,Block,Cycles,\\sdotnasvfa\sdot_vol1\H8\PROD\ATTACHMENTS\COL_DIAGRAM\11231100.bmp,124,,,0,Y,04/21/2009 07:00:00 AM +0000,4/21/2009 17:13,1,,Mid-Block (not related to intersection),Daylight,GREEN LAKE WAY N BETWEEN N 52ND ST AND N 53RD ST,0,1,,2,\\sdotnasvfa\sdot_vol1\H8\PROD\ATTACHMENTS\COL_REPORT\3277109.pdf,3277109,Dry,23,"MOTOR VEHICLE STRUCK PEDALCYCLIST, LEFT SIDE SIDESWIPE",9111013,10695,0,2,Injury Collision,,45,Bicycle,Matched,0,1,Clear or Partly Cloudy,0,40757,0,N,09-135174
69711,"""(47.61521815300006, -122.32680418799998)""",103927,103927,Intersection,Cycles,\\sdotnasvfa\sdot_vol1\H8\PROD\ATTACHMENTS\COL_DIAGRAM\77517800.bmp,0,,,0,,08/18/2009 07:00:00 AM +0000,8/18/2009 16:52,1,29862,At Intersection (intersection related),Daylight,BELLEVUE AVE AND E PINE ST,0,1,Y,2,\\sdotnasvfa\sdot_vol1\H8\PROD\ATTACHMENTS\COL_REPORT\3198940.pdf,3198940,Dry,51,PEDALCYCLIST STRUCK MOTOR VEHICLE FRONT END AT ANGLE,9230003,9213,0,2,Injury Collision,,45,Bicycle,Matched,0,1,Clear or Partly Cloudy,0,10342,0,N,09-291752
69800,"""(47.61729106900003, -122.33456437099994)""",101910,101910,Block,Cycles,\\sdotnasvfa\sdot_vol1\H8\PROD\ATTACHMENTS\COL_DIAGRAM\22212200.bmp,117.5,,,0,,08/12/2009 07:00:00 AM +0000,8/12/2009 8:40,1,,Mid-Block (not related to intersection),Daylight,VIRGINIA ST BETWEEN TERRY AVE AND FAIRVIEW AVE,0,1,Y,4,\\sdotnasvfa\sdot_vol1\H8\PROD\ATTACHMENTS\COL_REPORT\3344685.pdf,3344685,Wet,21,"MOTOR VEHICLE STRUCK PEDALCYCLIST, REAR END",9224021,13320,0,2,Injury Collision,,45,Bicycle,Matched,0,1,Clear or Partly Cloudy,0,14339,0,N,2009-283502
69806,"""(47.66136913200006, -122.33016245999994)""",102576,102576,Intersection,Cycles,\\sdotnasvfa\sdot_vol1\H8\PROD\ATTACHMENTS\COL_DIAGRAM\32187700.bmp,0,,,0,,02/10/2009 08:00:00 AM +0000,2/10/2009 19:31,0,27185,At Intersection (intersection related),Dark - Street Lights On,SUNNYSIDE AVE N AND N 45TH ST,0,1,Y,3,\\sdotnasvfa\sdot_vol1\H8\PROD\ATTACHMENTS\COL_REPORT\3284864.pdf,3284864,Wet,18,"MOTOR VEHICLE STRUCK PEDALCYCLIST, FRONT END AT ANGLE",9041002,13012,0,1,Property Damage Only Collision,,45,Bicycle,Matched,0,1,Sleet/Hail/Freezing Rain,0,6525,0,N,09-050549
69807,"""(47.673978427000065, -122.31191775499997)""",102315,102315,Intersection,Cycles,\\sdotnasvfa\sdot_vol1\H8\PROD\ATTACHMENTS\COL_DIAGRAM\55517700.bmp,0,,,0,,09/30/2009 07:00:00 AM +0000,9/30/2009 8:35,1,25978,At Intersection (intersection related),Daylight,15TH AVE NE AND NE 62ND ST,0,1,,2,\\sdotnasvfa\sdot_vol1\H8\PROD\ATTACHMENTS\COL_REPORT\3207302.pdf,3207302,Dry,51,PEDALCYCLIST STRUCK MOTOR VEHICLE FRONT END AT ANGLE,9273019,2046,0,2,Injury Collision,,45,Bicycle,Matched,0,1,Clear or Partly Cloudy,0,29058,0,N,09-345315
69879,"""(47.59583432900007, -122.32441806099996)""",102845,102845,Block,Cycles,\\sdotnasvfa\sdot_vol1\H8\PROD\ATTACHMENTS\COL_DIAGRAM\77517800.bmp,161,,,0,Y,06/18/2009 07:00:00 AM +0000,6/18/2009 6:28,1,,Driveway Junction,Daylight,S DEARBORN ST BETWEEN MAYNARD AVE S AND 7TH AVE S,0,1,Y,2,\\sdotnasvfa\sdot_vol1\H8\PROD\ATTACHMENTS\COL_REPORT\2896681.pdf,2896681,Dry,51,PEDALCYCLIST STRUCK MOTOR VEHICLE FRONT END AT ANGLE,9169009,19828,0,2,Injury Collision,,45,Bicycle,Matched,0,1,Clear or Partly Cloudy,0,5820,0,N,2009-210419
69888,"""(47.62455804800004, -122.34626626299996)""",102839,102839,Intersection,Cycles,\\sdotnasvfa\sdot_vol1\H8\PROD\ATTACHMENTS\COL_DIAGRAM\54187700.bmp,0,,,0,,08/13/2009 07:00:00 AM +0000,8/13/2009 8:04,1,28913,At Intersection (intersection related),Daylight,MERCER ST AND TAYLOR AVE N,0,1,Y,2,\\sdotnasvfa\sdot_vol1\H8\PROD\ATTACHMENTS\COL_REPORT\2796201.pdf,2796201,Dry,18,"MOTOR VEHICLE STRUCK PEDALCYCLIST, FRONT END AT ANGLE",9225013,11768,0,2,Injury Collision,,45,Bicycle,Matched,0,1,Overcast,0,25073,0,N,2009-284798
69960,"""(47.55563121700004, -122.30313970599997)""",101224,101224,Block,Cycles,\\sdotnasvfa\sdot_vol1\H8\PROD\ATTACHMENTS\COL_DIAGRAM\88511100.bmp,122,,,0,,01/21/2009 08:00:00 AM +0000,1/21/2009 7:18,1,,Mid-Block (but intersection related),Dawn,BEACON ER AVE S BETWEEN S DAWSON ST AND S BENNETT N ST,0,1,,2,\\sdotnasvfa\sdot_vol1\H8\PROD\ATTACHMENTS\COL_REPORT\3289157.pdf,3289157,Dry,51,PEDALCYCLIST STRUCK MOTOR VEHICLE FRONT END AT ANGLE,9021003,167174,1,2b,Serious Injury Collision,,45,Bicycle,Matched,0,1,Clear or Partly Cloudy,0,12886,0,N,09-025081
69972,"""(47.61288923600006, -122.31673339099996)""",103645,103645,Intersection,Cycles,\\sdotnasvfa\sdot_vol1\H8\PROD\ATTACHMENTS\COL_DIAGRAM\22185500.bmp,0,,,0,,05/20/2009 07:00:00 AM +0000,5/20/2009 18:19,0,29761,At Intersection (intersection related),Daylight,12TH AVE AND E MADISON ST,0,1,,2,\\sdotnasvfa\sdot_vol1\H8\PROD\ATTACHMENTS\COL_REPORT\3199078.pdf,3199078,Dry,18,"MOTOR VEHICLE STRUCK PEDALCYCLIST, FRONT END AT ANGLE",9140005,1536,0,1,Property Damage Only Collision,,45,Bicycle,Matched,0,1,Clear or Partly Cloudy,0,10773,0,N,2009-172285
70004,"""(47.60588380000007, -122.31678057699997)""",100826,100826,Block,Cycles,\\sdotnasvfa\sdot_vol1\H8\PROD\ATTACHMENTS\COL_DIAGRAM\11561900.bmp,116,,,0,,06/12/2009 07:00:00 AM +0000,6/12/2009 16:36,0,,Mid-Block (not related to intersection),Daylight,12TH AVE BETWEEN E REMINGTON CT AND E JEFFERSON ST,0,1,Y,2,\\sdotnasvfa\sdot_vol1\H8\PROD\ATTACHMENTS\COL_REPORT\3281759.pdf,3281759,Dry,56,PEDALCYCLIST STRUCK MOTOR VEHICLE LEFT SIDE SIDESWIPE,9163007,1528,0,1,Property Damage Only Collision,,45,Bicycle,Matched,0,1,Clear or Partly Cloudy,0,10600,0,N,2009-203161
70023,"""(47.647372983000025, -122.32210191399997)""",100952,100952,Block,Cycles,\\sdotnasvfa\sdot_vol1\H8\PROD\ATTACHMENTS\COL_DIAGRAM\77181907.bmp,165,,,0,,05/30/2009 07:00:00 AM +0000,5/30/2009 14:23,1,,Driveway Junction,Daylight,HARVARD AVE E BETWEEN E SHELBY ST AND E GWINN PL,0,1,,2,\\sdotnasvfa\sdot_vol1\H8\PROD\ATTACHMENTS\COL_REPORT\2906494.pdf,2906494,Dry,18,"MOTOR VEHICLE STRUCK PEDALCYCLIST, FRONT END AT ANGLE",9150004,10860,0,2,Injury Collision,Y,45,Bicycle,Matched,0,1,Clear or Partly Cloudy,0,0,0,N,2009-185789
70028,"""(47.60520605800008, -122.29679336599997)""",100829,100829,Block,Cycles,\\sdotnasvfa\sdot_vol1\H8\PROD\ATTACHMENTS\COL_DIAGRAM\11231100.bmp,352,,,0,,09/13/2009 07:00:00 AM +0000,9/13/2009 14:00,1,,Mid-Block (not related to intersection),Daylight,M L KING JR WAY BETWEEN E ALDER ST AND E JEFFERSON ST,0,1,Y,2,\\sdotnasvfa\sdot_vol1\H8\PROD\ATTACHMENTS\COL_REPORT\3328359.pdf,3328359,Dry,23,"MOTOR VEHICLE STRUCK PEDALCYCLIST, LEFT SIDE SIDESWIPE",9256028,11483,0,2,Injury Collision,,45,Bicycle,Matched,0,1,Clear or Partly Cloudy,0,10171,0,N,09-327970
70075,"""(47.656841229000065, -122.31382613799997)""",101895,101895,Block,Cycles,\\sdotnasvfa\sdot_vol1\H8\PROD\ATTACHMENTS\COL_DIAGRAM\76187700.bmp,142.5,,,0,,03/10/2009 07:00:00 AM +0000,3/10/2009 19:10,1,,Driveway Junction,Dusk,NE 41ST ST BETWEEN BROOKLYN AVE NE AND UNIVERSITY WAY NE,0,1,,3,\\sdotnasvfa\sdot_vol1\H8\PROD\ATTACHMENTS\COL_REPORT\3210258.pdf,3210258,Dry,18,"MOTOR VEHICLE STRUCK PEDALCYCLIST, FRONT END AT ANGLE",9069002,16756,0,2,Injury Collision,,45,Bicycle,Matched,0,1,Clear or Partly Cloudy,0,0,0,N,2009-083980
70093,"""(47.61524908600006, -122.34968187099997)""",100018,100018,Intersection,Cycles,\\sdotnasvfa\sdot_vol1\H8\PROD\ATTACHMENTS\COL_DIAGRAM\42188800.bmp,0,,,0,,01/21/2009 08:00:00 AM +0000,1/21/2009 17:16,1,29685,At Intersection (intersection related),Daylight,1ST AVE AND VINE ST,0,1,Y,2,\\sdotnasvfa\sdot_vol1\H8\PROD\ATTACHMENTS\COL_REPORT\3286003.pdf,3286003,Dry,18,"MOTOR VEHICLE STRUCK PEDALCYCLIST, FRONT END AT ANGLE",9021008,1018,0,2,Injury Collision,,45,Bicycle,Matched,0,1,Clear or Partly Cloudy,0,13251,0,N,09 025785
70101,"""(47.64835110300004, -122.34278486699998)""",101628,101628,Block,Cycles,\\sdotnasvfa\sdot_vol1\H8\PROD\ATTACHMENTS\COL_DIAGRAM\33515500.bmp,68.5, ,,0,,08/12/2009 07:00:00 AM +0000,8/12/2009 9:25,1,,Mid-Block (but intersection related),Daylight,STONE WAY N BETWEEN N NORTHLAKE WAY AND N 34TH ST,0,1,,2,\\sdotnasvfa\sdot_vol1\H8\PROD\ATTACHMENTS\COL_REPORT\3289818.pdf,3289818,Dry,51,PEDALCYCLIST STRUCK MOTOR VEHICLE FRONT END AT ANGLE,9224023,12954,0,2,Injury Collision,Y,45,Bicycle,Matched,0,1,Clear or Partly Cloudy,0,0,523424,N,09-283540
70115,"""(47.65062622700003, -122.30572030799999)""",101494,101494,Block,Cycles,\\sdotnasvfa\sdot_vol1\H8\PROD\ATTACHMENTS\COL_DIAGRAM\66188973.bmp,479, ,,0,,12/18/2009 08:00:00 AM +0000,12/18/2009 16:28,1,,Mid-Block (not related to intersection),Dark - Street Lights On,NE PACIFIC PL BETWEEN NE PACIFIC ST AND MONTLAKE BLVD NE,0,1,Y,2,\\sdotnasvfa\sdot_vol1\H8\PROD\ATTACHMENTS\COL_REPORT\3210397.pdf,3210397,Dry,18,"MOTOR VEHICLE STRUCK PEDALCYCLIST, FRONT END AT ANGLE",9352030,18037,0,2,Injury Collision,,45,Bicycle,Matched,0,1,Overcast,0,0,524520,N,09-434753
70190,"""(47.610614154000075, -122.33244672399996)""",100682,100682,Intersection,Cycles,\\sdotnasvfa\sdot_vol1\H8\PROD\ATTACHMENTS\COL_DIAGRAM\44186600.bmp,0,,,0,,05/23/2009 07:00:00 AM +0000,5/23/2009 20:44,1,29911,At Intersection (intersection related),Daylight,7TH AVE AND UNION ST,0,1,,2,\\sdotnasvfa\sdot_vol1\H8\PROD\ATTACHMENTS\COL_REPORT\3208497.pdf,3208497,Dry,18,"MOTOR VEHICLE STRUCK PEDALCYCLIST, FRONT END AT ANGLE",9143003,8157,0,2,Injury Collision,,45,Bicycle,Matched,0,1,Clear or Partly Cloudy,0,37014,0,N,2009-176467
70194,"""(47.58923541000007, -122.31375094099997)""",100418,100418,Block,Cycles,\\sdotnasvfa\sdot_vol1\H8\PROD\ATTACHMENTS\COL_DIAGRAM\11561900.bmp,277,,,0,,06/02/2009 07:00:00 AM +0000,6/2/2009,1,,Mid-Block (not related to intersection),Daylight,15TH AVE S BETWEEN S ATLANTIC ST AND S MASSACHUSETTS ST,0,1,,2,\\sdotnasvfa\sdot_vol1\H8\PROD\ATTACHMENTS\COL_REPORT\3285457.pdf,3285457,Dry,56,PEDALCYCLIST STRUCK MOTOR VEHICLE LEFT SIDE SIDESWIPE,9153020,2133,0,2,Injury Collision,,45,Bicycle,Matched,0,1,Clear or Partly Cloudy,0,14089,0,N,09-190100