OBJECTID,Shape,INCKEY,COLDETKEY,ADDRTYPE,COLLISIONTYPE,DIAGRAMLINK,DISTANCE,EXCEPTRSNCODE,EXCEPTRSNDESC,FATALITIES,INATTENTIONIND,INCDATE,INCDTTM,INJURIES,INTKEY,JUNCTIONTYPE,LIGHTCOND,LOCATION,PEDCOUNT,PEDCYLCOUNT,PEDROWNOTGRNT,PERSONCOUNT,REPORTLINK,REPORTNO,ROADCOND,SDOT_COLCODE,SDOT_COLDESC,SDOTCOLNUM,SEGKEY,SERIOUSINJURIES,SEVERITYCODE,SEVERITYDESC,SPEEDING,ST_COLCODE,ST_COLDESC,STATUS,UNDERINFL,VEHCOUNT,WEATHER,WIDTH,SEGLANEKEY,CROSSWALKKEY,HITPARKEDCAR,SPDCASENO
76267,"""(47.588311832000045, -122.29805065199997)""",97366,97366,Intersection,Cycles,\\sdotnasvfa\sdot_vol1\H8\PROD\ATTACHMENTS\COL_DIAGRAM\57185771.bmp,0, ,,0,,06/17/2009 07:00:00 AM +0000,6/17/2009 15:27,0,31402,At Intersection (intersection related),Daylight,M L KING JR WAY S AND S MASSACHUSETTS ST,0,1,Y,2,\\sdotnasvfa\sdot_vol1\H8\PROD\ATTACHMENTS\COL_REPORT\3285629.pdf,3285629,Dry,18,"MOTOR VEHICLE STRUCK PEDALCYCLIST, FRONT END AT ANGLE",9168005,11511,0,1,Property Damage Only Collision,,45,Bicycle,Matched,0,1,Overcast,0,0,524937,N,09-209674
76274,"""(47.615238420000026, -122.32790375499997)""",97501,97501,Intersection,Cycles,\\sdotnasvfa\sdot_vol1\H8\PROD\ATTACHMENTS\COL_DIAGRAM\21187700.bmp,0,,,0,,02/22/2009 08:00:00 AM +0000,2/22/2009 14:25,0,29863,At Intersection (intersection related),Daylight,MELROSE AVE AND PINE ST,0,1,Y,3,\\sdotnasvfa\sdot_vol1\H8\PROD\ATTACHMENTS\COL_REPORT\2882248.pdf,2882248,Dry,18,"MOTOR VEHICLE STRUCK PEDALCYCLIST, FRONT END AT ANGLE",9053019,11745,0,1,Property Damage Only Collision,,45,Bicycle,Matched,0,1,Clear or Partly Cloudy,0,10336,0,N,09-64962
76344,"""(47.61110909000007, -122.33289919099997)""",94817,94817,Block,Cycles,\\sdotnasvfa\sdot_vol1\H8\PROD\ATTACHMENTS\COL_DIAGRAM\77188800.bmp,212.5,,,0,,06/12/2009 07:00:00 AM +0000,6/12/2009 15:10,1,,Mid-Block (not related to intersection),Daylight,7TH AVE BETWEEN UNION ST AND PIKE ST,0,1,Y,2,\\sdotnasvfa\sdot_vol1\H8\PROD\ATTACHMENTS\COL_REPORT\2612770.pdf,2612770,Dry,18,"MOTOR VEHICLE STRUCK PEDALCYCLIST, FRONT END AT ANGLE",9163006,8157,0,2,Injury Collision,,45,Bicycle,Matched,0,1,Clear or Partly Cloudy,0,37095,0,N,2009-203047
76364,"""(47.61523114200003, -122.32341547099998)""",94275,94275,Intersection,Cycles,\\sdotnasvfa\sdot_vol1\H8\PROD\ATTACHMENTS\COL_DIAGRAM\77690000.bmp,0, ,,0,,03/24/2009 07:00:00 AM +0000,3/24/2009 22:16,1,29734,At Intersection (intersection related),Dark - Street Lights On,BOYLSTON AVE AND E PINE ST,0,1,Y,2,\\sdotnasvfa\sdot_vol1\H8\PROD\ATTACHMENTS\COL_REPORT\3283150.pdf,3283150,Dry,69,PEDALCYCLIST OVERTURNED IN ROAD,9083002,9375,1,2b,Serious Injury Collision,,45,Bicycle,Matched,0,1,Overcast,0,10374,0,N,09-100849
76464,"""(47.661295342000074, -122.31711056999995)""",94950,94950,Block,Cycles,\\sdotnasvfa\sdot_vol1\H8\PROD\ATTACHMENTS\COL_DIAGRAM\34680000.bmp,130.5,,,0,,08/03/2009 07:00:00 AM +0000,8/3/2009,1,,Driveway Junction,Daylight,NE 45TH ST BETWEEN ROOSEVELT WAY NE AND 11TH AVE NE,0,1,,1,\\sdotnasvfa\sdot_vol1\H8\PROD\ATTACHMENTS\COL_REPORT\3286938.pdf,3286938,Dry,68,PEDALCYCLIST RAN OFF ROAD - HIT FIXED OBJECT,9215026,16848,0,2,Injury Collision,,45,Bicycle,Matched,0,0,Clear or Partly Cloudy,0,7005,0,N,2009-271988
76474,"""(47.652952216000074, -122.35235313599998)""",94802,94802,Block,Cycles,\\sdotnasvfa\sdot_vol1\H8\PROD\ATTACHMENTS\COL_DIAGRAM\17185500.bmp,433,,,0,,11/20/2009 08:00:00 AM +0000,11/20/2009 11:55,1,,Driveway Junction,Daylight,DAYTON AVE N BETWEEN N 36TH ST AND N 39TH E ST,0,1,Y,2,\\sdotnasvfa\sdot_vol1\H8\PROD\ATTACHMENTS\COL_REPORT\3198693.pdf,3198693,Dry,18,"MOTOR VEHICLE STRUCK PEDALCYCLIST, FRONT END AT ANGLE",9324030,9890,0,2,Injury Collision,,45,Bicycle,Matched,0,1,Overcast,0,0,0,N,09-404655
76485,"""(47.68930986500004, -122.28746970299994)""",94138,94138,Block,Cycles,\\sdotnasvfa\sdot_vol1\H8\PROD\ATTACHMENTS\COL_DIAGRAM\11187700.bmp,321.5,,,0,,05/31/2009 07:00:00 AM +0000,5/31/2009 11:48,1,,Driveway Junction,Daylight,38TH AVE NE BETWEEN NE 82ND ST AND NE 85TH E ST,0,1,,2,\\sdotnasvfa\sdot_vol1\H8\PROD\ATTACHMENTS\COL_REPORT\3205977.pdf,3205977,Dry,18,"MOTOR VEHICLE STRUCK PEDALCYCLIST, FRONT END AT ANGLE",9151002,5872,0,2,Injury Collision,,45,Bicycle,Matched,0,1,Clear or Partly Cloudy,0,0,0,N,09-187059
76486,"""(47.52469334500006, -122.36047908399996)""",94405,94405,Intersection,Cycles,\\sdotnasvfa\sdot_vol1\H8\PROD\ATTACHMENTS\COL_DIAGRAM\11187700.bmp,0,,,0,,07/09/2009 07:00:00 AM +0000,7/9/2009,1,34861,At Intersection (intersection related),Daylight,DELRIDGE WAY SW AND SW TRENTON ST,0,1,,2,\\sdotnasvfa\sdot_vol1\H8\PROD\ATTACHMENTS\COL_REPORT\3285606.pdf,3285606,Dry,18,"MOTOR VEHICLE STRUCK PEDALCYCLIST, FRONT END AT ANGLE",9190005,9987,0,2,Injury Collision,,45,Bicycle,Matched,0,1,Clear or Partly Cloudy,0,0,0,N,09-238557
76490,"""(47.60832339900003, -122.33955831299994)""",94133,94133,Block,Cycles,\\sdotnasvfa\sdot_vol1\H8\PROD\ATTACHMENTS\COL_DIAGRAM\40184400.bmp,213,,,0,,05/28/2009 07:00:00 AM +0000,5/28/2009 18:28,1,,Mid-Block (not related to intersection),Daylight,1ST AVE BETWEEN UNION ST AND PIKE ST,0,1,,2,\\sdotnasvfa\sdot_vol1\H8\PROD\ATTACHMENTS\COL_REPORT\3200779.pdf,3200779,Dry,18,"MOTOR VEHICLE STRUCK PEDALCYCLIST, FRONT END AT ANGLE",9148023,1008,0,2,Injury Collision,,45,Bicycle,Matched,0,1,Clear or Partly Cloudy,0,36675,0,N,09-183130
76495,"""(47.61992718400006, -122.31823392599995)""",94270,94270,Intersection,Cycles,\\sdotnasvfa\sdot_vol1\H8\PROD\ATTACHMENTS\COL_DIAGRAM\11187800.bmp,0,,,0,,09/29/2009 07:00:00 AM +0000,9/29/2009 9:25,1,29054,At Intersection (intersection related),Daylight,11TH AVE E AND E JOHN ST,0,1,Y,3,\\sdotnasvfa\sdot_vol1\H8\PROD\ATTACHMENTS\COL_REPORT\2796230.pdf,2796230,Dry,18,"MOTOR VEHICLE STRUCK PEDALCYCLIST, FRONT END AT ANGLE",9272009,1387,0,2,Injury Collision,,45,Bicycle,Matched,0,1,Overcast,0,35222,0,N,09-344160
76505,"""(47.68255377200006, -122.35530042799996)""",93864,93864,Intersection,Cycles,\\sdotnasvfa\sdot_vol1\H8\PROD\ATTACHMENTS\COL_DIAGRAM\11515400.bmp,0,,,0,,11/10/2009 08:00:00 AM +0000,11/10/2009 18:10,1,24319,At Intersection (intersection related),Dark - Street Lights On,GREENWOOD AVE N AND N 74TH ST,0,1,Y,2,\\sdotnasvfa\sdot_vol1\H8\PROD\ATTACHMENTS\COL_REPORT\3198422.pdf,3198422,Wet,51,PEDALCYCLIST STRUCK MOTOR VEHICLE FRONT END AT ANGLE,9314031,10741,0,2,Injury Collision,,45,Bicycle,Matched,0,1,Raining,0,4451,0,N,09-393706
76557,"""(47.719583914000054, -122.34912576899995)""",93591,93591,Block,Cycles,\\sdotnasvfa\sdot_vol1\H8\PROD\ATTACHMENTS\COL_DIAGRAM\55187907.bmp,87.5,,,0,,12/22/2009 08:00:00 AM +0000,12/22/2009 17:41,1,,Driveway Junction,Unknown,N 125TH ST BETWEEN NORTH PARK AVE N AND INTERURBAN TRL,0,1,,3,\\sdotnasvfa\sdot_vol1\H8\PROD\ATTACHMENTS\COL_REPORT\3333226.pdf,3333226,Wet,18,"MOTOR VEHICLE STRUCK PEDALCYCLIST, FRONT END AT ANGLE",9356005,15131,0,2,Injury Collision,,45,Bicycle,Matched,0,1,Raining,0,0,0,N,09-439223
76581,"""(47.62842769400004, -122.34231515099998)""",94939,94939,Block,Cycles,\\sdotnasvfa\sdot_vol1\H8\PROD\ATTACHMENTS\COL_DIAGRAM\55235900.bmp,471,,,0,,08/13/2009 07:00:00 AM +0000,8/13/2009 7:30,1,,Mid-Block (but intersection related),Daylight,DEXTER AVE N BETWEEN ALOHA ST AND HIGHLAND DR,0,1,Y,2,\\sdotnasvfa\sdot_vol1\H8\PROD\ATTACHMENTS\COL_REPORT\2608024.pdf,2608024,Dry,23,"MOTOR VEHICLE STRUCK PEDALCYCLIST, LEFT SIDE SIDESWIPE",9225012,10080,0,2,Injury Collision,,45,Bicycle,Matched,0,1,Overcast,0,12740,0,N,09-284832
76604,"""(47.61344599300003, -122.34068149399997)""",94125,94125,Block,Cycles,\\sdotnasvfa\sdot_vol1\H8\PROD\ATTACHMENTS\COL_DIAGRAM\81518800.bmp,213,,,0,,06/23/2009 07:00:00 AM +0000,6/23/2009 8:52,1,,Mid-Block (not related to intersection),Daylight,4TH AVE BETWEEN VIRGINIA ST AND LENORA ST,0,1,,2,\\sdotnasvfa\sdot_vol1\H8\PROD\ATTACHMENTS\COL_REPORT\3326828.pdf,3326828,Dry,51,PEDALCYCLIST STRUCK MOTOR VEHICLE FRONT END AT ANGLE,9174004,6137,0,2,Injury Collision,,45,Bicycle,Matched,0,1,Clear or Partly Cloudy,0,12801,0,N,09-216871
76623,"""(47.64087739100006, -122.325889916)""",94129,94129,Block,Cycles,\\sdotnasvfa\sdot_vol1\H8\PROD\ATTACHMENTS\COL_DIAGRAM\44185500.bmp,420,,,0,,10/07/2009 07:00:00 AM +0000,10/7/2009,1,,Mid-Block (not related to intersection),Daylight,EASTLAKE AVE E BETWEEN E LYNN ST AND E LOUISA ST,0,1,Y,2,\\sdotnasvfa\sdot_vol1\H8\PROD\ATTACHMENTS\COL_REPORT\3207417.pdf,3207417,Dry,18,"MOTOR VEHICLE STRUCK PEDALCYCLIST, FRONT END AT ANGLE",9280030,10177,0,2,Injury Collision,,45,Bicycle,Matched,1,1,Clear or Partly Cloudy,0,24736,0,N,09-353978
76710,"""(47.58708404400005, -122.28652384699996)""",95330,95330,Block,Cycles,\\sdotnasvfa\sdot_vol1\H8\PROD\ATTACHMENTS\COL_DIAGRAM\11561900.bmp,213.5,,,0,,05/23/2009 07:00:00 AM +0000,5/23/2009 12:38,3,,Mid-Block (not related to intersection),Daylight,LAKESIDE AVE S BETWEEN S MASSACHUSETTS ST AND 36TH AVE S,0,2,Y,4,\\sdotnasvfa\sdot_vol1\H8\PROD\ATTACHMENTS\COL_REPORT\3296722.pdf,3296722,Dry,56,PEDALCYCLIST STRUCK MOTOR VEHICLE LEFT SIDE SIDESWIPE,9143006,11272,0,2,Injury Collision,,45,Bicycle,Matched,0,1,Clear or Partly Cloudy,0,37987,0,N,09-175898
76731,"""(47.61581794700004, -122.32080786599994)""",93986,93986,Block,Cycles,\\sdotnasvfa\sdot_vol1\H8\PROD\ATTACHMENTS\COL_DIAGRAM\55235500.bmp,213,,,0,,10/01/2009 07:00:00 AM +0000,10/1/2009,0,,Mid-Block (not related to intersection),Daylight,BROADWAY BETWEEN E PINE ST AND XW E OLIVE ST,0,1,,3,\\sdotnasvfa\sdot_vol1\H8\PROD\ATTACHMENTS\COL_REPORT\3207413.pdf,3207413,Wet,23,"MOTOR VEHICLE STRUCK PEDALCYCLIST, LEFT SIDE SIDESWIPE",9274001,9448,0,1,Property Damage Only Collision,Y,45,Bicycle,Matched,0,2,Raining,0,0,0,N,09-347014
76740,"""(47.594281684000066, -122.31657709199999)""",94524,94524,Intersection,Cycles,\\sdotnasvfa\sdot_vol1\H8\PROD\ATTACHMENTS\COL_DIAGRAM\43188800.bmp,0,,,0,,11/12/2009 08:00:00 AM +0000,11/12/2009 9:49,1,30453,At Intersection (intersection related),Daylight,GOLF DR S AND S CHARLES ST,0,1,Y,2,\\sdotnasvfa\sdot_vol1\H8\PROD\ATTACHMENTS\COL_REPORT\3285270.pdf,3285270,Dry,18,"MOTOR VEHICLE STRUCK PEDALCYCLIST, FRONT END AT ANGLE",9316026,10668,0,2,Injury Collision,,45,Bicycle,Matched,0,1,Clear or Partly Cloudy,0,14097,0,N,2009-395500
76831,"""(47.683355590000076, -122.32290493299996)""",94779,94779,Block,Cycles,\\sdotnasvfa\sdot_vol1\H8\PROD\ATTACHMENTS\COL_DIAGRAM\44185500.bmp,66,,,0,,06/04/2009 07:00:00 AM +0000,6/4/2009,1,,Mid-Block (not related to intersection),Daylight,5TH AVE NE BETWEEN NE 75TH ST AND NE 76TH ST,0,1,Y,2,\\sdotnasvfa\sdot_vol1\H8\PROD\ATTACHMENTS\COL_REPORT\3205959.pdf,3205959,Dry,18,"MOTOR VEHICLE STRUCK PEDALCYCLIST, FRONT END AT ANGLE",9155004,7309,0,2,Injury Collision,,45,Bicycle,Matched,0,1,Clear or Partly Cloudy,0,7480,0,N,09-192194
76900,"""(47.60527694600006, -122.28350343499994)""",94377,94377,Block,Cycles,\\sdotnasvfa\sdot_vol1\H8\PROD\ATTACHMENTS\COL_DIAGRAM\55545500.bmp,238,,,0,,10/27/2009 07:00:00 AM +0000,10/27/2009 17:40,1,,Mid-Block (not related to intersection),Dusk,LAKE WASHINGTON BLVD BETWEEN E TERRACE ST AND E JEFFERSON ST,0,1,Y,2,\\sdotnasvfa\sdot_vol1\H8\PROD\ATTACHMENTS\COL_REPORT\2907619.pdf,2907619,Dry,54,PEDALCYCLIST STRUCK MOTOR VEHICLE REAR END,9300003,11194,0,2,Injury Collision,,45,Bicycle,Matched,0,1,Clear or Partly Cloudy,0,36203,0,N,09-378093
76937,"""(47.67578409300006, -122.28916255499996)""",95452,95452,Intersection,Cycles,\\sdotnasvfa\sdot_vol1\H8\PROD\ATTACHMENTS\COL_DIAGRAM\33517600.bmp,0,,,0,,02/22/2009 08:00:00 AM +0000,2/22/2009 15:14,1,24972,At Intersection (intersection related),Daylight,36TH AVE NE AND NE 65TH W ST,0,1,Y,2,\\sdotnasvfa\sdot_vol1\H8\PROD\ATTACHMENTS\COL_REPORT\3210353.pdf,3210353,Dry,51,PEDALCYCLIST STRUCK MOTOR VEHICLE FRONT END AT ANGLE,9053016,17293,0,2,Injury Collision,,45,Bicycle,Matched,0,1,Overcast,0,29903,0,N,09-065013
76940,"""(47.62458297300003, -122.35670922099996)""",94773,94773,Intersection,Cycles,\\sdotnasvfa\sdot_vol1\H8\PROD\ATTACHMENTS\COL_DIAGRAM\55183171.bmp,0, ,,0,,10/14/2009 07:00:00 AM +0000,10/14/2009 19:14,1,28632,At Intersection (intersection related),Dark - Street Lights On,MERCER ST AND QUEEN ANNE AVE N,0,1,,2,\\sdotnasvfa\sdot_vol1\H8\PROD\ATTACHMENTS\COL_REPORT\3327017.pdf,3327017,Dry,18,"MOTOR VEHICLE STRUCK PEDALCYCLIST, FRONT END AT ANGLE",9287027,11761,0,2,Injury Collision,,45,Bicycle,Matched,0,1,Overcast,0,0,523535,N,09-362951
76997,"""(47.661385848000066, -122.33507243499997)""",94769,94769,Intersection,Cycles,\\sdotnasvfa\sdot_vol1\H8\PROD\ATTACHMENTS\COL_DIAGRAM\77641371.bmp,0, ,,0,,10/13/2009 07:00:00 AM +0000,10/13/2009 10:55,2,26786,At Intersection (intersection related),Daylight,BURKE AVE N AND N 45TH ST,1,1,Y,2,\\sdotnasvfa\sdot_vol1\H8\PROD\ATTACHMENTS\COL_REPORT\3345157.pdf,3345157,Dry,64,PEDALCYCLIST STRUCK PEDESTRIAN,9286002,9511,0,2,Injury Collision,,45,Bicycle,Matched,0,0,Clear or Partly Cloudy,0,6498,523821,N,2009-361156
77058,"""(47.66944417900004, -122.37754670999999)""",93968,93968,Block,Cycles,\\sdotnasvfa\sdot_vol1\H8\PROD\ATTACHMENTS\COL_DIAGRAM\33517700.bmp,329,,,0,,05/12/2009 07:00:00 AM +0000,5/12/2009 9:30,1,,Mid-Block (not related to intersection),Daylight,NW 56TH ST BETWEEN 15TH AVE NW AND 17TH AVE NW,0,1,,2,\\sdotnasvfa\sdot_vol1\H8\PROD\ATTACHMENTS\COL_REPORT\3289246.pdf,3289246,Wet,51,PEDALCYCLIST STRUCK MOTOR VEHICLE FRONT END AT ANGLE,9132019,18461,0,2,Injury Collision,,45,Bicycle,Matched,0,1,Raining,0,0,0,N,09-161223
77069,"""(47.609780570000055, -122.33935700699999)""",95036,95036,Block,Cycles,\\sdotnasvfa\sdot_vol1\H8\PROD\ATTACHMENTS\COL_DIAGRAM\43184400.bmp,213,,,0,Y,04/02/2009 07:00:00 AM +0000,4/2/2009,1,,Driveway Junction,Dusk,2ND AVE BETWEEN PIKE ST AND PINE ST,0,1,Y,2,\\sdotnasvfa\sdot_vol1\H8\PROD\ATTACHMENTS\COL_REPORT\2908293.pdf,2908293,Wet,18,"MOTOR VEHICLE STRUCK PEDALCYCLIST, FRONT END AT ANGLE",9092026,2758,0,2,Injury Collision,,45,Bicycle,Matched,0,1,Raining,0,12173,0,N,09-111285
77105,"""(47.61697788300006, -122.34070296099998)""",93431,93431,Block,Cycles,\\sdotnasvfa\sdot_vol1\H8\PROD\ATTACHMENTS\COL_DIAGRAM\88568900.bmp,213,,,0,,03/12/2008 07:00:00 AM +0000,3/12/2008 19:25,1,,Mid-Block (not related to intersection),Dark - Street Lights On,7TH AVE BETWEEN BLANCHARD ST AND BELL ST,0,1,,3,\\sdotnasvfa\sdot_vol1\H8\PROD\ATTACHMENTS\COL_REPORT\2826282.pdf,2826282,Dry,56,PEDALCYCLIST STRUCK MOTOR VEHICLE LEFT SIDE SIDESWIPE,8072003,8165,1,2b,Serious Injury Collision,,45,Bicycle,Matched,0,1,Clear or Partly Cloudy,0,13716,0,N,08 093495
77122,"""(47.60619196400006, -122.314165334)""",95173,95173,Intersection,Cycles,\\sdotnasvfa\sdot_vol1\H8\PROD\ATTACHMENTS\COL_DIAGRAM\11517700.bmp,0,,,0,,04/22/2009 07:00:00 AM +0000,4/22/2009 20:44,1,29805,At Intersection (intersection related),Dark - Street Lights On,14TH AVE AND E JEFFERSON ST,0,1,,5,\\sdotnasvfa\sdot_vol1\H8\PROD\ATTACHMENTS\COL_REPORT\3283540.pdf,3283540,Wet,51,PEDALCYCLIST STRUCK MOTOR VEHICLE FRONT END AT ANGLE,9112025,1845,0,2,Injury Collision,,45,Bicycle,Matched,0,1,Raining,0,35459,0,N,2009-136717
77170,"""(47.65538287600003, -122.34243924099997)""",93959,93959,Intersection,Cycles,\\sdotnasvfa\sdot_vol1\H8\PROD\ATTACHMENTS\COL_DIAGRAM\33185500.bmp,0,,,0,,05/06/2009 07:00:00 AM +0000,5/6/2009,1,26848,At Intersection (intersection related),Daylight,STONE WAY N AND N 40TH ST,0,1,,2,\\sdotnasvfa\sdot_vol1\H8\PROD\ATTACHMENTS\COL_REPORT\3276795.pdf,3276795,Wet,18,"MOTOR VEHICLE STRUCK PEDALCYCLIST, FRONT END AT ANGLE",9126002,12961,0,2,Injury Collision,Y,45,Bicycle,Matched,0,1,Raining,0,6322,0,N,09-153652
77180,"""(47.61062229600003, -122.34012716999996)""",93955,93955,Block,Cycles,\\sdotnasvfa\sdot_vol1\H8\PROD\ATTACHMENTS\COL_DIAGRAM\44549400.bmp,148,,,0,,01/10/2009 08:00:00 AM +0000,1/10/2009 9:42,1,,Mid-Block (not related to intersection),Daylight,2ND AVE BETWEEN PINE ST AND STEWART ST,0,1,,2,\\sdotnasvfa\sdot_vol1\H8\PROD\ATTACHMENTS\COL_REPORT\2899746.pdf,2899746,Dry,54,PEDALCYCLIST STRUCK MOTOR VEHICLE REAR END,9010009,2759,0,2,Injury Collision,,45,Bicycle,Matched,0,1,Clear or Partly Cloudy,0,12185,0,N,2009-011824
77197,"""(47.61849175700007, -122.33072296099999)""",93688,93688,Intersection,Cycles,\\sdotnasvfa\sdot_vol1\H8\PROD\ATTACHMENTS\COL_DIAGRAM\66516700.bmp,0,,,0,,06/24/2009 07:00:00 AM +0000,6/24/2009 8:45,1,29168,At Intersection (intersection related),Daylight,DENNY WAY AND STEWART ST,0,1,,2,\\sdotnasvfa\sdot_vol1\H8\PROD\ATTACHMENTS\COL_REPORT\2906966.pdf,2906966,Dry,51,PEDALCYCLIST STRUCK MOTOR VEHICLE FRONT END AT ANGLE,9175028,10023,0,2,Injury Collision,,45,Bicycle,Matched,0,1,Clear or Partly Cloudy,0,23731,0,N,2009-218144
77226,"""(47.62198807200008, -122.32090617799997)""",95433,95433,Intersection,Cycles,\\sdotnasvfa\sdot_vol1\H8\PROD\ATTACHMENTS\COL_DIAGRAM\11511200.bmp,0,,,0,Y,09/10/2009 07:00:00 AM +0000,9/10/2009 12:28,1,29024,At Intersection (intersection related),Daylight,BROADWAY E AND E HARRISON ST,0,1,Y,2,\\sdotnasvfa\sdot_vol1\H8\PROD\ATTACHMENTS\COL_REPORT\3287555.pdf,3287555,Dry,51,PEDALCYCLIST STRUCK MOTOR VEHICLE FRONT END AT ANGLE,9253003,9454,0,2,Injury Collision,,45,Bicycle,Matched,0,1,Clear or Partly Cloudy,0,6791,0,N,09-320411
77252,"""(47.534764807000045, -122.31401500999999)""",95030,95030,Block,Cycles,\\sdotnasvfa\sdot_vol1\H8\PROD\ATTACHMENTS\COL_DIAGRAM\44554400.bmp,271,,,0,Y,10/14/2009 07:00:00 AM +0000,10/14/2009 3:08,1,,Mid-Block (not related to intersection),Dark - Street Lights On,EAST MARGINAL WAY S BETWEEN 14TH AVE S AND 16TH AVE S,0,1,,2,\\sdotnasvfa\sdot_vol1\H8\PROD\ATTACHMENTS\COL_REPORT\3343828.pdf,3343828,Wet,55,PEDALCYCLIST STRUCK MOTOR VEHICLE RIGHT SIDE SIDESWIPE,9287006,14418,0,2,Injury Collision,,45,Bicycle,Matched,1,1,Raining,0,1248,0,N,2009-362105
77261,"""(47.66126567400005, -122.31256350599995)""",94897,94897,Block,Cycles,\\sdotnasvfa\sdot_vol1\H8\PROD\ATTACHMENTS\COL_DIAGRAM\77237700.bmp,140,,,0,,08/05/2009 07:00:00 AM +0000,8/5/2009,1,,Mid-Block (not related to intersection),Daylight,NE 45TH ST BETWEEN UNIVERSITY WAY NE AND 15TH AVE NE,0,1,Y,2,\\sdotnasvfa\sdot_vol1\H8\PROD\ATTACHMENTS\COL_REPORT\3328126.pdf,3328126,Dry,23,"MOTOR VEHICLE STRUCK PEDALCYCLIST, LEFT SIDE SIDESWIPE",9217012,16852,0,2,Injury Collision,,45,Bicycle,Matched,0,1,Clear or Partly Cloudy,0,6964,0,N,2009-275256
77346,"""(47.678741294000076, -122.31740336499996)""",94887,94887,Intersection,Cycles,\\sdotnasvfa\sdot_vol1\H8\PROD\ATTACHMENTS\COL_DIAGRAM\33185500.bmp,0,,,0,,05/01/2009 07:00:00 AM +0000,5/1/2009,1,24475,At Intersection (intersection related),Dark - Street Lights On,ROOSEVELT WAY NE AND NE 69TH ST,0,1,Y,3,\\sdotnasvfa\sdot_vol1\H8\PROD\ATTACHMENTS\COL_REPORT\3284592.pdf,3284592,Dry,18,"MOTOR VEHICLE STRUCK PEDALCYCLIST, FRONT END AT ANGLE",9121004,12619,0,2,Injury Collision,,45,Bicycle,Matched,0,1,Clear or Partly Cloudy,0,9411,0,N,09-148223
77363,"""(47.62971165700003, -122.34100743599998)""",95293,95293,Intersection,Cycles,\\sdotnasvfa\sdot_vol1\H8\PROD\ATTACHMENTS\COL_DIAGRAM\75183571.bmp,0, ,,0,,08/19/2009 07:00:00 AM +0000,8/19/2009 16:58,1,28725,At Intersection (intersection related),Daylight,HIGHLAND DR AND WESTLAKE AVE N,0,1,Y,2,\\sdotnasvfa\sdot_vol1\H8\PROD\ATTACHMENTS\COL_REPORT\3344637.pdf,3344637,Dry,18,"MOTOR VEHICLE STRUCK PEDALCYCLIST, FRONT END AT ANGLE",9231001,13541,1,2b,Serious Injury Collision,,45,Bicycle,Matched,0,1,Clear or Partly Cloudy,0,0,574134,N,2009-293037
77364,"""(47.66492767300008, -122.31633451799996)""",95292,95292,Intersection,Cycles,\\sdotnasvfa\sdot_vol1\H8\PROD\ATTACHMENTS\COL_DIAGRAM\17185771.bmp,0, ,,0,,05/19/2009 07:00:00 AM +0000,5/19/2009 20:32,1,25790,At Intersection (intersection related),Dark - Street Lights On,11TH AVE NE AND NE 50TH ST,0,1,Y,2,\\sdotnasvfa\sdot_vol1\H8\PROD\ATTACHMENTS\COL_REPORT\3206527.pdf,3206527,Wet,18,"MOTOR VEHICLE STRUCK PEDALCYCLIST, FRONT END AT ANGLE",9139003,1411,0,2,Injury Collision,,45,Bicycle,Matched,0,1,Raining,0,0,524459,N,2009-171055
77397,"""(47.50968390000003, -122.26306364999999)""",94748,94748,Intersection,Cycles,\\sdotnasvfa\sdot_vol1\H8\PROD\ATTACHMENTS\COL_DIAGRAM\18513300.bmp,0,,,0,,09/11/2009 07:00:00 AM +0000,9/11/2009 20:00,1,38309,At Intersection (intersection related),Dark - Street Lights On,56TH AVE S AND S RYAN ST,0,1,,2,\\sdotnasvfa\sdot_vol1\H8\PROD\ATTACHMENTS\COL_REPORT\3211367.pdf,3211367,Dry,51,PEDALCYCLIST STRUCK MOTOR VEHICLE FRONT END AT ANGLE,9254006,7749,0,2,Injury Collision,,45,Bicycle,Matched,0,1,Clear or Partly Cloudy,0,0,0,N,09-322262
77407,"""(47.56203547800004, -122.37745196099996)""",94615,94615,Intersection,Cycles,\\sdotnasvfa\sdot_vol1\H8\PROD\ATTACHMENTS\COL_DIAGRAM\33185500.bmp,0,,,0,,08/13/2009 07:00:00 AM +0000,8/13/2009 19:23,1,31913,At Intersection (intersection related),Daylight,36TH AVE SW AND SW SNOQUALMIE ST,0,1,,2,\\sdotnasvfa\sdot_vol1\H8\PROD\ATTACHMENTS\COL_REPORT\3295729.pdf,3295729,Wet,18,"MOTOR VEHICLE STRUCK PEDALCYCLIST, FRONT END AT ANGLE",9225008,5617,0,2,Injury Collision,,45,Bicycle,Matched,0,1,Overcast,0,41581,0,N,09-285487
77435,"""(47.66570451300004, -122.37621919199995)""",93667,93667,Intersection,Cycles,\\sdotnasvfa\sdot_vol1\H8\PROD\ATTACHMENTS\COL_DIAGRAM\55515600.bmp,0,,,0,,08/18/2009 07:00:00 AM +0000,8/18/2009 23:22,1,25438,At Intersection (intersection related),Dark - Street Lights On,15TH AVE NW AND NW 51ST ST,0,1,Y,3,\\sdotnasvfa\sdot_vol1\H8\PROD\ATTACHMENTS\COL_REPORT\3327927.pdf,3327927,Dry,51,PEDALCYCLIST STRUCK MOTOR VEHICLE FRONT END AT ANGLE,9230022,2098,0,2,Injury Collision,,45,Bicycle,Matched,0,1,Clear or Partly Cloudy,0,18264,0,N,09-292199