OBJECTID,Shape,INCKEY,COLDETKEY,ADDRTYPE,COLLISIONTYPE,DIAGRAMLINK,DISTANCE,EXCEPTRSNCODE,EXCEPTRSNDESC,FATALITIES,INATTENTIONIND,INCDATE,INCDTTM,INJURIES,INTKEY,JUNCTIONTYPE,LIGHTCOND,LOCATION,PEDCOUNT,PEDCYLCOUNT,PEDROWNOTGRNT,PERSONCOUNT,REPORTLINK,REPORTNO,ROADCOND,SDOT_COLCODE,SDOT_COLDESC,SDOTCOLNUM,SEGKEY,SERIOUSINJURIES,SEVERITYCODE,SEVERITYDESC,SPEEDING,ST_COLCODE,ST_COLDESC,STATUS,UNDERINFL,VEHCOUNT,WEATHER,WIDTH,SEGLANEKEY,CROSSWALKKEY,HITPARKEDCAR,SPDCASENO
83622,"""(47.68475316300004, -122.35115354299995)""",87414,87414,Block,Cycles,\\sdotnasvfa\sdot_vol1\H8\PROD\ATTACHMENTS\COL_DIAGRAM\70187700.bmp,310.5,,,0,,07/12/2008 07:00:00 AM +0000,7/12/2008 13:45,1,,Mid-Block (not related to intersection),Daylight,N 77TH ST BETWEEN DAYTON AVE N AND FREMONT AVE N,0,1,,2,\\sdotnasvfa\sdot_vol1\H8\PROD\ATTACHMENTS\COL_REPORT\C707630.pdf,C707630,Dry,18,"MOTOR VEHICLE STRUCK PEDALCYCLIST, FRONT END AT ANGLE",8194036,15865,0,2,Injury Collision,,45,Bicycle,Matched,0,1,Clear or Partly Cloudy,0,0,0,N,
83654,"""(47.60801396200003, -122.30502495999997)""",87284,87284,Intersection,Cycles,\\sdotnasvfa\sdot_vol1\H8\PROD\ATTACHMENTS\COL_DIAGRAM\33517500.bmp,0,,,0,,05/29/2008 07:00:00 AM +0000,5/29/2008 18:09,1,30175,At Intersection (intersection related),Daylight,21ST AVE AND E CHERRY ST,0,1,Y,2,\\sdotnasvfa\sdot_vol1\H8\PROD\ATTACHMENTS\COL_REPORT\2622098.pdf,2622098,Dry,51,PEDALCYCLIST STRUCK MOTOR VEHICLE FRONT END AT ANGLE,8150004,3103,0,2,Injury Collision,,45,Bicycle,Matched,0,1,Clear or Partly Cloudy,0,9550,0,N,2008-193781
83662,"""(47.61523114200003, -122.32341547099998)""",88973,88973,Intersection,Cycles,\\sdotnasvfa\sdot_vol1\H8\PROD\ATTACHMENTS\COL_DIAGRAM\78187700.bmp,0,,,0,,04/01/2008 07:00:00 AM +0000,4/1/2008,1,29734,At Intersection (intersection related),Daylight,BOYLSTON AVE AND E PINE ST,0,1,Y,2,\\sdotnasvfa\sdot_vol1\H8\PROD\ATTACHMENTS\COL_REPORT\2620740.pdf,2620740,Dry,18,"MOTOR VEHICLE STRUCK PEDALCYCLIST, FRONT END AT ANGLE",8092009,9375,0,2,Injury Collision,,45,Bicycle,Matched,0,1,Clear or Partly Cloudy,0,10374,0,N,08-117497
83666,"""(47.67778147200005, -122.35532238399998)""",89109,89109,Intersection,Cycles,\\sdotnasvfa\sdot_vol1\H8\PROD\ATTACHMENTS\COL_DIAGRAM\22184400.bmp,0,,,0,,02/07/2008 08:00:00 AM +0000,2/7/2008,1,24350,At Intersection (intersection related),Daylight,GREENWOOD AVE N AND N 67TH ST,0,1,Y,2,\\sdotnasvfa\sdot_vol1\H8\PROD\ATTACHMENTS\COL_REPORT\2795122.pdf,2795122,Dry,18,"MOTOR VEHICLE STRUCK PEDALCYCLIST, FRONT END AT ANGLE",8038002,275587,0,2,Injury Collision,,45,Bicycle,Matched,0,1,Clear or Partly Cloudy,0,4312,0,N,08-49882
83728,"""(47.62842769400004, -122.34231515099998)""",88448,88448,Block,Cycles,\\sdotnasvfa\sdot_vol1\H8\PROD\ATTACHMENTS\COL_DIAGRAM\55235500.bmp,471,,,0,,12/04/2008 08:00:00 AM +0000,12/4/2008,1,,Mid-Block (not related to intersection),Dusk,DEXTER AVE N BETWEEN ALOHA ST AND HIGHLAND DR,0,1,,2,\\sdotnasvfa\sdot_vol1\H8\PROD\ATTACHMENTS\COL_REPORT\3289094.pdf,3289094,Dry,23,"MOTOR VEHICLE STRUCK PEDALCYCLIST, LEFT SIDE SIDESWIPE",8339005,10080,0,2,Injury Collision,,45,Bicycle,Matched,0,1,Clear or Partly Cloudy,0,12788,0,N,2008-453235
83750,"""(47.66438284600008, -122.36399733999997)""",88189,88189,Intersection,Cycles,\\sdotnasvfa\sdot_vol1\H8\PROD\ATTACHMENTS\COL_DIAGRAM\11187700.bmp,0,,,0,,10/19/2008 07:00:00 AM +0000,10/19/2008 9:46,1,25349,At Intersection (intersection related),Daylight,6TH AVE NW AND NW 49TH ST,0,1,Y,3,\\sdotnasvfa\sdot_vol1\H8\PROD\ATTACHMENTS\COL_REPORT\3283632.pdf,3283632,Dry,18,"MOTOR VEHICLE STRUCK PEDALCYCLIST, FRONT END AT ANGLE",8293004,7934,1,2b,Serious Injury Collision,,45,Bicycle,Matched,0,1,Clear or Partly Cloudy,0,0,0,N,08-393022
83751,"""(47.60201533500003, -122.33321300699998)""",87929,87929,Block,Cycles,\\sdotnasvfa\sdot_vol1\H8\PROD\ATTACHMENTS\COL_DIAGRAM\44186600.bmp,200.5,,,0,,12/09/2008 08:00:00 AM +0000,12/9/2008,0,,Driveway Junction,Dark - Street Lights On,JAMES ST BETWEEN YESLER WAY AND 2ND AVE,0,1,,2,\\sdotnasvfa\sdot_vol1\H8\PROD\ATTACHMENTS\COL_REPORT\3282442.pdf,3282442,Wet,18,"MOTOR VEHICLE STRUCK PEDALCYCLIST, FRONT END AT ANGLE",8344034,11049,0,1,Property Damage Only Collision,,45,Bicycle,Matched,0,1,Overcast,0,36188,0,N,08-459771
83754,"""(47.62454274700008, -122.33582712499998)""",87534,87534,Intersection,Cycles,\\sdotnasvfa\sdot_vol1\H8\PROD\ATTACHMENTS\COL_DIAGRAM\33185500.bmp,0,,,0,,08/08/2008 07:00:00 AM +0000,8/8/2008,1,28762,At Intersection (intersection related),Daylight,BOREN AVE N AND MERCER SR ST,0,1,,2,\\sdotnasvfa\sdot_vol1\H8\PROD\ATTACHMENTS\COL_REPORT\2899680.pdf,2899680,Dry,18,"MOTOR VEHICLE STRUCK PEDALCYCLIST, FRONT END AT ANGLE",8221003,11775,0,2,Injury Collision,,45,Bicycle,Matched,0,1,Clear or Partly Cloudy,0,0,0,N,2008-294246
83762,"""(47.614075667000066, -122.32078036699994)""",89102,89102,Intersection,Cycles,\\sdotnasvfa\sdot_vol1\H8\PROD\ATTACHMENTS\COL_DIAGRAM\71183171.bmp,0, ,,0,,05/21/2008 07:00:00 AM +0000,5/21/2008 21:15,0,29745,At Intersection (intersection related),Dark - Street Lights On,BROADWAY AND E PIKE ST,0,1,,2,\\sdotnasvfa\sdot_vol1\H8\PROD\ATTACHMENTS\COL_REPORT\2906566.pdf,2906566,Wet,18,"MOTOR VEHICLE STRUCK PEDALCYCLIST, FRONT END AT ANGLE",8142003,9447,0,1,Property Damage Only Collision,,45,Bicycle,Matched,0,1,Overcast,0,0,522257,N,08-183304
83793,"""(47.59707290400007, -122.31244148699994)""",87662,87662,Block,Cycles,\\sdotnasvfa\sdot_vol1\H8\PROD\ATTACHMENTS\COL_DIAGRAM\88238800.bmp,172.5,,,0,Y,09/15/2008 07:00:00 AM +0000,9/15/2008 21:08,1,,Mid-Block (not related to intersection),Dark - Street Lights On,RAINIER AVE S BETWEEN S WELLER ST AND S LANE ST,0,1,,2,\\sdotnasvfa\sdot_vol1\H8\PROD\ATTACHMENTS\COL_REPORT\2899386.pdf,2899386,Dry,23,"MOTOR VEHICLE STRUCK PEDALCYCLIST, LEFT SIDE SIDESWIPE",8259006,12343,0,2,Injury Collision,,45,Bicycle,Matched,0,1,Clear or Partly Cloudy,0,24371,0,N,2008-347148
83816,"""(47.656225446000064, -122.31441858999995)""",88442,88442,Intersection,Cycles,\\sdotnasvfa\sdot_vol1\H8\PROD\ATTACHMENTS\COL_DIAGRAM\56185500.bmp,0,,,0,,04/22/2008 07:00:00 AM +0000,4/22/2008 13:15,1,27141,At Intersection (intersection related),Unknown,BROOKLYN AVE NE AND NE CAMPUS WB PY,0,1,Y,2,\\sdotnasvfa\sdot_vol1\H8\PROD\ATTACHMENTS\COL_REPORT\2904574.pdf,2904574,Unknown,18,"MOTOR VEHICLE STRUCK PEDALCYCLIST, FRONT END AT ANGLE",8113005,9478,0,2,Injury Collision,,45,Bicycle,Matched,0,1,Unknown,0,31398,0,N,08-144226
83823,"""(47.63305620800003, -122.32582946499997)""",88835,88835,Block,Cycles,\\sdotnasvfa\sdot_vol1\H8\PROD\ATTACHMENTS\COL_DIAGRAM\00180000.bmp,298.5,NEI,"Not Enough Information, or Insufficient Location Information",0,,11/12/2008 08:00:00 AM +0000,11/12/2008 17:30,1,,Mid-Block (not related to intersection),Dark - Street Lights On,EASTLAKE AVE E BETWEEN FAIRVIEW AVE N AND E GARFIELD ST,0,1,,2,\\sdotnasvfa\sdot_vol1\H8\PROD\ATTACHMENTS\COL_REPORT\C712562.pdf,C712562,Dry,18,"MOTOR VEHICLE STRUCK PEDALCYCLIST, FRONT END AT ANGLE",8317063,10171,0,2,Injury Collision,,45,Bicycle,Matched,0,1,Unknown,0,11631,0,N,
83902,"""(47.54583754400005, -122.35600855599995)""",89090,89090,Block,Cycles,\\sdotnasvfa\sdot_vol1\H8\PROD\ATTACHMENTS\COL_DIAGRAM\11515500.bmp,272.5,,,0,,05/24/2008 07:00:00 AM +0000,5/24/2008 17:01,1,,Mid-Block (not related to intersection),Daylight,17TH AVE SW BETWEEN SW GRAHAM ST AND DEAD END 4,0,1,,2,\\sdotnasvfa\sdot_vol1\H8\PROD\ATTACHMENTS\COL_REPORT\2798325.pdf,2798325,Dry,51,PEDALCYCLIST STRUCK MOTOR VEHICLE FRONT END AT ANGLE,8145002,2500,0,2,Injury Collision,Y,45,Bicycle,Matched,0,1,Clear or Partly Cloudy,0,0,0,N,2008-187094
83911,"""(47.617590446000065, -122.33876683999995)""",87131,87131,Block,Cycles,\\sdotnasvfa\sdot_vol1\H8\PROD\ATTACHMENTS\COL_DIAGRAM\22212900.bmp,161,,,0,,05/27/2008 07:00:00 AM +0000,5/27/2008 16:43,1,,Mid-Block (but intersection related),Daylight,BLANCHARD ST BETWEEN 8TH AVE AND WESTLAKE AVE,0,1,Y,2,\\sdotnasvfa\sdot_vol1\H8\PROD\ATTACHMENTS\COL_REPORT\2908466.pdf,2908466,Dry,21,"MOTOR VEHICLE STRUCK PEDALCYCLIST, REAR END",8148002,9298,0,2,Injury Collision,,45,Bicycle,Matched,0,1,Clear or Partly Cloudy,0,0,0,N,08-191006
83930,"""(47.59241153600004, -122.33133109099998)""",87392,87392,Block,Cycles,\\sdotnasvfa\sdot_vol1\H8\PROD\ATTACHMENTS\COL_DIAGRAM\71187907.bmp,490.5,,,0,,06/17/2008 07:00:00 AM +0000,6/17/2008 16:50,1,,Driveway Junction,Daylight,S ROYAL BROUGHAM WAY BETWEEN OCCIDENTAL AVE S AND DEAD END,0,1,Y,2,\\sdotnasvfa\sdot_vol1\H8\PROD\ATTACHMENTS\COL_REPORT\2797455.pdf,2797455,Dry,18,"MOTOR VEHICLE STRUCK PEDALCYCLIST, FRONT END AT ANGLE",8169027,21215,0,2,Injury Collision,,45,Bicycle,Matched,0,1,Clear or Partly Cloudy,0,0,0,N,08 219173
83950,"""(47.65306427300004, -122.36872419399998)""",88431,88431,Block,Cycles,\\sdotnasvfa\sdot_vol1\H8\PROD\ATTACHMENTS\COL_DIAGRAM\88238800.bmp,409.5,,,0,,05/23/2008 07:00:00 AM +0000,5/23/2008 17:00,0,,Mid-Block (not related to intersection),Daylight,W NICKERSON ST BETWEEN 8TH AVE W AND XW JESSE AVE W,0,1,Y,2,\\sdotnasvfa\sdot_vol1\H8\PROD\ATTACHMENTS\COL_REPORT\2907280.pdf,2907280,Unknown,23,"MOTOR VEHICLE STRUCK PEDALCYCLIST, LEFT SIDE SIDESWIPE",8144002,23614,0,1,Property Damage Only Collision,,45,Bicycle,Matched,0,1,Clear or Partly Cloudy,0,12518,0,N,2008-185693
83961,"""(47.606181175000074, -122.31155445499996)""",88303,88303,Intersection,Cycles,\\sdotnasvfa\sdot_vol1\H8\PROD\ATTACHMENTS\COL_DIAGRAM\31187700.bmp,0,,,0,,07/31/2008 07:00:00 AM +0000,7/31/2008 19:56,1,30194,At Intersection (intersection related),Dusk,16TH AVE AND E JEFFERSON ST,0,1,Y,2,\\sdotnasvfa\sdot_vol1\H8\PROD\ATTACHMENTS\COL_REPORT\3277333.pdf,3277333,Wet,18,"MOTOR VEHICLE STRUCK PEDALCYCLIST, FRONT END AT ANGLE",8213006,2223,0,2,Injury Collision,,45,Bicycle,Matched,0,1,Overcast,0,10490,0,N,08-282775
83963,"""(47.56613850800005, -122.37167070799995)""",88569,88569,Block,Cycles,\\sdotnasvfa\sdot_vol1\H8\PROD\ATTACHMENTS\COL_DIAGRAM\11182200.bmp,581.5,,,0,,10/24/2008 07:00:00 AM +0000,10/24/2008 6:59,1,,Mid-Block (not related to intersection),Dawn,SW AVALON WAY BETWEEN 30TH AVE SW AND SW GENESEE ST,0,1,Y,2,\\sdotnasvfa\sdot_vol1\H8\PROD\ATTACHMENTS\COL_REPORT\2896203.pdf,2896203,Dry,18,"MOTOR VEHICLE STRUCK PEDALCYCLIST, FRONT END AT ANGLE",8298024,21819,0,2,Injury Collision,,45,Bicycle,Matched,0,1,Clear or Partly Cloudy,0,3490,0,N,08-399307
84001,"""(47.65995950800004, -122.34221726399994)""",87519,87519,Intersection,Cycles,\\sdotnasvfa\sdot_vol1\H8\PROD\ATTACHMENTS\COL_DIAGRAM\17185500.bmp,0,,,0,,10/02/2008 07:00:00 AM +0000,10/2/2008,1,26803,At Intersection (intersection related),Dark - Street Lights On,STONE WAY N AND N 44TH ST,0,1,,2,\\sdotnasvfa\sdot_vol1\H8\PROD\ATTACHMENTS\COL_REPORT\3276813.pdf,3276813,Dry,18,"MOTOR VEHICLE STRUCK PEDALCYCLIST, FRONT END AT ANGLE",8276021,12967,0,2,Injury Collision,,45,Bicycle,Matched,0,1,Clear or Partly Cloudy,0,0,0,N,2008-371244
84088,"""(47.600885883000046, -122.33552594499997)""",88559,88559,Intersection,Cycles,\\sdotnasvfa\sdot_vol1\H8\PROD\ATTACHMENTS\COL_DIAGRAM\77517800.bmp,0,,,0,Y,06/15/2008 07:00:00 AM +0000,6/15/2008 15:19,1,30374,At Intersection (intersection related),Daylight,ALASKAN E RDWY WAY S AND S WASHINGTON ST,0,1,,2,\\sdotnasvfa\sdot_vol1\H8\PROD\ATTACHMENTS\COL_REPORT\2899760.pdf,2899760,Dry,51,PEDALCYCLIST STRUCK MOTOR VEHICLE FRONT END AT ANGLE,8167041,8754,0,2,Injury Collision,,45,Bicycle,Matched,0,1,Clear or Partly Cloudy,0,0,0,N,08-216421
84097,"""(47.64854072800006, -122.34277540199997)""",88563,88563,Intersection,Cycles,\\sdotnasvfa\sdot_vol1\H8\PROD\ATTACHMENTS\COL_DIAGRAM\77185371.bmp,0, ,,0,,05/06/2008 07:00:00 AM +0000,5/6/2008,1,26896,At Intersection (intersection related),Daylight,STONE WAY N AND N 34TH ST,0,1,Y,2,\\sdotnasvfa\sdot_vol1\H8\PROD\ATTACHMENTS\COL_REPORT\2905791.pdf,2905791,Dry,18,"MOTOR VEHICLE STRUCK PEDALCYCLIST, FRONT END AT ANGLE",8127026,12955,0,2,Injury Collision,,45,Bicycle,Matched,0,1,Clear or Partly Cloudy,0,0,524012,N,08-162137
84102,"""(47.601716156000066, -122.33026479299997)""",88695,88695,Intersection,Cycles,\\sdotnasvfa\sdot_vol1\H8\PROD\ATTACHMENTS\COL_DIAGRAM\31187700.bmp,0,,,0,,04/20/2008 07:00:00 AM +0000,4/20/2008 22:28,1,30487,At Intersection (intersection related),Dark - Street Lights On,3RD AVE AND YESLER WAY,0,1,Y,2,\\sdotnasvfa\sdot_vol1\H8\PROD\ATTACHMENTS\COL_REPORT\2908201.pdf,2908201,Dry,18,"MOTOR VEHICLE STRUCK PEDALCYCLIST, FRONT END AT ANGLE",8111021,4373,0,2,Injury Collision,,45,Bicycle,Matched,0,1,Overcast,0,9967,0,N,08-142066
84113,"""(47.61853533100003, -122.32345862799997)""",88426,88426,Intersection,Cycles,\\sdotnasvfa\sdot_vol1\H8\PROD\ATTACHMENTS\COL_DIAGRAM\55186600.bmp,0,,,0,,10/31/2008 07:00:00 AM +0000,10/31/2008 12:20,1,29070,At Intersection (intersection related),Daylight,BOYLSTON AVE AND E DENNY WAY,0,1,Y,3,\\sdotnasvfa\sdot_vol1\H8\PROD\ATTACHMENTS\COL_REPORT\2899591.pdf,2899591,Wet,18,"MOTOR VEHICLE STRUCK PEDALCYCLIST, FRONT END AT ANGLE",8305057,9379,0,2,Injury Collision,,45,Bicycle,Matched,0,1,Raining,0,35202,0,N,08-408987
84167,"""(47.666669383000055, -122.36080092399999)""",87248,87248,Block,Cycles,\\sdotnasvfa\sdot_vol1\H8\PROD\ATTACHMENTS\COL_DIAGRAM\11231100.bmp,91,,,0,,06/11/2008 07:00:00 AM +0000,6/11/2008 14:38,1,,Mid-Block (but intersection related),Daylight,3RD AVE NW BETWEEN NW 52ND S ST AND NW MARKET ST,0,1,,2,\\sdotnasvfa\sdot_vol1\H8\PROD\ATTACHMENTS\COL_REPORT\2905886.pdf,2905886,Dry,23,"MOTOR VEHICLE STRUCK PEDALCYCLIST, LEFT SIDE SIDESWIPE",8163005,4444,0,2,Injury Collision,,45,Bicycle,Matched,0,1,Overcast,0,27129,0,N,2008-210774
84184,"""(47.58200385100008, -122.30093805699994)""",88945,88945,Block,Cycles,\\sdotnasvfa\sdot_vol1\H8\PROD\ATTACHMENTS\COL_DIAGRAM\44214400.bmp,312,,,0,,11/21/2008 08:00:00 AM +0000,11/21/2008 19:21,1,,Mid-Block (not related to intersection),Dark - Street Lights On,RAINIER AVE S BETWEEN S COLLEGE S ST AND 25TH AVE S,0,1,Y,2,\\sdotnasvfa\sdot_vol1\H8\PROD\ATTACHMENTS\COL_REPORT\3281912.pdf,3281912,Wet,21,"MOTOR VEHICLE STRUCK PEDALCYCLIST, REAR END",8326034,12362,0,2,Injury Collision,,45,Bicycle,Matched,0,1,Raining,0,20004,0,N,08-437354
84194,"""(47.60882096000006, -122.34001342699997)""",89073,89073,Intersection,Cycles,\\sdotnasvfa\sdot_vol1\H8\PROD\ATTACHMENTS\COL_DIAGRAM\44518600.bmp,0,,,0,,11/18/2008 08:00:00 AM +0000,11/18/2008 21:10,1,29593,At Intersection (intersection related),Dark - Street Lights On,1ST AVE AND PIKE ST,0,1,Y,2,\\sdotnasvfa\sdot_vol1\H8\PROD\ATTACHMENTS\COL_REPORT\2900025.pdf,2900025,Dry,51,PEDALCYCLIST STRUCK MOTOR VEHICLE FRONT END AT ANGLE,8323028,1009,0,2,Injury Collision,,45,Bicycle,Matched,0,1,Clear or Partly Cloudy,0,36657,0,N,2008-433352
84205,"""(47.62087408300005, -122.33846537399995)""",88023,88023,Intersection,Cycles,\\sdotnasvfa\sdot_vol1\H8\PROD\ATTACHMENTS\COL_DIAGRAM\33181100.bmp,0,,,0,,07/23/2008 07:00:00 AM +0000,7/23/2008 13:10,1,28791,At Intersection (intersection related),Daylight,THOMAS ST AND WESTLAKE AVE N,0,1,Y,2,\\sdotnasvfa\sdot_vol1\H8\PROD\ATTACHMENTS\COL_REPORT\2900214.pdf,2900214,Dry,18,"MOTOR VEHICLE STRUCK PEDALCYCLIST, FRONT END AT ANGLE",8205020,13140,0,2,Injury Collision,,45,Bicycle,Matched,0,1,Clear or Partly Cloudy,0,24570,0,N,08-270934
84243,"""(47.61760953300006, -122.33185855999994)""",88558,88558,Intersection,Cycles,\\sdotnasvfa\sdot_vol1\H8\PROD\ATTACHMENTS\COL_DIAGRAM\44182271.bmp,0, ,,0,,06/16/2008 07:00:00 AM +0000,6/16/2008 16:58,1,29172,At Intersection (intersection related),Daylight,MINOR AVE AND STEWART ST,0,1,,3,\\sdotnasvfa\sdot_vol1\H8\PROD\ATTACHMENTS\COL_REPORT\2908267.pdf,2908267,Dry,18,"MOTOR VEHICLE STRUCK PEDALCYCLIST, FRONT END AT ANGLE",8168006,11880,0,2,Injury Collision,,45,Bicycle,Matched,0,1,Clear or Partly Cloudy,0,0,630806,N,2008-217827
84273,"""(47.624564331000045, -122.34887678099994)""",87507,87507,Intersection,Cycles,\\sdotnasvfa\sdot_vol1\H8\PROD\ATTACHMENTS\COL_DIAGRAM\31183171.bmp,0, ,,0,,01/18/2008 08:00:00 AM +0000,1/18/2008 17:53,1,28915,At Intersection (intersection related),Dark - Street Lights On,4TH AVE N AND MERCER ST,0,1,Y,2,\\sdotnasvfa\sdot_vol1\H8\PROD\ATTACHMENTS\COL_REPORT\2906904.pdf,2906904,Dry,18,"MOTOR VEHICLE STRUCK PEDALCYCLIST, FRONT END AT ANGLE",8018002,6148,0,2,Injury Collision,,45,Bicycle,Matched,0,1,Overcast,0,0,521962,N,2008-023887
84354,"""(47.622538606000035, -122.31676389699999)""",88016,88016,Block,Cycles,\\sdotnasvfa\sdot_vol1\H8\PROD\ATTACHMENTS\COL_DIAGRAM\11569100.bmp,209.5,,,0,,10/12/2008 07:00:00 AM +0000,10/12/2008 0:59,1,,Mid-Block (but intersection related),Dark - Street Lights On,12TH AVE E BETWEEN E HARRISON ST AND E REPUBLICAN ST,0,1,,2,\\sdotnasvfa\sdot_vol1\H8\PROD\ATTACHMENTS\COL_REPORT\2899583.pdf,2899583,Dry,56,PEDALCYCLIST STRUCK MOTOR VEHICLE LEFT SIDE SIDESWIPE,8286022,1553,0,2,Injury Collision,,45,Bicycle,Matched,1,1,Clear or Partly Cloudy,0,10933,0,N,2008-383505
84368,"""(47.70775527200004, -122.33397718499998)""",88672,88672,Block,Cycles,\\sdotnasvfa\sdot_vol1\H8\PROD\ATTACHMENTS\COL_DIAGRAM\78185907.bmp,330.5,,,0,,10/20/2008 07:00:00 AM +0000,10/20/2008 12:22,1,,Driveway Junction,Daylight,MERIDIAN AVE N BETWEEN N 107TH ST AND N NORTHGATE WAY,0,1,Y,2,\\sdotnasvfa\sdot_vol1\H8\PROD\ATTACHMENTS\COL_REPORT\3277800.pdf,3277800,Wet,18,"MOTOR VEHICLE STRUCK PEDALCYCLIST, FRONT END AT ANGLE",8294003,11825,0,2,Injury Collision,,45,Bicycle,Matched,0,1,Raining,0,0,0,N,08-394334
84393,"""(47.59131555300007, -122.38237552699997)""",87751,87751,Block,Cycles,\\sdotnasvfa\sdot_vol1\H8\PROD\ATTACHMENTS\COL_DIAGRAM\55235500.bmp,692.5,,,0,,11/07/2008 08:00:00 AM +0000,11/7/2008,1,,Mid-Block (not related to intersection),Dark - Street Lights On,HARBOR AVE SW BETWEEN SW MARYLAND PL AND CALIFORNIA WAY SW,0,1,,2,\\sdotnasvfa\sdot_vol1\H8\PROD\ATTACHMENTS\COL_REPORT\2803903.pdf,2803903,Wet,23,"MOTOR VEHICLE STRUCK PEDALCYCLIST, LEFT SIDE SIDESWIPE",8312008,10814,0,2,Injury Collision,,45,Bicycle,Matched,1,1,Raining,0,4105,0,N,2008-417807
84402,"""(47.55336811600006, -122.32390855599999)""",87758,87758,Intersection,Cycles,\\sdotnasvfa\sdot_vol1\H8\PROD\ATTACHMENTS\COL_DIAGRAM\55517700.bmp,0,,,0,,08/22/2008 07:00:00 AM +0000,8/22/2008 16:43,1,33106,At Intersection (intersection related),Daylight,7TH AVE S AND S LUCILE ST,0,1,,2,\\sdotnasvfa\sdot_vol1\H8\PROD\ATTACHMENTS\COL_REPORT\3279485.pdf,3279485,Dry,51,PEDALCYCLIST STRUCK MOTOR VEHICLE FRONT END AT ANGLE,8235004,8222,1,2b,Serious Injury Collision,,45,Bicycle,Matched,0,1,Clear or Partly Cloudy,0,0,0,N,08-313465
84428,"""(47.66134408700003, -122.32510772899997)""",87622,87622,Intersection,Cycles,\\sdotnasvfa\sdot_vol1\H8\PROD\ATTACHMENTS\COL_DIAGRAM\11187571.bmp,0, ,,0,,08/28/2008 07:00:00 AM +0000,8/28/2008 15:00,1,27180,At Intersection (intersection related),Daylight,LATONA AVE NE AND NE 45TH ST,0,1,,2,\\sdotnasvfa\sdot_vol1\H8\PROD\ATTACHMENTS\COL_REPORT\C709247.pdf,C709247,Dry,18,"MOTOR VEHICLE STRUCK PEDALCYCLIST, FRONT END AT ANGLE",8241043,11295,0,2,Injury Collision,,45,Bicycle,Matched,0,1,Overcast,0,0,523674,N,
84651,"""(47.59828969300003, -122.33288563299999)""",85901,85901,Intersection,Cycles,\\sdotnasvfa\sdot_vol1\H8\PROD\ATTACHMENTS\COL_DIAGRAM\31187700.bmp,0,,,0,,08/12/2008 07:00:00 AM +0000,8/12/2008 8:02,1,30521,At Intersection (intersection related),Daylight,OCCIDENTAL AVE S AND S KING E ST,0,1,Y,2,\\sdotnasvfa\sdot_vol1\H8\PROD\ATTACHMENTS\COL_REPORT\2616519.pdf,2616519,Dry,18,"MOTOR VEHICLE STRUCK PEDALCYCLIST, FRONT END AT ANGLE",8225004,20596,0,2,Injury Collision,,45,Bicycle,Matched,0,1,Clear or Partly Cloudy,0,35895,0,N,08-299090
84663,"""(47.565634114000034, -122.32273101399994)""",85507,85507,Block,Cycles,\\sdotnasvfa\sdot_vol1\H8\PROD\ATTACHMENTS\COL_DIAGRAM\55215500.bmp,203.5,,,0,,11/03/2008 08:00:00 AM +0000,11/3/2008,1,,Mid-Block (not related to intersection),Daylight,AIRPORT WAY S BETWEEN S ADAMS ST AND S INDUSTRIAL WB WAY,0,1,Y,2,\\sdotnasvfa\sdot_vol1\H8\PROD\ATTACHMENTS\COL_REPORT\3277743.pdf,3277743,Wet,21,"MOTOR VEHICLE STRUCK PEDALCYCLIST, REAR END",8308044,8682,1,2b,Serious Injury Collision,,45,Bicycle,Matched,0,1,Raining,0,20745,0,N,08-413969
84731,"""(47.61067790300007, -122.33557402499997)""",86561,86561,Intersection,Cycles,\\sdotnasvfa\sdot_vol1\H8\PROD\ATTACHMENTS\COL_DIAGRAM\22648271.bmp,0, ,,0,,04/10/2008 07:00:00 AM +0000,4/10/2008 18:20,2,29576,At Intersection (intersection related),Daylight,5TH AVE AND PIKE ST,1,1,,2,\\sdotnasvfa\sdot_vol1\H8\PROD\ATTACHMENTS\COL_REPORT\2898693.pdf,2898693,Dry,64,PEDALCYCLIST STRUCK PEDESTRIAN,8101003,7237,0,2,Injury Collision,,45,Bicycle,Matched,0,0,Raining,0,21847,523699,N,08 129287
84768,"""(47.57137820400004, -122.35356018699997)""",86554,86554,Block,Cycles,\\sdotnasvfa\sdot_vol1\H8\PROD\ATTACHMENTS\COL_DIAGRAM\00640007.bmp,412.5,,,0,,09/09/2008 07:00:00 AM +0000,9/9/2008,2,,Mid-Block (not related to intersection),Dark - Street Lights On,SW SPOKANE BR BETWEEN SW SPOKANE E ST AND SW SPOKANE W ST,1,1,,2,\\sdotnasvfa\sdot_vol1\H8\PROD\ATTACHMENTS\COL_REPORT\2792932.pdf,2792932,Dry,64,PEDALCYCLIST STRUCK PEDESTRIAN,8253004,22804,0,2,Injury Collision,,45,Bicycle,Matched,0,0,Unknown,0,0,0,N,08-337371