OBJECTID,Shape,INCKEY,COLDETKEY,ADDRTYPE,COLLISIONTYPE,DIAGRAMLINK,DISTANCE,EXCEPTRSNCODE,EXCEPTRSNDESC,FATALITIES,INATTENTIONIND,INCDATE,INCDTTM,INJURIES,INTKEY,JUNCTIONTYPE,LIGHTCOND,LOCATION,PEDCOUNT,PEDCYLCOUNT,PEDROWNOTGRNT,PERSONCOUNT,REPORTLINK,REPORTNO,ROADCOND,SDOT_COLCODE,SDOT_COLDESC,SDOTCOLNUM,SEGKEY,SERIOUSINJURIES,SEVERITYCODE,SEVERITYDESC,SPEEDING,ST_COLCODE,ST_COLDESC,STATUS,UNDERINFL,VEHCOUNT,WEATHER,WIDTH,SEGLANEKEY,CROSSWALKKEY,HITPARKEDCAR,SPDCASENO
86350,"""(47.63595304800003, -122.37613788399995)""",85791,85791,Intersection,Cycles,\\sdotnasvfa\sdot_vol1\H8\PROD\ATTACHMENTS\COL_DIAGRAM\77185370.bmp,0,,,0,,08/05/2008 07:00:00 AM +0000,8/5/2008,1,27955,At Intersection (intersection related),Daylight,15TH AVE W AND W HOWE ST,0,1,Y,2,\\sdotnasvfa\sdot_vol1\H8\PROD\ATTACHMENTS\COL_REPORT\2899938.pdf,2899938,Dry,18,"MOTOR VEHICLE STRUCK PEDALCYCLIST, FRONT END AT ANGLE",8218001,2186,0,2,Injury Collision,,45,Bicycle,Matched,0,1,Clear or Partly Cloudy,0,18994,0,N,08-289466
86393,"""(47.68180516000007, -122.35530362299994)""",86978,86978,Intersection,Cycles,\\sdotnasvfa\sdot_vol1\H8\PROD\ATTACHMENTS\COL_DIAGRAM\11513300.bmp,0,,,0,,05/04/2008 07:00:00 AM +0000,5/4/2008,1,24318,At Intersection (intersection related),Daylight,GREENWOOD AVE N AND N 73RD ST,0,1,,3,\\sdotnasvfa\sdot_vol1\H8\PROD\ATTACHMENTS\COL_REPORT\2894014.pdf,2894014,Dry,51,PEDALCYCLIST STRUCK MOTOR VEHICLE FRONT END AT ANGLE,8125031,10740,0,2,Injury Collision,,45,Bicycle,Matched,0,1,Clear or Partly Cloudy,0,4445,0,N,08-159903
86515,"""(47.558864311000036, -122.26366574299999)""",86842,86842,Block,Cycles,\\sdotnasvfa\sdot_vol1\H8\PROD\ATTACHMENTS\COL_DIAGRAM\12181100.bmp,231.5,,,0,,04/24/2008 07:00:00 AM +0000,4/24/2008 18:45,1,,Mid-Block (not related to intersection),Dusk,LAKE WASHINGTON BLVD S BETWEEN S ANGELINE ST AND S FERDINAND ST,0,1,,2,\\sdotnasvfa\sdot_vol1\H8\PROD\ATTACHMENTS\COL_REPORT\2898182.pdf,2898182,Unknown,18,"MOTOR VEHICLE STRUCK PEDALCYCLIST, FRONT END AT ANGLE",8115017,11243,0,2,Injury Collision,,45,Bicycle,Matched,0,1,Unknown,0,38101,0,N,08-147146
86532,"""(47.60130412800004, -122.33418005599998)""",86443,86443,Block,Cycles,\\sdotnasvfa\sdot_vol1\H8\PROD\ATTACHMENTS\COL_DIAGRAM\00180000.bmp,153,,,0,,10/18/2008 07:00:00 AM +0000,10/18/2008 0:34,0,,Mid-Block (not related to intersection),Dark - Street Lights On,1ST AVE S BETWEEN YESLER WAY AND S WASHINGTON ST,0,1,,2,\\sdotnasvfa\sdot_vol1\H8\PROD\ATTACHMENTS\COL_REPORT\2907135.pdf,2907135,Wet,18,"MOTOR VEHICLE STRUCK PEDALCYCLIST, FRONT END AT ANGLE",8292001,1185,0,1,Property Damage Only Collision,,45,Bicycle,Matched,0,1,Overcast,0,0,0,N,2008-391473
86579,"""(47.558253500000035, -122.28524315499999)""",86302,86302,Block,Cycles,\\sdotnasvfa\sdot_vol1\H8\PROD\ATTACHMENTS\COL_DIAGRAM\00180000.bmp,155.5,,,0,,08/19/2008 07:00:00 AM +0000,8/19/2008 13:24,1,,Mid-Block (not related to intersection),Daylight,RAINIER AVE S BETWEEN S EDMUNDS ST AND S FERDINAND ST,0,1,Y,2,\\sdotnasvfa\sdot_vol1\H8\PROD\ATTACHMENTS\COL_REPORT\3274104.pdf,3274104,Dry,18,"MOTOR VEHICLE STRUCK PEDALCYCLIST, FRONT END AT ANGLE",8232003,12386,0,2,Injury Collision,,45,Bicycle,Matched,0,1,Clear or Partly Cloudy,0,0,0,N,2008-309404
86628,"""(47.59829223200006, -122.33590723199995)""",85246,85246,Intersection,Cycles,\\sdotnasvfa\sdot_vol1\H8\PROD\ATTACHMENTS\COL_DIAGRAM\77185371.bmp,0, ,,0,,01/14/2008 08:00:00 AM +0000,1/14/2008 18:25,1,30367,At Intersection (intersection related),Dark - Street Lights On,ALASKAN WAY S AND S KING ST,0,1,Y,2,\\sdotnasvfa\sdot_vol1\H8\PROD\ATTACHMENTS\COL_REPORT\2804592.pdf,2804592,Wet,18,"MOTOR VEHICLE STRUCK PEDALCYCLIST, FRONT END AT ANGLE",8014010,8739,0,2,Injury Collision,,45,Bicycle,Matched,0,1,Raining,0,0,524773,N,2008-018149
86653,"""(47.67801242100006, -122.31739331799997)""",86834,86834,Intersection,Cycles,\\sdotnasvfa\sdot_vol1\H8\PROD\ATTACHMENTS\COL_DIAGRAM\55517700.bmp,0,,,0,,06/17/2008 07:00:00 AM +0000,6/17/2008 6:57,1,24483,At Intersection (intersection related),Daylight,ROOSEVELT WAY NE AND NE 68TH ST,0,1,Y,2,\\sdotnasvfa\sdot_vol1\H8\PROD\ATTACHMENTS\COL_REPORT\3277628.pdf,3277628,Wet,51,PEDALCYCLIST STRUCK MOTOR VEHICLE FRONT END AT ANGLE,8169006,12618,0,2,Injury Collision,,45,Bicycle,Matched,0,1,Raining,0,9408,0,N,08-218518
86700,"""(47.654120093000074, -122.34250125799997)""",86565,86565,Intersection,Cycles,\\sdotnasvfa\sdot_vol1\H8\PROD\ATTACHMENTS\COL_DIAGRAM\17185500.bmp,0,,,0,,06/08/2008 07:00:00 AM +0000,6/8/2008,1,26863,At Intersection (intersection related),Daylight,STONE WAY N AND N 39TH ST,0,1,Y,2,\\sdotnasvfa\sdot_vol1\H8\PROD\ATTACHMENTS\COL_REPORT\3278006.pdf,3278006,Dry,18,"MOTOR VEHICLE STRUCK PEDALCYCLIST, FRONT END AT ANGLE",8160002,12959,0,2,Injury Collision,,45,Bicycle,Matched,0,1,Clear or Partly Cloudy,0,6304,0,N,2008-206928
86756,"""(47.63015164300003, -122.34229977599995)""",83022,83022,Block,Cycles,\\sdotnasvfa\sdot_vol1\H8\PROD\ATTACHMENTS\COL_DIAGRAM\17185500.bmp,158,,,0,,07/30/2008 07:00:00 AM +0000,7/30/2008 8:06,1,,Mid-Block (not related to intersection),Daylight,DEXTER AVE N BETWEEN HIGHLAND DR AND COMSTOCK ST,0,1,Y,4,\\sdotnasvfa\sdot_vol1\H8\PROD\ATTACHMENTS\COL_REPORT\2899634.pdf,2899634,Dry,18,"MOTOR VEHICLE STRUCK PEDALCYCLIST, FRONT END AT ANGLE",8212035,10081,0,2,Injury Collision,,45,Bicycle,Matched,0,1,Clear or Partly Cloudy,0,12797,0,N,2008-280506
86819,"""(47.62371497300006, -122.29583475299995)""",84319,84319,Block,Cycles,\\sdotnasvfa\sdot_vol1\H8\PROD\ATTACHMENTS\COL_DIAGRAM\22512300.bmp,124,,,0,Y,05/08/2008 07:00:00 AM +0000,5/8/2008,1,,Mid-Block (but intersection related),Dusk,E MADISON ST BETWEEN 28TH AVE E AND 29TH W AVE E,0,1,,3,\\sdotnasvfa\sdot_vol1\H8\PROD\ATTACHMENTS\COL_REPORT\2882452.pdf,2882452,Dry,51,PEDALCYCLIST STRUCK MOTOR VEHICLE FRONT END AT ANGLE,8129004,14362,0,2,Injury Collision,,45,Bicycle,Matched,0,1,Clear or Partly Cloudy,0,34609,0,N,08-165500
86906,"""(47.60448768400005, -122.33909095699994)""",83531,83531,Intersection,Cycles,\\sdotnasvfa\sdot_vol1\H8\PROD\ATTACHMENTS\COL_DIAGRAM\82184271.bmp,0, ,,0,,05/28/2008 07:00:00 AM +0000,5/28/2008 18:09,1,29632,At Intersection (intersection related),Daylight,ALASKAN WAY AND SPRING ST,0,1,Y,2,\\sdotnasvfa\sdot_vol1\H8\PROD\ATTACHMENTS\COL_REPORT\2805491.pdf,2805491,Dry,18,"MOTOR VEHICLE STRUCK PEDALCYCLIST, FRONT END AT ANGLE",8149002,8721,0,2,Injury Collision,,45,Bicycle,Matched,0,1,Clear or Partly Cloudy,0,0,523596,N,08-192503
86955,"""(47.623276813000075, -122.35671986099999)""",84449,84449,Intersection,Cycles,\\sdotnasvfa\sdot_vol1\H8\PROD\ATTACHMENTS\COL_DIAGRAM\55187171.bmp,0, ,,0,,01/18/2008 08:00:00 AM +0000,1/18/2008 1:00,1,28642,At Intersection (intersection related),Unknown,QUEEN ANNE AVE N AND REPUBLICAN ST,0,1,,2,\\sdotnasvfa\sdot_vol1\H8\PROD\ATTACHMENTS\COL_REPORT\2906882.pdf,2906882,Dry,18,"MOTOR VEHICLE STRUCK PEDALCYCLIST, FRONT END AT ANGLE",8018003,12298,0,2,Injury Collision,,45,Bicycle,Matched,0,1,Clear or Partly Cloudy,0,0,523532,N,08-022967
87040,"""(47.60928514300008, -122.33890369399995)""",83001,83001,Intersection,Cycles,\\sdotnasvfa\sdot_vol1\H8\PROD\ATTACHMENTS\COL_DIAGRAM\22184671.bmp,0, ,,0,,03/23/2008 07:00:00 AM +0000,3/23/2008 8:10,1,29592,At Intersection (intersection related),Daylight,2ND AVE AND PIKE ST,0,1,,2,\\sdotnasvfa\sdot_vol1\H8\PROD\ATTACHMENTS\COL_REPORT\2908430.pdf,2908430,Wet,18,"MOTOR VEHICLE STRUCK PEDALCYCLIST, FRONT END AT ANGLE",8083027,2758,0,2,Injury Collision,,45,Bicycle,Matched,0,1,Raining,0,0,523691,N,08-106728
87061,"""(47.678040560000056, -122.31197604899995)""",84698,84698,Intersection,Cycles,\\sdotnasvfa\sdot_vol1\H8\PROD\ATTACHMENTS\COL_DIAGRAM\18185500.bmp,0,,,0,,09/19/2008 07:00:00 AM +0000,9/19/2008 15:45,1,24485,At Intersection (intersection related),Daylight,15TH AVE NE AND NE 68TH N ST,0,1,Y,2,\\sdotnasvfa\sdot_vol1\H8\PROD\ATTACHMENTS\COL_REPORT\3276780.pdf,3276780,Dry,18,"MOTOR VEHICLE STRUCK PEDALCYCLIST, FRONT END AT ANGLE",8263002,2051,0,2,Injury Collision,,45,Bicycle,Matched,0,1,Overcast,0,29109,0,N,08-352596
87095,"""(47.59918859700008, -122.32375005299997)""",84441,84441,Intersection,Cycles,\\sdotnasvfa\sdot_vol1\H8\PROD\ATTACHMENTS\COL_DIAGRAM\31187700.bmp,0,,,0,,09/17/2008 07:00:00 AM +0000,9/17/2008 10:02,1,30513,At Intersection (intersection related),Daylight,7TH AVE S AND S JACKSON ST,0,1,Y,2,\\sdotnasvfa\sdot_vol1\H8\PROD\ATTACHMENTS\COL_REPORT\3274426.pdf,3274426,Dry,18,"MOTOR VEHICLE STRUCK PEDALCYCLIST, FRONT END AT ANGLE",8261001,8207,1,2b,Serious Injury Collision,,45,Bicycle,Matched,0,1,Clear or Partly Cloudy,0,24453,0,N,08-349323
87096,"""(47.61409446600004, -122.32445798499998)""",84046,84046,Intersection,Cycles,\\sdotnasvfa\sdot_vol1\H8\PROD\ATTACHMENTS\COL_DIAGRAM\31187700.bmp,0,,,0,,08/05/2008 07:00:00 AM +0000,8/5/2008,1,29876,At Intersection (intersection related),Daylight,BELMONT AVE AND E PIKE ST,0,1,Y,3,\\sdotnasvfa\sdot_vol1\H8\PROD\ATTACHMENTS\COL_REPORT\3286428.pdf,3286428,Dry,18,"MOTOR VEHICLE STRUCK PEDALCYCLIST, FRONT END AT ANGLE",8218004,9233,0,2,Injury Collision,,45,Bicycle,Matched,0,1,Clear or Partly Cloudy,0,31166,0,N,08-289146
87119,"""(47.53071788800003, -122.266326204)""",84440,84440,Block,Cycles,\\sdotnasvfa\sdot_vol1\H8\PROD\ATTACHMENTS\COL_DIAGRAM\11231100.bmp,318.5,,,0,,09/20/2008 07:00:00 AM +0000,9/20/2008 6:20,1,,Mid-Block (not related to intersection),Dark - Street Lights On,SEWARD PARK AVE S BETWEEN S KENYON ST AND S BUDD CT,0,1,Y,2,\\sdotnasvfa\sdot_vol1\H8\PROD\ATTACHMENTS\COL_REPORT\3279641.pdf,3279641,Wet,23,"MOTOR VEHICLE STRUCK PEDALCYCLIST, LEFT SIDE SIDESWIPE",8264001,12808,0,2,Injury Collision,,45,Bicycle,Matched,0,1,Raining,0,37676,0,N,2008-353539
87150,"""(47.60588380000007, -122.31678057699997)""",83648,83648,Block,Cycles,\\sdotnasvfa\sdot_vol1\H8\PROD\ATTACHMENTS\COL_DIAGRAM\17185500.bmp,116,,,0,,09/08/2008 07:00:00 AM +0000,9/8/2008,1,,Driveway Junction,Daylight,12TH AVE BETWEEN E REMINGTON CT AND E JEFFERSON ST,0,1,Y,2,\\sdotnasvfa\sdot_vol1\H8\PROD\ATTACHMENTS\COL_REPORT\2899014.pdf,2899014,Dry,18,"MOTOR VEHICLE STRUCK PEDALCYCLIST, FRONT END AT ANGLE",8252001,1528,0,2,Injury Collision,,45,Bicycle,Matched,0,1,Clear or Partly Cloudy,0,10614,0,N,08-336336
87217,"""(47.60171208300005, -122.32768801499998)""",84433,84433,Block,Cycles,\\sdotnasvfa\sdot_vol1\H8\PROD\ATTACHMENTS\COL_DIAGRAM\77567900.bmp,329.5,,,0,,10/02/2008 07:00:00 AM +0000,10/2/2008,1,,Mid-Block (not related to intersection),Daylight,YESLER WAY BETWEEN TERRACE ST AND 6TH AVE,0,1,Y,4,\\sdotnasvfa\sdot_vol1\H8\PROD\ATTACHMENTS\COL_REPORT\3282537.pdf,3282537,Wet,56,PEDALCYCLIST STRUCK MOTOR VEHICLE LEFT SIDE SIDESWIPE,8276023,13766,0,2,Injury Collision,,45,Bicycle,Matched,0,1,Overcast,0,9972,0,N,08 370272
87274,"""(47.64294366300004, -122.37616970399995)""",83906,83906,Intersection,Cycles,\\sdotnasvfa\sdot_vol1\H8\PROD\ATTACHMENTS\COL_DIAGRAM\55515600.bmp,0,,,0,,10/16/2008 07:00:00 AM +0000,10/16/2008 13:55,1,27900,At Intersection (intersection related),Daylight,15TH AVE W AND GILMAN UPPER DR W,0,1,,2,\\sdotnasvfa\sdot_vol1\H8\PROD\ATTACHMENTS\COL_REPORT\3280341.pdf,3280341,Wet,51,PEDALCYCLIST STRUCK MOTOR VEHICLE FRONT END AT ANGLE,8290003,2191,0,2,Injury Collision,,45,Bicycle,Matched,0,1,Overcast,0,16095,0,N,08-389309
87346,"""(47.625795769000035, -122.33863455)""",84817,84817,Intersection,Cycles,\\sdotnasvfa\sdot_vol1\H8\PROD\ATTACHMENTS\COL_DIAGRAM\71187700.bmp,0, ,,0,,05/12/2008 07:00:00 AM +0000,5/12/2008 12:15,1,28744,At Intersection (intersection related),Daylight,BROAD ST AND VALLEY ST,0,1,,2,\\sdotnasvfa\sdot_vol1\H8\PROD\ATTACHMENTS\COL_REPORT\C704187.pdf,C704187,Dry,18,"MOTOR VEHICLE STRUCK PEDALCYCLIST, FRONT END AT ANGLE",8133036,13265,0,2,Injury Collision,,45,Bicycle,Matched,0,1,Unknown,0,0,523904,N,
87442,"""(47.62381277500003, -122.29518442799997)""",84938,84938,Block,Cycles,\\sdotnasvfa\sdot_vol1\H8\PROD\ATTACHMENTS\COL_DIAGRAM\88568900.bmp,88.5,,,0,,07/17/2008 07:00:00 AM +0000,7/17/2008 8:36,1,,Mid-Block (not related to intersection),Daylight,29TH AVE E BETWEEN E REPUBLICAN ST AND E MADISON W ST,0,1,Y,2,\\sdotnasvfa\sdot_vol1\H8\PROD\ATTACHMENTS\COL_REPORT\2827550.pdf,2827550,Dry,56,PEDALCYCLIST STRUCK MOTOR VEHICLE LEFT SIDE SIDESWIPE,8199003,4279,0,2,Injury Collision,,45,Bicycle,Matched,0,1,Overcast,0,0,0,N,2008-262325
87486,"""(47.661363347000076, -122.32896932599999)""",84150,84150,Intersection,Cycles,\\sdotnasvfa\sdot_vol1\H8\PROD\ATTACHMENTS\COL_DIAGRAM\11187700.bmp,0,,,0,Y,11/15/2008 08:00:00 AM +0000,11/15/2008 12:00,1,27184,At Intersection (intersection related),Daylight,EASTERN AVE N AND N 45TH ST,0,1,,2,\\sdotnasvfa\sdot_vol1\H8\PROD\ATTACHMENTS\COL_REPORT\3278025.pdf,3278025,Dry,18,"MOTOR VEHICLE STRUCK PEDALCYCLIST, FRONT END AT ANGLE",8320032,10159,0,2,Injury Collision,,45,Bicycle,Matched,0,1,Clear or Partly Cloudy,0,6530,0,N,08-428931
87505,"""(47.601695164000034, -122.31782315599997)""",84019,84019,Intersection,Cycles,\\sdotnasvfa\sdot_vol1\H8\PROD\ATTACHMENTS\COL_DIAGRAM\33517400.bmp,0,,,0,,08/05/2008 07:00:00 AM +0000,8/5/2008,1,30411,At Intersection (intersection related),Daylight,BOREN AVE AND E YESLER WAY,0,1,,2,\\sdotnasvfa\sdot_vol1\H8\PROD\ATTACHMENTS\COL_REPORT\2899351.pdf,2899351,Dry,51,PEDALCYCLIST STRUCK MOTOR VEHICLE FRONT END AT ANGLE,8218003,9303,1,2b,Serious Injury Collision,,45,Bicycle,Matched,0,1,Clear or Partly Cloudy,0,9991,0,N,08-289816
87538,"""(47.61851590800006, -122.33382329299997)""",83099,83099,Block,Cycles,\\sdotnasvfa\sdot_vol1\H8\PROD\ATTACHMENTS\COL_DIAGRAM\78187700.bmp,107,,,0,,07/11/2008 07:00:00 AM +0000,7/11/2008 9:30,1,,Mid-Block (but intersection related),Daylight,DENNY WAY BETWEEN FAIRVIEW AVE AND MINOR AVE,0,1,Y,2,\\sdotnasvfa\sdot_vol1\H8\PROD\ATTACHMENTS\COL_REPORT\2900043.pdf,2900043,Dry,18,"MOTOR VEHICLE STRUCK PEDALCYCLIST, FRONT END AT ANGLE",8193003,10019,0,2,Injury Collision,,45,Bicycle,Matched,0,1,Clear or Partly Cloudy,0,23526,0,N,2008-254188
87551,"""(47.626952361000065, -122.32577698099999)""",82966,82966,Block,Cycles,\\sdotnasvfa\sdot_vol1\H8\PROD\ATTACHMENTS\COL_DIAGRAM\88690000.bmp,82,,,0,,08/01/2008 07:00:00 AM +0000,8/1/2008,1,,Mid-Block (not related to intersection),Dark - Street Lights On,BELMONT AVE E BETWEEN SUMMIT N AVE E AND BELLEVUE PL E,0,1,,1,\\sdotnasvfa\sdot_vol1\H8\PROD\ATTACHMENTS\COL_REPORT\2899279.pdf,2899279,Wet,69,PEDALCYCLIST OVERTURNED IN ROAD,8214048,9245,0,2,Injury Collision,Y,45,Bicycle,Matched,0,0,Overcast,0,36176,0,N,2008-283141
87722,"""(47.643190643000025, -122.32588681199996)""",84918,84918,Intersection,Cycles,\\sdotnasvfa\sdot_vol1\H8\PROD\ATTACHMENTS\COL_DIAGRAM\11515400.bmp,0,,,0,,03/04/2008 08:00:00 AM +0000,3/4/2008,1,28300,At Intersection (intersection related),Dusk,EASTLAKE AVE E AND E ROANOKE ST,0,1,Y,2,\\sdotnasvfa\sdot_vol1\H8\PROD\ATTACHMENTS\COL_REPORT\2623543.pdf,2623543,Dry,51,PEDALCYCLIST STRUCK MOTOR VEHICLE FRONT END AT ANGLE,8064006,10179,0,2,Injury Collision,,45,Bicycle,Matched,0,1,Overcast,0,24724,0,N,08-83454
87733,"""(47.62762939900006, -122.356685358)""",83871,83871,Block,Cycles,\\sdotnasvfa\sdot_vol1\H8\PROD\ATTACHMENTS\COL_DIAGRAM\55690000.bmp,160,,,0,,08/11/2008 07:00:00 AM +0000,8/11/2008 7:14,1,,Mid-Block (not related to intersection),Daylight,QUEEN ANNE AVE N BETWEEN ALOHA ST AND WARD ST,0,1,,1,\\sdotnasvfa\sdot_vol1\H8\PROD\ATTACHMENTS\COL_REPORT\2907180.pdf,2907180,Dry,69,PEDALCYCLIST OVERTURNED IN ROAD,8224002,12303,1,2b,Serious Injury Collision,,45,Bicycle,Matched,0,0,Clear or Partly Cloudy,0,30638,0,N,2008-297685
87801,"""(47.63954711300005, -122.32006287099995)""",84784,84784,Intersection,Cycles,\\sdotnasvfa\sdot_vol1\H8\PROD\ATTACHMENTS\COL_DIAGRAM\11513300.bmp,0,,,0,,05/29/2008 07:00:00 AM +0000,5/29/2008 23:45,1,28237,At Intersection (intersection related),Dark - Street Lights On,10TH AVE E AND E LYNN ST,0,1,,2,\\sdotnasvfa\sdot_vol1\H8\PROD\ATTACHMENTS\COL_REPORT\C704839.pdf,C704839,Dry,51,PEDALCYCLIST STRUCK MOTOR VEHICLE FRONT END AT ANGLE,8150027,1300,0,2,Injury Collision,,45,Bicycle,Matched,0,1,Clear or Partly Cloudy,0,6101,0,N,
87809,"""(47.604088467000054, -122.33414983799997)""",83479,83479,Block,Cycles,\\sdotnasvfa\sdot_vol1\H8\PROD\ATTACHMENTS\COL_DIAGRAM\43184400.bmp,153,,,0,,11/12/2008 08:00:00 AM +0000,11/12/2008 17:40,1,,Mid-Block (not related to intersection),Dark - Street Lights On,2ND AVE BETWEEN COLUMBIA ST AND MARION ST,0,1,,2,\\sdotnasvfa\sdot_vol1\H8\PROD\ATTACHMENTS\COL_REPORT\C712479.pdf,C712479,Wet,18,"MOTOR VEHICLE STRUCK PEDALCYCLIST, FRONT END AT ANGLE",8317068,2751,0,2,Injury Collision,,45,Bicycle,Matched,0,1,Overcast,0,12047,0,N,
87813,"""(47.61927351300005, -122.32483051699995)""",83216,83216,Block,Cycles,\\sdotnasvfa\sdot_vol1\H8\PROD\ATTACHMENTS\COL_DIAGRAM\66516800.bmp,179,,,0,,06/20/2008 07:00:00 AM +0000,6/20/2008 12:52,1,,Driveway Junction,Daylight,E OLIVE WAY BETWEEN SUMMIT AVE E AND E JOHN ST,0,1,Y,3,\\sdotnasvfa\sdot_vol1\H8\PROD\ATTACHMENTS\COL_REPORT\2882614.pdf,2882614,Dry,51,PEDALCYCLIST STRUCK MOTOR VEHICLE FRONT END AT ANGLE,8172002,14586,0,2,Injury Collision,,45,Bicycle,Matched,0,1,Clear or Partly Cloudy,0,23263,0,N,2008-223360
87884,"""(47.599217493000026, -122.31285936399996)""",83467,83467,Block,Cycles,\\sdotnasvfa\sdot_vol1\H8\PROD\ATTACHMENTS\COL_DIAGRAM\31187700.bmp,316,,,0,,09/14/2008 07:00:00 AM +0000,9/14/2008 15:16,1,,Driveway Junction,Daylight,S JACKSON ST BETWEEN 14TH AVE S AND 16TH AVE S,0,1,Y,3,\\sdotnasvfa\sdot_vol1\H8\PROD\ATTACHMENTS\COL_REPORT\2614999.pdf,2614999,Dry,18,"MOTOR VEHICLE STRUCK PEDALCYCLIST, FRONT END AT ANGLE",8258006,20495,0,2,Injury Collision,,45,Bicycle,Matched,0,1,Clear or Partly Cloudy,0,11014,0,N,2008-345445
87933,"""(47.66626671800003, -122.30060497999995)""",82946,82946,Intersection,Cycles,\\sdotnasvfa\sdot_vol1\H8\PROD\ATTACHMENTS\COL_DIAGRAM\11183571.bmp,0, ,,0,,08/30/2008 07:00:00 AM +0000,8/30/2008 11:50,1,25949,At Intersection (intersection related),Daylight,25TH AVE NE AND NE BLAKELEY ST,0,1,,2,\\sdotnasvfa\sdot_vol1\H8\PROD\ATTACHMENTS\COL_REPORT\3277984.pdf,3277984,Dry,18,"MOTOR VEHICLE STRUCK PEDALCYCLIST, FRONT END AT ANGLE",8243028,3723,0,2,Injury Collision,,45,Bicycle,Matched,0,1,Clear or Partly Cloudy,0,0,521604,N,08-324105
87940,"""(47.61293808800008, -122.29685170899995)""",83464,83464,Block,Cycles,\\sdotnasvfa\sdot_vol1\H8\PROD\ATTACHMENTS\COL_DIAGRAM\33563900.bmp,160.5,,,0,,09/19/2008 07:00:00 AM +0000,9/19/2008 15:59,1,,Mid-Block (not related to intersection),Daylight,E UNION ST BETWEEN 27TH AVE AND M L KING JR WAY,0,1,,3,\\sdotnasvfa\sdot_vol1\H8\PROD\ATTACHMENTS\COL_REPORT\2899393.pdf,2899393,Dry,56,PEDALCYCLIST STRUCK MOTOR VEHICLE LEFT SIDE SIDESWIPE,8263005,14905,0,2,Injury Collision,,45,Bicycle,Matched,0,1,Clear or Partly Cloudy,0,9486,0,N,08-352606
88017,"""(47.66943046700004, -122.36617831099994)""",83331,83331,Intersection,Cycles,\\sdotnasvfa\sdot_vol1\H8\PROD\ATTACHMENTS\COL_DIAGRAM\55515600.bmp,0,,,0,,06/30/2008 07:00:00 AM +0000,6/30/2008 8:53,1,25418,At Intersection (intersection related),Daylight,8TH AVE NW AND NW 56TH ST,0,1,Y,2,\\sdotnasvfa\sdot_vol1\H8\PROD\ATTACHMENTS\COL_REPORT\3277362.pdf,3277362,Dry,51,PEDALCYCLIST STRUCK MOTOR VEHICLE FRONT END AT ANGLE,8182008,8385,0,2,Injury Collision,,45,Bicycle,Matched,0,1,Clear or Partly Cloudy,0,2426,0,N,08-237525
88022,"""(47.65488891200005, -122.32570273399995)""",83329,83329,Intersection,Cycles,\\sdotnasvfa\sdot_vol1\H8\PROD\ATTACHMENTS\COL_DIAGRAM\65186600.bmp,0, ,,0,,06/30/2008 07:00:00 AM +0000,6/30/2008 7:11,0,27244,At Intersection (intersection related),Daylight,LATONA AVE NE AND NE PACIFIC ST,0,1,,3,\\sdotnasvfa\sdot_vol1\H8\PROD\ATTACHMENTS\COL_REPORT\2624105.pdf,2624105,Dry,18,"MOTOR VEHICLE STRUCK PEDALCYCLIST, FRONT END AT ANGLE",8182019,11289,0,1,Property Damage Only Collision,,45,Bicycle,Matched,0,1,Clear or Partly Cloudy,0,0,576113,N,2008-237463
88162,"""(47.61408040200007, -122.320115596)""",83188,83188,Block,Cycles,\\sdotnasvfa\sdot_vol1\H8\PROD\ATTACHMENTS\COL_DIAGRAM\77217900.bmp,164.5,,,0,Y,07/19/2008 07:00:00 AM +0000,7/19/2008 19:04,1,,Mid-Block (but intersection related),Daylight,E PIKE ST BETWEEN BROADWAY AND 10TH AVE,0,1,,2,\\sdotnasvfa\sdot_vol1\H8\PROD\ATTACHMENTS\COL_REPORT\2908613.pdf,2908613,Unknown,21,"MOTOR VEHICLE STRUCK PEDALCYCLIST, REAR END",8201032,14600,0,2,Injury Collision,,45,Bicycle,Matched,0,1,Unknown,0,31226,0,N,2008-268988
88231,"""(47.65911854700005, -122.36488419999995)""",84494,84494,Block,Cycles,\\sdotnasvfa\sdot_vol1\H8\PROD\ATTACHMENTS\COL_DIAGRAM\44554400.bmp,76.5,,,0,,09/05/2008 07:00:00 AM +0000,9/5/2008,0,,Mid-Block (not related to intersection),Dark - Street Lights On,LEARY WAY NW BETWEEN NW 43RD ST AND 7TH AVE NW,0,1,,2,\\sdotnasvfa\sdot_vol1\H8\PROD\ATTACHMENTS\COL_REPORT\3284079.pdf,3284079,Dry,55,PEDALCYCLIST STRUCK MOTOR VEHICLE RIGHT SIDE SIDESWIPE,8249004,11342,0,1,Property Damage Only Collision,,45,Bicycle,Matched,0,1,Clear or Partly Cloudy,0,17378,0,N,08-332854