OBJECTID,Shape,INCKEY,COLDETKEY,ADDRTYPE,COLLISIONTYPE,DIAGRAMLINK,DISTANCE,EXCEPTRSNCODE,EXCEPTRSNDESC,FATALITIES,INATTENTIONIND,INCDATE,INCDTTM,INJURIES,INTKEY,JUNCTIONTYPE,LIGHTCOND,LOCATION,PEDCOUNT,PEDCYLCOUNT,PEDROWNOTGRNT,PERSONCOUNT,REPORTLINK,REPORTNO,ROADCOND,SDOT_COLCODE,SDOT_COLDESC,SDOTCOLNUM,SEGKEY,SERIOUSINJURIES,SEVERITYCODE,SEVERITYDESC,SPEEDING,ST_COLCODE,ST_COLDESC,STATUS,UNDERINFL,VEHCOUNT,WEATHER,WIDTH,SEGLANEKEY,CROSSWALKKEY,HITPARKEDCAR,SPDCASENO
91385,"""(47.61521476100006, -122.32618642899996)""",80740,80740,Intersection,Cycles,\\sdotnasvfa\sdot_vol1\H8\PROD\ATTACHMENTS\COL_DIAGRAM\77517800.bmp,0,,,0,,05/04/2008 07:00:00 AM +0000,5/4/2008,1,29861,At Intersection (intersection related),Daylight,CRAWFORD PL AND E PINE ST,0,1,Y,2,\\sdotnasvfa\sdot_vol1\H8\PROD\ATTACHMENTS\COL_REPORT\2882505.pdf,2882505,Dry,51,PEDALCYCLIST STRUCK MOTOR VEHICLE FRONT END AT ANGLE,8125021,9853,0,2,Injury Collision,,45,Bicycle,Matched,0,1,Clear or Partly Cloudy,0,10348,0,N,2008-160096
91485,"""(47.61024513900003, -122.33824624299996)""",80201,80201,Block,Cycles,\\sdotnasvfa\sdot_vol1\H8\PROD\ATTACHMENTS\COL_DIAGRAM\44642974.bmp,213,,,0,,06/27/2008 07:00:00 AM +0000,6/27/2008 16:21,1,,Mid-Block (not related to intersection),Daylight,3RD AVE BETWEEN PIKE ST AND PINE ST,1,1,,2,\\sdotnasvfa\sdot_vol1\H8\PROD\ATTACHMENTS\COL_REPORT\2900226.pdf,2900226,Dry,64,PEDALCYCLIST STRUCK PEDESTRIAN,8179004,4384,0,2,Injury Collision,,45,Bicycle,Matched,1,0,Clear or Partly Cloudy,0,35770,0,N,2008-233647
91486,"""(47.60373279300006, -122.33382457199997)""",79937,79937,Intersection,Cycles,\\sdotnasvfa\sdot_vol1\H8\PROD\ATTACHMENTS\COL_DIAGRAM\44516500.bmp,0,,,0,,04/09/2008 07:00:00 AM +0000,4/9/2008,1,29969,At Intersection (intersection related),Daylight,2ND AVE AND COLUMBIA ST,0,1,Y,2,\\sdotnasvfa\sdot_vol1\H8\PROD\ATTACHMENTS\COL_REPORT\2898683.pdf,2898683,Dry,51,PEDALCYCLIST STRUCK MOTOR VEHICLE FRONT END AT ANGLE,8100007,2751,1,2b,Serious Injury Collision,,45,Bicycle,Matched,0,1,Clear or Partly Cloudy,0,12042,0,N,08 127490
91510,"""(47.60779445000003, -122.33754000999994)""",80203,80203,Block,Cycles,\\sdotnasvfa\sdot_vol1\H8\PROD\ATTACHMENTS\COL_DIAGRAM\43184400.bmp,213,,,0,Y,03/17/2008 07:00:00 AM +0000,3/17/2008 8:35,1,,Mid-Block (but intersection related),Daylight,2ND AVE BETWEEN UNIVERSITY ST AND UNION ST,0,1,Y,3,\\sdotnasvfa\sdot_vol1\H8\PROD\ATTACHMENTS\COL_REPORT\2908029.pdf,2908029,Dry,18,"MOTOR VEHICLE STRUCK PEDALCYCLIST, FRONT END AT ANGLE",8077003,2756,0,2,Injury Collision,,45,Bicycle,Matched,0,1,Overcast,0,12162,0,N,08-099105
91518,"""(47.57980781200007, -122.32139775599995)""",80335,80335,Intersection,Cycles,\\sdotnasvfa\sdot_vol1\H8\PROD\ATTACHMENTS\COL_DIAGRAM\57185771.bmp,0, ,,0,,10/13/2008 07:00:00 AM +0000,10/13/2008 22:37,1,31299,At Intersection (intersection related),Dark - Street Lights On,AIRPORT WAY S AND S LANDER N ST,0,1,Y,2,\\sdotnasvfa\sdot_vol1\H8\PROD\ATTACHMENTS\COL_REPORT\2908712.pdf,2908712,Wet,18,"MOTOR VEHICLE STRUCK PEDALCYCLIST, FRONT END AT ANGLE",8287020,8668,0,2,Injury Collision,,45,Bicycle,Matched,0,1,Raining,0,0,524934,N,2008-385755
91665,"""(47.59583631300006, -122.32572314499998)""",80704,80704,Block,Cycles,\\sdotnasvfa\sdot_vol1\H8\PROD\ATTACHMENTS\COL_DIAGRAM\76187700.bmp,161,,,0,,05/18/2008 07:00:00 AM +0000,5/18/2008 12:52,0,,Mid-Block (not related to intersection),Daylight,S DEARBORN ST BETWEEN 6TH AVE S AND MAYNARD AVE S,0,1,,2,\\sdotnasvfa\sdot_vol1\H8\PROD\ATTACHMENTS\COL_REPORT\2908162.pdf,2908162,Dry,18,"MOTOR VEHICLE STRUCK PEDALCYCLIST, FRONT END AT ANGLE",8139004,19827,0,1,Property Damage Only Collision,,45,Bicycle,Matched,0,1,Clear or Partly Cloudy,0,5805,0,N,2008-178786
91686,"""(47.57967346300006, -122.29915965999999)""",80178,80178,Block,Cycles,\\sdotnasvfa\sdot_vol1\H8\PROD\ATTACHMENTS\COL_DIAGRAM\66184907.bmp,542.5,,,0,,05/17/2008 07:00:00 AM +0000,5/17/2008 11:20,1,,Driveway Junction,Daylight,RAINIER AVE S BETWEEN S BAYVIEW ST AND S MCCLELLAN ST,0,1,,2,\\sdotnasvfa\sdot_vol1\H8\PROD\ATTACHMENTS\COL_REPORT\2892283.pdf,2892283,Unknown,18,"MOTOR VEHICLE STRUCK PEDALCYCLIST, FRONT END AT ANGLE",8138038,12364,0,2,Injury Collision,,45,Bicycle,Matched,0,1,Unknown,0,0,0,N,2008-179959
91732,"""(47.57474862600003, -122.29668527299998)""",80430,80430,Block,Cycles,\\sdotnasvfa\sdot_vol1\H8\PROD\ATTACHMENTS\COL_DIAGRAM\11183973.bmp,65, ,,0,,11/26/2008 08:00:00 AM +0000,11/26/2008 9:45,1,,Mid-Block (not related to intersection),Daylight,M L KING JR ER WAY S BETWEEN S HANFORD N ST AND S HANFORD S ST,0,1,,2,\\sdotnasvfa\sdot_vol1\H8\PROD\ATTACHMENTS\COL_REPORT\3289542.pdf,3289542,Dry,18,"MOTOR VEHICLE STRUCK PEDALCYCLIST, FRONT END AT ANGLE",8331036,352479,0,2,Injury Collision,,45,Bicycle,Matched,0,1,Clear or Partly Cloudy,0,0,525542,N,2008-442946
91887,"""(47.675777588000074, -122.30546890699998)""",79608,79608,Intersection,Cycles,\\sdotnasvfa\sdot_vol1\H8\PROD\ATTACHMENTS\COL_DIAGRAM\31183300.bmp,0,,,0,,06/17/2008 07:00:00 AM +0000,6/17/2008 20:38,1,24800,At Intersection (intersection related),Daylight,21ST AVE NE AND NE 65TH W ST,0,1,,2,\\sdotnasvfa\sdot_vol1\H8\PROD\ATTACHMENTS\COL_REPORT\2905431.pdf,2905431,Dry,18,"MOTOR VEHICLE STRUCK PEDALCYCLIST, FRONT END AT ANGLE",8169005,17272,0,2,Injury Collision,,45,Bicycle,Matched,0,1,Clear or Partly Cloudy,0,29720,0,N,2008-219465
91912,"""(47.71927875000006, -122.295233054)""",79732,79732,Intersection,Cycles,\\sdotnasvfa\sdot_vol1\H8\PROD\ATTACHMENTS\COL_DIAGRAM\33181371.bmp,0, ,,0,,10/17/2008 07:00:00 AM +0000,10/17/2008 10:31,1,36601,At Intersection (intersection related),Daylight,LAKE CITY WAY NE AND NE 125TH ST,0,1,Y,2,\\sdotnasvfa\sdot_vol1\H8\PROD\ATTACHMENTS\COL_REPORT\3278010.pdf,3278010,Dry,18,"MOTOR VEHICLE STRUCK PEDALCYCLIST, FRONT END AT ANGLE",8291005,11183,0,2,Injury Collision,,45,Bicycle,Matched,0,1,Clear or Partly Cloudy,0,0,524531,N,2008-394025
91952,"""(47.72094486000003, -122.29079801899996)""",79463,79463,Block,Cycles,\\sdotnasvfa\sdot_vol1\H8\PROD\ATTACHMENTS\COL_DIAGRAM\77185907.bmp,617.5,,,0,,10/30/2008 07:00:00 AM +0000,10/30/2008 17:17,1,,Driveway Junction,Daylight,35TH AVE NE BETWEEN NE 125TH ST AND NE 130TH S ST,0,1,Y,2,\\sdotnasvfa\sdot_vol1\H8\PROD\ATTACHMENTS\COL_REPORT\2794875.pdf,2794875,Dry,18,"MOTOR VEHICLE STRUCK PEDALCYCLIST, FRONT END AT ANGLE",8304032,5396,0,2,Injury Collision,,45,Bicycle,Matched,0,1,Clear or Partly Cloudy,0,0,0,N,2008-407986
91960,"""(47.69062077800004, -122.37410322)""",79316,79316,Intersection,Cycles,\\sdotnasvfa\sdot_vol1\H8\PROD\ATTACHMENTS\COL_DIAGRAM\55183170.bmp,0,,,0,,01/19/2008 08:00:00 AM +0000,1/19/2008 18:20,1,37267,At Intersection (intersection related),Dark - No Street Lights,14TH AVE NW AND NW 85TH ST,0,1,,2,\\sdotnasvfa\sdot_vol1\H8\PROD\ATTACHMENTS\COL_REPORT\C698720.pdf,C698720,Wet,18,"MOTOR VEHICLE STRUCK PEDALCYCLIST, FRONT END AT ANGLE",8019043,1912,0,2,Injury Collision,,45,Bicycle,Matched,0,1,Overcast,0,0,0,N,
91962,"""(47.67396072400004, -122.30064519199999)""",79324,79324,Block,Cycles,\\sdotnasvfa\sdot_vol1\H8\PROD\ATTACHMENTS\COL_DIAGRAM\11511800.bmp,661,,,0,Y,08/15/2008 07:00:00 AM +0000,8/15/2008 21:16,0,,Mid-Block (not related to intersection),Dark - Street Lights On,25TH AVE NE BETWEEN NE 60TH ST AND NE 65TH ST,0,1,Y,2,\\sdotnasvfa\sdot_vol1\H8\PROD\ATTACHMENTS\COL_REPORT\3284109.pdf,3284109,Dry,51,PEDALCYCLIST STRUCK MOTOR VEHICLE FRONT END AT ANGLE,8228026,3727,0,1,Property Damage Only Collision,,45,Bicycle,Matched,0,1,Clear or Partly Cloudy,0,18789,0,N,2008-304345
91981,"""(47.66464629700005, -122.34452288099999)""",79716,79716,Block,Cycles,\\sdotnasvfa\sdot_vol1\H8\PROD\ATTACHMENTS\COL_DIAGRAM\11561900.bmp,130,,,0,,06/18/2008 07:00:00 AM +0000,6/18/2008 19:45,1,,Mid-Block (not related to intersection),Dark - Street Lights On,WOODLAND PARK AVE N BETWEEN N 49TH ST AND N 50TH ST,0,1,,2,\\sdotnasvfa\sdot_vol1\H8\PROD\ATTACHMENTS\COL_REPORT\2905433.pdf,2905433,Dry,56,PEDALCYCLIST STRUCK MOTOR VEHICLE LEFT SIDE SIDESWIPE,8170003,13666,0,2,Injury Collision,,45,Bicycle,Matched,0,1,Clear or Partly Cloudy,0,0,0,N,2008-220778
91983,"""(47.613479588000075, -122.34867330799995)""",79709,79709,Intersection,Cycles,\\sdotnasvfa\sdot_vol1\H8\PROD\ATTACHMENTS\COL_DIAGRAM\81188800.bmp,0,,,0,,10/23/2008 07:00:00 AM +0000,10/23/2008 12:00,1,29699,At Intersection (intersection related),Daylight,BATTERY ST AND WESTERN AVE,0,1,Y,2,\\sdotnasvfa\sdot_vol1\H8\PROD\ATTACHMENTS\COL_REPORT\3288628.pdf,3288628,Dry,18,"MOTOR VEHICLE STRUCK PEDALCYCLIST, FRONT END AT ANGLE",8297028,9072,0,2,Injury Collision,,45,Bicycle,Matched,0,1,Clear or Partly Cloudy,0,13107,0,N,08-399680
91985,"""(47.61994629700007, -122.31561901799995)""",79432,79432,Intersection,Cycles,\\sdotnasvfa\sdot_vol1\H8\PROD\ATTACHMENTS\COL_DIAGRAM\11187700.bmp,0,,,0,,09/12/2008 07:00:00 AM +0000,9/12/2008 21:18,1,29056,At Intersection (intersection related),Dark - Street Lights On,13TH AVE E AND E JOHN ST,0,1,Y,2,\\sdotnasvfa\sdot_vol1\H8\PROD\ATTACHMENTS\COL_REPORT\2899377.pdf,2899377,Dry,18,"MOTOR VEHICLE STRUCK PEDALCYCLIST, FRONT END AT ANGLE",8256004,1744,0,2,Injury Collision,,45,Bicycle,Matched,0,1,Clear or Partly Cloudy,0,35234,0,N,08-342989
92030,"""(47.675948498000025, -122.38758472899997)""",79554,79554,Intersection,Cycles,\\sdotnasvfa\sdot_vol1\H8\PROD\ATTACHMENTS\COL_DIAGRAM\17185500.bmp,0,,,0,,07/21/2008 07:00:00 AM +0000,7/21/2008 19:10,1,23943,At Intersection (intersection related),Daylight,24TH AVE NW AND NW 65TH ST,0,1,Y,2,\\sdotnasvfa\sdot_vol1\H8\PROD\ATTACHMENTS\COL_REPORT\3277178.pdf,3277178,Dry,18,"MOTOR VEHICLE STRUCK PEDALCYCLIST, FRONT END AT ANGLE",8203001,3600,0,2,Injury Collision,,45,Bicycle,Matched,0,1,Clear or Partly Cloudy,0,2255,0,N,2008-268626
92040,"""(47.57588836700006, -122.40943664799994)""",79691,79691,Intersection,Cycles,\\sdotnasvfa\sdot_vol1\H8\PROD\ATTACHMENTS\COL_DIAGRAM\31187700.bmp,0,,,0,,06/30/2008 07:00:00 AM +0000,6/30/2008 15:23,1,30988,At Intersection (intersection related),Daylight,60TH AVE SW AND SW ADMIRAL WAY,0,1,Y,2,\\sdotnasvfa\sdot_vol1\H8\PROD\ATTACHMENTS\COL_REPORT\2895867.pdf,2895867,Dry,18,"MOTOR VEHICLE STRUCK PEDALCYCLIST, FRONT END AT ANGLE",8182002,8070,1,2b,Serious Injury Collision,,45,Bicycle,Matched,0,1,Clear or Partly Cloudy,0,28783,0,N,2008-237959
92056,"""(47.61388302300003, -122.35309719799994)""",79560,79560,Block,Cycles,\\sdotnasvfa\sdot_vol1\H8\PROD\ATTACHMENTS\COL_DIAGRAM\81188800.bmp,304,,,0,,05/14/2008 07:00:00 AM +0000,5/14/2008 17:30,0,,Mid-Block (not related to intersection),Daylight,ALASKAN WAY BETWEEN VINE ST AND CLAY ST,0,1,Y,2,\\sdotnasvfa\sdot_vol1\H8\PROD\ATTACHMENTS\COL_REPORT\2905505.pdf,2905505,Dry,18,"MOTOR VEHICLE STRUCK PEDALCYCLIST, FRONT END AT ANGLE",8135004,8732,0,1,Property Damage Only Collision,,45,Bicycle,Matched,0,1,Overcast,0,20771,0,N,2008 173385
92079,"""(47.61848764500007, -122.32528579199999)""",79424,79424,Intersection,Cycles,\\sdotnasvfa\sdot_vol1\H8\PROD\ATTACHMENTS\COL_DIAGRAM\77517800.bmp,0,,,0,,11/15/2008 08:00:00 AM +0000,11/15/2008 19:26,1,29160,At Intersection (intersection related),Dark - Street Lights On,SUMMIT AVE AND E DENNY WAY,0,1,,2,\\sdotnasvfa\sdot_vol1\H8\PROD\ATTACHMENTS\COL_REPORT\2615022.pdf,2615022,Dry,51,PEDALCYCLIST STRUCK MOTOR VEHICLE FRONT END AT ANGLE,8320030,12990,0,2,Injury Collision,,45,Bicycle,Matched,0,1,Clear or Partly Cloudy,0,35189,0,N,2008-429353
92114,"""(47.61849264600005, -122.32672599299997)""",79530,79530,Intersection,Cycles,\\sdotnasvfa\sdot_vol1\H8\PROD\ATTACHMENTS\COL_DIAGRAM\55181700.bmp,0,,,0,,02/02/2008 08:00:00 AM +0000,2/2/2008,1,29164,At Intersection (intersection related),Daylight,BELLEVUE AVE AND E DENNY WAY,0,1,,2,\\sdotnasvfa\sdot_vol1\H8\PROD\ATTACHMENTS\COL_REPORT\2906221.pdf,2906221,Dry,18,"MOTOR VEHICLE STRUCK PEDALCYCLIST, FRONT END AT ANGLE",8033003,9217,0,2,Injury Collision,,45,Bicycle,Matched,0,1,Overcast,0,23311,0,N,08-043487
92121,"""(47.62388537100003, -122.34235544599994)""",79687,79687,Block,Cycles,\\sdotnasvfa\sdot_vol1\H8\PROD\ATTACHMENTS\COL_DIAGRAM\11511200.bmp,242,,,0,,07/01/2008 07:00:00 AM +0000,7/1/2008,1,,Mid-Block (but intersection related),Daylight,DEXTER AVE N BETWEEN REPUBLICAN ST AND MERCER ST,0,1,Y,4,\\sdotnasvfa\sdot_vol1\H8\PROD\ATTACHMENTS\COL_REPORT\2826266.pdf,2826266,Dry,51,PEDALCYCLIST STRUCK MOTOR VEHICLE FRONT END AT ANGLE,8183002,10075,0,2,Injury Collision,,45,Bicycle,Matched,0,1,Clear or Partly Cloudy,0,12640,0,N,08-239618
92147,"""(47.64924012200004, -122.34741874299999)""",79403,79403,Intersection,Cycles,\\sdotnasvfa\sdot_vol1\H8\PROD\ATTACHMENTS\COL_DIAGRAM\31187700.bmp,0,,,0,,02/23/2008 08:00:00 AM +0000,2/23/2008 9:05,1,27043,At Intersection (intersection related),Daylight,TROLL AVE N AND N 34TH ST,0,1,Y,2,\\sdotnasvfa\sdot_vol1\H8\PROD\ATTACHMENTS\COL_REPORT\2904585.pdf,2904585,Dry,18,"MOTOR VEHICLE STRUCK PEDALCYCLIST, FRONT END AT ANGLE",8054002,9002,0,2,Injury Collision,,45,Bicycle,Matched,0,1,Clear or Partly Cloudy,0,8824,0,N,08-070377
92148,"""(47.61438806600006, -122.337653607)""",79667,79667,Block,Cycles,\\sdotnasvfa\sdot_vol1\H8\PROD\ATTACHMENTS\COL_DIAGRAM\11561900.bmp,163,,,0,,12/11/2008 08:00:00 AM +0000,12/11/2008 13:29,1,,Mid-Block (not related to intersection),Daylight,WESTLAKE AVE BETWEEN 6TH AVE AND VIRGINIA ST,0,1,,4,\\sdotnasvfa\sdot_vol1\H8\PROD\ATTACHMENTS\COL_REPORT\3288906.pdf,3288906,Dry,56,PEDALCYCLIST STRUCK MOTOR VEHICLE LEFT SIDE SIDESWIPE,8346013,13527,0,2,Injury Collision,,45,Bicycle,Matched,0,1,Clear or Partly Cloudy,0,25288,0,N,08-462136
92197,"""(47.68717778600006, -122.30122138999997)""",79658,79658,Block,Cycles,\\sdotnasvfa\sdot_vol1\H8\PROD\ATTACHMENTS\COL_DIAGRAM\11561900.bmp,203.5,,,0,,06/16/2008 07:00:00 AM +0000,6/16/2008 18:40,1,,Mid-Block (not related to intersection),Daylight,25TH AVE NE BETWEEN NE 80TH ST AND RAVENNA S AVE NE,0,1,,3,\\sdotnasvfa\sdot_vol1\H8\PROD\ATTACHMENTS\COL_REPORT\2799360.pdf,2799360,Dry,56,PEDALCYCLIST STRUCK MOTOR VEHICLE LEFT SIDE SIDESWIPE,8168002,3734,0,2,Injury Collision,,45,Bicycle,Matched,0,1,Clear or Partly Cloudy,0,11215,0,N,2008-217961
92294,"""(47.67016705000003, -122.370756014)""",79763,79763,Intersection,Cycles,\\sdotnasvfa\sdot_vol1\H8\PROD\ATTACHMENTS\COL_DIAGRAM\33185500.bmp,0,,,0,,10/01/2008 07:00:00 AM +0000,10/1/2008,1,25411,At Intersection (intersection related),Daylight,11TH AVE NW AND NW 57TH ST,0,1,,2,\\sdotnasvfa\sdot_vol1\H8\PROD\ATTACHMENTS\COL_REPORT\2798119.pdf,2798119,Dry,18,"MOTOR VEHICLE STRUCK PEDALCYCLIST, FRONT END AT ANGLE",8275026,1439,0,2,Injury Collision,,45,Bicycle,Matched,0,1,Clear or Partly Cloudy,0,0,0,N,08-368713
92305,"""(47.63870422800005, -122.31277085999994)""",79762,79762,Block,Cycles,\\sdotnasvfa\sdot_vol1\H8\PROD\ATTACHMENTS\COL_DIAGRAM\22232200.bmp,1773.5,,,0,,10/02/2008 07:00:00 AM +0000,10/2/2008,1,,Mid-Block (not related to intersection),Daylight,E INTERLAKEN BLVD BETWEEN DELMAR DR E AND INTERLAKEN DR E,0,1,,3,\\sdotnasvfa\sdot_vol1\H8\PROD\ATTACHMENTS\COL_REPORT\2899022.pdf,2899022,Dry,23,"MOTOR VEHICLE STRUCK PEDALCYCLIST, LEFT SIDE SIDESWIPE",8276022,14202,0,2,Injury Collision,,45,Bicycle,Matched,0,1,Overcast,0,0,0,N,08-370193
92314,"""(47.66865485000005, -122.39285829699998)""",79630,79630,Intersection,Cycles,\\sdotnasvfa\sdot_vol1\H8\PROD\ATTACHMENTS\COL_DIAGRAM\77181900.bmp,0,,,0,,07/07/2008 07:00:00 AM +0000,7/7/2008,1,25226,At Intersection (intersection related),Daylight,28TH AVE NW AND NW MARKET ST,0,1,Y,2,\\sdotnasvfa\sdot_vol1\H8\PROD\ATTACHMENTS\COL_REPORT\2830089.pdf,2830089,Dry,18,"MOTOR VEHICLE STRUCK PEDALCYCLIST, FRONT END AT ANGLE",8189002,4136,1,2b,Serious Injury Collision,,45,Bicycle,Matched,0,1,Clear or Partly Cloudy,0,25916,0,N,2008-248652
92405,"""(47.599224596000056, -122.31157742299996)""",78954,78954,Intersection,Cycles,\\sdotnasvfa\sdot_vol1\H8\PROD\ATTACHMENTS\COL_DIAGRAM\11187700.bmp,0,,,0,,01/19/2007 08:00:00 AM +0000,1/19/2007 7:26,1,30748,At Intersection (intersection related),Dawn,16TH AVE S AND S JACKSON ST,0,1,Y,2,\\sdotnasvfa\sdot_vol1\H8\PROD\ATTACHMENTS\COL_REPORT\2614977.pdf,2614977,Wet,18,"MOTOR VEHICLE STRUCK PEDALCYCLIST, FRONT END AT ANGLE",7019002,2282,0,2,Injury Collision,,45,Bicycle,Matched,0,1,Raining,0,11024,0,N,07-025702
92468,"""(47.67381049200003, -122.36873253799996)""",79054,79054,Intersection,Cycles,\\sdotnasvfa\sdot_vol1\H8\PROD\ATTACHMENTS\COL_DIAGRAM\33185500.bmp,0,,,0,,03/09/2007 08:00:00 AM +0000,3/9/2007,1,25389,At Intersection (intersection related),Daylight,9TH AVE NW AND NW 62ND ST,0,1,,3,\\sdotnasvfa\sdot_vol1\H8\PROD\ATTACHMENTS\COL_REPORT\2617572.pdf,2617572,Dry,18,"MOTOR VEHICLE STRUCK PEDALCYCLIST, FRONT END AT ANGLE",7068003,8580,1,2b,Serious Injury Collision,,45,Bicycle,Matched,0,1,Overcast,0,0,0,N,07-097059
92476,"""(47.568234188000076, -122.27264218699997)""",78801,78801,Block,Cycles,\\sdotnasvfa\sdot_vol1\H8\PROD\ATTACHMENTS\COL_DIAGRAM\88690000.bmp,265.5,,,0,,05/23/2007 07:00:00 AM +0000,5/23/2007 13:08,1,,Mid-Block (not related to intersection),Daylight,LAKE WASHINGTON BLVD S BETWEEN 48TH AVE S AND 49TH AVE S,0,1,,2,\\sdotnasvfa\sdot_vol1\H8\PROD\ATTACHMENTS\COL_REPORT\2401872.pdf,2401872,Dry,69,PEDALCYCLIST OVERTURNED IN ROAD,7143003,11235,0,2,Injury Collision,,45,Bicycle,Matched,0,1,Clear or Partly Cloudy,0,0,0,N,07 205846
92478,"""(47.62030263500003, -122.34238673299996)""",79183,79183,Block,Cycles,\\sdotnasvfa\sdot_vol1\H8\PROD\ATTACHMENTS\COL_DIAGRAM\57185500.bmp,213,,,0,,06/29/2007 07:00:00 AM +0000,6/29/2007 5:29,0,,Driveway Junction,Daylight,DEXTER AVE N BETWEEN JOHN ST AND THOMAS ST,0,1,Y,3,\\sdotnasvfa\sdot_vol1\H8\PROD\ATTACHMENTS\COL_REPORT\2807315.pdf,2807315,Dry,18,"MOTOR VEHICLE STRUCK PEDALCYCLIST, FRONT END AT ANGLE",7180002,10072,0,1,Property Damage Only Collision,,45,Bicycle,Matched,0,1,Clear or Partly Cloudy,0,12611,0,N,07-262735
92606,"""(47.54912705700008, -122.36890638899996)""",79151,79151,Block,Cycles,\\sdotnasvfa\sdot_vol1\H8\PROD\ATTACHMENTS\COL_DIAGRAM\55517700.bmp,659,,,0,,07/15/2007 07:00:00 AM +0000,7/15/2007 18:43,1,,Driveway Junction,Daylight,HIGH POINT DR SW BETWEEN 30TH N AVE SW AND SW RAYMOND ST,0,1,,2,\\sdotnasvfa\sdot_vol1\H8\PROD\ATTACHMENTS\COL_REPORT\2798500.pdf,2798500,Dry,51,PEDALCYCLIST STRUCK MOTOR VEHICLE FRONT END AT ANGLE,7196002,10878,0,2,Injury Collision,,45,Bicycle,Matched,0,1,Clear or Partly Cloudy,0,0,0,N,07-289357
92608,"""(47.61547072600007, -122.32789888899998)""",78905,78905,Block,Cycles,\\sdotnasvfa\sdot_vol1\H8\PROD\ATTACHMENTS\COL_DIAGRAM\11515400.bmp,85,,,0,,11/18/2007 08:00:00 AM +0000,11/18/2007 20:31,1,,Driveway Junction,Dark - Street Lights On,MELROSE AVE BETWEEN PINE ST AND YALE AVE,0,1,Y,2,\\sdotnasvfa\sdot_vol1\H8\PROD\ATTACHMENTS\COL_REPORT\2906126.pdf,2906126,Dry,51,PEDALCYCLIST STRUCK MOTOR VEHICLE FRONT END AT ANGLE,7322003,11745,1,2b,Serious Injury Collision,,45,Bicycle,Matched,0,1,Clear or Partly Cloudy,0,11516,0,N,07-468850
92660,"""(47.67578858600007, -122.31253248799999)""",79019,79019,Block,Cycles,\\sdotnasvfa\sdot_vol1\H8\PROD\ATTACHMENTS\COL_DIAGRAM\33563900.bmp,148,,,0,Y,08/15/2007 07:00:00 AM +0000,8/15/2007 21:26,1,,Mid-Block (not related to intersection),Dark - Street Lights On,NE 65TH ST BETWEEN 14TH AVE NE AND 15TH AVE NE,0,1,,2,\\sdotnasvfa\sdot_vol1\H8\PROD\ATTACHMENTS\COL_REPORT\2881383.pdf,2881383,Dry,56,PEDALCYCLIST STRUCK MOTOR VEHICLE LEFT SIDE SIDESWIPE,7227001,17265,0,2,Injury Collision,,45,Bicycle,Matched,0,1,Clear or Partly Cloudy,0,29273,0,N,07-336441
92666,"""(47.65104751100006, -122.32168580199999)""",79007,79007,Block,Cycles,\\sdotnasvfa\sdot_vol1\H8\PROD\ATTACHMENTS\COL_DIAGRAM\22690000.bmp,218,,,0,,11/23/2007 08:00:00 AM +0000,11/23/2007 12:34,1,,Mid-Block (but intersection related),Daylight,EASTLAKE AVE E BETWEEN HARVARD AVE E AND FUHRMAN AVE E,0,1,Y,2,\\sdotnasvfa\sdot_vol1\H8\PROD\ATTACHMENTS\COL_REPORT\2906084.pdf,2906084,Dry,69,PEDALCYCLIST OVERTURNED IN ROAD,7327004,10184,0,2,Injury Collision,,45,Bicycle,Matched,0,1,Clear or Partly Cloudy,0,6078,0,N,07-474215
92702,"""(47.61860206600005, -122.35545314299998)""",78751,78751,Intersection,Cycles,\\sdotnasvfa\sdot_vol1\H8\PROD\ATTACHMENTS\COL_DIAGRAM\12211100.bmp,0,,,0,,06/19/2007 07:00:00 AM +0000,6/19/2007 19:48,1,29717,At Intersection (intersection related),Daylight,1ST AVE AND DENNY WAY,0,1,Y,2,\\sdotnasvfa\sdot_vol1\H8\PROD\ATTACHMENTS\COL_REPORT\2826162.pdf,2826162,Dry,21,"MOTOR VEHICLE STRUCK PEDALCYCLIST, REAR END",7170002,1025,0,2,Injury Collision,,45,Bicycle,Matched,0,1,Clear or Partly Cloudy,0,14438,0,N,07-248015
92705,"""(47.69206610500004, -122.36333026499995)""",79011,79011,Intersection,Cycles,\\sdotnasvfa\sdot_vol1\H8\PROD\ATTACHMENTS\COL_DIAGRAM\33517500.bmp,0,,,0,,09/28/2007 07:00:00 AM +0000,9/28/2007 7:00,1,37178,At Intersection (intersection related),Daylight,6TH AVE NW AND NW 87TH ST,0,1,Y,2,\\sdotnasvfa\sdot_vol1\H8\PROD\ATTACHMENTS\COL_REPORT\2795795.pdf,2795795,Wet,51,PEDALCYCLIST STRUCK MOTOR VEHICLE FRONT END AT ANGLE,7271009,7963,0,2,Injury Collision,,45,Bicycle,Matched,0,1,Overcast,0,0,0,N,07-400274