OBJECTID,Shape,INCKEY,COLDETKEY,ADDRTYPE,COLLISIONTYPE,DIAGRAMLINK,DISTANCE,EXCEPTRSNCODE,EXCEPTRSNDESC,FATALITIES,INATTENTIONIND,INCDATE,INCDTTM,INJURIES,INTKEY,JUNCTIONTYPE,LIGHTCOND,LOCATION,PEDCOUNT,PEDCYLCOUNT,PEDROWNOTGRNT,PERSONCOUNT,REPORTLINK,REPORTNO,ROADCOND,SDOT_COLCODE,SDOT_COLDESC,SDOTCOLNUM,SEGKEY,SERIOUSINJURIES,SEVERITYCODE,SEVERITYDESC,SPEEDING,ST_COLCODE,ST_COLDESC,STATUS,UNDERINFL,VEHCOUNT,WEATHER,WIDTH,SEGLANEKEY,CROSSWALKKEY,HITPARKEDCAR,SPDCASENO
94634,"""(47.510508927000046, -122.23897175399998)""",76706,76706,Block,Cycles,\\sdotnasvfa\sdot_vol1\H8\PROD\ATTACHMENTS\COL_DIAGRAM\33613300.bmp,552,,,0,,05/24/2007 07:00:00 AM +0000,5/24/2007 12:00,2,,Mid-Block (not related to intersection),Daylight,RAINIER AVE S BETWEEN 75TH AVE S AND CITY LIMITS,0,2,,2,\\sdotnasvfa\sdot_vol1\H8\PROD\ATTACHMENTS\COL_REPORT\2794137.pdf,2794137,Dry,61,PEDALCYCLIST STRUCK PEDALCYCLIST REAR END,7144031,12439,0,2,Injury Collision,,45,Bicycle,Matched,0,0,Clear or Partly Cloudy,0,4991,0,N,07-207178
94663,"""(47.66501938000005, -122.35395996399996)""",77087,77087,Intersection,Cycles,\\sdotnasvfa\sdot_vol1\H8\PROD\ATTACHMENTS\COL_DIAGRAM\35183300.bmp,0,,,0,,02/15/2007 08:00:00 AM +0000,2/15/2007 8:24,1,25661,At Intersection (intersection related),Daylight,PHINNEY AVE N AND N 50TH E ST,0,1,,2,\\sdotnasvfa\sdot_vol1\H8\PROD\ATTACHMENTS\COL_REPORT\2609911.pdf,2609911,Dry,18,"MOTOR VEHICLE STRUCK PEDALCYCLIST, FRONT END AT ANGLE",7046006,15639,0,2,Injury Collision,,45,Bicycle,Matched,0,1,Overcast,0,28288,0,N,07-066016
94704,"""(47.60169336800004, -122.31678189299998)""",76950,76950,Intersection,Cycles,\\sdotnasvfa\sdot_vol1\H8\PROD\ATTACHMENTS\COL_DIAGRAM\56215500.bmp,0,,,0,,02/21/2007 08:00:00 AM +0000,2/21/2007 15:00,1,30410,At Intersection (intersection related),Daylight,12TH AVE AND E YESLER WAY,0,1,,2,\\sdotnasvfa\sdot_vol1\H8\PROD\ATTACHMENTS\COL_REPORT\2805906.pdf,2805906,Dry,21,"MOTOR VEHICLE STRUCK PEDALCYCLIST, REAR END",7052036,1523,0,2,Injury Collision,,45,Bicycle,Matched,0,1,Clear or Partly Cloudy,0,10532,0,N,07-075242
94803,"""(47.631983035000076, -122.34602673799998)""",76917,76917,Block,Cycles,\\sdotnasvfa\sdot_vol1\H8\PROD\ATTACHMENTS\COL_DIAGRAM\55545900.bmp,118.5,,,0,,10/30/2007 07:00:00 AM +0000,10/30/2007 7:54,1,,Mid-Block (not related to intersection),Daylight,TAYLOR AVE N BETWEEN TAYLOR UPPER AVE N AND GALER ST,0,1,,2,\\sdotnasvfa\sdot_vol1\H8\PROD\ATTACHMENTS\COL_REPORT\2826306.pdf,2826306,Dry,54,PEDALCYCLIST STRUCK MOTOR VEHICLE REAR END,7303001,13085,0,2,Injury Collision,,45,Bicycle,Matched,0,1,Overcast,0,11198,0,N,07-442964
94805,"""(47.63349488800003, -122.37965251499998)""",76922,76922,Intersection,Cycles,\\sdotnasvfa\sdot_vol1\H8\PROD\ATTACHMENTS\COL_DIAGRAM\33187600.bmp,0,,,0,Y,06/11/2007 07:00:00 AM +0000,6/11/2007 15:45,1,27614,At Intersection (intersection related),Daylight,MAGNOLIA BR AND MAGNOLIA EB E BR,0,1,,2,\\sdotnasvfa\sdot_vol1\H8\PROD\ATTACHMENTS\COL_REPORT\2825853.pdf,2825853,Dry,18,"MOTOR VEHICLE STRUCK PEDALCYCLIST, FRONT END AT ANGLE",7162004,11627,0,2,Injury Collision,,45,Bicycle,Matched,0,1,Overcast,0,0,0,N,07-235398
94858,"""(47.65104751100006, -122.32168580199999)""",77042,77042,Block,Cycles,\\sdotnasvfa\sdot_vol1\H8\PROD\ATTACHMENTS\COL_DIAGRAM\64182200.bmp,218,,,0,,05/17/2007 07:00:00 AM +0000,5/17/2007 15:00,1,,Driveway Junction,Daylight,EASTLAKE AVE E BETWEEN HARVARD AVE E AND FUHRMAN AVE E,0,1,Y,2,\\sdotnasvfa\sdot_vol1\H8\PROD\ATTACHMENTS\COL_REPORT\2610396.pdf,2610396,Dry,18,"MOTOR VEHICLE STRUCK PEDALCYCLIST, FRONT END AT ANGLE",7137022,10184,0,2,Injury Collision,,45,Bicycle,Matched,0,1,Clear or Partly Cloudy,0,6064,0,N,07-198184
94868,"""(47.70505121300005, -122.34469413)""",77027,77027,Intersection,Cycles,\\sdotnasvfa\sdot_vol1\H8\PROD\ATTACHMENTS\COL_DIAGRAM\55187171.bmp,0, ,,0,,12/08/2007 08:00:00 AM +0000,12/8/2007,0,36360,At Intersection (intersection related),Dark - Street Lights On,AURORA AVE N AND N NORTHGATE WAY,0,1,Y,6,\\sdotnasvfa\sdot_vol1\H8\PROD\ATTACHMENTS\COL_REPORT\2892955.pdf,2892955,Dry,18,"MOTOR VEHICLE STRUCK PEDALCYCLIST, FRONT END AT ANGLE",7342019,8985,0,1,Property Damage Only Collision,,45,Bicycle,Matched,0,1,Clear or Partly Cloudy,0,0,521685,N,07-493324
94965,"""(47.65613981200005, -122.31880212699997)""",76360,76360,Intersection,Cycles,\\sdotnasvfa\sdot_vol1\H8\PROD\ATTACHMENTS\COL_DIAGRAM\22185500.bmp,0,,,0,,03/05/2007 08:00:00 AM +0000,3/5/2007,1,27128,At Intersection (intersection related),Dusk,9TH AVE NE AND NE 40TH ALLEY ST,0,1,,2,\\sdotnasvfa\sdot_vol1\H8\PROD\ATTACHMENTS\COL_REPORT\2614347.pdf,2614347,Dry,18,"MOTOR VEHICLE STRUCK PEDALCYCLIST, FRONT END AT ANGLE",7064004,8538,0,2,Injury Collision,,45,Bicycle,Matched,0,1,Clear or Partly Cloudy,0,0,0,N,07-092141
94997,"""(47.578874744000075, -122.28370626699996)""",76348,76348,Block,Cycles,\\sdotnasvfa\sdot_vol1\H8\PROD\ATTACHMENTS\COL_DIAGRAM\66236600.bmp,1842,,,0,,06/18/2007 07:00:00 AM +0000,6/18/2007 17:00,0,,Mid-Block (not related to intersection),Daylight,LAKE WASHINGTON BLVD S BETWEEN LAKE PARK DR S AND S HORTON NR ST,0,1,,2,\\sdotnasvfa\sdot_vol1\H8\PROD\ATTACHMENTS\COL_REPORT\2798620.pdf,2798620,Dry,23,"MOTOR VEHICLE STRUCK PEDALCYCLIST, LEFT SIDE SIDESWIPE",7169003,11230,0,1,Property Damage Only Collision,,45,Bicycle,Matched,0,1,Clear or Partly Cloudy,0,38078,0,N,07-247950
94999,"""(47.580254111000045, -122.38658351199996)""",76615,76615,Block,Cycles,\\sdotnasvfa\sdot_vol1\H8\PROD\ATTACHMENTS\COL_DIAGRAM\11549100.bmp,344,,,0,Y,08/07/2007 07:00:00 AM +0000,8/7/2007,1,,Mid-Block (not related to intersection),Daylight,CALIFORNIA AVE SW BETWEEN SW ADMIRAL WAY AND SW LANDER ST,0,1,,2,\\sdotnasvfa\sdot_vol1\H8\PROD\ATTACHMENTS\COL_REPORT\2798550.pdf,2798550,Dry,54,PEDALCYCLIST STRUCK MOTOR VEHICLE REAR END,7219001,9540,0,2,Injury Collision,,45,Bicycle,Matched,0,1,Overcast,0,2587,0,N,07-324509
95065,"""(47.675876972000026, -122.32297500799996)""",76475,76475,Block,Cycles,\\sdotnasvfa\sdot_vol1\H8\PROD\ATTACHMENTS\COL_DIAGRAM\34513900.bmp,33.5,,,0,,05/05/2007 07:00:00 AM +0000,5/5/2007,1,,Mid-Block (but intersection related),Daylight,NE 65TH ST BETWEEN 5TH E AVE NE AND HILLMAN PL NE,0,1,,2,\\sdotnasvfa\sdot_vol1\H8\PROD\ATTACHMENTS\COL_REPORT\2829538.pdf,2829538,Dry,51,PEDALCYCLIST STRUCK MOTOR VEHICLE FRONT END AT ANGLE,7125003,17254,0,2,Injury Collision,,45,Bicycle,Matched,0,1,Clear or Partly Cloudy,0,6669,0,N,07-179038
95074,"""(47.62029195700006, -122.36048457299995)""",76599,76599,Block,Cycles,\\sdotnasvfa\sdot_vol1\H8\PROD\ATTACHMENTS\COL_DIAGRAM\44182200.bmp,174, ,,0,,04/08/2007 07:00:00 AM +0000,4/8/2007,1,,Mid-Block (but intersection related),Daylight,ELLIOTT AVE W BETWEEN ELLIOTT ER AVE W AND W THOMAS S ST,0,1,Y,2,\\sdotnasvfa\sdot_vol1\H8\PROD\ATTACHMENTS\COL_REPORT\2793546.pdf,2793546,Dry,18,"MOTOR VEHICLE STRUCK PEDALCYCLIST, FRONT END AT ANGLE",7098018,10212,0,2,Injury Collision,,45,Bicycle,Matched,1,1,Clear or Partly Cloudy,0,0,606528,N,07-140604
95109,"""(47.657515871000044, -122.31879625099998)""",76205,76205,Intersection,Cycles,\\sdotnasvfa\sdot_vol1\H8\PROD\ATTACHMENTS\COL_DIAGRAM\12187700.bmp,0,,,0,,05/21/2007 07:00:00 AM +0000,5/21/2007 21:14,1,27094,At Intersection (intersection related),Dark - Street Lights On,9TH AVE NE AND NE 42ND ST,0,1,,2,\\sdotnasvfa\sdot_vol1\H8\PROD\ATTACHMENTS\COL_REPORT\2829031.pdf,2829031,Wet,18,"MOTOR VEHICLE STRUCK PEDALCYCLIST, FRONT END AT ANGLE",7141004,8539,1,2b,Serious Injury Collision,,45,Bicycle,Matched,0,1,Raining,0,21701,0,N,07-203550
95113,"""(47.667044041000054, -122.38394701799996)""",76337,76337,Block,Cycles,\\sdotnasvfa\sdot_vol1\H8\PROD\ATTACHMENTS\COL_DIAGRAM\88569800.bmp,296.5,,,0,,07/25/2007 07:00:00 AM +0000,7/25/2007 23:15,0,,Mid-Block (not related to intersection),Dark - Street Lights On,BALLARD AVE NW BETWEEN NW VERNON PL AND 22ND AVE NW,0,1,,2,\\sdotnasvfa\sdot_vol1\H8\PROD\ATTACHMENTS\COL_REPORT\2829083.pdf,2829083,Dry,56,PEDALCYCLIST STRUCK MOTOR VEHICLE LEFT SIDE SIDESWIPE,7206025,9045,0,1,Property Damage Only Collision,,45,Bicycle,Matched,1,1,Clear or Partly Cloudy,0,26297,0,N,07-304793
95121,"""(47.56977061300006, -122.29069886499997)""",76187,76187,Intersection,Cycles,\\sdotnasvfa\sdot_vol1\H8\PROD\ATTACHMENTS\COL_DIAGRAM\53185371.bmp,0, ,,0,,04/07/2007 07:00:00 AM +0000,4/7/2007,1,32672,At Intersection (intersection related),Dark - Street Lights On,RAINIER AVE S AND S CHARLESTOWN ST,0,1,Y,2,\\sdotnasvfa\sdot_vol1\H8\PROD\ATTACHMENTS\COL_REPORT\2613282.pdf,2613282,Wet,18,"MOTOR VEHICLE STRUCK PEDALCYCLIST, FRONT END AT ANGLE",7097002,11378,0,2,Injury Collision,Y,45,Bicycle,Matched,0,1,Raining,0,0,524336,N,07-139816
95137,"""(47.57912495100004, -122.41064800799995)""",76195,76195,Intersection,Cycles,\\sdotnasvfa\sdot_vol1\H8\PROD\ATTACHMENTS\COL_DIAGRAM\33185371.bmp,0,,,0,Y,06/23/2007 07:00:00 AM +0000,6/23/2007 20:45,1,30968,At Intersection (intersection related),Daylight,61ST AVE SW AND ALKI AVE SW,0,1,,3,\\sdotnasvfa\sdot_vol1\H8\PROD\ATTACHMENTS\COL_REPORT\2613355.pdf,2613355,Dry,18,"MOTOR VEHICLE STRUCK PEDALCYCLIST, FRONT END AT ANGLE",7174026,8086,0,2,Injury Collision,,45,Bicycle,Matched,0,1,Clear or Partly Cloudy,0,0,0,N,07-254574
95164,"""(47.56082962900007, -122.29387366499998)""",76582,76582,Block,Cycles,\\sdotnasvfa\sdot_vol1\H8\PROD\ATTACHMENTS\COL_DIAGRAM\11183300.bmp,89,,,0,,06/19/2007 07:00:00 AM +0000,6/19/2007 16:30,1,,Mid-Block (but intersection related),Daylight,S ALASKA ST BETWEEN MCCOY PL S AND M L KING JR WR WAY S,0,1,Y,2,\\sdotnasvfa\sdot_vol1\H8\PROD\ATTACHMENTS\COL_REPORT\2806887.pdf,2806887,Dry,18,"MOTOR VEHICLE STRUCK PEDALCYCLIST, FRONT END AT ANGLE",7170026,19303,0,2,Injury Collision,,45,Bicycle,Matched,0,1,Clear or Partly Cloudy,0,15688,0,N,07-252743
95190,"""(47.64614702700004, -122.34974100999995)""",76180,76180,Intersection,Cycles,\\sdotnasvfa\sdot_vol1\H8\PROD\ATTACHMENTS\COL_DIAGRAM\55514400.bmp,0,,,0,,05/30/2007 07:00:00 AM +0000,5/30/2007 12:19,1,28057,At Intersection (intersection related),Daylight,NICKERSON ST AND WESTLAKE AVE N,0,1,,2,\\sdotnasvfa\sdot_vol1\H8\PROD\ATTACHMENTS\COL_REPORT\2825753.pdf,2825753,Dry,51,PEDALCYCLIST STRUCK MOTOR VEHICLE FRONT END AT ANGLE,7150040,6170,0,2,Injury Collision,,45,Bicycle,Matched,0,1,Clear or Partly Cloudy,0,13898,0,N,07-216153
95196,"""(47.61852939200003, -122.33728173199995)""",76576,76576,Intersection,Cycles,\\sdotnasvfa\sdot_vol1\H8\PROD\ATTACHMENTS\COL_DIAGRAM\31187700.bmp,0,,,0,,01/09/2007 08:00:00 AM +0000,1/9/2007,1,29508,At Intersection (intersection related),Daylight,DENNY WAY AND TERRY AVE,0,1,,1,\\sdotnasvfa\sdot_vol1\H8\PROD\ATTACHMENTS\COL_REPORT\2793304.pdf,2793304,Dry,18,"MOTOR VEHICLE STRUCK PEDALCYCLIST, FRONT END AT ANGLE",7009005,10016,0,2,Injury Collision,,45,Bicycle,Matched,0,0,Clear or Partly Cloudy,0,23506,0,N,07-12219
95197,"""(47.604088467000054, -122.33414983799997)""",76306,76306,Block,Cycles,\\sdotnasvfa\sdot_vol1\H8\PROD\ATTACHMENTS\COL_DIAGRAM\44614400.bmp,153,,,0,,05/08/2007 07:00:00 AM +0000,5/8/2007,2,,Mid-Block (not related to intersection),Daylight,2ND AVE BETWEEN COLUMBIA ST AND MARION ST,0,2,,3,\\sdotnasvfa\sdot_vol1\H8\PROD\ATTACHMENTS\COL_REPORT\2793912.pdf,2793912,Dry,61,PEDALCYCLIST STRUCK PEDALCYCLIST REAR END,7128008,2751,0,2,Injury Collision,,45,Bicycle,Matched,0,1,Clear or Partly Cloudy,0,12047,0,N,07-184043
95250,"""(47.61913352200003, -122.34239679399997)""",76293,76293,Block,Cycles,\\sdotnasvfa\sdot_vol1\H8\PROD\ATTACHMENTS\COL_DIAGRAM\55215900.bmp,213.5,,,0,,05/09/2007 07:00:00 AM +0000,5/9/2007,1,,Mid-Block (but intersection related),Daylight,DEXTER AVE N BETWEEN DENNY WAY AND JOHN ST,0,1,,2,\\sdotnasvfa\sdot_vol1\H8\PROD\ATTACHMENTS\COL_REPORT\2793550.pdf,2793550,Dry,21,"MOTOR VEHICLE STRUCK PEDALCYCLIST, REAR END",7129002,10071,0,2,Injury Collision,,45,Bicycle,Matched,0,1,Clear or Partly Cloudy,0,12566,0,N,07-185303
95323,"""(47.612935650000054, -122.31878054099997)""",76271,76271,Block,Cycles,\\sdotnasvfa\sdot_vol1\H8\PROD\ATTACHMENTS\COL_DIAGRAM\32513300.bmp,162,,,0,,09/11/2007 07:00:00 AM +0000,9/11/2007 14:14,0,,Mid-Block (but intersection related),Daylight,E UNION ST BETWEEN 10TH AVE AND 11TH AVE,0,1,,2,\\sdotnasvfa\sdot_vol1\H8\PROD\ATTACHMENTS\COL_REPORT\2621862.pdf,2621862,Dry,51,PEDALCYCLIST STRUCK MOTOR VEHICLE FRONT END AT ANGLE,7254004,14888,0,1,Property Damage Only Collision,,45,Bicycle,Matched,0,1,Clear or Partly Cloudy,0,0,0,N,07-376613
95366,"""(47.63959581800003, -122.36561747299999)""",75741,75741,Block,Cycles,\\sdotnasvfa\sdot_vol1\H8\PROD\ATTACHMENTS\COL_DIAGRAM\33569300.bmp,165,,,0,,03/25/2007 07:00:00 AM +0000,3/25/2007 15:38,1,,Mid-Block (not related to intersection),Daylight,W MCGRAW ST BETWEEN 6TH AVE W AND 7TH AVE W,0,1,,3,\\sdotnasvfa\sdot_vol1\H8\PROD\ATTACHMENTS\COL_REPORT\2793878.pdf,2793878,Dry,56,PEDALCYCLIST STRUCK MOTOR VEHICLE LEFT SIDE SIDESWIPE,7084002,23556,0,2,Injury Collision,,45,Bicycle,Matched,0,1,Clear or Partly Cloudy,0,34947,0,N,07-120533
95369,"""(47.613465820000044, -122.32891310199994)""",76540,76540,Intersection,Cycles,\\sdotnasvfa\sdot_vol1\H8\PROD\ATTACHMENTS\COL_DIAGRAM\28186600.bmp,0,,,0,,02/07/2007 08:00:00 AM +0000,2/7/2007,1,29878,At Intersection (intersection related),Dark - Street Lights On,BOREN AVE AND PIKE ST,0,1,Y,3,\\sdotnasvfa\sdot_vol1\H8\PROD\ATTACHMENTS\COL_REPORT\2621630.pdf,2621630,Wet,18,"MOTOR VEHICLE STRUCK PEDALCYCLIST, FRONT END AT ANGLE",7038027,9319,1,2b,Serious Injury Collision,,45,Bicycle,Matched,0,1,Raining,0,31090,0,N,07-055311
95373,"""(47.61503359400007, -122.35487619999998)""",76268,76268,Intersection,Cycles,\\sdotnasvfa\sdot_vol1\H8\PROD\ATTACHMENTS\COL_DIAGRAM\87514400.bmp,0,,,0,,08/16/2007 07:00:00 AM +0000,8/16/2007 7:58,1,29679,At Intersection (intersection related),Unknown,ALASKAN WAY AND BROAD ST,0,1,,2,\\sdotnasvfa\sdot_vol1\H8\PROD\ATTACHMENTS\COL_REPORT\2791552.pdf,2791552,Dry,51,PEDALCYCLIST STRUCK MOTOR VEHICLE FRONT END AT ANGLE,7228001,9410,0,2,Injury Collision,,45,Bicycle,Matched,0,1,Overcast,0,15668,0,N,07-336912
95381,"""(47.71421240700005, -122.29822972699998)""",76387,76387,Intersection,Cycles,\\sdotnasvfa\sdot_vol1\H8\PROD\ATTACHMENTS\COL_DIAGRAM\77185370.bmp,0,,,0,,04/17/2007 07:00:00 AM +0000,4/17/2007 14:46,1,36635,At Intersection (intersection related),Daylight,LAKE CITY WAY NE AND NE 117TH ST,0,1,,2,\\sdotnasvfa\sdot_vol1\H8\PROD\ATTACHMENTS\COL_REPORT\2802539.pdf,2802539,Dry,18,"MOTOR VEHICLE STRUCK PEDALCYCLIST, FRONT END AT ANGLE",7107003,11178,0,2,Injury Collision,,45,Bicycle,Matched,0,1,Overcast,0,0,0,N,07-153178
95445,"""(47.67833493400008, -122.32883586599996)""",75722,75722,Block,Cycles,\\sdotnasvfa\sdot_vol1\H8\PROD\ATTACHMENTS\COL_DIAGRAM\33549300.bmp,137.5,,,0,,08/14/2007 07:00:00 AM +0000,8/14/2007 19:00,1,,Mid-Block (not related to intersection),Daylight,EAST GREEN LAKE WAY N BETWEEN SUNNYSIDE AVE N AND 1ST AVE NE,0,1,,2,\\sdotnasvfa\sdot_vol1\H8\PROD\ATTACHMENTS\COL_REPORT\C690783.pdf,C690783,Dry,54,PEDALCYCLIST STRUCK MOTOR VEHICLE REAR END,7226041,14080,0,2,Injury Collision,,45,Bicycle,Matched,0,1,Clear or Partly Cloudy,0,7398,0,N,
95449,"""(47.65686417000006, -122.28644383399995)""",75977,75977,Intersection,Cycles,\\sdotnasvfa\sdot_vol1\H8\PROD\ATTACHMENTS\COL_DIAGRAM\20188670.bmp,0,,,0,,09/05/2007 07:00:00 AM +0000,9/5/2007,1,27424,At Intersection (intersection related),Daylight,SURBER DR NE AND NE BELVOIR PL,0,1,,2,\\sdotnasvfa\sdot_vol1\H8\PROD\ATTACHMENTS\COL_REPORT\C694031.pdf,C694031,Dry,18,"MOTOR VEHICLE STRUCK PEDALCYCLIST, FRONT END AT ANGLE",7248052,13036,1,2b,Serious Injury Collision,,45,Bicycle,Matched,0,1,Clear or Partly Cloudy,0,0,0,N,
95484,"""(47.62153060600008, -122.32089890399999)""",75729,75729,Block,Cycles,\\sdotnasvfa\sdot_vol1\H8\PROD\ATTACHMENTS\COL_DIAGRAM\55515600.bmp,166.5,,,0,,02/24/2007 08:00:00 AM +0000,2/24/2007 17:21,1,,Driveway Junction,Dusk,BROADWAY E BETWEEN E THOMAS ST AND E HARRISON ST,0,1,,2,\\sdotnasvfa\sdot_vol1\H8\PROD\ATTACHMENTS\COL_REPORT\2805984.pdf,2805984,Dry,51,PEDALCYCLIST STRUCK MOTOR VEHICLE FRONT END AT ANGLE,7055001,9453,0,2,Injury Collision,,45,Bicycle,Matched,0,1,Overcast,0,6788,0,N,07-079677
95536,"""(47.624564331000045, -122.34887678099994)""",75960,75960,Intersection,Cycles,\\sdotnasvfa\sdot_vol1\H8\PROD\ATTACHMENTS\COL_DIAGRAM\32183300.bmp,0,,,0,,08/29/2007 07:00:00 AM +0000,8/29/2007 17:46,1,28915,At Intersection (intersection related),Daylight,4TH AVE N AND MERCER ST,0,1,Y,2,\\sdotnasvfa\sdot_vol1\H8\PROD\ATTACHMENTS\COL_REPORT\2791313.pdf,2791313,Dry,18,"MOTOR VEHICLE STRUCK PEDALCYCLIST, FRONT END AT ANGLE",7241002,6148,0,2,Injury Collision,Y,45,Bicycle,Matched,0,1,Clear or Partly Cloudy,0,12377,0,N,07 357070
95551,"""(47.65359884600008, -122.31448850999999)""",75836,75836,Intersection,Cycles,\\sdotnasvfa\sdot_vol1\H8\PROD\ATTACHMENTS\COL_DIAGRAM\55515700.bmp,0,,,0,,08/16/2007 07:00:00 AM +0000,8/16/2007 14:50,1,27146,At Intersection (intersection related),Daylight,BROOKLYN AVE NE AND NE PACIFIC ST,0,1,,2,\\sdotnasvfa\sdot_vol1\H8\PROD\ATTACHMENTS\COL_REPORT\C691055.pdf,C691055,Dry,51,PEDALCYCLIST STRUCK MOTOR VEHICLE FRONT END AT ANGLE,7228034,9475,0,2,Injury Collision,,45,Bicycle,Matched,0,1,Clear or Partly Cloudy,0,31308,0,N,
95552,"""(47.66133334700004, -122.32295632099999)""",76082,76082,Intersection,Cycles,\\sdotnasvfa\sdot_vol1\H8\PROD\ATTACHMENTS\COL_DIAGRAM\55183171.bmp,0, ,,0,,06/30/2007 07:00:00 AM +0000,6/30/2007 14:44,1,27071,At Intersection (intersection related),Daylight,5TH AVE NE AND NE 45TH ST,0,1,,4,\\sdotnasvfa\sdot_vol1\H8\PROD\ATTACHMENTS\COL_REPORT\2609986.pdf,2609986,Dry,18,"MOTOR VEHICLE STRUCK PEDALCYCLIST, FRONT END AT ANGLE",7181004,7286,0,2,Injury Collision,,45,Bicycle,Matched,0,1,Clear or Partly Cloudy,0,0,521817,N,07-264939
95563,"""(47.56291162500003, -122.38677531799999)""",75945,75945,Intersection,Cycles,\\sdotnasvfa\sdot_vol1\H8\PROD\ATTACHMENTS\COL_DIAGRAM\77185771.bmp,0, ,,0,,07/30/2007 07:00:00 AM +0000,7/30/2007 19:32,1,31904,At Intersection (intersection related),Daylight,CALIFORNIA AVE SW AND SW OREGON ST,0,1,,2,\\sdotnasvfa\sdot_vol1\H8\PROD\ATTACHMENTS\COL_REPORT\2826905.pdf,2826905,Dry,18,"MOTOR VEHICLE STRUCK PEDALCYCLIST, FRONT END AT ANGLE",7211001,9553,0,2,Injury Collision,,45,Bicycle,Matched,0,1,Clear or Partly Cloudy,0,0,525186,N,07-312211
95568,"""(47.63725179700003, -122.32007982299996)""",75827,75827,Intersection,Cycles,\\sdotnasvfa\sdot_vol1\H8\PROD\ATTACHMENTS\COL_DIAGRAM\53181100.bmp,0,,,0,,02/06/2007 08:00:00 AM +0000,2/6/2007,1,28258,At Intersection (intersection related),Daylight,10TH AVE E AND E NEWTON ST,0,1,Y,2,\\sdotnasvfa\sdot_vol1\H8\PROD\ATTACHMENTS\COL_REPORT\2615423.pdf,2615423,Dry,18,"MOTOR VEHICLE STRUCK PEDALCYCLIST, FRONT END AT ANGLE",7037005,1298,0,2,Injury Collision,,45,Bicycle,Matched,0,1,Overcast,0,6111,0,N,07-52888
95572,"""(47.64808303800004, -122.32397810399999)""",75840,75840,Block,Cycles,\\sdotnasvfa\sdot_vol1\H8\PROD\ATTACHMENTS\COL_DIAGRAM\44186600.bmp,288,,,0,,01/20/2007 08:00:00 AM +0000,1/20/2007 14:26,1,,Driveway Junction,Daylight,EASTLAKE AVE E BETWEEN E SHELBY ST AND E ALLISON ST,0,1,Y,2,\\sdotnasvfa\sdot_vol1\H8\PROD\ATTACHMENTS\COL_REPORT\2617312.pdf,2617312,Dry,18,"MOTOR VEHICLE STRUCK PEDALCYCLIST, FRONT END AT ANGLE",7020001,10182,0,2,Injury Collision,,45,Bicycle,Matched,0,1,Clear or Partly Cloudy,0,24676,0,N,07-027811
95631,"""(47.68071059600004, -122.326130208)""",75933,75933,Intersection,Cycles,\\sdotnasvfa\sdot_vol1\H8\PROD\ATTACHMENTS\COL_DIAGRAM\66188800.bmp,0,,,0,,11/26/2007 08:00:00 AM +0000,11/26/2007 18:19,1,24578,At Intersection (intersection related),Dark - Street Lights On,EAST GREEN LAKE DR N AND NE MAPLE LEAF PL,0,1,,2,\\sdotnasvfa\sdot_vol1\H8\PROD\ATTACHMENTS\COL_REPORT\2893293.pdf,2893293,Wet,18,"MOTOR VEHICLE STRUCK PEDALCYCLIST, FRONT END AT ANGLE",7330012,14058,0,2,Injury Collision,,45,Bicycle,Matched,0,1,Raining,0,7286,0,N,07-478123
95667,"""(47.61097747700006, -122.31677912199996)""",75928,75928,Block,Cycles,\\sdotnasvfa\sdot_vol1\H8\PROD\ATTACHMENTS\COL_DIAGRAM\56185500.bmp,213,,,0,,05/15/2007 07:00:00 AM +0000,5/15/2007 8:39,1,,Mid-Block (but intersection related),Daylight,12TH AVE BETWEEN E MARION ST AND E SPRING ST,0,1,Y,2,\\sdotnasvfa\sdot_vol1\H8\PROD\ATTACHMENTS\COL_REPORT\2792009.pdf,2792009,Dry,18,"MOTOR VEHICLE STRUCK PEDALCYCLIST, FRONT END AT ANGLE",7135008,1534,0,2,Injury Collision,,45,Bicycle,Matched,0,1,Clear or Partly Cloudy,0,10728,0,N,07-193669
95690,"""(47.65088855100004, -122.34988452999994)""",76051,76051,Block,Cycles,\\sdotnasvfa\sdot_vol1\H8\PROD\ATTACHMENTS\COL_DIAGRAM\56185500.bmp,168,,,0,Y,07/13/2007 07:00:00 AM +0000,7/13/2007 14:49,1,,Mid-Block (not related to intersection),Daylight,FREMONT AVE N BETWEEN FREMONT PL N AND N 36TH ST,0,1,Y,2,\\sdotnasvfa\sdot_vol1\H8\PROD\ATTACHMENTS\COL_REPORT\2830060.pdf,2830060,Dry,18,"MOTOR VEHICLE STRUCK PEDALCYCLIST, FRONT END AT ANGLE",7194009,10486,0,2,Injury Collision,,45,Bicycle,Matched,0,1,Clear or Partly Cloudy,0,8357,0,N,07-285783
95691,"""(47.612935650000054, -122.31878054099997)""",76056,76056,Block,Cycles,\\sdotnasvfa\sdot_vol1\H8\PROD\ATTACHMENTS\COL_DIAGRAM\33563900.bmp,162,,,0,,09/19/2007 07:00:00 AM +0000,9/19/2007 18:00,1,,Mid-Block (not related to intersection),Daylight,E UNION ST BETWEEN 10TH AVE AND 11TH AVE,0,1,,2,\\sdotnasvfa\sdot_vol1\H8\PROD\ATTACHMENTS\COL_REPORT\C692291.pdf,C692291,Dry,56,PEDALCYCLIST STRUCK MOTOR VEHICLE LEFT SIDE SIDESWIPE,7262037,14888,0,2,Injury Collision,,45,Bicycle,Matched,0,1,Clear or Partly Cloudy,0,6255,0,N,