OBJECTID,Shape,INCKEY,COLDETKEY,ADDRTYPE,COLLISIONTYPE,DIAGRAMLINK,DISTANCE,EXCEPTRSNCODE,EXCEPTRSNDESC,FATALITIES,INATTENTIONIND,INCDATE,INCDTTM,INJURIES,INTKEY,JUNCTIONTYPE,LIGHTCOND,LOCATION,PEDCOUNT,PEDCYLCOUNT,PEDROWNOTGRNT,PERSONCOUNT,REPORTLINK,REPORTNO,ROADCOND,SDOT_COLCODE,SDOT_COLDESC,SDOTCOLNUM,SEGKEY,SERIOUSINJURIES,SEVERITYCODE,SEVERITYDESC,SPEEDING,ST_COLCODE,ST_COLDESC,STATUS,UNDERINFL,VEHCOUNT,WEATHER,WIDTH,SEGLANEKEY,CROSSWALKKEY,HITPARKEDCAR,SPDCASENO
103019,"""(47.62542294100007, -122.34756482099999)""",68403,68403,Intersection,Cycles,\\sdotnasvfa\sdot_vol1\H8\PROD\ATTACHMENTS\COL_DIAGRAM\75183571.bmp,0, ,,0,,08/29/2007 07:00:00 AM +0000,8/29/2007 16:47,1,28888,At Intersection (intersection related),Daylight,5TH AVE N AND ROY ST,0,1,Y,2,\\sdotnasvfa\sdot_vol1\H8\PROD\ATTACHMENTS\COL_REPORT\2825845.pdf,2825845,Dry,18,"MOTOR VEHICLE STRUCK PEDALCYCLIST, FRONT END AT ANGLE",7241052,7265,0,2,Injury Collision,,45,Bicycle,Matched,0,1,Clear or Partly Cloudy,0,0,521788,N,07-356994
103044,"""(47.659781475000045, -122.31203248399999)""",68782,68782,Intersection,Cycles,\\sdotnasvfa\sdot_vol1\H8\PROD\ATTACHMENTS\COL_DIAGRAM\57181771.bmp,0, ,,0,,01/29/2007 08:00:00 AM +0000,1/29/2007 19:49,0,27078,At Intersection (intersection related),Dark - Street Lights On,15TH AVE NE AND NE 43RD ST,0,1,Y,2,\\sdotnasvfa\sdot_vol1\H8\PROD\ATTACHMENTS\COL_REPORT\2803556.pdf,2803556,Dry,18,"MOTOR VEHICLE STRUCK PEDALCYCLIST, FRONT END AT ANGLE",7029004,2034,0,1,Property Damage Only Collision,,45,Bicycle,Matched,0,1,Clear or Partly Cloudy,0,0,524562,N,07-41462
103095,"""(47.62339568600004, -122.29630786299998)""",68117,68117,Block,Cycles,\\sdotnasvfa\sdot_vol1\H8\PROD\ATTACHMENTS\COL_DIAGRAM\22569200.bmp,41,,,0,,02/21/2007 08:00:00 AM +0000,2/21/2007 15:44,1,,Mid-Block (not related to intersection),Daylight,E MADISON ST BETWEEN M L KING JR WAY E AND 28TH AVE E,0,1,,2,\\sdotnasvfa\sdot_vol1\H8\PROD\ATTACHMENTS\COL_REPORT\2805905.pdf,2805905,Dry,56,PEDALCYCLIST STRUCK MOTOR VEHICLE LEFT SIDE SIDESWIPE,7052002,14361,0,2,Injury Collision,,45,Bicycle,Matched,0,1,Clear or Partly Cloudy,0,34601,0,N,07-75295
103100,"""(47.553404802000045, -122.27965845499995)""",68122,68122,Intersection,Cycles,\\sdotnasvfa\sdot_vol1\H8\PROD\ATTACHMENTS\COL_DIAGRAM\42188800.bmp,0,,,0,,07/13/2007 07:00:00 AM +0000,7/13/2007 10:45,1,33499,At Intersection (intersection related),Daylight,RAINIER AVE S AND S BRANDON ST,0,1,Y,2,\\sdotnasvfa\sdot_vol1\H8\PROD\ATTACHMENTS\COL_REPORT\2614487.pdf,2614487,Dry,18,"MOTOR VEHICLE STRUCK PEDALCYCLIST, FRONT END AT ANGLE",7194042,12391,0,2,Injury Collision,,45,Bicycle,Matched,0,1,Clear or Partly Cloudy,0,23898,0,N,07-285483
103314,"""(47.661357277000036, -122.32775751099996)""",68199,68199,Block,Cycles,\\sdotnasvfa\sdot_vol1\H8\PROD\ATTACHMENTS\COL_DIAGRAM\33517500.bmp,124.5,,,0,,02/01/2007 08:00:00 AM +0000,2/1/2007,1,,Driveway Junction,Dark - Street Lights On,NE 45TH ST BETWEEN 1ST AVE NE AND 2ND AVE NE,0,1,Y,2,\\sdotnasvfa\sdot_vol1\H8\PROD\ATTACHMENTS\COL_REPORT\2795181.pdf,2795181,Dry,51,PEDALCYCLIST STRUCK MOTOR VEHICLE FRONT END AT ANGLE,7032034,16838,0,2,Injury Collision,,45,Bicycle,Matched,0,1,Clear or Partly Cloudy,0,6532,0,N,07-045945
103373,"""(47.60800896100005, -122.30276995599996)""",68177,68177,Intersection,Cycles,\\sdotnasvfa\sdot_vol1\H8\PROD\ATTACHMENTS\COL_DIAGRAM\34183300.bmp,0,,,0,,08/14/2007 07:00:00 AM +0000,8/14/2007 17:59,1,30173,At Intersection (intersection related),Daylight,23RD AVE AND E CHERRY ST,0,1,Y,2,\\sdotnasvfa\sdot_vol1\H8\PROD\ATTACHMENTS\COL_REPORT\2827234.pdf,2827234,Dry,18,"MOTOR VEHICLE STRUCK PEDALCYCLIST, FRONT END AT ANGLE",7226004,3359,1,2b,Serious Injury Collision,,45,Bicycle,Matched,0,1,Clear or Partly Cloudy,0,9564,0,N,07-354665
103423,"""(47.56669444800008, -122.32267394699994)""",68310,68310,Block,Cycles,\\sdotnasvfa\sdot_vol1\H8\PROD\ATTACHMENTS\COL_DIAGRAM\55215500.bmp,183.5,,,0,,03/24/2007 07:00:00 AM +0000,3/24/2007 2:57,1,,Mid-Block (not related to intersection),Dark - Street Lights On,AIRPORT WAY S BETWEEN S DAKOTA ST AND S ADAMS ST,0,1,,2,\\sdotnasvfa\sdot_vol1\H8\PROD\ATTACHMENTS\COL_REPORT\2404474.pdf,2404474,Wet,21,"MOTOR VEHICLE STRUCK PEDALCYCLIST, REAR END",7083008,8681,1,2b,Serious Injury Collision,,45,Bicycle,Matched,1,1,Raining,0,20740,0,N,07-118787
103434,"""(47.65757316600008, -122.31322662399998)""",68293,68293,Block,Cycles,\\sdotnasvfa\sdot_vol1\H8\PROD\ATTACHMENTS\COL_DIAGRAM\11569100.bmp,270,,,0,,03/28/2007 07:00:00 AM +0000,3/28/2007 15:50,1,,Mid-Block (not related to intersection),Daylight,UNIVERSITY WAY NE BETWEEN NE 41ST ST AND NE 42ND ST,0,1,,3,\\sdotnasvfa\sdot_vol1\H8\PROD\ATTACHMENTS\COL_REPORT\2802761.pdf,2802761,Dry,56,PEDALCYCLIST STRUCK MOTOR VEHICLE LEFT SIDE SIDESWIPE,7087006,13219,0,2,Injury Collision,,45,Bicycle,Matched,0,2,Clear or Partly Cloudy,0,30525,0,N,07-124788
103451,"""(47.61293104200007, -122.29880591999995)""",68296,68296,Intersection,Cycles,\\sdotnasvfa\sdot_vol1\H8\PROD\ATTACHMENTS\COL_DIAGRAM\55183300.bmp,0,,,0,,02/06/2007 08:00:00 AM +0000,2/6/2007,1,30024,At Intersection (intersection related),Dark - Street Lights On,26TH AVE AND E UNION ST,0,1,Y,2,\\sdotnasvfa\sdot_vol1\H8\PROD\ATTACHMENTS\COL_REPORT\2621296.pdf,2621296,Wet,18,"MOTOR VEHICLE STRUCK PEDALCYCLIST, FRONT END AT ANGLE",7037004,3836,1,2b,Serious Injury Collision,,45,Bicycle,Matched,0,1,Raining,0,9402,0,N,07-53231
103489,"""(47.613465820000044, -122.32891310199994)""",68416,68416,Intersection,Cycles,\\sdotnasvfa\sdot_vol1\H8\PROD\ATTACHMENTS\COL_DIAGRAM\28186600.bmp,0,,,0,,10/18/2007 07:00:00 AM +0000,10/18/2007 16:35,1,29878,At Intersection (intersection related),Daylight,BOREN AVE AND PIKE ST,0,1,Y,2,\\sdotnasvfa\sdot_vol1\H8\PROD\ATTACHMENTS\COL_REPORT\2828059.pdf,2828059,Dry,18,"MOTOR VEHICLE STRUCK PEDALCYCLIST, FRONT END AT ANGLE",7291002,9319,0,2,Injury Collision,,45,Bicycle,Matched,0,1,Clear or Partly Cloudy,0,31087,0,N,07-427411
103493,"""(47.73284649900006, -122.29240305399998)""",68415,68415,Block,Cycles,\\sdotnasvfa\sdot_vol1\H8\PROD\ATTACHMENTS\COL_DIAGRAM\11187700.bmp,330,,,0,,10/19/2007 07:00:00 AM +0000,10/19/2007 22:03,1,,Mid-Block (not related to intersection),Dark - Street Lights On,LAKE CITY WAY NE BETWEEN NE 143RD ST AND NE 145TH ST,0,2,,4,\\sdotnasvfa\sdot_vol1\H8\PROD\ATTACHMENTS\COL_REPORT\2830153.pdf,2830153,Wet,18,"MOTOR VEHICLE STRUCK PEDALCYCLIST, FRONT END AT ANGLE",7292010,11190,1,2b,Serious Injury Collision,,45,Bicycle,Matched,0,1,Raining,0,17684,0,N,07-429183
103504,"""(47.65296538800004, -122.35766174699995)""",68021,68021,Intersection,Cycles,\\sdotnasvfa\sdot_vol1\H8\PROD\ATTACHMENTS\COL_DIAGRAM\33517500.bmp,0, ,,0,,10/12/2007 07:00:00 AM +0000,10/12/2007 10:15,1,26679,At Intersection (intersection related),Daylight,1ST AVE NW AND NW 36TH ST,0,0,,2,\\sdotnasvfa\sdot_vol1\H8\PROD\ATTACHMENTS\COL_REPORT\C693457.pdf,C693457,Dry,51,PEDALCYCLIST STRUCK MOTOR VEHICLE FRONT END AT ANGLE,7285049,1115,0,2,Injury Collision,,45,Bicycle,Matched,0,2,Overcast,0,17466,0,N,
103530,"""(47.66503744200003, -122.342082044)""",68015,68015,Intersection,Cycles,\\sdotnasvfa\sdot_vol1\H8\PROD\ATTACHMENTS\COL_DIAGRAM\11513900.bmp,0,,,0,,11/27/2007 08:00:00 AM +0000,11/27/2007 15:47,1,25532,At Intersection (intersection related),Dusk,STONE AVE N AND N 50TH ST,0,1,,3,\\sdotnasvfa\sdot_vol1\H8\PROD\ATTACHMENTS\COL_REPORT\2893294.pdf,2893294,Dry,51,PEDALCYCLIST STRUCK MOTOR VEHICLE FRONT END AT ANGLE,7331007,15646,0,2,Injury Collision,,45,Bicycle,Matched,0,1,Clear or Partly Cloudy,0,0,0,N,07-479130
103549,"""(47.61661180900006, -122.33314897999998)""",68405,68405,Block,Cycles,\\sdotnasvfa\sdot_vol1\H8\PROD\ATTACHMENTS\COL_DIAGRAM\66516800.bmp,161,,,0,,07/20/2007 07:00:00 AM +0000,7/20/2007 8:35,0,,Driveway Junction,Daylight,STEWART ST BETWEEN TERRY AVE AND BOREN AVE,0,1,,2,\\sdotnasvfa\sdot_vol1\H8\PROD\ATTACHMENTS\COL_REPORT\C689381.pdf,C689381,Wet,51,PEDALCYCLIST STRUCK MOTOR VEHICLE FRONT END AT ANGLE,7201071,12907,0,1,Property Damage Only Collision,,45,Bicycle,Matched,0,1,Raining,0,13691,0,N,
103633,"""(47.61410020100004, -122.32392864299999)""",67717,67717,Block,Cycles,\\sdotnasvfa\sdot_vol1\H8\PROD\ATTACHMENTS\COL_DIAGRAM\78549700.bmp,131,,,0,,11/01/2007 07:00:00 AM +0000,11/1/2007,1,,Mid-Block (not related to intersection),Dark - Street Lights On,E PIKE ST BETWEEN BELMONT AVE AND BOYLSTON AVE,0,1,,2,\\sdotnasvfa\sdot_vol1\H8\PROD\ATTACHMENTS\COL_REPORT\2827530.pdf,2827530,Dry,54,PEDALCYCLIST STRUCK MOTOR VEHICLE REAR END,7305006,14597,0,2,Injury Collision,,45,Bicycle,Matched,0,1,Clear or Partly Cloudy,0,31166,0,N,07-445723
103678,"""(47.52102253900006, -122.36521899599995)""",67707,67707,Block,Cycles,\\sdotnasvfa\sdot_vol1\H8\PROD\ATTACHMENTS\COL_DIAGRAM\55517700.bmp,166.5,,,0,,03/25/2007 07:00:00 AM +0000,3/25/2007 14:05,1,,Mid-Block (not related to intersection),Daylight,SW BARTON ST BETWEEN 25TH AVE SW AND 26TH AVE SW,0,1,,2,\\sdotnasvfa\sdot_vol1\H8\PROD\ATTACHMENTS\COL_REPORT\2798486.pdf,2798486,Dry,51,PEDALCYCLIST STRUCK MOTOR VEHICLE FRONT END AT ANGLE,7084003,21845,0,2,Injury Collision,,45,Bicycle,Matched,0,1,Clear or Partly Cloudy,0,0,0,N,07-120435
103782,"""(47.65602141900007, -122.31643796699996)""",67683,67683,Block,Cycles,\\sdotnasvfa\sdot_vol1\H8\PROD\ATTACHMENTS\COL_DIAGRAM\33213300.bmp,213,,,0,,02/06/2007 08:00:00 AM +0000,2/6/2007,0,,Mid-Block (not related to intersection),Daylight,NE CAMPUS EB PY BETWEEN NE CAMPUS PY OFF RP AND 12TH AVE NE,0,1,,2,\\sdotnasvfa\sdot_vol1\H8\PROD\ATTACHMENTS\COL_REPORT\2611337.pdf,2611337,Dry,21,"MOTOR VEHICLE STRUCK PEDALCYCLIST, REAR END",7037003,17986,0,1,Property Damage Only Collision,,45,Bicycle,Matched,0,1,Overcast,0,30451,0,N,07-052846
103878,"""(47.589503782000065, -122.39412509399995)""",67542,67542,Block,Cycles,\\sdotnasvfa\sdot_vol1\H8\PROD\ATTACHMENTS\COL_DIAGRAM\64182200.bmp,551.5,,,0,,10/23/2007 07:00:00 AM +0000,10/23/2007 17:14,1,,Driveway Junction,Daylight,ALKI AVE SW BETWEEN SW ARKANSAS ST AND SW HAMPSHIRE ST,0,1,Y,2,\\sdotnasvfa\sdot_vol1\H8\PROD\ATTACHMENTS\COL_REPORT\2619050.pdf,2619050,Dry,18,"MOTOR VEHICLE STRUCK PEDALCYCLIST, FRONT END AT ANGLE",7296005,8785,0,2,Injury Collision,,45,Bicycle,Matched,0,1,Clear or Partly Cloudy,0,3594,0,N,07-434159
103885,"""(47.60444646500008, -122.33447723499995)""",67539,67539,Intersection,Cycles,\\sdotnasvfa\sdot_vol1\H8\PROD\ATTACHMENTS\COL_DIAGRAM\22184400.bmp,0,,,0,,12/06/2007 08:00:00 AM +0000,12/6/2007,1,29968,At Intersection (intersection related),Daylight,2ND AVE AND MARION ST,0,1,,2,\\sdotnasvfa\sdot_vol1\H8\PROD\ATTACHMENTS\COL_REPORT\2797726.pdf,2797726,Dry,18,"MOTOR VEHICLE STRUCK PEDALCYCLIST, FRONT END AT ANGLE",7340036,2752,1,2b,Serious Injury Collision,,45,Bicycle,Matched,0,1,Clear or Partly Cloudy,0,12103,0,N,07-490432
103918,"""(47.52673429600003, -122.26491262299999)""",67910,67910,Intersection,Cycles,\\sdotnasvfa\sdot_vol1\H8\PROD\ATTACHMENTS\COL_DIAGRAM\55183571.bmp,0,,,0,,06/28/2007 07:00:00 AM +0000,6/28/2007 17:36,1,35429,At Intersection (intersection related),Daylight,SEWARD PARK AVE S AND S CLOVERDALE ST,0,1,Y,2,\\sdotnasvfa\sdot_vol1\H8\PROD\ATTACHMENTS\COL_REPORT\2796808.pdf,2796808,Dry,18,"MOTOR VEHICLE STRUCK PEDALCYCLIST, FRONT END AT ANGLE",7179058,12812,0,2,Injury Collision,,45,Bicycle,Matched,0,1,Overcast,0,0,0,N,07-262043
104040,"""(47.53420099400006, -122.28134696399997)""",66978,66978,Block,Cycles,\\sdotnasvfa\sdot_vol1\H8\PROD\ATTACHMENTS\COL_DIAGRAM\11513900.bmp,125.5,,,0,,05/10/2007 07:00:00 AM +0000,5/10/2007 18:00,1,,Driveway Junction,Daylight,S AUSTIN ST BETWEEN 40TH AVE S AND M L KING JR WR WAY S,0,1,,2,\\sdotnasvfa\sdot_vol1\H8\PROD\ATTACHMENTS\COL_REPORT\2613166.pdf,2613166,Dry,51,PEDALCYCLIST STRUCK MOTOR VEHICLE FRONT END AT ANGLE,7130002,164379,0,2,Injury Collision,,45,Bicycle,Matched,0,1,Clear or Partly Cloudy,0,0,0,N,07-187094
104051,"""(47.53991622400008, -122.39537932099995)""",67373,67373,Intersection,Cycles,\\sdotnasvfa\sdot_vol1\H8\PROD\ATTACHMENTS\COL_DIAGRAM\66188800.bmp,0,,,0,,08/26/2007 07:00:00 AM +0000,8/26/2007 14:44,1,33878,At Intersection (intersection related),Daylight,LINCOLN PARK WAY SW AND MURRAY AVE SW,0,1,Y,2,\\sdotnasvfa\sdot_vol1\H8\PROD\ATTACHMENTS\COL_REPORT\2827160.pdf,2827160,Dry,18,"MOTOR VEHICLE STRUCK PEDALCYCLIST, FRONT END AT ANGLE",7238001,11388,1,2b,Serious Injury Collision,,45,Bicycle,Matched,0,1,Clear or Partly Cloudy,0,29430,0,N,07-352403
104124,"""(47.56872400800006, -122.35477519899996)""",66959,66959,Block,Cycles,\\sdotnasvfa\sdot_vol1\H8\PROD\ATTACHMENTS\COL_DIAGRAM\11181800.bmp,156,,,0,,08/21/2007 07:00:00 AM +0000,8/21/2007 10:50,1,,Mid-Block (but intersection related),Daylight,WEST MARGINAL WAY SW BETWEEN MARGINAL SB PL SW AND SW ANDOVER ST,0,1,,2,\\sdotnasvfa\sdot_vol1\H8\PROD\ATTACHMENTS\COL_REPORT\2827156.pdf,2827156,Dry,18,"MOTOR VEHICLE STRUCK PEDALCYCLIST, FRONT END AT ANGLE",7233008,23531,0,2,Injury Collision,,45,Bicycle,Matched,0,1,Overcast,0,18211,0,N,07-344303
104153,"""(47.61167201000006, -122.33648396599995)""",67346,67346,Intersection,Cycles,\\sdotnasvfa\sdot_vol1\H8\PROD\ATTACHMENTS\COL_DIAGRAM\22514900.bmp,0, ,,0,,03/07/2007 08:00:00 AM +0000,3/7/2007,0,29577,At Intersection (intersection related),Dark - Street Lights On,5TH AVE AND PINE ST,0,1,,2,\\sdotnasvfa\sdot_vol1\H8\PROD\ATTACHMENTS\COL_REPORT\2608940.pdf,2608940,Wet,51,PEDALCYCLIST STRUCK MOTOR VEHICLE FRONT END AT ANGLE,7066002,7239,0,1,Property Damage Only Collision,,45,Bicycle,Matched,0,1,Overcast,0,0,630800,N,07-095089
104172,"""(47.60169336800004, -122.31678189299998)""",66949,66949,Intersection,Cycles,\\sdotnasvfa\sdot_vol1\H8\PROD\ATTACHMENTS\COL_DIAGRAM\55515700.bmp,0,,,0,,05/26/2007 07:00:00 AM +0000,5/26/2007 15:00,1,30410,At Intersection (intersection related),Daylight,12TH AVE AND E YESLER WAY,0,1,,2,\\sdotnasvfa\sdot_vol1\H8\PROD\ATTACHMENTS\COL_REPORT\C686634.pdf,C686634,Dry,51,PEDALCYCLIST STRUCK MOTOR VEHICLE FRONT END AT ANGLE,7146038,1523,0,2,Injury Collision,,45,Bicycle,Matched,0,1,Overcast,0,10532,0,N,
104208,"""(47.610675068000035, -122.32075931399999)""",67327,67327,Block,Cycles,\\sdotnasvfa\sdot_vol1\H8\PROD\ATTACHMENTS\COL_DIAGRAM\18181100.bmp,179.5,,,0,,11/17/2007 08:00:00 AM +0000,11/17/2007 20:30,1,,Mid-Block (not related to intersection),Dark - Street Lights On,BROADWAY BETWEEN MARION ST AND MADISON ST,0,1,Y,3,\\sdotnasvfa\sdot_vol1\H8\PROD\ATTACHMENTS\COL_REPORT\2828072.pdf,2828072,Dry,18,"MOTOR VEHICLE STRUCK PEDALCYCLIST, FRONT END AT ANGLE",7321002,9443,0,2,Injury Collision,,45,Bicycle,Matched,0,2,Overcast,0,42005,0,N,07-467610
104225,"""(47.65918322600004, -122.34225641699999)""",67068,67068,Intersection,Cycles,\\sdotnasvfa\sdot_vol1\H8\PROD\ATTACHMENTS\COL_DIAGRAM\53181100.bmp,0,,,0,,07/04/2007 07:00:00 AM +0000,7/4/2007,1,26815,At Intersection (intersection related),Dark - No Street Lights,STONE WAY N AND N 43RD ST,0,1,Y,2,\\sdotnasvfa\sdot_vol1\H8\PROD\ATTACHMENTS\COL_REPORT\2825854.pdf,2825854,Unknown,18,"MOTOR VEHICLE STRUCK PEDALCYCLIST, FRONT END AT ANGLE",7185019,12966,0,2,Injury Collision,,45,Bicycle,Matched,0,1,Unknown,0,6355,0,N,07-273271
104244,"""(47.640212088000055, -122.37400223099996)""",67060,67060,Block,Cycles,\\sdotnasvfa\sdot_vol1\H8\PROD\ATTACHMENTS\COL_DIAGRAM\00180000.bmp,194.5,NEI,"Not Enough Information, or Insufficient Location Information",0,,07/11/2007 07:00:00 AM +0000,7/11/2007 15:00,1,,Mid-Block (not related to intersection),Daylight,GILMAN UPPER DR W BETWEEN 13TH AVE W AND W WHEELER ST,0,1,Y,2,\\sdotnasvfa\sdot_vol1\H8\PROD\ATTACHMENTS\COL_REPORT\2617091.pdf,2617091,Dry,18,"MOTOR VEHICLE STRUCK PEDALCYCLIST, FRONT END AT ANGLE",7192031,10655,0,2,Injury Collision,,45,Bicycle,Matched,0,1,Clear or Partly Cloudy,0,15442,0,N,07-293969
104284,"""(47.668999298000074, -122.31628654099995)""",67182,67182,Block,Cycles,\\sdotnasvfa\sdot_vol1\H8\PROD\ATTACHMENTS\COL_DIAGRAM\18181100.bmp,157,,,0,,06/18/2007 07:00:00 AM +0000,6/18/2007 14:50,1,,Mid-Block (not related to intersection),Daylight,11TH AVE NE BETWEEN NE 55TH ST AND NE 56TH ST,0,1,,2,\\sdotnasvfa\sdot_vol1\H8\PROD\ATTACHMENTS\COL_REPORT\2795065.pdf,2795065,Dry,18,"MOTOR VEHICLE STRUCK PEDALCYCLIST, FRONT END AT ANGLE",7169002,1413,0,2,Injury Collision,,45,Bicycle,Matched,0,1,Clear or Partly Cloudy,0,9051,0,N,07-246108
104528,"""(47.622038857000064, -122.33780561999998)""",66469,66469,Block,Cycles,\\sdotnasvfa\sdot_vol1\H8\PROD\ATTACHMENTS\COL_DIAGRAM\77511900.bmp,161,,,0,,09/11/2007 07:00:00 AM +0000,9/11/2007 13:15,1,,Driveway Junction,Daylight,HARRISON ST BETWEEN WESTLAKE AVE N AND TERRY AVE N,0,1,,2,\\sdotnasvfa\sdot_vol1\H8\PROD\ATTACHMENTS\COL_REPORT\2825963.pdf,2825963,Dry,51,PEDALCYCLIST STRUCK MOTOR VEHICLE FRONT END AT ANGLE,7254001,10767,0,2,Injury Collision,,45,Bicycle,Matched,0,1,Clear or Partly Cloudy,0,0,0,N,07-376536
104554,"""(47.60779445000003, -122.33754000999994)""",67379,67379,Block,Cycles,\\sdotnasvfa\sdot_vol1\H8\PROD\ATTACHMENTS\COL_DIAGRAM\43184400.bmp,213,,,0,,08/10/2007 07:00:00 AM +0000,8/10/2007 9:04,1,,Driveway Junction,Daylight,2ND AVE BETWEEN UNIVERSITY ST AND UNION ST,0,1,Y,2,\\sdotnasvfa\sdot_vol1\H8\PROD\ATTACHMENTS\COL_REPORT\2607599.pdf,2607599,Dry,18,"MOTOR VEHICLE STRUCK PEDALCYCLIST, FRONT END AT ANGLE",7222007,2756,1,2b,Serious Injury Collision,,45,Bicycle,Matched,0,1,Clear or Partly Cloudy,0,12162,0,N,07-328332
104555,"""(47.60779445000003, -122.33754000999994)""",66846,66846,Block,Cycles,\\sdotnasvfa\sdot_vol1\H8\PROD\ATTACHMENTS\COL_DIAGRAM\44513900.bmp,213,,,0,,05/04/2007 07:00:00 AM +0000,5/4/2007,1,,Mid-Block (not related to intersection),Daylight,2ND AVE BETWEEN UNIVERSITY ST AND UNION ST,0,1,,4,\\sdotnasvfa\sdot_vol1\H8\PROD\ATTACHMENTS\COL_REPORT\2825427.pdf,2825427,Dry,51,PEDALCYCLIST STRUCK MOTOR VEHICLE FRONT END AT ANGLE,7124011,2756,1,2b,Serious Injury Collision,,45,Bicycle,Matched,0,2,Clear or Partly Cloudy,0,12162,0,N,07-177722
104580,"""(47.65587043700003, -122.39823125799995)""",66709,66709,Intersection,Cycles,\\sdotnasvfa\sdot_vol1\H8\PROD\ATTACHMENTS\COL_DIAGRAM\55187700.bmp,0,,,0,,07/07/2007 07:00:00 AM +0000,7/7/2007,1,26521,At Intersection (intersection related),Daylight,32ND AVE W AND W THURMAN ST,0,1,,2,\\sdotnasvfa\sdot_vol1\H8\PROD\ATTACHMENTS\COL_REPORT\2825471.pdf,2825471,Dry,18,"MOTOR VEHICLE STRUCK PEDALCYCLIST, FRONT END AT ANGLE",7188004,5091,0,2,Injury Collision,,45,Bicycle,Matched,0,1,Clear or Partly Cloudy,0,0,0,N,07-276269
104705,"""(47.67489630600005, -122.40636222599994)""",66693,66693,Block,Cycles,\\sdotnasvfa\sdot_vol1\H8\PROD\ATTACHMENTS\COL_DIAGRAM\17185500.bmp,780,,,0,,06/08/2007 07:00:00 AM +0000,6/8/2007,1,,Driveway Junction,Daylight,SEAVIEW AVE NW BETWEEN NW 61ST ST AND NW 67TH ST,0,1,Y,2,\\sdotnasvfa\sdot_vol1\H8\PROD\ATTACHMENTS\COL_REPORT\2828937.pdf,2828937,Dry,18,"MOTOR VEHICLE STRUCK PEDALCYCLIST, FRONT END AT ANGLE",7159042,12761,0,2,Injury Collision,,45,Bicycle,Matched,0,1,Clear or Partly Cloudy,0,28770,0,N,07-231095
104712,"""(47.62578474600008, -122.33581704499994)""",66690,66690,Intersection,Cycles,\\sdotnasvfa\sdot_vol1\H8\PROD\ATTACHMENTS\COL_DIAGRAM\75183300.bmp,0,,,0,,09/17/2007 07:00:00 AM +0000,9/17/2007 9:39,1,28746,At Intersection (intersection related),Daylight,BOREN AVE N AND VALLEY ST,0,1,Y,2,\\sdotnasvfa\sdot_vol1\H8\PROD\ATTACHMENTS\COL_REPORT\2804796.pdf,2804796,Dry,18,"MOTOR VEHICLE STRUCK PEDALCYCLIST, FRONT END AT ANGLE",7260002,13267,0,2,Injury Collision,,45,Bicycle,Matched,0,1,Clear or Partly Cloudy,0,25335,0,N,07-384696
104812,"""(47.65369250800006, -122.32790419399998)""",66772,66772,Intersection,Cycles,\\sdotnasvfa\sdot_vol1\H8\PROD\ATTACHMENTS\COL_DIAGRAM\66515500.bmp,0,,,0,,05/01/2007 07:00:00 AM +0000,5/1/2007,1,27257,At Intersection (intersection related),Dark - Street Lights On,1ST AVE NE AND NE PACIFIC ST,0,1,,2,\\sdotnasvfa\sdot_vol1\H8\PROD\ATTACHMENTS\COL_REPORT\2604024.pdf,2604024,Wet,51,PEDALCYCLIST STRUCK MOTOR VEHICLE FRONT END AT ANGLE,7121005,1062,0,2,Injury Collision,,45,Bicycle,Matched,0,1,Raining,0,20110,0,N,07-172808
104826,"""(47.61521815300006, -122.32680418799998)""",66528,66528,Intersection,Cycles,\\sdotnasvfa\sdot_vol1\H8\PROD\ATTACHMENTS\COL_DIAGRAM\78187700.bmp,0,,,0,,11/19/2007 08:00:00 AM +0000,11/19/2007 11:56,1,29862,At Intersection (intersection related),Daylight,BELLEVUE AVE AND E PINE ST,0,1,Y,2,\\sdotnasvfa\sdot_vol1\H8\PROD\ATTACHMENTS\COL_REPORT\2906080.pdf,2906080,Wet,18,"MOTOR VEHICLE STRUCK PEDALCYCLIST, FRONT END AT ANGLE",7323003,9213,0,2,Injury Collision,,45,Bicycle,Matched,0,1,Overcast,0,10342,0,N,07-469494
104834,"""(47.612136459000055, -122.33537313699998)""",66780,66780,Intersection,Cycles,\\sdotnasvfa\sdot_vol1\H8\PROD\ATTACHMENTS\COL_DIAGRAM\66188800.bmp,0, ,,0,,10/02/2007 07:00:00 AM +0000,10/2/2007,1,29568,At Intersection (intersection related),Daylight,6TH AVE AND PINE ST,0,1,,3,\\sdotnasvfa\sdot_vol1\H8\PROD\ATTACHMENTS\COL_REPORT\2805011.pdf,2805011,Wet,18,"MOTOR VEHICLE STRUCK PEDALCYCLIST, FRONT END AT ANGLE",7275012,7884,0,2,Injury Collision,,45,Bicycle,Matched,0,2,Raining,0,0,523150,N,07-40557U
104858,"""(47.61581794700004, -122.32080786599994)""",66385,66385,Block,Cycles,\\sdotnasvfa\sdot_vol1\H8\PROD\ATTACHMENTS\COL_DIAGRAM\55545900.bmp,213,,,0,,08/21/2007 07:00:00 AM +0000,8/21/2007 15:05,0,,Mid-Block (not related to intersection),Daylight,BROADWAY BETWEEN E PINE ST AND XW E OLIVE ST,0,1,,2,\\sdotnasvfa\sdot_vol1\H8\PROD\ATTACHMENTS\COL_REPORT\2827553.pdf,2827553,Dry,54,PEDALCYCLIST STRUCK MOTOR VEHICLE REAR END,7233010,9448,0,1,Property Damage Only Collision,,45,Bicycle,Matched,0,1,Clear or Partly Cloudy,0,6853,0,N,07-344645