OBJECTID,Shape,INCKEY,COLDETKEY,ADDRTYPE,COLLISIONTYPE,DIAGRAMLINK,DISTANCE,EXCEPTRSNCODE,EXCEPTRSNDESC,FATALITIES,INATTENTIONIND,INCDATE,INCDTTM,INJURIES,INTKEY,JUNCTIONTYPE,LIGHTCOND,LOCATION,PEDCOUNT,PEDCYLCOUNT,PEDROWNOTGRNT,PERSONCOUNT,REPORTLINK,REPORTNO,ROADCOND,SDOT_COLCODE,SDOT_COLDESC,SDOTCOLNUM,SEGKEY,SERIOUSINJURIES,SEVERITYCODE,SEVERITYDESC,SPEEDING,ST_COLCODE,ST_COLDESC,STATUS,UNDERINFL,VEHCOUNT,WEATHER,WIDTH,SEGLANEKEY,CROSSWALKKEY,HITPARKEDCAR,SPDCASENO
104890,"""(47.54668144100003, -122.26162088199999)""",66518,66518,Intersection,Cycles,\\sdotnasvfa\sdot_vol1\H8\PROD\ATTACHMENTS\COL_DIAGRAM\22516300.bmp,0,,,0,,04/15/2007 07:00:00 AM +0000,4/15/2007 15:46,1,33741,At Intersection (intersection related),Daylight,SEWARD PARK AVE S AND S VAN DYKE RD,0,1,Y,2,\\sdotnasvfa\sdot_vol1\H8\PROD\ATTACHMENTS\COL_REPORT\2807045.pdf,2807045,Dry,51,PEDALCYCLIST STRUCK MOTOR VEHICLE FRONT END AT ANGLE,7105006,12797,0,2,Injury Collision,,45,Bicycle,Matched,0,1,Clear or Partly Cloudy,0,37492,0,N,07-150460
104925,"""(47.660577379000074, -122.31772271499995)""",66629,66629,Block,Cycles,\\sdotnasvfa\sdot_vol1\H8\PROD\ATTACHMENTS\COL_DIAGRAM\54185500.bmp,266,,,0,,07/02/2007 07:00:00 AM +0000,7/2/2007,1,,Mid-Block (not related to intersection),Daylight,ROOSEVELT WAY NE BETWEEN NE 43RD N ST AND NE 45TH ST,0,1,Y,2,\\sdotnasvfa\sdot_vol1\H8\PROD\ATTACHMENTS\COL_REPORT\2829891.pdf,2829891,Dry,18,"MOTOR VEHICLE STRUCK PEDALCYCLIST, FRONT END AT ANGLE",7183004,12598,0,2,Injury Collision,,45,Bicycle,Matched,0,1,Clear or Partly Cloudy,0,9000,0,N,07-267536
104965,"""(47.62139389300006, -122.34759737299999)""",66868,66868,Block,Cycles,\\sdotnasvfa\sdot_vol1\H8\PROD\ATTACHMENTS\COL_DIAGRAM\68186907.bmp,248,,,0,Y,04/30/2007 07:00:00 AM +0000,4/30/2007 9:37,1,,Driveway Junction,Daylight,5TH AVE N BETWEEN BROAD ST AND HARRISON ST,0,1,,2,\\sdotnasvfa\sdot_vol1\H8\PROD\ATTACHMENTS\COL_REPORT\2807311.pdf,2807311,Dry,18,"MOTOR VEHICLE STRUCK PEDALCYCLIST, FRONT END AT ANGLE",7120001,7252,0,2,Injury Collision,,45,Bicycle,Matched,0,1,Clear or Partly Cloudy,0,20363,0,N,07-171771
104975,"""(47.61460039800005, -122.34263408799995)""",66612,66612,Intersection,Cycles,\\sdotnasvfa\sdot_vol1\H8\PROD\ATTACHMENTS\COL_DIAGRAM\81188800.bmp,0,,,0,,08/06/2007 07:00:00 AM +0000,8/6/2007,1,29546,At Intersection (intersection related),Daylight,4TH AVE AND BLANCHARD ST,0,1,Y,2,\\sdotnasvfa\sdot_vol1\H8\PROD\ATTACHMENTS\COL_REPORT\2791510.pdf,2791510,Dry,18,"MOTOR VEHICLE STRUCK PEDALCYCLIST, FRONT END AT ANGLE",7218022,6139,0,2,Injury Collision,,45,Bicycle,Matched,0,1,Clear or Partly Cloudy,0,12814,0,N,07-324257
104998,"""(47.63333849800006, -122.30001462799999)""",66473,66473,Block,Cycles,\\sdotnasvfa\sdot_vol1\H8\PROD\ATTACHMENTS\COL_DIAGRAM\55511100.bmp,255,,,0,,05/09/2007 07:00:00 AM +0000,5/9/2007,1,,Mid-Block (but intersection related),Unknown,26TH AVE E BETWEEN E GARFIELD ST AND BOYER AVE E,0,1,,2,\\sdotnasvfa\sdot_vol1\H8\PROD\ATTACHMENTS\COL_REPORT\C687197.pdf,C687197,Unknown,51,PEDALCYCLIST STRUCK MOTOR VEHICLE FRONT END AT ANGLE,7129052,3854,0,2,Injury Collision,,45,Bicycle,Matched,0,1,Unknown,0,0,0,N,
105010,"""(47.61795105200008, -122.35756633599999)""",66866,66866,Block,Cycles,\\sdotnasvfa\sdot_vol1\H8\PROD\ATTACHMENTS\COL_DIAGRAM\22184907.bmp,330.5,,,0,,01/27/2007 08:00:00 AM +0000,1/27/2007 13:00,0,,Driveway Junction,Daylight,ELLIOTT AVE BETWEEN BAY ST AND W DENNY WAY,0,1,,2,\\sdotnasvfa\sdot_vol1\H8\PROD\ATTACHMENTS\COL_REPORT\C681000.pdf,C681000,Dry,18,"MOTOR VEHICLE STRUCK PEDALCYCLIST, FRONT END AT ANGLE",7027040,10210,0,1,Property Damage Only Collision,,45,Bicycle,Matched,0,1,Clear or Partly Cloudy,0,0,0,N,
105039,"""(47.61143896100003, -122.33703967999998)""",66736,66736,Block,Cycles,\\sdotnasvfa\sdot_vol1\H8\PROD\ATTACHMENTS\COL_DIAGRAM\65186600.bmp,161,,,0,,06/23/2007 07:00:00 AM +0000,6/23/2007 14:45,0,,Mid-Block (not related to intersection),Daylight,PINE ST BETWEEN 4TH AVE AND 5TH AVE,0,1,,2,\\sdotnasvfa\sdot_vol1\H8\PROD\ATTACHMENTS\COL_REPORT\2608397.pdf,2608397,Dry,18,"MOTOR VEHICLE STRUCK PEDALCYCLIST, FRONT END AT ANGLE",7174001,12216,0,1,Property Damage Only Collision,,45,Bicycle,Matched,0,1,Clear or Partly Cloudy,0,21836,0,N,07-254180
105107,"""(47.63486592400005, -122.32521590599998)""",66194,66194,Intersection,Cycles,\\sdotnasvfa\sdot_vol1\H8\PROD\ATTACHMENTS\COL_DIAGRAM\56185500.bmp,0,,,0,,11/08/2007 08:00:00 AM +0000,11/8/2007,1,28329,At Intersection (intersection related),Daylight,EASTLAKE AVE E AND E BLAINE ST,0,1,,2,\\sdotnasvfa\sdot_vol1\H8\PROD\ATTACHMENTS\COL_REPORT\2792384.pdf,2792384,Wet,18,"MOTOR VEHICLE STRUCK PEDALCYCLIST, FRONT END AT ANGLE",7312006,10173,0,2,Injury Collision,,45,Bicycle,Matched,0,1,Overcast,0,24782,0,N,07-455050
105129,"""(47.67085623300005, -122.32823458499996)""",66187,66187,Intersection,Cycles,\\sdotnasvfa\sdot_vol1\H8\PROD\ATTACHMENTS\COL_DIAGRAM\77515500.bmp,0,,,0,,05/22/2007 07:00:00 AM +0000,5/22/2007 14:31,1,25836,At Intersection (intersection related),Daylight,1ST AVE NE AND NE 58TH ST,0,1,,3,\\sdotnasvfa\sdot_vol1\H8\PROD\ATTACHMENTS\COL_REPORT\2829051.pdf,2829051,Wet,51,PEDALCYCLIST STRUCK MOTOR VEHICLE FRONT END AT ANGLE,7142002,1076,0,2,Injury Collision,,45,Bicycle,Matched,0,1,Clear or Partly Cloudy,0,0,0,N,07-204496
105141,"""(47.66626671800003, -122.30060497999995)""",66053,66053,Intersection,Cycles,\\sdotnasvfa\sdot_vol1\H8\PROD\ATTACHMENTS\COL_DIAGRAM\11183571.bmp,0,,,0,,09/08/2007 07:00:00 AM +0000,9/8/2007,1,25949,At Intersection (intersection related),Daylight,25TH AVE NE AND NE BLAKELEY ST,0,1,,2,\\sdotnasvfa\sdot_vol1\H8\PROD\ATTACHMENTS\COL_REPORT\C691870.pdf,C691870,Dry,18,"MOTOR VEHICLE STRUCK PEDALCYCLIST, FRONT END AT ANGLE",7251040,3723,0,2,Injury Collision,,45,Bicycle,Matched,0,1,Clear or Partly Cloudy,0,0,0,N,
105288,"""(47.68508660200007, -122.33569761599995)""",66148,66148,Intersection,Cycles,\\sdotnasvfa\sdot_vol1\H8\PROD\ATTACHMENTS\COL_DIAGRAM\42188800.bmp,0,,,0,,06/14/2007 07:00:00 AM +0000,6/14/2007 17:04,1,24248,At Intersection (intersection related),Daylight,EAST GREEN LAKE DR N AND N 78TH ST,0,1,Y,3,\\sdotnasvfa\sdot_vol1\H8\PROD\ATTACHMENTS\COL_REPORT\2795845.pdf,2795845,Dry,18,"MOTOR VEHICLE STRUCK PEDALCYCLIST, FRONT END AT ANGLE",7165003,14067,0,2,Injury Collision,,45,Bicycle,Matched,0,1,Clear or Partly Cloudy,0,7354,0,N,07-240165
105439,"""(47.68165808100008, -122.32748855199998)""",65983,65983,Intersection,Cycles,\\sdotnasvfa\sdot_vol1\H8\PROD\ATTACHMENTS\COL_DIAGRAM\86188671.bmp,0,,,0,,02/24/2007 08:00:00 AM +0000,2/24/2007 7:05,1,24573,At Intersection (intersection related),Daylight,LATONA AVE NE AND EAST GREEN LAKE DR N,0,1,Y,2,\\sdotnasvfa\sdot_vol1\H8\PROD\ATTACHMENTS\COL_REPORT\2614335.pdf,2614335,Wet,18,"MOTOR VEHICLE STRUCK PEDALCYCLIST, FRONT END AT ANGLE",7055002,11313,0,2,Injury Collision,,45,Bicycle,Matched,0,1,Raining,0,7307,0,N,07-079140
105451,"""(47.64227343300007, -122.32005761599999)""",65968,65968,Block,Cycles,\\sdotnasvfa\sdot_vol1\H8\PROD\ATTACHMENTS\COL_DIAGRAM\17515500.bmp,335.5,,,0,,12/08/2007 08:00:00 AM +0000,12/8/2007,1,,Mid-Block (not related to intersection),Dark - Street Lights On,10TH AVE E BETWEEN E MILLER ST AND E ROANOKE W ST,0,1,,3,\\sdotnasvfa\sdot_vol1\H8\PROD\ATTACHMENTS\COL_REPORT\2906357.pdf,2906357,Dry,51,PEDALCYCLIST STRUCK MOTOR VEHICLE FRONT END AT ANGLE,7342004,1301,0,2,Injury Collision,,45,Bicycle,Matched,0,2,Clear or Partly Cloudy,0,6086,0,N,07-4952535
105468,"""(47.65603275500007, -122.34993767699996)""",66239,66239,Block,Cycles,\\sdotnasvfa\sdot_vol1\H8\PROD\ATTACHMENTS\COL_DIAGRAM\56185500.bmp,229.5,,,0,,07/10/2007 07:00:00 AM +0000,7/10/2007 11:25,1,,Mid-Block (not related to intersection),Daylight,FREMONT AVE N BETWEEN XW N40 AND N 41ST ST,0,1,Y,2,\\sdotnasvfa\sdot_vol1\H8\PROD\ATTACHMENTS\COL_REPORT\2807921.pdf,2807921,Dry,18,"MOTOR VEHICLE STRUCK PEDALCYCLIST, FRONT END AT ANGLE",7191005,10490,0,2,Injury Collision,,45,Bicycle,Matched,0,1,Clear or Partly Cloudy,0,8390,0,N,07-280974
105478,"""(47.54611811700005, -122.29028647499996)""",66101,66101,Intersection,Cycles,\\sdotnasvfa\sdot_vol1\H8\PROD\ATTACHMENTS\COL_DIAGRAM\33690000.bmp,0,,,0,,08/30/2007 07:00:00 AM +0000,8/30/2007 22:10,1,33644,At Intersection (intersection related),Dark - Street Lights On,33RD AVE S AND S GRAHAM ST,0,1,,1,\\sdotnasvfa\sdot_vol1\H8\PROD\ATTACHMENTS\COL_REPORT\2794520.pdf,2794520,Dry,69,PEDALCYCLIST OVERTURNED IN ROAD,7242001,5173,0,2,Injury Collision,,45,Bicycle,Matched,0,0,Clear or Partly Cloudy,0,37727,0,N,07-358983
105522,"""(47.626261483000064, -122.34233438599995)""",66345,66345,Intersection,Cycles,\\sdotnasvfa\sdot_vol1\H8\PROD\ATTACHMENTS\COL_DIAGRAM\17185500.bmp,0,,,0,,10/25/2007 07:00:00 AM +0000,10/25/2007 18:57,1,28736,At Intersection (intersection related),Dark - Street Lights On,DEXTER AVE N AND VALLEY ST,0,1,Y,2,\\sdotnasvfa\sdot_vol1\H8\PROD\ATTACHMENTS\COL_REPORT\2791797.pdf,2791797,Dry,18,"MOTOR VEHICLE STRUCK PEDALCYCLIST, FRONT END AT ANGLE",7298001,10079,0,2,Injury Collision,,45,Bicycle,Matched,1,1,Clear or Partly Cloudy,0,12719,0,N,07-437098
105602,"""(47.63752603300003, -122.32346609299998)""",65685,65685,Block,Cycles,\\sdotnasvfa\sdot_vol1\H8\PROD\ATTACHMENTS\COL_DIAGRAM\55185400.bmp,262.5,,,0,,05/17/2007 07:00:00 AM +0000,5/17/2007 14:02,1,,Mid-Block (but intersection related),Daylight,BOYLSTON AVE E BETWEEN LAKEVIEW N BV E AND E BOSTON ST,0,1,,2,\\sdotnasvfa\sdot_vol1\H8\PROD\ATTACHMENTS\COL_REPORT\2806476.pdf,2806476,Dry,18,"MOTOR VEHICLE STRUCK PEDALCYCLIST, FRONT END AT ANGLE",7137023,9390,0,2,Injury Collision,,45,Bicycle,Matched,0,1,Clear or Partly Cloudy,0,37357,0,N,07-197080
105643,"""(47.563457999000036, -122.28801140299998)""",65675,65675,Block,Cycles,\\sdotnasvfa\sdot_vol1\H8\PROD\ATTACHMENTS\COL_DIAGRAM\12181100.bmp,237,,,0,Y,08/03/2007 07:00:00 AM +0000,8/3/2007,1,,Driveway Junction,Daylight,RAINIER AVE S BETWEEN S GENESEE S ST AND S OREGON ST,0,1,Y,2,\\sdotnasvfa\sdot_vol1\H8\PROD\ATTACHMENTS\COL_REPORT\2798108.pdf,2798108,Dry,18,"MOTOR VEHICLE STRUCK PEDALCYCLIST, FRONT END AT ANGLE",7215042,12382,0,2,Injury Collision,,45,Bicycle,Matched,0,1,Clear or Partly Cloudy,0,0,0,N,07-317467
105652,"""(47.61308846600008, -122.35082566499995)""",65664,65664,Block,Cycles,\\sdotnasvfa\sdot_vol1\H8\PROD\ATTACHMENTS\COL_DIAGRAM\88186600.bmp,134.5,,,0,,05/31/2007 07:00:00 AM +0000,5/31/2007 17:34,0,,Driveway Junction,Daylight,WALL ST BETWEEN ALASKAN WAY AND ELLIOTT AVE,0,1,Y,2,\\sdotnasvfa\sdot_vol1\H8\PROD\ATTACHMENTS\COL_REPORT\2825879.pdf,2825879,Dry,18,"MOTOR VEHICLE STRUCK PEDALCYCLIST, FRONT END AT ANGLE",7151001,13352,0,1,Property Damage Only Collision,,45,Bicycle,Matched,0,1,Clear or Partly Cloudy,0,0,0,N,07-218291
105716,"""(47.68507268700006, -122.32292811299999)""",65402,65402,Intersection,Cycles,\\sdotnasvfa\sdot_vol1\H8\PROD\ATTACHMENTS\COL_DIAGRAM\11515400.bmp,0,,,0,,08/06/2007 07:00:00 AM +0000,8/6/2007,0,24404,At Intersection (intersection related),Dark - Street Lights On,5TH AVE NE AND BANNER WAY NE,0,1,,2,\\sdotnasvfa\sdot_vol1\H8\PROD\ATTACHMENTS\COL_REPORT\2799312.pdf,2799312,Dry,51,PEDALCYCLIST STRUCK MOTOR VEHICLE FRONT END AT ANGLE,7218021,7311,0,1,Property Damage Only Collision,,45,Bicycle,Matched,0,1,Clear or Partly Cloudy,0,7477,0,N,07-323323
105765,"""(47.721110819000046, -122.29910492299996)""",65385,65385,Intersection,Cycles,\\sdotnasvfa\sdot_vol1\H8\PROD\ATTACHMENTS\COL_DIAGRAM\33511100.bmp,0,,,0,,10/17/2007 07:00:00 AM +0000,10/17/2007 8:05,1,36062,At Intersection (intersection related),Daylight,27TH AVE NE AND NE 127TH ST,0,1,,2,\\sdotnasvfa\sdot_vol1\H8\PROD\ATTACHMENTS\COL_REPORT\2799149.pdf,2799149,Dry,51,PEDALCYCLIST STRUCK MOTOR VEHICLE FRONT END AT ANGLE,7290003,4036,0,2,Injury Collision,,45,Bicycle,Matched,0,1,Overcast,0,0,0,N,07-425270
105771,"""(47.51699476400006, -122.28276966899995)""",65383,65383,Block,Cycles,\\sdotnasvfa\sdot_vol1\H8\PROD\ATTACHMENTS\COL_DIAGRAM\11211100.bmp,73.5,,,0,,06/01/2007 07:00:00 AM +0000,6/1/2007,1,,Mid-Block (not related to intersection),Daylight,CARKEEK DR S BETWEEN 40TH AVE S AND HARADEN PL S,0,1,,2,\\sdotnasvfa\sdot_vol1\H8\PROD\ATTACHMENTS\COL_REPORT\2794601.pdf,2794601,Dry,21,"MOTOR VEHICLE STRUCK PEDALCYCLIST, REAR END",7152001,9609,0,2,Injury Collision,,45,Bicycle,Matched,0,1,Clear or Partly Cloudy,0,13462,0,N,07-220052
105787,"""(47.56643348000006, -122.30647051299997)""",65641,65641,Block,Cycles,\\sdotnasvfa\sdot_vol1\H8\PROD\ATTACHMENTS\COL_DIAGRAM\12181100.bmp,1671.5,,,0,Y,06/04/2007 07:00:00 AM +0000,6/4/2007,1,,Mid-Block (not related to intersection),Daylight,BEACON AVE S BETWEEN BEACON WR N AVE S AND BEACON ER AVE S,0,1,,2,\\sdotnasvfa\sdot_vol1\H8\PROD\ATTACHMENTS\COL_REPORT\2611993.pdf,2611993,Dry,18,"MOTOR VEHICLE STRUCK PEDALCYCLIST, FRONT END AT ANGLE",7155001,166849,0,2,Injury Collision,,45,Bicycle,Matched,0,1,Clear or Partly Cloudy,0,13073,0,N,07-224085
105902,"""(47.60852347800005, -122.33744170299997)""",65351,65351,Block,Cycles,\\sdotnasvfa\sdot_vol1\H8\PROD\ATTACHMENTS\COL_DIAGRAM\66216900.bmp,161,,,0,,06/15/2007 07:00:00 AM +0000,6/15/2007 12:51,1,,Mid-Block (not related to intersection),Daylight,UNION ST BETWEEN 2ND AVE AND 3RD AVE,0,1,,2,\\sdotnasvfa\sdot_vol1\H8\PROD\ATTACHMENTS\COL_REPORT\2793761.pdf,2793761,Dry,21,"MOTOR VEHICLE STRUCK PEDALCYCLIST, REAR END",7166004,13180,0,2,Injury Collision,,45,Bicycle,Matched,0,1,Clear or Partly Cloudy,0,36553,0,N,07-241400
105918,"""(47.69019792300003, -122.34452003799998)""",65473,65473,Block,Cycles,\\sdotnasvfa\sdot_vol1\H8\PROD\ATTACHMENTS\COL_DIAGRAM\55545900.bmp,132.5,,,0,,08/20/2007 07:00:00 AM +0000,8/20/2007 11:52,1,,Mid-Block (not related to intersection),Daylight,AURORA AVE N BETWEEN N 84TH ST AND N 85TH ST,0,1,,2,\\sdotnasvfa\sdot_vol1\H8\PROD\ATTACHMENTS\COL_REPORT\2799415.pdf,2799415,Wet,54,PEDALCYCLIST STRUCK MOTOR VEHICLE REAR END,7232001,8962,0,2,Injury Collision,,45,Bicycle,Matched,0,1,Raining,0,16445,0,N,07-342951
105987,"""(47.61018050100006, -122.33511874299995)""",65468,65468,Block,Cycles,\\sdotnasvfa\sdot_vol1\H8\PROD\ATTACHMENTS\COL_DIAGRAM\44514500.bmp,213,,,0,,08/29/2007 07:00:00 AM +0000,8/29/2007 16:10,1,,Mid-Block (not related to intersection),Daylight,5TH AVE BETWEEN UNION ST AND PIKE ST,0,1,,2,\\sdotnasvfa\sdot_vol1\H8\PROD\ATTACHMENTS\COL_REPORT\2825797.pdf,2825797,Dry,51,PEDALCYCLIST STRUCK MOTOR VEHICLE FRONT END AT ANGLE,7241050,7235,0,2,Injury Collision,,45,Bicycle,Matched,0,1,Clear or Partly Cloudy,0,24885,0,N,07-356942
106042,"""(47.60776317700004, -122.33597579399998)""",65572,65572,Intersection,Cycles,\\sdotnasvfa\sdot_vol1\H8\PROD\ATTACHMENTS\COL_DIAGRAM\42188800.bmp,0,,,0,,12/13/2007 08:00:00 AM +0000,12/13/2007 13:38,1,29601,At Intersection (intersection related),Daylight,3RD AVE AND UNIVERSITY ST,0,1,Y,2,\\sdotnasvfa\sdot_vol1\H8\PROD\ATTACHMENTS\COL_REPORT\2906135.pdf,2906135,Wet,18,"MOTOR VEHICLE STRUCK PEDALCYCLIST, FRONT END AT ANGLE",7347003,4382,0,2,Injury Collision,,45,Bicycle,Matched,0,1,Overcast,0,32841,0,N,07-499376
106122,"""(47.68308626400005, -122.31527968899996)""",64914,64914,Intersection,Cycles,\\sdotnasvfa\sdot_vol1\H8\PROD\ATTACHMENTS\COL_DIAGRAM\77511100.bmp,0, ,,0,,02/08/2007 08:00:00 AM +0000,2/8/2007,1,24429,At Intersection (intersection related),Dusk,12TH AVE NE AND NE 75TH ST,0,1,,2,\\sdotnasvfa\sdot_vol1\H8\PROD\ATTACHMENTS\COL_REPORT\2614118.pdf,2614118,Dry,51,PEDALCYCLIST STRUCK MOTOR VEHICLE FRONT END AT ANGLE,7039001,1590,0,2,Injury Collision,,45,Bicycle,Matched,0,1,Clear or Partly Cloudy,0,0,521080,N,07-056289
106153,"""(47.64924012200004, -122.34741874299999)""",65026,65026,Intersection,Cycles,\\sdotnasvfa\sdot_vol1\H8\PROD\ATTACHMENTS\COL_DIAGRAM\55183300.bmp,0,,,0,,03/20/2007 07:00:00 AM +0000,3/20/2007 7:42,1,27043,At Intersection (intersection related),Daylight,TROLL AVE N AND N 34TH ST,0,1,Y,2,\\sdotnasvfa\sdot_vol1\H8\PROD\ATTACHMENTS\COL_REPORT\2624159.pdf,2624159,Dry,18,"MOTOR VEHICLE STRUCK PEDALCYCLIST, FRONT END AT ANGLE",7079002,9002,1,2b,Serious Injury Collision,,45,Bicycle,Matched,0,1,Clear or Partly Cloudy,0,8816,0,N,07-112724
106160,"""(47.66626671800003, -122.30060497999995)""",65282,65282,Intersection,Cycles,\\sdotnasvfa\sdot_vol1\H8\PROD\ATTACHMENTS\COL_DIAGRAM\11187571.bmp,0, ,,0,,08/09/2007 07:00:00 AM +0000,8/9/2007,1,25949,At Intersection (intersection related),Daylight,25TH AVE NE AND NE BLAKELEY ST,0,1,Y,3,\\sdotnasvfa\sdot_vol1\H8\PROD\ATTACHMENTS\COL_REPORT\2829286.pdf,2829286,Dry,18,"MOTOR VEHICLE STRUCK PEDALCYCLIST, FRONT END AT ANGLE",7221001,3723,0,2,Injury Collision,,45,Bicycle,Matched,0,1,Clear or Partly Cloudy,0,0,521604,N,07-326859
106189,"""(47.60968542100005, -122.33466559799996)""",65152,65152,Intersection,Cycles,\\sdotnasvfa\sdot_vol1\H8\PROD\ATTACHMENTS\COL_DIAGRAM\65516600.bmp,0,,,0,,05/08/2007 07:00:00 AM +0000,5/8/2007,1,29913,At Intersection (intersection related),Daylight,5TH AVE AND UNION ST,0,1,,2,\\sdotnasvfa\sdot_vol1\H8\PROD\ATTACHMENTS\COL_REPORT\2608394.pdf,2608394,Dry,51,PEDALCYCLIST STRUCK MOTOR VEHICLE FRONT END AT ANGLE,7128002,7235,0,2,Injury Collision,,45,Bicycle,Matched,0,1,Clear or Partly Cloudy,0,25512,0,N,07-183697
106228,"""(47.66086041300008, -122.33618657999995)""",65261,65261,Block,Cycles,\\sdotnasvfa\sdot_vol1\H8\PROD\ATTACHMENTS\COL_DIAGRAM\11561900.bmp,200.5,,,0,,12/14/2007 08:00:00 AM +0000,12/14/2007 14:38,1,,Mid-Block (not related to intersection),Daylight,WALLINGFORD AVE N BETWEEN N 44TH ST AND N 45TH ST,0,1,,3,\\sdotnasvfa\sdot_vol1\H8\PROD\ATTACHMENTS\COL_REPORT\2881125.pdf,2881125,Dry,56,PEDALCYCLIST STRUCK MOTOR VEHICLE LEFT SIDE SIDESWIPE,7348005,13372,0,2,Injury Collision,,45,Bicycle,Matched,0,2,Overcast,0,6234,0,N,07-500737
106236,"""(47.654215958000066, -122.31923589299998)""",65145,65145,Block,Cycles,\\sdotnasvfa\sdot_vol1\H8\PROD\ATTACHMENTS\COL_DIAGRAM\66660000.bmp,516,,,0,,05/12/2007 07:00:00 AM +0000,5/12/2007 9:28,1,,Mid-Block (not related to intersection),Daylight,UNIVERSITY BR BETWEEN POINT B AND EASTLAKE AVE NE,0,1,,1,\\sdotnasvfa\sdot_vol1\H8\PROD\ATTACHMENTS\COL_REPORT\2829107.pdf,2829107,Dry,66,PEDALCYCLIST STRUCK OBJECT IN ROAD,7132001,13191,1,2b,Serious Injury Collision,,45,Bicycle,Matched,0,0,Clear or Partly Cloudy,0,11650,0,N,07-189649
106258,"""(47.68693908300003, -122.34990541099995)""",65135,65135,Intersection,Cycles,\\sdotnasvfa\sdot_vol1\H8\PROD\ATTACHMENTS\COL_DIAGRAM\33185500.bmp,0,,,0,,01/04/2007 08:00:00 AM +0000,1/4/2007,1,24284,At Intersection (intersection related),Dark - Street Lights On,FREMONT AVE N AND N 80TH ST,0,1,Y,2,\\sdotnasvfa\sdot_vol1\H8\PROD\ATTACHMENTS\COL_REPORT\2390447.pdf,2390447,Wet,18,"MOTOR VEHICLE STRUCK PEDALCYCLIST, FRONT END AT ANGLE",7004002,10523,0,2,Injury Collision,,45,Bicycle,Matched,0,1,Overcast,0,27300,0,N,07-005546
106299,"""(47.52468850000008, -122.36250069999994)""",65114,65114,Block,Cycles,\\sdotnasvfa\sdot_vol1\H8\PROD\ATTACHMENTS\COL_DIAGRAM\11517700.bmp,166.5,,,0,,07/17/2007 07:00:00 AM +0000,7/17/2007 12:32,1,,Driveway Junction,Daylight,SW TRENTON ST BETWEEN 22ND AVE SW AND 24TH AVE SW,0,1,,2,\\sdotnasvfa\sdot_vol1\H8\PROD\ATTACHMENTS\COL_REPORT\2829371.pdf,2829371,Dry,51,PEDALCYCLIST STRUCK MOTOR VEHICLE FRONT END AT ANGLE,7198001,22923,0,2,Injury Collision,,45,Bicycle,Matched,0,1,Overcast,0,0,0,N,07-291889
106372,"""(47.62082387600003, -122.32914203999997)""",64967,64967,Intersection,Cycles,\\sdotnasvfa\sdot_vol1\H8\PROD\ATTACHMENTS\COL_DIAGRAM\11513300.bmp,0,,,0,,08/16/2007 07:00:00 AM +0000,8/16/2007 13:36,1,29146,At Intersection (intersection related),Daylight,EASTLAKE AVE E AND THOMAS ST,0,1,,3,\\sdotnasvfa\sdot_vol1\H8\PROD\ATTACHMENTS\COL_REPORT\2791679.pdf,2791679,Dry,51,PEDALCYCLIST STRUCK MOTOR VEHICLE FRONT END AT ANGLE,7228002,10164,0,2,Injury Collision,,45,Bicycle,Matched,0,1,Clear or Partly Cloudy,0,0,0,N,07-337292
106378,"""(47.708569219000026, -122.31920878399995)""",65102,65102,Block,Cycles,\\sdotnasvfa\sdot_vol1\H8\PROD\ATTACHMENTS\COL_DIAGRAM\55183907.bmp,333.5,,,0,,11/07/2007 08:00:00 AM +0000,11/7/2007,1,,Driveway Junction,Dark - Street Lights Off,NE NORTHGATE WAY BETWEEN 8TH AVE NE AND ROOSEVELT WAY NE,0,1,Y,2,\\sdotnasvfa\sdot_vol1\H8\PROD\ATTACHMENTS\COL_REPORT\2802621.pdf,2802621,Dry,18,"MOTOR VEHICLE STRUCK PEDALCYCLIST, FRONT END AT ANGLE",7311035,18014,0,2,Injury Collision,,45,Bicycle,Matched,0,1,Clear or Partly Cloudy,0,0,0,N,07-456050
106415,"""(47.664896783000074, -122.31250781199998)""",64835,64835,Block,Cycles,\\sdotnasvfa\sdot_vol1\H8\PROD\ATTACHMENTS\COL_DIAGRAM\11187700.bmp,140,,,0,Y,07/11/2007 07:00:00 AM +0000,7/11/2007 0:28,1,,Driveway Junction,Dark - Street Lights On,NE 50TH ST BETWEEN UNIVERSITY WAY NE AND 15TH AVE NE,0,1,,2,\\sdotnasvfa\sdot_vol1\H8\PROD\ATTACHMENTS\COL_REPORT\2799451.pdf,2799451,Dry,18,"MOTOR VEHICLE STRUCK PEDALCYCLIST, FRONT END AT ANGLE",7192040,16934,1,2b,Serious Injury Collision,,45,Bicycle,Matched,0,1,Clear or Partly Cloudy,0,21411,0,N,07-281925
106421,"""(47.67381049200003, -122.36873253799996)""",65090,65090,Intersection,Cycles,\\sdotnasvfa\sdot_vol1\H8\PROD\ATTACHMENTS\COL_DIAGRAM\33185500.bmp,0,,,0,,06/06/2007 07:00:00 AM +0000,6/6/2007,1,25389,At Intersection (intersection related),Daylight,9TH AVE NW AND NW 62ND ST,0,1,,3,\\sdotnasvfa\sdot_vol1\H8\PROD\ATTACHMENTS\COL_REPORT\2830030.pdf,2830030,Dry,18,"MOTOR VEHICLE STRUCK PEDALCYCLIST, FRONT END AT ANGLE",7157003,8580,0,2,Injury Collision,Y,45,Bicycle,Matched,0,1,Overcast,0,0,0,N,07-228003