OBJECTID,Shape,INCKEY,COLDETKEY,ADDRTYPE,COLLISIONTYPE,DIAGRAMLINK,DISTANCE,EXCEPTRSNCODE,EXCEPTRSNDESC,FATALITIES,INATTENTIONIND,INCDATE,INCDTTM,INJURIES,INTKEY,JUNCTIONTYPE,LIGHTCOND,LOCATION,PEDCOUNT,PEDCYLCOUNT,PEDROWNOTGRNT,PERSONCOUNT,REPORTLINK,REPORTNO,ROADCOND,SDOT_COLCODE,SDOT_COLDESC,SDOTCOLNUM,SEGKEY,SERIOUSINJURIES,SEVERITYCODE,SEVERITYDESC,SPEEDING,ST_COLCODE,ST_COLDESC,STATUS,UNDERINFL,VEHCOUNT,WEATHER,WIDTH,SEGLANEKEY,CROSSWALKKEY,HITPARKEDCAR,SPDCASENO
106453,"""(47.618154047000075, -122.32084513599995)""",65219,65219,Block,Cycles,\\sdotnasvfa\sdot_vol1\H8\PROD\ATTACHMENTS\COL_DIAGRAM\12181100.bmp,213,,,0,,03/06/2007 08:00:00 AM +0000,3/6/2007,1,,Mid-Block (not related to intersection),Daylight,BROADWAY BETWEEN E HOWELL ST AND E DENNY WAY,0,1,Y,3,\\sdotnasvfa\sdot_vol1\H8\PROD\ATTACHMENTS\COL_REPORT\2615207.pdf,2615207,Dry,18,"MOTOR VEHICLE STRUCK PEDALCYCLIST, FRONT END AT ANGLE",7065002,9450,0,2,Injury Collision,,45,Bicycle,Matched,0,1,Clear or Partly Cloudy,0,6825,0,N,07-093099
106515,"""(47.609809435000045, -122.31677966199999)""",65060,65060,Block,Cycles,\\sdotnasvfa\sdot_vol1\H8\PROD\ATTACHMENTS\COL_DIAGRAM\11569100.bmp,213,,,0,,06/15/2007 07:00:00 AM +0000,6/15/2007 19:39,1,,Mid-Block (not related to intersection),Daylight,12TH AVE BETWEEN E COLUMBIA ST AND E MARION ST,0,1,Y,2,\\sdotnasvfa\sdot_vol1\H8\PROD\ATTACHMENTS\COL_REPORT\2806063.pdf,2806063,Dry,56,PEDALCYCLIST STRUCK MOTOR VEHICLE LEFT SIDE SIDESWIPE,7166001,1533,1,2b,Serious Injury Collision,,45,Bicycle,Matched,0,1,Clear or Partly Cloudy,0,10710,0,N,07-241950
106591,"""(47.63972724800004, -122.32710821799998)""",64408,64408,Intersection,Cycles,\\sdotnasvfa\sdot_vol1\H8\PROD\ATTACHMENTS\COL_DIAGRAM\11187700.bmp,0,,,0,,03/05/2007 08:00:00 AM +0000,3/5/2007,1,28309,At Intersection (intersection related),Daylight,YALE AVE E AND E LYNN ST,0,1,Y,2,\\sdotnasvfa\sdot_vol1\H8\PROD\ATTACHMENTS\COL_REPORT\2806053.pdf,2806053,Dry,18,"MOTOR VEHICLE STRUCK PEDALCYCLIST, FRONT END AT ANGLE",7064003,13742,0,2,Injury Collision,,45,Bicycle,Matched,0,1,Overcast,0,0,0,N,07-91607
106620,"""(47.65134880900007, -122.34993445299995)""",64651,64651,Intersection,Cycles,\\sdotnasvfa\sdot_vol1\H8\PROD\ATTACHMENTS\COL_DIAGRAM\31187700.bmp,0,,,0,,07/30/2007 07:00:00 AM +0000,7/30/2007 16:14,1,27027,At Intersection (intersection related),Daylight,FREMONT AVE N AND N 36TH ST,0,1,Y,3,\\sdotnasvfa\sdot_vol1\H8\PROD\ATTACHMENTS\COL_REPORT\2799258.pdf,2799258,Dry,18,"MOTOR VEHICLE STRUCK PEDALCYCLIST, FRONT END AT ANGLE",7211002,10487,0,2,Injury Collision,,45,Bicycle,Matched,0,1,Clear or Partly Cloudy,0,38078,0,N,07-31190
106633,"""(47.61873954100008, -122.32085448299995)""",64531,64531,Intersection,Cycles,\\sdotnasvfa\sdot_vol1\H8\PROD\ATTACHMENTS\COL_DIAGRAM\77181100.bmp,0,,,0,,11/07/2007 08:00:00 AM +0000,11/7/2007,1,29068,At Intersection (intersection related),Daylight,BROADWAY AND E DENNY WAY,0,1,,3,\\sdotnasvfa\sdot_vol1\H8\PROD\ATTACHMENTS\COL_REPORT\2616853.pdf,2616853,Wet,18,"MOTOR VEHICLE STRUCK PEDALCYCLIST, FRONT END AT ANGLE",7311004,9451,0,2,Injury Collision,,45,Bicycle,Matched,0,1,Overcast,0,0,0,N,2007-454014
106643,"""(47.65895414400006, -122.350013279)""",64394,64394,Intersection,Cycles,\\sdotnasvfa\sdot_vol1\H8\PROD\ATTACHMENTS\COL_DIAGRAM\55690000.bmp,0,,,0,,04/24/2007 07:00:00 AM +0000,4/24/2007 18:50,1,26949,At Intersection (intersection related),Daylight,FREMONT AVE N AND N 43RD S ST,0,1,,1,\\sdotnasvfa\sdot_vol1\H8\PROD\ATTACHMENTS\COL_REPORT\2618183.pdf,2618183,Dry,69,PEDALCYCLIST OVERTURNED IN ROAD,7114006,10494,0,2,Injury Collision,,45,Bicycle,Matched,0,0,Clear or Partly Cloudy,0,8427,0,N,07-163534
106656,"""(47.63127418500005, -122.30163002999996)""",64526,64526,Intersection,Cycles,\\sdotnasvfa\sdot_vol1\H8\PROD\ATTACHMENTS\COL_DIAGRAM\11183300.bmp,0,,,0,,02/10/2007 08:00:00 AM +0000,2/10/2007 17:20,1,29196,At Intersection (intersection related),Daylight,24TH AVE E AND E LEE ST,0,1,Y,2,\\sdotnasvfa\sdot_vol1\H8\PROD\ATTACHMENTS\COL_REPORT\2620590.pdf,2620590,Dry,18,"MOTOR VEHICLE STRUCK PEDALCYCLIST, FRONT END AT ANGLE",7041001,3545,0,2,Injury Collision,,45,Bicycle,Matched,0,1,Clear or Partly Cloudy,0,22515,0,N,07-59550
106657,"""(47.733220225000025, -122.34779052099998)""",64773,64773,Block,Cycles,\\sdotnasvfa\sdot_vol1\H8\PROD\ATTACHMENTS\COL_DIAGRAM\11211900.bmp,331,,,0,,07/04/2007 07:00:00 AM +0000,7/4/2007,1,,Mid-Block (but intersection related),Daylight,LINDEN AVE N BETWEEN N 143RD ST AND N 145TH ST,0,1,,2,\\sdotnasvfa\sdot_vol1\H8\PROD\ATTACHMENTS\COL_REPORT\C688428.pdf,C688428,Dry,21,"MOTOR VEHICLE STRUCK PEDALCYCLIST, REAR END",7185027,11460,0,2,Injury Collision,,45,Bicycle,Matched,0,1,Clear or Partly Cloudy,0,40812,0,N,
106698,"""(47.65413543600005, -122.312178916)""",64377,64377,Block,Cycles,\\sdotnasvfa\sdot_vol1\H8\PROD\ATTACHMENTS\COL_DIAGRAM\17515500.bmp,439,,,0,,01/17/2007 08:00:00 AM +0000,1/17/2007 9:20,1,,Mid-Block (not related to intersection),Daylight,15TH AVE NE BETWEEN NE PACIFIC ST AND NE 40TH ST,0,1,,3,\\sdotnasvfa\sdot_vol1\H8\PROD\ATTACHMENTS\COL_REPORT\2624866.pdf,2624866,Dry,51,PEDALCYCLIST STRUCK MOTOR VEHICLE FRONT END AT ANGLE,7017003,2028,1,2b,Serious Injury Collision,,45,Bicycle,Matched,0,1,Clear or Partly Cloudy,0,0,0,N,07-022855
106864,"""(47.56407560000008, -122.37419372599999)""",64349,64349,Block,Cycles,\\sdotnasvfa\sdot_vol1\H8\PROD\ATTACHMENTS\COL_DIAGRAM\44186600.bmp,492,,,0,,11/09/2007 08:00:00 AM +0000,11/9/2007,1,,Driveway Junction,Dusk,SW AVALON WAY BETWEEN SW GENESEE ST AND 35TH AVE SW,0,1,Y,2,\\sdotnasvfa\sdot_vol1\H8\PROD\ATTACHMENTS\COL_REPORT\2825107.pdf,2825107,Dry,18,"MOTOR VEHICLE STRUCK PEDALCYCLIST, FRONT END AT ANGLE",7313003,21820,0,2,Injury Collision,,45,Bicycle,Matched,0,1,Clear or Partly Cloudy,0,41933,0,N,07-457068
106869,"""(47.668680546000076, -122.38697024799995)""",64591,64591,Block,Cycles,\\sdotnasvfa\sdot_vol1\H8\PROD\ATTACHMENTS\COL_DIAGRAM\77567900.bmp,149, ,,0,,03/17/2007 07:00:00 AM +0000,3/17/2007 12:11,1,,Mid-Block (not related to intersection),Daylight,NW MARKET ST BETWEEN BALLARD AVE NW AND 24TH AVE NW,0,1,,2,\\sdotnasvfa\sdot_vol1\H8\PROD\ATTACHMENTS\COL_REPORT\2803030.pdf,2803030,Wet,56,PEDALCYCLIST STRUCK MOTOR VEHICLE LEFT SIDE SIDESWIPE,7076001,19235,0,2,Injury Collision,,45,Bicycle,Matched,0,1,Raining,0,25847,0,N,07-108851
106899,"""(47.65565365200007, -122.34242594099999)""",64336,64336,Block,Cycles,\\sdotnasvfa\sdot_vol1\H8\PROD\ATTACHMENTS\COL_DIAGRAM\56185500.bmp,99.5,,,0,,07/20/2007 07:00:00 AM +0000,7/20/2007 8:20,1,,Driveway Junction,Daylight,STONE WAY N BETWEEN N 40TH ST AND N LUCAS PL,0,1,Y,5,\\sdotnasvfa\sdot_vol1\H8\PROD\ATTACHMENTS\COL_REPORT\2803333.pdf,2803333,Wet,18,"MOTOR VEHICLE STRUCK PEDALCYCLIST, FRONT END AT ANGLE",7201006,12961,0,2,Injury Collision,,45,Bicycle,Matched,0,1,Raining,0,6322,0,N,07-296097
106931,"""(47.61239802600005, -122.34089245499996)""",64322,64322,Intersection,Cycles,\\sdotnasvfa\sdot_vol1\H8\PROD\ATTACHMENTS\COL_DIAGRAM\42188800.bmp,0,,,0,,10/09/2007 07:00:00 AM +0000,10/9/2007,1,29563,At Intersection (intersection related),Dusk,3RD AVE AND VIRGINIA ST,0,1,Y,2,\\sdotnasvfa\sdot_vol1\H8\PROD\ATTACHMENTS\COL_REPORT\2898306.pdf,2898306,Wet,18,"MOTOR VEHICLE STRUCK PEDALCYCLIST, FRONT END AT ANGLE",7282001,4387,0,2,Injury Collision,,45,Bicycle,Matched,0,1,Raining,0,35736,0,N,07-415349
106980,"""(47.63840322500005, -122.32007129499999)""",64815,64815,Intersection,Cycles,\\sdotnasvfa\sdot_vol1\H8\PROD\ATTACHMENTS\COL_DIAGRAM\11515300.bmp,0,,,0,,08/10/2007 07:00:00 AM +0000,8/10/2007 8:22,1,28242,At Intersection (intersection related),Daylight,10TH AVE E AND E BOSTON ST,0,1,Y,2,\\sdotnasvfa\sdot_vol1\H8\PROD\ATTACHMENTS\COL_REPORT\2615348.pdf,2615348,Dry,51,PEDALCYCLIST STRUCK MOTOR VEHICLE FRONT END AT ANGLE,7222003,1299,0,2,Injury Collision,,45,Bicycle,Matched,0,1,Overcast,0,6106,0,N,07-328287
106986,"""(47.599217493000026, -122.31285936399996)""",64443,64443,Block,Cycles,\\sdotnasvfa\sdot_vol1\H8\PROD\ATTACHMENTS\COL_DIAGRAM\77569700.bmp,316,,,0,,03/28/2007 07:00:00 AM +0000,3/28/2007 17:11,1,,Mid-Block (not related to intersection),Daylight,S JACKSON ST BETWEEN 14TH AVE S AND 16TH AVE S,0,1,,2,\\sdotnasvfa\sdot_vol1\H8\PROD\ATTACHMENTS\COL_REPORT\2806203.pdf,2806203,Dry,56,PEDALCYCLIST STRUCK MOTOR VEHICLE LEFT SIDE SIDESWIPE,7087004,20495,0,2,Injury Collision,,45,Bicycle,Matched,0,1,Clear or Partly Cloudy,0,11019,0,N,07-124898
107004,"""(47.654215958000066, -122.31923589299998)""",64445,64445,Block,Cycles,\\sdotnasvfa\sdot_vol1\H8\PROD\ATTACHMENTS\COL_DIAGRAM\67186600.bmp,516,,,0,,02/09/2007 08:00:00 AM +0000,2/9/2007,1,,Mid-Block (but intersection related),Daylight,UNIVERSITY BR BETWEEN POINT B AND EASTLAKE AVE NE,0,1,,2,\\sdotnasvfa\sdot_vol1\H8\PROD\ATTACHMENTS\COL_REPORT\2615398.pdf,2615398,Dry,18,"MOTOR VEHICLE STRUCK PEDALCYCLIST, FRONT END AT ANGLE",7040009,13191,0,2,Injury Collision,,45,Bicycle,Matched,0,1,Clear or Partly Cloudy,0,11718,0,N,07-057748
107041,"""(47.61992718400006, -122.31823392599995)""",64541,64541,Intersection,Cycles,\\sdotnasvfa\sdot_vol1\H8\PROD\ATTACHMENTS\COL_DIAGRAM\77515500.bmp,0,,,0,,02/06/2007 08:00:00 AM +0000,2/6/2007,1,29054,At Intersection (intersection related),Dark - Street Lights On,11TH AVE E AND E JOHN ST,0,1,Y,2,\\sdotnasvfa\sdot_vol1\H8\PROD\ATTACHMENTS\COL_REPORT\2621656.pdf,2621656,Wet,51,PEDALCYCLIST STRUCK MOTOR VEHICLE FRONT END AT ANGLE,7037002,1387,1,2b,Serious Injury Collision,,45,Bicycle,Matched,0,1,Raining,0,35222,0,N,07-053552
107095,"""(47.67164521700005, -122.38758724499996)""",64658,64658,Intersection,Cycles,\\sdotnasvfa\sdot_vol1\H8\PROD\ATTACHMENTS\COL_DIAGRAM\17185500.bmp,0,,,0,,05/03/2007 07:00:00 AM +0000,5/3/2007,1,25131,At Intersection (intersection related),Daylight,24TH AVE NW AND NW 59TH ST,0,1,Y,3,\\sdotnasvfa\sdot_vol1\H8\PROD\ATTACHMENTS\COL_REPORT\2802792.pdf,2802792,Dry,18,"MOTOR VEHICLE STRUCK PEDALCYCLIST, FRONT END AT ANGLE",7123004,3594,1,2b,Serious Injury Collision,,45,Bicycle,Matched,0,1,Clear or Partly Cloudy,0,2112,0,N,07-176323
107158,"""(47.618550165000045, -122.34240185299996)""",63999,63999,Intersection,Cycles,\\sdotnasvfa\sdot_vol1\H8\PROD\ATTACHMENTS\COL_DIAGRAM\17181771.bmp,0,,,0,,01/14/2006 08:00:00 AM +0000,1/14/2006 18:16,1,29515,At Intersection (intersection related),Dark - Street Lights On,DENNY WAY AND DEXTER AVE,0,1,Y,2,\\sdotnasvfa\sdot_vol1\H8\PROD\ATTACHMENTS\COL_REPORT\2191978.pdf,2191978,Dry,18,"MOTOR VEHICLE STRUCK PEDALCYCLIST, FRONT END AT ANGLE",6014029,10011,0,2,Injury Collision,,45,Bicycle,Matched,0,1,Raining,0,0,0,N,06-019299
107256,"""(47.599194924000074, -122.32766699399997)""",64239,64239,Intersection,Cycles,\\sdotnasvfa\sdot_vol1\H8\PROD\ATTACHMENTS\COL_DIAGRAM\11517700.bmp,0,,,0,Y,02/11/2006 08:00:00 AM +0000,2/11/2006 20:15,1,30510,At Intersection (intersection related),Dark - Street Lights On,5TH AVE S AND S JACKSON ST,0,1,,2,\\sdotnasvfa\sdot_vol1\H8\PROD\ATTACHMENTS\COL_REPORT\2108786.pdf,2108786,Dry,51,PEDALCYCLIST STRUCK MOTOR VEHICLE FRONT END AT ANGLE,6042006,7359,0,2,Injury Collision,,45,Bicycle,Matched,0,1,Clear or Partly Cloudy,0,0,0,N,6060256
107266,"""(47.678905275000034, -122.32626439899997)""",63980,63980,Intersection,Cycles,\\sdotnasvfa\sdot_vol1\H8\PROD\ATTACHMENTS\COL_DIAGRAM\23185400.bmp,0,,,0,,08/14/2006 07:00:00 AM +0000,8/14/2006 18:16,1,24610,At Intersection (intersection related),Daylight,EAST GREEN LAKE WAY N AND NE RAVENNA SR BV,0,1,,2,\\sdotnasvfa\sdot_vol1\H8\PROD\ATTACHMENTS\COL_REPORT\2624890.pdf,2624890,Dry,18,"MOTOR VEHICLE STRUCK PEDALCYCLIST, FRONT END AT ANGLE",6226005,14084,0,2,Injury Collision,,45,Bicycle,Matched,0,1,Clear or Partly Cloudy,0,0,0,N,06-342251
107286,"""(47.62965397600004, -122.32861177999996)""",63962,63962,Block,Cycles,\\sdotnasvfa\sdot_vol1\H8\PROD\ATTACHMENTS\COL_DIAGRAM\87182200.bmp,418,,,0,,09/07/2006 07:00:00 AM +0000,9/7/2006,1,,Driveway Junction,Daylight,EASTLAKE AVE E BETWEEN PROSPECT ST AND E NELSON PL,0,1,Y,2,\\sdotnasvfa\sdot_vol1\H8\PROD\ATTACHMENTS\COL_REPORT\2622287.pdf,2622287,Dry,18,"MOTOR VEHICLE STRUCK PEDALCYCLIST, FRONT END AT ANGLE",6250005,334269,0,2,Injury Collision,,45,Bicycle,Matched,0,1,Clear or Partly Cloudy,0,0,0,N,06-378910
107359,"""(47.57167480700008, -122.37064237199996)""",63824,63824,Block,Cycles,\\sdotnasvfa\sdot_vol1\H8\PROD\ATTACHMENTS\COL_DIAGRAM\11690000.bmp,42,,,0,,07/23/2006 07:00:00 AM +0000,7/23/2006 12:04,1,,Driveway Junction,Daylight,HARBOR AVE SW BETWEEN SW SPOKANE NR ST AND SW AVALON WAY,0,1,,1,\\sdotnasvfa\sdot_vol1\H8\PROD\ATTACHMENTS\COL_REPORT\2613403.pdf,2613403,Dry,69,PEDALCYCLIST OVERTURNED IN ROAD,6204004,10822,0,2,Injury Collision,,45,Bicycle,Matched,0,0,Clear or Partly Cloudy,0,0,0,N,06 305477
107416,"""(47.624549727000044, -122.34234960099997)""",64196,64196,Intersection,Cycles,\\sdotnasvfa\sdot_vol1\H8\PROD\ATTACHMENTS\COL_DIAGRAM\53181100.bmp,0,,,0,,10/05/2006 07:00:00 AM +0000,10/5/2006,1,28767,At Intersection (intersection related),Dark - Street Lights On,DEXTER AVE N AND MERCER ST,0,1,Y,2,\\sdotnasvfa\sdot_vol1\H8\PROD\ATTACHMENTS\COL_REPORT\2606477.pdf,2606477,Dry,18,"MOTOR VEHICLE STRUCK PEDALCYCLIST, FRONT END AT ANGLE",6278001,10076,0,2,Injury Collision,,45,Bicycle,Matched,0,1,Clear or Partly Cloudy,0,0,0,N,06-422504
107452,"""(47.65043101700007, -122.34983490399998)""",63798,63798,Intersection,Cycles,\\sdotnasvfa\sdot_vol1\H8\PROD\ATTACHMENTS\COL_DIAGRAM\76183300.bmp,0,,,0,,02/07/2006 08:00:00 AM +0000,2/7/2006,1,27035,At Intersection (intersection related),Dark - Street Lights On,FREMONT AVE N AND FREMONT PL N,0,1,Y,2,\\sdotnasvfa\sdot_vol1\H8\PROD\ATTACHMENTS\COL_REPORT\2185320.pdf,2185320,Dry,18,"MOTOR VEHICLE STRUCK PEDALCYCLIST, FRONT END AT ANGLE",6038003,10486,0,2,Injury Collision,,45,Bicycle,Matched,0,1,Clear or Partly Cloudy,0,0,0,N,69053171
107480,"""(47.65688930500005, -122.31781902899996)""",64304,64304,Intersection,Cycles,\\sdotnasvfa\sdot_vol1\H8\PROD\ATTACHMENTS\COL_DIAGRAM\53181370.bmp,0,,,0,,11/26/2007 08:00:00 AM +0000,11/26/2007 16:36,1,27100,At Intersection (intersection related),Dark - Street Lights On,ROOSEVELT WAY NE AND NE 41ST ST,0,1,Y,2,\\sdotnasvfa\sdot_vol1\H8\PROD\ATTACHMENTS\COL_REPORT\2799344.pdf,2799344,Wet,18,"MOTOR VEHICLE STRUCK PEDALCYCLIST, FRONT END AT ANGLE",7330014,12594,0,2,Injury Collision,,45,Bicycle,Matched,0,1,Raining,0,0,0,N,07-477998
107498,"""(47.60555469800005, -122.32474925199995)""",64306,64306,Intersection,Cycles,\\sdotnasvfa\sdot_vol1\H8\PROD\ATTACHMENTS\COL_DIAGRAM\44516600.bmp,0,,,0,,10/15/2007 07:00:00 AM +0000,10/15/2007 13:00,0,29959,At Intersection (intersection related),Daylight,9TH AVE AND JAMES ST,0,1,,4,\\sdotnasvfa\sdot_vol1\H8\PROD\ATTACHMENTS\COL_REPORT\2827734.pdf,2827734,Wet,51,PEDALCYCLIST STRUCK MOTOR VEHICLE FRONT END AT ANGLE,7288001,8512,0,1,Property Damage Only Collision,,45,Bicycle,Matched,0,1,Raining,0,11686,0,N,07-423185
107514,"""(47.605050498000026, -122.33656362299996)""",64309,64309,Block,Cycles,\\sdotnasvfa\sdot_vol1\H8\PROD\ATTACHMENTS\COL_DIAGRAM\88218800.bmp,153,,,0,,06/14/2007 07:00:00 AM +0000,6/14/2007 17:15,1,,Mid-Block (not related to intersection),Daylight,1ST AVE BETWEEN MADISON ST AND SPRING ST,0,1,,2,\\sdotnasvfa\sdot_vol1\H8\PROD\ATTACHMENTS\COL_REPORT\2794405.pdf,2794405,Dry,21,"MOTOR VEHICLE STRUCK PEDALCYCLIST, REAR END",7165002,1004,0,2,Injury Collision,,45,Bicycle,Matched,0,1,Clear or Partly Cloudy,0,36773,0,N,07-240508
107618,"""(47.65104751100006, -122.32168580199999)""",63362,63362,Block,Cycles,\\sdotnasvfa\sdot_vol1\H8\PROD\ATTACHMENTS\COL_DIAGRAM\67186600.bmp,218,,,0,Y,09/12/2006 07:00:00 AM +0000,9/12/2006 16:51,1,,Driveway Junction,Daylight,EASTLAKE AVE E BETWEEN HARVARD AVE E AND FUHRMAN AVE E,0,1,,3,\\sdotnasvfa\sdot_vol1\H8\PROD\ATTACHMENTS\COL_REPORT\2614862.pdf,2614862,Dry,18,"MOTOR VEHICLE STRUCK PEDALCYCLIST, FRONT END AT ANGLE",6255005,10184,0,2,Injury Collision,,45,Bicycle,Matched,0,1,Clear or Partly Cloudy,0,0,0,N,06-386442
107619,"""(47.71195941600007, -122.29065019999996)""",63614,63614,Intersection,Cycles,\\sdotnasvfa\sdot_vol1\H8\PROD\ATTACHMENTS\COL_DIAGRAM\55187700.bmp,0,,,0,,04/10/2006 07:00:00 AM +0000,4/10/2006 7:23,1,36830,At Intersection (intersection related),Daylight,35TH AVE NE AND NE 115TH ST,0,1,,2,\\sdotnasvfa\sdot_vol1\H8\PROD\ATTACHMENTS\COL_REPORT\2178679.pdf,2178679,Dry,18,"MOTOR VEHICLE STRUCK PEDALCYCLIST, FRONT END AT ANGLE",6100004,5391,0,2,Injury Collision,,45,Bicycle,Matched,0,1,Overcast,0,0,0,N,06-143237
107760,"""(47.61852939200003, -122.33728173199995)""",63452,63452,Intersection,Cycles,\\sdotnasvfa\sdot_vol1\H8\PROD\ATTACHMENTS\COL_DIAGRAM\77517800.bmp,0,,,0,,10/23/2006 07:00:00 AM +0000,10/23/2006 18:07,1,29508,At Intersection (intersection related),Dusk,DENNY WAY AND TERRY AVE,0,1,,2,\\sdotnasvfa\sdot_vol1\H8\PROD\ATTACHMENTS\COL_REPORT\2606704.pdf,2606704,Dry,51,PEDALCYCLIST STRUCK MOTOR VEHICLE FRONT END AT ANGLE,6296001,10016,1,2b,Serious Injury Collision,,45,Bicycle,Matched,0,1,Clear or Partly Cloudy,0,0,0,N,06-451104
107873,"""(47.66146941900007, -122.37076944799998)""",63561,63561,Intersection,Cycles,\\sdotnasvfa\sdot_vol1\H8\PROD\ATTACHMENTS\COL_DIAGRAM\77181100.bmp,0,,,0,,09/21/2006 07:00:00 AM +0000,9/21/2006 6:38,1,26711,At Intersection (intersection related),Daylight,11TH AVE NW AND NW 45TH ST,0,1,,2,\\sdotnasvfa\sdot_vol1\H8\PROD\ATTACHMENTS\COL_REPORT\2611678.pdf,2611678,Wet,18,"MOTOR VEHICLE STRUCK PEDALCYCLIST, FRONT END AT ANGLE",6264006,1427,0,2,Injury Collision,,45,Bicycle,Matched,0,1,Overcast,0,0,0,N,6399416
107892,"""(47.60519770600007, -122.31744628599995)""",63686,63686,Block,Cycles,\\sdotnasvfa\sdot_vol1\H8\PROD\ATTACHMENTS\COL_DIAGRAM\75183300.bmp,163.5,,,0,,01/10/2006 08:00:00 AM +0000,1/10/2006 17:49,1,,Driveway Junction,Dark - Street Lights On,E TERRACE ST BETWEEN 11TH AVE AND 12TH AVE,0,1,Y,2,\\sdotnasvfa\sdot_vol1\H8\PROD\ATTACHMENTS\COL_REPORT\1217211.pdf,1217211,Wet,18,"MOTOR VEHICLE STRUCK PEDALCYCLIST, FRONT END AT ANGLE",6010006,14831,0,2,Injury Collision,,45,Bicycle,Matched,0,1,Raining,0,0,0,N,06 13498
108006,"""(47.575906098000075, -122.41073930699997)""",63655,63655,Intersection,Cycles,\\sdotnasvfa\sdot_vol1\H8\PROD\ATTACHMENTS\COL_DIAGRAM\55183300.bmp,0,,,0,,10/14/2006 07:00:00 AM +0000,10/14/2006 12:34,0,30987,At Intersection (intersection related),Daylight,61ST AVE SW AND SW ADMIRAL WAY,0,1,Y,2,\\sdotnasvfa\sdot_vol1\H8\PROD\ATTACHMENTS\COL_REPORT\2619499.pdf,2619499,Dry,18,"MOTOR VEHICLE STRUCK PEDALCYCLIST, FRONT END AT ANGLE",6287002,8088,0,1,Property Damage Only Collision,,45,Bicycle,Matched,0,1,Overcast,0,0,0,N,06-436735
108043,"""(47.673831464000045, -122.38758562099997)""",63640,63640,Intersection,Cycles,\\sdotnasvfa\sdot_vol1\H8\PROD\ATTACHMENTS\COL_DIAGRAM\32187700.bmp,0,,,0,,11/14/2006 08:00:00 AM +0000,11/14/2006 18:26,1,25114,At Intersection (intersection related),Dark - Street Lights On,24TH AVE NW AND NW 62ND ST,0,1,Y,2,\\sdotnasvfa\sdot_vol1\H8\PROD\ATTACHMENTS\COL_REPORT\2610054.pdf,2610054,Wet,18,"MOTOR VEHICLE STRUCK PEDALCYCLIST, FRONT END AT ANGLE",6318002,3597,0,2,Injury Collision,,45,Bicycle,Matched,0,1,Overcast,0,0,0,N,06-485318
108047,"""(47.61824782800005, -122.35078725599999)""",63392,63392,Intersection,Cycles,\\sdotnasvfa\sdot_vol1\H8\PROD\ATTACHMENTS\COL_DIAGRAM\88186471.bmp,0,,,0,,09/06/2006 07:00:00 AM +0000,9/6/2006,1,29658,At Intersection (intersection related),Daylight,3RD AVE AND BROAD ST,0,1,Y,2,\\sdotnasvfa\sdot_vol1\H8\PROD\ATTACHMENTS\COL_REPORT\2618457.pdf,2618457,Dry,18,"MOTOR VEHICLE STRUCK PEDALCYCLIST, FRONT END AT ANGLE",6249044,4396,0,2,Injury Collision,,45,Bicycle,Matched,0,1,Clear or Partly Cloudy,0,0,0,N,2006-376706
108078,"""(47.63631851000008, -122.32574173699999)""",63378,63378,Block,Cycles,\\sdotnasvfa\sdot_vol1\H8\PROD\ATTACHMENTS\COL_DIAGRAM\54185500.bmp,167.5,,,0,,08/24/2006 07:00:00 AM +0000,8/24/2006 8:36,2,,Mid-Block (not related to intersection),Daylight,EASTLAKE AVE E BETWEEN E HOWE ST AND E NEWTON ST,0,1,,3,\\sdotnasvfa\sdot_vol1\H8\PROD\ATTACHMENTS\COL_REPORT\2604036.pdf,2604036,Dry,18,"MOTOR VEHICLE STRUCK PEDALCYCLIST, FRONT END AT ANGLE",6236005,10174,0,2,Injury Collision,,45,Bicycle,Matched,0,1,Overcast,0,0,0,N,06-356349
108091,"""(47.62049930300003, -122.31138365999999)""",63383,63383,Intersection,Cycles,\\sdotnasvfa\sdot_vol1\H8\PROD\ATTACHMENTS\COL_DIAGRAM\55517700.bmp,0,,,0,,06/21/2006 07:00:00 AM +0000,6/21/2006 18:00,1,29370,At Intersection (intersection related),Daylight,16TH AVE E AND E THOMAS ST,0,1,,2,\\sdotnasvfa\sdot_vol1\H8\PROD\ATTACHMENTS\COL_REPORT\2400845.pdf,2400845,Dry,51,PEDALCYCLIST STRUCK MOTOR VEHICLE FRONT END AT ANGLE,6172006,2235,0,2,Injury Collision,,45,Bicycle,Matched,0,1,Clear or Partly Cloudy,0,0,0,N,60252659
108109,"""(47.62153060600008, -122.32089890399999)""",63622,63622,Block,Cycles,\\sdotnasvfa\sdot_vol1\H8\PROD\ATTACHMENTS\COL_DIAGRAM\18181100.bmp,166.5,,,0,,11/17/2006 08:00:00 AM +0000,11/17/2006 14:50,1,,Mid-Block (not related to intersection),Daylight,BROADWAY E BETWEEN E THOMAS ST AND E HARRISON ST,0,1,Y,2,\\sdotnasvfa\sdot_vol1\H8\PROD\ATTACHMENTS\COL_REPORT\2623163.pdf,2623163,Dry,18,"MOTOR VEHICLE STRUCK PEDALCYCLIST, FRONT END AT ANGLE",6321002,9453,0,2,Injury Collision,,45,Bicycle,Matched,0,1,Overcast,0,0,0,N,06-489685