OBJECTID,Shape,INCKEY,COLDETKEY,ADDRTYPE,COLLISIONTYPE,DIAGRAMLINK,DISTANCE,EXCEPTRSNCODE,EXCEPTRSNDESC,FATALITIES,INATTENTIONIND,INCDATE,INCDTTM,INJURIES,INTKEY,JUNCTIONTYPE,LIGHTCOND,LOCATION,PEDCOUNT,PEDCYLCOUNT,PEDROWNOTGRNT,PERSONCOUNT,REPORTLINK,REPORTNO,ROADCOND,SDOT_COLCODE,SDOT_COLDESC,SDOTCOLNUM,SEGKEY,SERIOUSINJURIES,SEVERITYCODE,SEVERITYDESC,SPEEDING,ST_COLCODE,ST_COLDESC,STATUS,UNDERINFL,VEHCOUNT,WEATHER,WIDTH,SEGLANEKEY,CROSSWALKKEY,HITPARKEDCAR,SPDCASENO
108134,"""(47.60410229300004, -122.28386814199996)""",63758,63758,Block,Cycles,\\sdotnasvfa\sdot_vol1\H8\PROD\ATTACHMENTS\COL_DIAGRAM\54185500.bmp,214,,,0,,08/26/2006 07:00:00 AM +0000,8/26/2006 18:43,1,,Mid-Block (not related to intersection),Daylight,LAKE WASHINGTON BLVD BETWEEN E ALDER ST AND E TERRACE ST,0,1,,3,\\sdotnasvfa\sdot_vol1\H8\PROD\ATTACHMENTS\COL_REPORT\2622255.pdf,2622255,Dry,18,"MOTOR VEHICLE STRUCK PEDALCYCLIST, FRONT END AT ANGLE",6238001,11175,0,2,Injury Collision,,45,Bicycle,Matched,0,1,Clear or Partly Cloudy,0,0,0,N,06-360163
108343,"""(47.60969372900007, -122.32546429599995)""",62918,62918,Block,Cycles,\\sdotnasvfa\sdot_vol1\H8\PROD\ATTACHMENTS\COL_DIAGRAM\88238800.bmp,153,,,0,Y,03/17/2006 08:00:00 AM +0000,3/17/2006 16:05,1,,Mid-Block (not related to intersection),Daylight,BOREN AVE BETWEEN MADISON ST AND SPRING ST,0,1,,2,\\sdotnasvfa\sdot_vol1\H8\PROD\ATTACHMENTS\COL_REPORT\2070681.pdf,2070681,Dry,23,"MOTOR VEHICLE STRUCK PEDALCYCLIST, LEFT SIDE SIDESWIPE",6076006,9314,0,2,Injury Collision,,45,Bicycle,Matched,1,1,Overcast,0,0,0,N,6109359
108352,"""(47.661357277000036, -122.32775751099996)""",62788,62788,Block,Cycles,\\sdotnasvfa\sdot_vol1\H8\PROD\ATTACHMENTS\COL_DIAGRAM\35183300.bmp,124.5,,,0,,06/20/2006 07:00:00 AM +0000,6/20/2006 12:22,1,,Driveway Junction,Daylight,NE 45TH ST BETWEEN 1ST AVE NE AND 2ND AVE NE,0,1,Y,4,\\sdotnasvfa\sdot_vol1\H8\PROD\ATTACHMENTS\COL_REPORT\2400641.pdf,2400641,Dry,18,"MOTOR VEHICLE STRUCK PEDALCYCLIST, FRONT END AT ANGLE",6171003,16838,0,2,Injury Collision,Y,45,Bicycle,Matched,0,1,Clear or Partly Cloudy,0,0,0,N,06-250440
108419,"""(47.66488423200008, -122.31080203699997)""",62771,62771,Intersection,Cycles,\\sdotnasvfa\sdot_vol1\H8\PROD\ATTACHMENTS\COL_DIAGRAM\76517700.bmp,0,,,0,,03/27/2006 08:00:00 AM +0000,3/27/2006 19:49,1,26053,At Intersection (intersection related),Dark - Street Lights On,16TH AVE NE AND NE 50TH ST,0,1,,2,\\sdotnasvfa\sdot_vol1\H8\PROD\ATTACHMENTS\COL_REPORT\2185217.pdf,2185217,Dry,51,PEDALCYCLIST STRUCK MOTOR VEHICLE FRONT END AT ANGLE,6086007,2249,0,2,Injury Collision,,45,Bicycle,Matched,0,1,Clear or Partly Cloudy,0,0,0,N,06 124049
108502,"""(47.65216806800004, -122.376206261)""",63279,63279,Intersection,Cycles,\\sdotnasvfa\sdot_vol1\H8\PROD\ATTACHMENTS\COL_DIAGRAM\77185370.bmp,0,,,0,,08/17/2006 07:00:00 AM +0000,8/17/2006 17:10,1,26752,At Intersection (intersection related),Daylight,15TH AVE W AND W RUFFNER ST,0,1,,2,\\sdotnasvfa\sdot_vol1\H8\PROD\ATTACHMENTS\COL_REPORT\2400417.pdf,2400417,Dry,18,"MOTOR VEHICLE STRUCK PEDALCYCLIST, FRONT END AT ANGLE",6229006,2195,0,2,Injury Collision,,45,Bicycle,Matched,0,1,Clear or Partly Cloudy,0,0,0,N,06-346677
108519,"""(47.61445724200007, -122.32982243299995)""",63135,63135,Intersection,Cycles,\\sdotnasvfa\sdot_vol1\H8\PROD\ATTACHMENTS\COL_DIAGRAM\88228800.bmp,0,,,0,,05/18/2006 07:00:00 AM +0000,5/18/2006 15:09,1,29872,At Intersection (but not related to intersection),Daylight,BOREN AVE AND PINE ST,0,1,Y,2,\\sdotnasvfa\sdot_vol1\H8\PROD\ATTACHMENTS\COL_REPORT\2024539.pdf,2024539,Dry,22,"MOTOR VEHICLE STRUCK PEDALCYCLIST, RIGHT SIDE SIDESWIPE",6138008,9320,0,2,Injury Collision,,45,Bicycle,Matched,0,1,Clear or Partly Cloudy,0,0,0,N,06 199773
108523,"""(47.70604697200008, -122.27881460499998)""",63134,63134,Block,Cycles,\\sdotnasvfa\sdot_vol1\H8\PROD\ATTACHMENTS\COL_DIAGRAM\12181100.bmp,375,,,0,,05/18/2006 07:00:00 AM +0000,5/18/2006 16:31,1,,Mid-Block (not related to intersection),Daylight,SAND POINT WAY NE BETWEEN NE 106TH ST AND NE 107TH ST,0,1,,2,\\sdotnasvfa\sdot_vol1\H8\PROD\ATTACHMENTS\COL_REPORT\2058365.pdf,2058365,Dry,18,"MOTOR VEHICLE STRUCK PEDALCYCLIST, FRONT END AT ANGLE",6138012,12740,0,2,Injury Collision,,45,Bicycle,Matched,0,1,Clear or Partly Cloudy,0,0,0,N,60199786
108531,"""(47.66851987500007, -122.29620115099999)""",62998,62998,Intersection,Cycles,\\sdotnasvfa\sdot_vol1\H8\PROD\ATTACHMENTS\COL_DIAGRAM\54187700.bmp,0,,,0,,05/05/2006 07:00:00 AM +0000,5/5/2006,1,25932,At Intersection (intersection related),Daylight,29TH AVE NE AND NE 55TH ST,0,1,Y,2,\\sdotnasvfa\sdot_vol1\H8\PROD\ATTACHMENTS\COL_REPORT\2179018.pdf,2179018,Dry,18,"MOTOR VEHICLE STRUCK PEDALCYCLIST, FRONT END AT ANGLE",6125049,4285,0,2,Injury Collision,,45,Bicycle,Matched,0,1,Clear or Partly Cloudy,0,0,0,N,06 179371
108538,"""(47.59927027100008, -122.30394564399995)""",62869,62869,Block,Cycles,\\sdotnasvfa\sdot_vol1\H8\PROD\ATTACHMENTS\COL_DIAGRAM\77185973.bmp,161.5,,,0,,09/05/2006 07:00:00 AM +0000,9/5/2006,0,,Mid-Block (not related to intersection),Daylight,S JACKSON ST BETWEEN 20TH PL S AND 22ND AVE S,0,1,Y,2,\\sdotnasvfa\sdot_vol1\H8\PROD\ATTACHMENTS\COL_REPORT\2622351.pdf,2622351,Dry,18,"MOTOR VEHICLE STRUCK PEDALCYCLIST, FRONT END AT ANGLE",6248008,510318,0,1,Property Damage Only Collision,,45,Bicycle,Matched,0,1,Clear or Partly Cloudy,0,0,0,N,06-375281
108553,"""(47.618581919000064, -122.35035531499994)""",62868,62868,Intersection,Cycles,\\sdotnasvfa\sdot_vol1\H8\PROD\ATTACHMENTS\COL_DIAGRAM\35183571.bmp,0,,,0,,09/05/2006 07:00:00 AM +0000,9/5/2006,1,29657,At Intersection (intersection related),Daylight,BROAD ST AND DENNY WAY,0,1,Y,2,\\sdotnasvfa\sdot_vol1\H8\PROD\ATTACHMENTS\COL_REPORT\2618733.pdf,2618733,Dry,18,"MOTOR VEHICLE STRUCK PEDALCYCLIST, FRONT END AT ANGLE",6248028,9416,0,2,Injury Collision,,45,Bicycle,Matched,0,1,Clear or Partly Cloudy,0,0,0,N,06-376949
108613,"""(47.66490072400006, -122.31307415999999)""",62335,62335,Intersection,Cycles,\\sdotnasvfa\sdot_vol1\H8\PROD\ATTACHMENTS\COL_DIAGRAM\55517700.bmp,0,,,0,Y,08/27/2006 07:00:00 AM +0000,8/27/2006 15:18,0,25793,At Intersection (intersection related),Daylight,UNIVERSITY WAY NE AND NE 50TH ST,0,1,,2,\\sdotnasvfa\sdot_vol1\H8\PROD\ATTACHMENTS\COL_REPORT\2614437.pdf,2614437,Dry,51,PEDALCYCLIST STRUCK MOTOR VEHICLE FRONT END AT ANGLE,6239002,13224,0,1,Property Damage Only Collision,,45,Bicycle,Matched,0,1,Clear or Partly Cloudy,0,0,0,N,06-361483
108671,"""(47.661385848000066, -122.33507243499997)""",62328,62328,Intersection,Cycles,\\sdotnasvfa\sdot_vol1\H8\PROD\ATTACHMENTS\COL_DIAGRAM\31517700.bmp,0,,,0,,05/31/2006 07:00:00 AM +0000,5/31/2006 18:05,1,26786,At Intersection (intersection related),Daylight,BURKE AVE N AND N 45TH ST,0,1,,2,\\sdotnasvfa\sdot_vol1\H8\PROD\ATTACHMENTS\COL_REPORT\2058640.pdf,2058640,Dry,51,PEDALCYCLIST STRUCK MOTOR VEHICLE FRONT END AT ANGLE,6151006,9511,0,2,Injury Collision,,45,Bicycle,Matched,0,1,Clear or Partly Cloudy,0,0,0,N,6219366
108692,"""(47.65339944100003, -122.31333457599999)""",62702,62702,Intersection,Cycles,\\sdotnasvfa\sdot_vol1\H8\PROD\ATTACHMENTS\COL_DIAGRAM\55183171.bmp,0,,,0,,02/02/2006 08:00:00 AM +0000,2/2/2006,1,27167,At Intersection (intersection related),Daylight,UNIVERSITY WAY NE AND NE PACIFIC ST,0,1,,2,\\sdotnasvfa\sdot_vol1\H8\PROD\ATTACHMENTS\COL_REPORT\2061111.pdf,2061111,Dry,18,"MOTOR VEHICLE STRUCK PEDALCYCLIST, FRONT END AT ANGLE",6033013,13215,0,2,Injury Collision,,45,Bicycle,Matched,0,1,Overcast,0,0,0,N,06 045761
108777,"""(47.599224596000056, -122.31157742299996)""",62418,62418,Intersection,Cycles,\\sdotnasvfa\sdot_vol1\H8\PROD\ATTACHMENTS\COL_DIAGRAM\11187700.bmp,0,,,0,,07/14/2006 07:00:00 AM +0000,7/14/2006 7:40,1,30748,At Intersection (intersection related),Daylight,16TH AVE S AND S JACKSON ST,0,1,Y,2,\\sdotnasvfa\sdot_vol1\H8\PROD\ATTACHMENTS\COL_REPORT\2620905.pdf,2620905,Dry,18,"MOTOR VEHICLE STRUCK PEDALCYCLIST, FRONT END AT ANGLE",6195042,2282,0,2,Injury Collision,,45,Bicycle,Matched,0,1,Clear or Partly Cloudy,0,0,0,N,06-290293
108800,"""(47.665674584000044, -122.31419835899999)""",62541,62541,Block,Cycles,\\sdotnasvfa\sdot_vol1\H8\PROD\ATTACHMENTS\COL_DIAGRAM\55225500.bmp,280,,,0,,11/22/2006 08:00:00 AM +0000,11/22/2006 9:15,1,,Mid-Block (not related to intersection),Daylight,BROOKLYN AVE NE BETWEEN NE 50TH ST AND NE 52ND ST,0,1,Y,2,\\sdotnasvfa\sdot_vol1\H8\PROD\ATTACHMENTS\COL_REPORT\2614561.pdf,2614561,Wet,22,"MOTOR VEHICLE STRUCK PEDALCYCLIST, RIGHT SIDE SIDESWIPE",6326001,9484,0,2,Injury Collision,,45,Bicycle,Matched,0,1,Clear or Partly Cloudy,0,0,0,N,06-497014
108801,"""(47.67289337600005, -122.33089370399995)""",62293,62293,Intersection,Cycles,\\sdotnasvfa\sdot_vol1\H8\PROD\ATTACHMENTS\COL_DIAGRAM\77515500.bmp,0,,,0,,03/14/2006 08:00:00 AM +0000,3/14/2006 16:50,1,25823,At Intersection (intersection related),Daylight,CORLISS AVE N AND N 61ST ST,0,1,,2,\\sdotnasvfa\sdot_vol1\H8\PROD\ATTACHMENTS\COL_REPORT\2059234.pdf,2059234,Dry,51,PEDALCYCLIST STRUCK MOTOR VEHICLE FRONT END AT ANGLE,6073003,9777,0,2,Injury Collision,,45,Bicycle,Matched,0,1,Clear or Partly Cloudy,0,0,0,N,06-105153
108813,"""(47.59331718000004, -122.29602945299996)""",62671,62671,Block,Cycles,\\sdotnasvfa\sdot_vol1\H8\PROD\ATTACHMENTS\COL_DIAGRAM\55517700.bmp,139.5,,,0,,05/30/2006 07:00:00 AM +0000,5/30/2006 18:44,2,,Driveway Junction,Daylight,S NORMAN ST BETWEEN 28TH AVE S AND 29TH AVE S,0,1,,5,\\sdotnasvfa\sdot_vol1\H8\PROD\ATTACHMENTS\COL_REPORT\2063981.pdf,2063981,Dry,51,PEDALCYCLIST STRUCK MOTOR VEHICLE FRONT END AT ANGLE,6150003,20954,0,2,Injury Collision,,45,Bicycle,Matched,0,1,Clear or Partly Cloudy,0,0,0,N,06 217752
108857,"""(47.67149845500006, -122.34367493899998)""",62403,62403,Block,Cycles,\\sdotnasvfa\sdot_vol1\H8\PROD\ATTACHMENTS\COL_DIAGRAM\42184400.bmp,1087.5,,,0,,05/16/2006 07:00:00 AM +0000,5/16/2006 17:06,1,,Driveway Junction,Daylight,WEST GREEN LAKE WAY N BETWEEN GREEN LAKE TURN RD AND N 63RD ST,0,1,Y,2,\\sdotnasvfa\sdot_vol1\H8\PROD\ATTACHMENTS\COL_REPORT\2400410.pdf,2400410,Dry,18,"MOTOR VEHICLE STRUCK PEDALCYCLIST, FRONT END AT ANGLE",6136004,23399,0,2,Injury Collision,,45,Bicycle,Matched,0,1,Clear or Partly Cloudy,0,0,0,N,06 196555
108878,"""(47.53882185800006, -122.39109185899997)""",62406,62406,Block,Cycles,\\sdotnasvfa\sdot_vol1\H8\PROD\ATTACHMENTS\COL_DIAGRAM\55569500.bmp,306,,,0,,07/22/2006 07:00:00 AM +0000,7/22/2006 14:25,1,,Mid-Block (not related to intersection),Daylight,FAUNTLEROY WAY SW BETWEEN SW MYRTLE ST AND SW OTHELLO ST,0,1,Y,2,\\sdotnasvfa\sdot_vol1\H8\PROD\ATTACHMENTS\COL_REPORT\2619529.pdf,2619529,Dry,56,PEDALCYCLIST STRUCK MOTOR VEHICLE LEFT SIDE SIDESWIPE,6203003,10407,0,2,Injury Collision,,45,Bicycle,Matched,0,1,Clear or Partly Cloudy,0,0,0,N,06-303918
108879,"""(47.66122236800004, -122.29886205099996)""",62405,62405,Block,Cycles,\\sdotnasvfa\sdot_vol1\H8\PROD\ATTACHMENTS\COL_DIAGRAM\55183907.bmp,139,,,0,,05/14/2006 07:00:00 AM +0000,5/14/2006 14:40,0,,Driveway Junction,Daylight,NE 45TH ST BETWEEN NE 45TH ST RP AND MONTLAKE BLVD NE,0,1,,2,\\sdotnasvfa\sdot_vol1\H8\PROD\ATTACHMENTS\COL_REPORT\2188375.pdf,2188375,Dry,18,"MOTOR VEHICLE STRUCK PEDALCYCLIST, FRONT END AT ANGLE",6134003,16861,0,1,Property Damage Only Collision,,45,Bicycle,Matched,0,1,Clear or Partly Cloudy,0,0,0,N,06 193342
108893,"""(47.64502969000006, -122.34730070499995)""",62393,62393,Block,Cycles,\\sdotnasvfa\sdot_vol1\H8\PROD\ATTACHMENTS\COL_DIAGRAM\43514400.bmp,727.5,,,0,,05/18/2006 07:00:00 AM +0000,5/18/2006 17:36,1,,Mid-Block (not related to intersection),Daylight,WESTLAKE AVE N BETWEEN NEWELL ST AND NICKERSON ST,0,1,,2,\\sdotnasvfa\sdot_vol1\H8\PROD\ATTACHMENTS\COL_REPORT\2069901.pdf,2069901,Dry,51,PEDALCYCLIST STRUCK MOTOR VEHICLE FRONT END AT ANGLE,6138003,13548,1,2b,Serious Injury Collision,,45,Bicycle,Matched,0,1,Clear or Partly Cloudy,0,0,0,N,06 199864
108899,"""(47.638985674000025, -122.32589341199997)""",62273,62273,Block,Cycles,\\sdotnasvfa\sdot_vol1\H8\PROD\ATTACHMENTS\COL_DIAGRAM\55565900.bmp,270,,,0,,06/05/2006 07:00:00 AM +0000,6/5/2006,0,,Mid-Block (not related to intersection),Daylight,EASTLAKE AVE E BETWEEN E BOSTON ST AND E LYNN ST,0,1,,2,\\sdotnasvfa\sdot_vol1\H8\PROD\ATTACHMENTS\COL_REPORT\2071199.pdf,2071199,Dry,56,PEDALCYCLIST STRUCK MOTOR VEHICLE LEFT SIDE SIDESWIPE,6156004,10176,0,1,Property Damage Only Collision,,45,Bicycle,Matched,0,1,Overcast,0,0,0,N,06 226393
108957,"""(47.66865140600004, -122.39368163099999)""",62377,62377,Block,Cycles,\\sdotnasvfa\sdot_vol1\H8\PROD\ATTACHMENTS\COL_DIAGRAM\77557700.bmp,203.5,,,0,,04/26/2006 07:00:00 AM +0000,4/26/2006 15:04,0,,Mid-Block (but intersection related),Daylight,NW MARKET ST BETWEEN 28TH AVE NW AND NW 54TH ST,0,1,,4,\\sdotnasvfa\sdot_vol1\H8\PROD\ATTACHMENTS\COL_REPORT\2390702.pdf,2390702,Dry,55,PEDALCYCLIST STRUCK MOTOR VEHICLE RIGHT SIDE SIDESWIPE,6116004,19238,0,1,Property Damage Only Collision,,45,Bicycle,Matched,0,1,Clear or Partly Cloudy,0,0,0,N,06-166164
108998,"""(47.66188693000004, -122.30090615699999)""",62626,62626,Block,Cycles,\\sdotnasvfa\sdot_vol1\H8\PROD\ATTACHMENTS\COL_DIAGRAM\77185907.bmp,503,,,0,,10/10/2006 07:00:00 AM +0000,10/10/2006 13:02,1,,Driveway Junction,Daylight,25TH AVE NE BETWEEN NE 44TH ST AND NE 47TH ST,0,1,,2,\\sdotnasvfa\sdot_vol1\H8\PROD\ATTACHMENTS\COL_REPORT\2610493.pdf,2610493,Dry,18,"MOTOR VEHICLE STRUCK PEDALCYCLIST, FRONT END AT ANGLE",6283004,3720,0,2,Injury Collision,,45,Bicycle,Matched,0,1,Clear or Partly Cloudy,0,0,0,N,06-430184
109097,"""(47.59725865900003, -122.28720950799999)""",62610,62610,Block,Cycles,\\sdotnasvfa\sdot_vol1\H8\PROD\ATTACHMENTS\COL_DIAGRAM\30181100.bmp,251.5,,,0,,06/11/2006 07:00:00 AM +0000,6/11/2006 9:08,1,,Driveway Junction,Daylight,LAKESIDE AVE S BETWEEN S KING ST AND S LANE ST,0,1,Y,2,\\sdotnasvfa\sdot_vol1\H8\PROD\ATTACHMENTS\COL_REPORT\2063960.pdf,2063960,Dry,18,"MOTOR VEHICLE STRUCK PEDALCYCLIST, FRONT END AT ANGLE",6162004,11261,0,2,Injury Collision,,45,Bicycle,Matched,0,1,Clear or Partly Cloudy,0,0,0,N,06 236122
109115,"""(47.65339944100003, -122.31333457599999)""",62208,62208,Intersection,Cycles,\\sdotnasvfa\sdot_vol1\H8\PROD\ATTACHMENTS\COL_DIAGRAM\56184400.bmp,0,,,0,,12/09/2006 08:00:00 AM +0000,12/9/2006,1,27167,At Intersection (intersection related),Daylight,UNIVERSITY WAY NE AND NE PACIFIC ST,0,1,,2,\\sdotnasvfa\sdot_vol1\H8\PROD\ATTACHMENTS\COL_REPORT\2803694.pdf,2803694,Dry,18,"MOTOR VEHICLE STRUCK PEDALCYCLIST, FRONT END AT ANGLE",6343037,13215,0,2,Injury Collision,,45,Bicycle,Matched,0,1,Clear or Partly Cloudy,0,0,0,N,06-522634
109275,"""(47.61889599600005, -122.32528836099999)""",61782,61782,Intersection,Cycles,\\sdotnasvfa\sdot_vol1\H8\PROD\ATTACHMENTS\COL_DIAGRAM\21186600.bmp,0,,,0,,11/08/2006 08:00:00 AM +0000,11/8/2006,1,29161,At Intersection (intersection related),Dark - Street Lights On,SUMMIT AVE E AND E OLIVE WAY,0,1,Y,2,\\sdotnasvfa\sdot_vol1\H8\PROD\ATTACHMENTS\COL_REPORT\2623480.pdf,2623480,Wet,18,"MOTOR VEHICLE STRUCK PEDALCYCLIST, FRONT END AT ANGLE",6312005,12991,0,2,Injury Collision,,45,Bicycle,Matched,0,1,Raining,0,0,0,N,06-476703
109319,"""(47.61037733900008, -122.34695317499995)""",61902,61902,Block,Cycles,\\sdotnasvfa\sdot_vol1\H8\PROD\ATTACHMENTS\COL_DIAGRAM\66188907.bmp,213.5,,,0,,09/07/2006 07:00:00 AM +0000,9/7/2006,1,,Driveway Junction,Daylight,ALASKAN WAY BETWEEN LENORA ST AND BLANCHARD ST,0,1,Y,2,\\sdotnasvfa\sdot_vol1\H8\PROD\ATTACHMENTS\COL_REPORT\2618737.pdf,2618737,Dry,18,"MOTOR VEHICLE STRUCK PEDALCYCLIST, FRONT END AT ANGLE",6250001,8728,0,2,Injury Collision,,45,Bicycle,Matched,0,1,Clear or Partly Cloudy,0,0,0,N,06-379186
109400,"""(47.61788948000003, -122.35415335399995)""",62014,62014,Intersection,Cycles,\\sdotnasvfa\sdot_vol1\H8\PROD\ATTACHMENTS\COL_DIAGRAM\81188800.bmp,0,,,0,,03/15/2006 08:00:00 AM +0000,3/15/2006 16:40,1,29661,At Intersection (intersection related),Unknown,1ST AVE AND WARREN PL,0,1,,2,\\sdotnasvfa\sdot_vol1\H8\PROD\ATTACHMENTS\COL_REPORT\C665579.pdf,C665579,Dry,18,"MOTOR VEHICLE STRUCK PEDALCYCLIST, FRONT END AT ANGLE",6074037,1023,0,2,Injury Collision,,45,Bicycle,Matched,0,1,Clear or Partly Cloudy,0,0,0,N,
109536,"""(47.65587141100008, -122.38647924599996)""",61842,61842,Intersection,Cycles,\\sdotnasvfa\sdot_vol1\H8\PROD\ATTACHMENTS\COL_DIAGRAM\44515600.bmp,0,,,0,,02/06/2006 08:00:00 AM +0000,2/6/2006,1,26447,At Intersection (intersection related),Daylight,GILMAN AVE W AND W EMERSON PL,0,1,,3,\\sdotnasvfa\sdot_vol1\H8\PROD\ATTACHMENTS\COL_REPORT\2191711.pdf,2191711,Dry,51,PEDALCYCLIST STRUCK MOTOR VEHICLE FRONT END AT ANGLE,6037001,10638,0,2,Injury Collision,,45,Bicycle,Matched,0,1,Clear or Partly Cloudy,0,0,0,N,06 052169
109567,"""(47.60387892800003, -122.28636320699997)""",61962,61962,Intersection,Cycles,\\sdotnasvfa\sdot_vol1\H8\PROD\ATTACHMENTS\COL_DIAGRAM\11183300.bmp,0,,,0,,09/30/2006 07:00:00 AM +0000,9/30/2006 17:46,1,30337,At Intersection (intersection related),Daylight,E ALDER ST AND E SPRUCE ST,0,1,Y,2,\\sdotnasvfa\sdot_vol1\H8\PROD\ATTACHMENTS\COL_REPORT\2623191.pdf,2623191,Dry,18,"MOTOR VEHICLE STRUCK PEDALCYCLIST, FRONT END AT ANGLE",6273005,13801,0,2,Injury Collision,,45,Bicycle,Matched,0,1,Clear or Partly Cloudy,0,0,0,N,06-414652
109572,"""(47.52308135100003, -122.32825499699999)""",62110,62110,Intersection,Cycles,\\sdotnasvfa\sdot_vol1\H8\PROD\ATTACHMENTS\COL_DIAGRAM\11187570.bmp,0,,,0,Y,10/25/2006 07:00:00 AM +0000,10/25/2006 13:20,1,35192,At Intersection (intersection related),Daylight,5TH AVE S AND S HENDERSON ST,0,1,,2,\\sdotnasvfa\sdot_vol1\H8\PROD\ATTACHMENTS\COL_REPORT\2625701.pdf,2625701,Dry,18,"MOTOR VEHICLE STRUCK PEDALCYCLIST, FRONT END AT ANGLE",6298001,7388,0,2,Injury Collision,,45,Bicycle,Matched,0,1,Overcast,0,0,0,N,06-453681
109599,"""(47.63216270100003, -122.28131073499998)""",61822,61822,Intersection,Cycles,\\sdotnasvfa\sdot_vol1\H8\PROD\ATTACHMENTS\COL_DIAGRAM\77185500.bmp,0,,,0,,08/27/2006 07:00:00 AM +0000,8/27/2006 17:28,1,29408,At Intersection (intersection related),Daylight,MCGILVRA BLVD E AND E GALER ST,0,1,Y,2,\\sdotnasvfa\sdot_vol1\H8\PROD\ATTACHMENTS\COL_REPORT\2622183.pdf,2622183,Dry,18,"MOTOR VEHICLE STRUCK PEDALCYCLIST, FRONT END AT ANGLE",6239010,11720,0,2,Injury Collision,,45,Bicycle,Matched,0,1,Clear or Partly Cloudy,0,0,0,N,06-361655
109645,"""(47.67489630600005, -122.40636222599994)""",61428,61428,Block,Cycles,\\sdotnasvfa\sdot_vol1\H8\PROD\ATTACHMENTS\COL_DIAGRAM\17185500.bmp,780,,,0,,09/11/2006 07:00:00 AM +0000,9/11/2006 20:30,1,,Driveway Junction,Unknown,SEAVIEW AVE NW BETWEEN NW 61ST ST AND NW 67TH ST,0,1,,2,\\sdotnasvfa\sdot_vol1\H8\PROD\ATTACHMENTS\COL_REPORT\C674143.pdf,C674143,Unknown,18,"MOTOR VEHICLE STRUCK PEDALCYCLIST, FRONT END AT ANGLE",6254034,12761,0,2,Injury Collision,,45,Bicycle,Matched,0,1,Unknown,0,0,0,N,
109650,"""(47.65683263200003, -122.38593598799997)""",61550,61550,Block,Cycles,\\sdotnasvfa\sdot_vol1\H8\PROD\ATTACHMENTS\COL_DIAGRAM\54511100.bmp,289,,,0,,06/30/2006 07:00:00 AM +0000,6/30/2006 11:28,1,,Mid-Block (but intersection related),Daylight,23RD AVE W BETWEEN W EMERSON PL AND W ELMORE ST,0,1,,2,\\sdotnasvfa\sdot_vol1\H8\PROD\ATTACHMENTS\COL_REPORT\2187520.pdf,2187520,Dry,51,PEDALCYCLIST STRUCK MOTOR VEHICLE FRONT END AT ANGLE,6181002,3500,0,2,Injury Collision,,45,Bicycle,Matched,0,1,Clear or Partly Cloudy,0,0,0,N,06-266771
109652,"""(47.61207057300004, -122.33224408399997)""",61549,61549,Intersection,Cycles,\\sdotnasvfa\sdot_vol1\H8\PROD\ATTACHMENTS\COL_DIAGRAM\66644671.bmp,0,,,0,,06/30/2006 07:00:00 AM +0000,6/30/2006 8:12,2,29893,At Intersection (intersection related),Daylight,8TH AVE AND PIKE ST,1,1,,2,\\sdotnasvfa\sdot_vol1\H8\PROD\ATTACHMENTS\COL_REPORT\2071839.pdf,2071839,Dry,64,PEDALCYCLIST STRUCK PEDESTRIAN,6181003,8280,1,2b,Serious Injury Collision,,45,Bicycle,Matched,0,0,Clear or Partly Cloudy,0,0,0,N,6266571
109659,"""(47.61527767100006, -122.31146185199998)""",61683,61683,Intersection,Cycles,\\sdotnasvfa\sdot_vol1\H8\PROD\ATTACHMENTS\COL_DIAGRAM\31511700.bmp,0,,,0,,05/16/2006 07:00:00 AM +0000,5/16/2006 19:18,1,30134,At Intersection (intersection related),Daylight,16TH AVE AND E PINE ST,0,1,,2,\\sdotnasvfa\sdot_vol1\H8\PROD\ATTACHMENTS\COL_REPORT\1791187.pdf,1791187,Dry,51,PEDALCYCLIST STRUCK MOTOR VEHICLE FRONT END AT ANGLE,6136042,2230,0,2,Injury Collision,,45,Bicycle,Matched,0,1,Clear or Partly Cloudy,0,0,0,N,06-196744
109698,"""(47.64863709600007, -122.34341043199998)""",61666,61666,Block,Cycles,\\sdotnasvfa\sdot_vol1\H8\PROD\ATTACHMENTS\COL_DIAGRAM\78187700.bmp,160,,,0,,02/28/2006 08:00:00 AM +0000,2/28/2006 17:04,1,,Driveway Junction,Daylight,N 34TH ST BETWEEN WOODLAND PARK AVE N AND STONE WAY N,0,1,Y,2,\\sdotnasvfa\sdot_vol1\H8\PROD\ATTACHMENTS\COL_REPORT\2178709.pdf,2178709,Dry,18,"MOTOR VEHICLE STRUCK PEDALCYCLIST, FRONT END AT ANGLE",6059005,15289,0,2,Injury Collision,,45,Bicycle,Matched,0,1,Clear or Partly Cloudy,0,0,0,N,6084771
109725,"""(47.66126567400005, -122.31256350599995)""",61284,61284,Block,Cycles,\\sdotnasvfa\sdot_vol1\H8\PROD\ATTACHMENTS\COL_DIAGRAM\10183300.bmp,140,,,0,,04/26/2006 07:00:00 AM +0000,4/26/2006 21:21,1,,Driveway Junction,Dusk,NE 45TH ST BETWEEN UNIVERSITY WAY NE AND 15TH AVE NE,0,1,Y,2,\\sdotnasvfa\sdot_vol1\H8\PROD\ATTACHMENTS\COL_REPORT\2390738.pdf,2390738,Dry,18,"MOTOR VEHICLE STRUCK PEDALCYCLIST, FRONT END AT ANGLE",6116003,16852,0,2,Injury Collision,,45,Bicycle,Matched,0,1,Clear or Partly Cloudy,0,0,0,N,06-166660