OBJECTID,Shape,INCKEY,COLDETKEY,ADDRTYPE,COLLISIONTYPE,DIAGRAMLINK,DISTANCE,EXCEPTRSNCODE,EXCEPTRSNDESC,FATALITIES,INATTENTIONIND,INCDATE,INCDTTM,INJURIES,INTKEY,JUNCTIONTYPE,LIGHTCOND,LOCATION,PEDCOUNT,PEDCYLCOUNT,PEDROWNOTGRNT,PERSONCOUNT,REPORTLINK,REPORTNO,ROADCOND,SDOT_COLCODE,SDOT_COLDESC,SDOTCOLNUM,SEGKEY,SERIOUSINJURIES,SEVERITYCODE,SEVERITYDESC,SPEEDING,ST_COLCODE,ST_COLDESC,STATUS,UNDERINFL,VEHCOUNT,WEATHER,WIDTH,SEGLANEKEY,CROSSWALKKEY,HITPARKEDCAR,SPDCASENO
115412,"""(47.643153932000075, -122.30204704299996)""",55979,55979,Intersection,Cycles,\\sdotnasvfa\sdot_vol1\H8\PROD\ATTACHMENTS\COL_DIAGRAM\78185500.bmp,0,,,0,,07/06/2006 07:00:00 AM +0000,7/6/2006,1,28342,At Intersection (intersection related),Daylight,24TH AVE E AND E ROANOKE ST,0,1,,2,\\sdotnasvfa\sdot_vol1\H8\PROD\ATTACHMENTS\COL_REPORT\2620402.pdf,2620402,Dry,18,"MOTOR VEHICLE STRUCK PEDALCYCLIST, FRONT END AT ANGLE",6187002,14735,0,2,Injury Collision,,45,Bicycle,Matched,0,1,Overcast,0,0,0,N,06-278004
115421,"""(47.54959667900005, -122.28733633999997)""",55977,55977,Block,Cycles,\\sdotnasvfa\sdot_vol1\H8\PROD\ATTACHMENTS\COL_DIAGRAM\55235500.bmp,625,,,0,,07/07/2006 07:00:00 AM +0000,7/7/2006,1,,Mid-Block (not related to intersection),Daylight,M L KING JR WR WAY S BETWEEN S ORCAS ST AND S RAYMOND ST,0,1,,2,\\sdotnasvfa\sdot_vol1\H8\PROD\ATTACHMENTS\COL_REPORT\2615855.pdf,2615855,Dry,23,"MOTOR VEHICLE STRUCK PEDALCYCLIST, LEFT SIDE SIDESWIPE",6188002,486025,0,2,Injury Collision,,45,Bicycle,Matched,0,1,Clear or Partly Cloudy,0,0,0,N,06-279294
115459,"""(47.60872335300007, -122.33531971899998)""",55694,55694,Block,Cycles,\\sdotnasvfa\sdot_vol1\H8\PROD\ATTACHMENTS\COL_DIAGRAM\88218900.bmp,213,,,0,,04/10/2006 07:00:00 AM +0000,4/10/2006 7:55,1,,Mid-Block (but intersection related),Daylight,4TH AVE BETWEEN UNIVERSITY ST AND UNION ST,0,1,,2,\\sdotnasvfa\sdot_vol1\H8\PROD\ATTACHMENTS\COL_REPORT\2108674.pdf,2108674,Dry,21,"MOTOR VEHICLE STRUCK PEDALCYCLIST, REAR END",6100003,6129,0,2,Injury Collision,,45,Bicycle,Matched,0,1,Overcast,0,0,0,N,06-143263
115522,"""(47.61388302300003, -122.35309719799994)""",55544,55544,Block,Cycles,\\sdotnasvfa\sdot_vol1\H8\PROD\ATTACHMENTS\COL_DIAGRAM\44514500.bmp,304,,,0,,05/03/2006 07:00:00 AM +0000,5/3/2006,1,,Driveway Junction,Daylight,ALASKAN WAY BETWEEN VINE ST AND CLAY ST,0,1,,2,\\sdotnasvfa\sdot_vol1\H8\PROD\ATTACHMENTS\COL_REPORT\2070030.pdf,2070030,Dry,51,PEDALCYCLIST STRUCK MOTOR VEHICLE FRONT END AT ANGLE,6123001,8732,0,2,Injury Collision,,45,Bicycle,Matched,0,1,Clear or Partly Cloudy,0,0,0,N,05-175914
115606,"""(47.60709669000005, -122.30893627699999)""",56046,56046,Block,Cycles,\\sdotnasvfa\sdot_vol1\H8\PROD\ATTACHMENTS\COL_DIAGRAM\54185500.bmp,338.5,,,0,,05/12/2006 07:00:00 AM +0000,5/12/2006 16:00,1,,Mid-Block (not related to intersection),Daylight,18TH AVE BETWEEN E JEFFERSON ST AND E CHERRY ST,0,1,Y,2,\\sdotnasvfa\sdot_vol1\H8\PROD\ATTACHMENTS\COL_REPORT\1796415.pdf,1796415,Dry,18,"MOTOR VEHICLE STRUCK PEDALCYCLIST, FRONT END AT ANGLE",6132002,2535,1,2b,Serious Injury Collision,,45,Bicycle,Matched,0,1,Clear or Partly Cloudy,0,0,0,N,06 190754
115615,"""(47.609780570000055, -122.33935700699999)""",55796,55796,Block,Cycles,\\sdotnasvfa\sdot_vol1\H8\PROD\ATTACHMENTS\COL_DIAGRAM\43184400.bmp,213,,,0,,01/04/2006 08:00:00 AM +0000,1/4/2006,1,,Driveway Junction,Daylight,2ND AVE BETWEEN PIKE ST AND PINE ST,0,1,Y,2,\\sdotnasvfa\sdot_vol1\H8\PROD\ATTACHMENTS\COL_REPORT\2191866.pdf,2191866,Dry,18,"MOTOR VEHICLE STRUCK PEDALCYCLIST, FRONT END AT ANGLE",6004002,2758,0,2,Injury Collision,,45,Bicycle,Matched,0,1,Clear or Partly Cloudy,0,0,0,N,06-004487
115627,,56049,56049,Alley,Cycles,\\sdotnasvfa\sdot_vol1\H8\PROD\ATTACHMENTS\COL_DIAGRAM\11221100.bmp,,,,0,,05/09/2006 07:00:00 AM +0000,5/9/2006,1,,Mid-Block (not related to intersection),Daylight,,0,1,,2,\\sdotnasvfa\sdot_vol1\H8\PROD\ATTACHMENTS\COL_REPORT\2401876.pdf,2401876,Dry,22,"MOTOR VEHICLE STRUCK PEDALCYCLIST, RIGHT SIDE SIDESWIPE",6129006,,0,2,Injury Collision,,45,Bicycle,Matched,0,1,Clear or Partly Cloudy,0,0,0,N,06-186374
115639,"""(47.615254391000065, -122.318159434)""",55923,55923,Intersection,Cycles,\\sdotnasvfa\sdot_vol1\H8\PROD\ATTACHMENTS\COL_DIAGRAM\78187700.bmp,0,,,0,,03/01/2006 08:00:00 AM +0000,3/1/2006,1,29739,At Intersection (intersection related),Dark - Street Lights On,11TH AVE AND E PINE ST,0,1,Y,3,\\sdotnasvfa\sdot_vol1\H8\PROD\ATTACHMENTS\COL_REPORT\2070678.pdf,2070678,Dry,18,"MOTOR VEHICLE STRUCK PEDALCYCLIST, FRONT END AT ANGLE",6060009,1383,0,2,Injury Collision,,45,Bicycle,Matched,0,1,Clear or Partly Cloudy,0,0,0,N,06 86593
115702,"""(47.626877027000035, -122.32921630899995)""",55640,55640,Intersection,Cycles,\\sdotnasvfa\sdot_vol1\H8\PROD\ATTACHMENTS\COL_DIAGRAM\33185500.bmp,0,,,0,,10/30/2006 08:00:00 AM +0000,10/30/2006 19:47,1,29097,At Intersection (intersection related),Dark - Street Lights On,ALOHA ST AND EASTLAKE AVE E,0,1,,2,\\sdotnasvfa\sdot_vol1\H8\PROD\ATTACHMENTS\COL_REPORT\2616916.pdf,2616916,Dry,18,"MOTOR VEHICLE STRUCK PEDALCYCLIST, FRONT END AT ANGLE",6303005,10169,0,2,Injury Collision,,45,Bicycle,Matched,0,1,Clear or Partly Cloudy,0,0,0,N,06-462525
115789,"""(47.661259253000026, -122.30951223599999)""",55096,55096,Intersection,Cycles,\\sdotnasvfa\sdot_vol1\H8\PROD\ATTACHMENTS\COL_DIAGRAM\77181100.bmp,0,,,0,,02/08/2006 08:00:00 AM +0000,2/8/2006,1,26092,At Intersection (intersection related),Daylight,17TH NB AVE NE AND NE 45TH ST,0,1,,3,\\sdotnasvfa\sdot_vol1\H8\PROD\ATTACHMENTS\COL_REPORT\2185192.pdf,2185192,Dry,18,"MOTOR VEHICLE STRUCK PEDALCYCLIST, FRONT END AT ANGLE",6039002,2517,0,2,Injury Collision,,45,Bicycle,Matched,0,2,Clear or Partly Cloudy,0,0,0,N,06 055350
115822,"""(47.65082920700007, -122.36087725499999)""",55472,55472,Intersection,Cycles,\\sdotnasvfa\sdot_vol1\H8\PROD\ATTACHMENTS\COL_DIAGRAM\75183300.bmp,0,,,0,,06/15/2006 07:00:00 AM +0000,6/15/2006 7:12,1,26688,At Intersection (intersection related),Daylight,3RD AVE W AND W NICKERSON ST,0,1,Y,2,\\sdotnasvfa\sdot_vol1\H8\PROD\ATTACHMENTS\COL_REPORT\2108749.pdf,2108749,Dry,18,"MOTOR VEHICLE STRUCK PEDALCYCLIST, FRONT END AT ANGLE",6166006,4570,0,2,Injury Collision,,45,Bicycle,Matched,0,1,Clear or Partly Cloudy,0,0,0,N,06-242236
115848,"""(47.60729905800008, -122.33708679799997)""",55473,55473,Intersection,Cycles,\\sdotnasvfa\sdot_vol1\H8\PROD\ATTACHMENTS\COL_DIAGRAM\44514300.bmp,0,,,0,,06/14/2006 07:00:00 AM +0000,6/14/2006 8:10,1,29603,At Intersection (intersection related),Daylight,2ND AVE AND UNIVERSITY ST,0,1,Y,2,\\sdotnasvfa\sdot_vol1\H8\PROD\ATTACHMENTS\COL_REPORT\2188128.pdf,2188128,Dry,51,PEDALCYCLIST STRUCK MOTOR VEHICLE FRONT END AT ANGLE,6165009,2756,0,2,Injury Collision,,45,Bicycle,Matched,0,1,Clear or Partly Cloudy,0,0,0,N,06 240577
115924,"""(47.63863285800005, -122.37614859799999)""",55453,55453,Intersection,Cycles,\\sdotnasvfa\sdot_vol1\H8\PROD\ATTACHMENTS\COL_DIAGRAM\33185500.bmp,0,,,0,Y,09/06/2006 07:00:00 AM +0000,9/6/2006,1,27932,At Intersection (intersection related),Daylight,15TH AVE W AND W BOSTON ST,0,1,,2,\\sdotnasvfa\sdot_vol1\H8\PROD\ATTACHMENTS\COL_REPORT\2608888.pdf,2608888,Dry,18,"MOTOR VEHICLE STRUCK PEDALCYCLIST, FRONT END AT ANGLE",6249003,2189,0,2,Injury Collision,,45,Bicycle,Matched,0,1,Clear or Partly Cloudy,0,0,0,N,06-377142
115943,"""(47.70943603900008, -122.30098650399998)""",55058,55058,Block,Cycles,\\sdotnasvfa\sdot_vol1\H8\PROD\ATTACHMENTS\COL_DIAGRAM\00640000.bmp,380,,,0,,09/23/2006 07:00:00 AM +0000,9/23/2006 17:20,1,,Mid-Block (not related to intersection),Daylight,LAKE CITY WAY NE BETWEEN NE 110TH ST AND NE NORTHGATE WAY,1,1,,2,\\sdotnasvfa\sdot_vol1\H8\PROD\ATTACHMENTS\COL_REPORT\C674674.pdf,C674674,Unknown,64,PEDALCYCLIST STRUCK PEDESTRIAN,6266038,11165,0,2,Injury Collision,,45,Bicycle,Matched,0,0,Unknown,0,0,0,N,
115957,"""(47.61522862000004, -122.32277471199995)""",55185,55185,Block,Cycles,\\sdotnasvfa\sdot_vol1\H8\PROD\ATTACHMENTS\COL_DIAGRAM\78187700.bmp,158.5,,,0,,06/08/2006 07:00:00 AM +0000,6/8/2006,1,,Mid-Block (but intersection related),Dusk,E PINE ST BETWEEN BOYLSTON AVE AND HARVARD AVE,0,1,Y,2,\\sdotnasvfa\sdot_vol1\H8\PROD\ATTACHMENTS\COL_REPORT\2400910.pdf,2400910,Wet,18,"MOTOR VEHICLE STRUCK PEDALCYCLIST, FRONT END AT ANGLE",6159009,14632,0,2,Injury Collision,,45,Bicycle,Matched,0,1,Overcast,0,0,0,N,06-232122
115983,"""(47.61927351300005, -122.32483051699995)""",55293,55293,Block,Cycles,\\sdotnasvfa\sdot_vol1\H8\PROD\ATTACHMENTS\COL_DIAGRAM\43186600.bmp,179,,,0,,11/01/2006 08:00:00 AM +0000,11/1/2006,1,,Driveway Junction,Daylight,E OLIVE WAY BETWEEN SUMMIT AVE E AND E JOHN ST,0,1,Y,2,\\sdotnasvfa\sdot_vol1\H8\PROD\ATTACHMENTS\COL_REPORT\2620398.pdf,2620398,Dry,18,"MOTOR VEHICLE STRUCK PEDALCYCLIST, FRONT END AT ANGLE",6305006,14586,0,2,Injury Collision,,45,Bicycle,Matched,0,1,Clear or Partly Cloudy,0,0,0,N,06-464926
115989,"""(47.61989820000008, -122.32220598799995)""",55057,55057,Intersection,Cycles,\\sdotnasvfa\sdot_vol1\H8\PROD\ATTACHMENTS\COL_DIAGRAM\31187700.bmp,0,,,0,,10/30/2006 08:00:00 AM +0000,10/30/2006 20:15,1,29051,At Intersection (intersection related),Dark - Street Lights On,HARVARD AVE E AND E OLIVE WAY,0,1,Y,2,\\sdotnasvfa\sdot_vol1\H8\PROD\ATTACHMENTS\COL_REPORT\2620391.pdf,2620391,Dry,18,"MOTOR VEHICLE STRUCK PEDALCYCLIST, FRONT END AT ANGLE",6303004,10846,0,2,Injury Collision,,45,Bicycle,Matched,0,1,Clear or Partly Cloudy,0,0,0,N,60462557
116033,"""(47.64941986700006, -122.34273258699994)""",55170,55170,Intersection,Cycles,\\sdotnasvfa\sdot_vol1\H8\PROD\ATTACHMENTS\COL_DIAGRAM\11187571.bmp,0,,,0,,05/18/2006 07:00:00 AM +0000,5/18/2006 16:55,1,26897,At Intersection (intersection related),Daylight,STONE WAY N AND N 35TH ST,0,1,Y,2,\\sdotnasvfa\sdot_vol1\H8\PROD\ATTACHMENTS\COL_REPORT\1198491.pdf,1198491,Dry,18,"MOTOR VEHICLE STRUCK PEDALCYCLIST, FRONT END AT ANGLE",6138011,12956,0,2,Injury Collision,,45,Bicycle,Matched,0,1,Clear or Partly Cloudy,0,0,0,N,6199815
116052,"""(47.64846994200008, -122.37712693399999)""",55154,55154,Block,Cycles,\\sdotnasvfa\sdot_vol1\H8\PROD\ATTACHMENTS\COL_DIAGRAM\33213300.bmp,91,,,0,Y,08/12/2006 07:00:00 AM +0000,8/12/2006 13:25,1,,Mid-Block (but intersection related),Daylight,W DRAVUS ST BETWEEN 15TH AV W SB OFF RP AND 16TH AVE W,0,1,,2,\\sdotnasvfa\sdot_vol1\H8\PROD\ATTACHMENTS\COL_REPORT\2608715.pdf,2608715,Dry,21,"MOTOR VEHICLE STRUCK PEDALCYCLIST, REAR END",6224001,23220,0,2,Injury Collision,,45,Bicycle,Matched,0,1,Clear or Partly Cloudy,0,0,0,N,06-338952
116097,"""(47.52331233900003, -122.27640325499999)""",55272,55272,Intersection,Cycles,\\sdotnasvfa\sdot_vol1\H8\PROD\ATTACHMENTS\COL_DIAGRAM\75183300.bmp,0,,,0,,04/23/2006 07:00:00 AM +0000,4/23/2006 16:25,1,35274,At Intersection (intersection related),Daylight,RENTON AVE S AND S HENDERSON ST,0,1,Y,2,\\sdotnasvfa\sdot_vol1\H8\PROD\ATTACHMENTS\COL_REPORT\2280002.pdf,2280002,Dry,18,"MOTOR VEHICLE STRUCK PEDALCYCLIST, FRONT END AT ANGLE",6113031,12525,0,2,Injury Collision,,45,Bicycle,Matched,0,1,Clear or Partly Cloudy,0,0,0,N,06-161809
116100,"""(47.684857529000055, -122.29053796499994)""",55405,55405,Intersection,Cycles,\\sdotnasvfa\sdot_vol1\H8\PROD\ATTACHMENTS\COL_DIAGRAM\77185370.bmp,0,,,0,,04/04/2006 07:00:00 AM +0000,4/4/2006,1,24909,At Intersection (intersection related),Daylight,35TH AVE NE AND NE 77TH ST,0,1,,2,\\sdotnasvfa\sdot_vol1\H8\PROD\ATTACHMENTS\COL_REPORT\2188203.pdf,2188203,Dry,18,"MOTOR VEHICLE STRUCK PEDALCYCLIST, FRONT END AT ANGLE",6094012,5364,0,2,Injury Collision,,45,Bicycle,Matched,0,1,Clear or Partly Cloudy,0,0,0,N,06 135127
116154,"""(47.64715114300003, -122.304609245)""",55262,55262,Block,Cycles,\\sdotnasvfa\sdot_vol1\H8\PROD\ATTACHMENTS\COL_DIAGRAM\11690000.bmp,121.5,,,0,,09/28/2006 07:00:00 AM +0000,9/28/2006 19:44,1,,Mid-Block (not related to intersection),Dark - Street Lights On,MONTLAKE BR BETWEEN MONTLAKE BLVD E AND POINT A,0,1,,1,\\sdotnasvfa\sdot_vol1\H8\PROD\ATTACHMENTS\COL_REPORT\2617329.pdf,2617329,Other,69,PEDALCYCLIST OVERTURNED IN ROAD,6271009,11902,0,2,Injury Collision,,45,Bicycle,Matched,0,0,Clear or Partly Cloudy,0,0,0,N,06-411283
116188,"""(47.679372199000056, -122.26531461999997)""",55142,55142,Intersection,Cycles,\\sdotnasvfa\sdot_vol1\H8\PROD\ATTACHMENTS\COL_DIAGRAM\77181171.bmp,0,,,0,,04/29/2006 07:00:00 AM +0000,4/29/2006 14:31,1,287172,At Intersection (intersection related),Daylight,BURKE GILMAN TRL AND NE 70TH ST,0,1,,2,\\sdotnasvfa\sdot_vol1\H8\PROD\ATTACHMENTS\COL_REPORT\2188342.pdf,2188342,Wet,18,"MOTOR VEHICLE STRUCK PEDALCYCLIST, FRONT END AT ANGLE",6119001,287216,0,2,Injury Collision,,45,Bicycle,Matched,0,1,Raining,0,0,0,N,6170936
116207,"""(47.67573704200004, -122.26656513399996)""",55376,55376,Intersection,Cycles,\\sdotnasvfa\sdot_vol1\H8\PROD\ATTACHMENTS\COL_DIAGRAM\33185571.bmp,0,,,0,,07/16/2006 07:00:00 AM +0000,7/16/2006 14:18,1,287171,At Intersection (intersection related),Daylight,BURKE GILMAN TRL AND NE 65TH ST,0,1,Y,2,\\sdotnasvfa\sdot_vol1\H8\PROD\ATTACHMENTS\COL_REPORT\2614277.pdf,2614277,Dry,18,"MOTOR VEHICLE STRUCK PEDALCYCLIST, FRONT END AT ANGLE",6197020,287215,0,2,Injury Collision,,45,Bicycle,Matched,0,1,Clear or Partly Cloudy,0,0,0,N,06 293960
116284,"""(47.53695787800007, -122.27027401699996)""",54717,54717,Intersection,Cycles,\\sdotnasvfa\sdot_vol1\H8\PROD\ATTACHMENTS\COL_DIAGRAM\33181771.bmp,0,,,0,,11/18/2006 08:00:00 AM +0000,11/18/2006 16:42,1,34470,At Intersection (intersection related),Dark - No Street Lights,RAINIER AVE S AND S OTHELLO ST,0,1,,2,\\sdotnasvfa\sdot_vol1\H8\PROD\ATTACHMENTS\COL_REPORT\2612878.pdf,2612878,Dry,18,"MOTOR VEHICLE STRUCK PEDALCYCLIST, FRONT END AT ANGLE",6322005,12409,0,2,Injury Collision,,45,Bicycle,Matched,0,1,Clear or Partly Cloudy,0,0,0,N,06-491449
116364,"""(47.66365981200005, -122.37217813899997)""",54822,54822,Block,Cycles,\\sdotnasvfa\sdot_vol1\H8\PROD\ATTACHMENTS\COL_DIAGRAM\78517700.bmp,348.5,,,0,,08/24/2006 07:00:00 AM +0000,8/24/2006 12:39,1,,Mid-Block (not related to intersection),Daylight,NW LEARY WAY BETWEEN 11TH AVE NW AND 14TH AVE NW,0,1,,2,\\sdotnasvfa\sdot_vol1\H8\PROD\ATTACHMENTS\COL_REPORT\2611564.pdf,2611564,Dry,51,PEDALCYCLIST STRUCK MOTOR VEHICLE FRONT END AT ANGLE,6236003,19209,0,2,Injury Collision,,45,Bicycle,Matched,0,1,Clear or Partly Cloudy,0,0,0,N,06-356617
116470,"""(47.53616843200007, -122.33352700299997)""",54542,54542,Block,Cycles,\\sdotnasvfa\sdot_vol1\H8\PROD\ATTACHMENTS\COL_DIAGRAM\55517800.bmp,815.5,,,0,,02/09/2006 08:00:00 AM +0000,2/9/2006,1,,Mid-Block (not related to intersection),Daylight,WEST MARGINAL WAY S BETWEEN 1ST AVE S AND S HOLDEN ST,0,1,Y,4,\\sdotnasvfa\sdot_vol1\H8\PROD\ATTACHMENTS\COL_REPORT\2060335.pdf,2060335,Dry,51,PEDALCYCLIST STRUCK MOTOR VEHICLE FRONT END AT ANGLE,6040005,23526,0,2,Injury Collision,,45,Bicycle,Matched,0,1,Clear or Partly Cloudy,0,0,0,N,06-056847
116532,"""(47.59928129300005, -122.30223345099995)""",54906,54906,Intersection,Cycles,\\sdotnasvfa\sdot_vol1\H8\PROD\ATTACHMENTS\COL_DIAGRAM\55187171.bmp,0,,,0,,11/29/2006 08:00:00 AM +0000,11/29/2006 15:30,0,30757,At Intersection (intersection related),Daylight,23RD AVE S AND S JACKSON ST,0,1,,2,\\sdotnasvfa\sdot_vol1\H8\PROD\ATTACHMENTS\COL_REPORT\2604046.pdf,2604046,Ice,18,"MOTOR VEHICLE STRUCK PEDALCYCLIST, FRONT END AT ANGLE",6333003,3444,0,1,Property Damage Only Collision,,45,Bicycle,Matched,0,1,Overcast,0,0,0,N,06-506060
116649,"""(47.56381410100005, -122.36333747999998)""",55012,55012,Block,Cycles,\\sdotnasvfa\sdot_vol1\H8\PROD\ATTACHMENTS\COL_DIAGRAM\11231100.bmp,334,,,0,,09/28/2006 07:00:00 AM +0000,9/28/2006 17:30,1,,Mid-Block (not related to intersection),Daylight,DELRIDGE WAY SW BETWEEN SW GENESEE ST AND SW OREGON ST,0,1,,2,\\sdotnasvfa\sdot_vol1\H8\PROD\ATTACHMENTS\COL_REPORT\2625344.pdf,2625344,Dry,23,"MOTOR VEHICLE STRUCK PEDALCYCLIST, LEFT SIDE SIDESWIPE",6271039,9962,1,2b,Serious Injury Collision,,45,Bicycle,Matched,0,1,Clear or Partly Cloudy,0,0,0,N,06-411102
116749,"""(47.61210999000008, -122.32076121799997)""",54987,54987,Block,Cycles,\\sdotnasvfa\sdot_vol1\H8\PROD\ATTACHMENTS\COL_DIAGRAM\11511600.bmp,311,,,0,,03/13/2006 08:00:00 AM +0000,3/13/2006 9:18,1,,Mid-Block (not related to intersection),Daylight,BROADWAY BETWEEN HARVARD AVE AND E UNION ST,0,1,Y,2,\\sdotnasvfa\sdot_vol1\H8\PROD\ATTACHMENTS\COL_REPORT\2070810.pdf,2070810,Dry,51,PEDALCYCLIST STRUCK MOTOR VEHICLE FRONT END AT ANGLE,6072001,9445,0,2,Injury Collision,,45,Bicycle,Matched,0,1,Clear or Partly Cloudy,0,0,0,N,06 103077
116806,"""(47.69424969500005, -122.37679920099998)""",54068,54068,Intersection,Cycles,\\sdotnasvfa\sdot_vol1\H8\PROD\ATTACHMENTS\COL_DIAGRAM\77511100.bmp,0,,,0,,04/26/2006 07:00:00 AM +0000,4/26/2006 16:09,1,37246,At Intersection (intersection related),Daylight,15TH AVE NW AND NW 90TH S ST,0,1,,2,\\sdotnasvfa\sdot_vol1\H8\PROD\ATTACHMENTS\COL_REPORT\1778364.pdf,1778364,Dry,51,PEDALCYCLIST STRUCK MOTOR VEHICLE FRONT END AT ANGLE,6116001,2122,0,2,Injury Collision,,45,Bicycle,Matched,0,1,Clear or Partly Cloudy,0,0,0,N,6166266
116819,"""(47.653411937000044, -122.34253836899995)""",54441,54441,Block,Cycles,\\sdotnasvfa\sdot_vol1\H8\PROD\ATTACHMENTS\COL_DIAGRAM\56660000.bmp,258,,,0,,06/30/2006 07:00:00 AM +0000,6/30/2006 12:15,1,,Mid-Block (not related to intersection),Daylight,STONE WAY N BETWEEN N 38TH ST AND N 39TH ST,0,1,,1,\\sdotnasvfa\sdot_vol1\H8\PROD\ATTACHMENTS\COL_REPORT\1930890.pdf,1930890,Dry,66,PEDALCYCLIST STRUCK OBJECT IN ROAD,6181005,12958,0,2,Injury Collision,,45,Bicycle,Matched,0,0,Clear or Partly Cloudy,0,0,0,N,06-266774
116876,"""(47.61536891700007, -122.34393441299994)""",54430,54430,Intersection,Cycles,\\sdotnasvfa\sdot_vol1\H8\PROD\ATTACHMENTS\COL_DIAGRAM\86184670.bmp,0,,,0,,10/14/2006 07:00:00 AM +0000,10/14/2006 22:27,1,29533,At Intersection (intersection related),Dark - Street Lights On,4TH AVE AND BELL ST,0,1,,3,\\sdotnasvfa\sdot_vol1\H8\PROD\ATTACHMENTS\COL_REPORT\2607536.pdf,2607536,Wet,18,"MOTOR VEHICLE STRUCK PEDALCYCLIST, FRONT END AT ANGLE",6287003,6140,0,2,Injury Collision,,45,Bicycle,Matched,0,1,Raining,0,0,0,N,06-437419
116883,"""(47.601701923000064, -122.32159412299995)""",54045,54045,Block,Cycles,\\sdotnasvfa\sdot_vol1\H8\PROD\ATTACHMENTS\COL_DIAGRAM\76517700.bmp,211,,,0,,05/10/2006 07:00:00 AM +0000,5/10/2006 17:12,1,,Mid-Block (not related to intersection),Daylight,YESLER WAY BETWEEN 8TH AVE AND BROADWAY,0,1,,2,\\sdotnasvfa\sdot_vol1\H8\PROD\ATTACHMENTS\COL_REPORT\2071029.pdf,2071029,Dry,51,PEDALCYCLIST STRUCK MOTOR VEHICLE FRONT END AT ANGLE,6130004,13768,0,2,Injury Collision,,45,Bicycle,Matched,0,1,Overcast,0,0,0,N,60187570
116957,"""(47.615254391000065, -122.318159434)""",54277,54277,Intersection,Cycles,\\sdotnasvfa\sdot_vol1\H8\PROD\ATTACHMENTS\COL_DIAGRAM\31187700.bmp,0,,,0,,10/02/2006 07:00:00 AM +0000,10/2/2006,1,29739,At Intersection (intersection related),Daylight,11TH AVE AND E PINE ST,0,1,Y,2,\\sdotnasvfa\sdot_vol1\H8\PROD\ATTACHMENTS\COL_REPORT\2615330.pdf,2615330,Dry,18,"MOTOR VEHICLE STRUCK PEDALCYCLIST, FRONT END AT ANGLE",6275004,1383,1,2b,Serious Injury Collision,,45,Bicycle,Matched,0,1,Clear or Partly Cloudy,0,0,0,N,06-417043
117012,"""(47.60572989000008, -122.33258176499999)""",54140,54140,Block,Cycles,\\sdotnasvfa\sdot_vol1\H8\PROD\ATTACHMENTS\COL_DIAGRAM\44640986.bmp,153,,,0,,09/18/2006 07:00:00 AM +0000,9/18/2006 11:50,2,,Mid-Block (not related to intersection),Daylight,4TH AVE BETWEEN MARION ST AND MADISON ST,1,1,Y,2,\\sdotnasvfa\sdot_vol1\H8\PROD\ATTACHMENTS\COL_REPORT\2607378.pdf,2607378,Dry,64,PEDALCYCLIST STRUCK PEDESTRIAN,6261008,6125,0,2,Injury Collision,,45,Bicycle,Matched,0,0,Clear or Partly Cloudy,0,0,0,N,06-395 232
117045,"""(47.66139442700006, -122.35003951099998)""",54376,54376,Intersection,Cycles,\\sdotnasvfa\sdot_vol1\H8\PROD\ATTACHMENTS\COL_DIAGRAM\33185500.bmp,0,,,0,,10/20/2006 07:00:00 AM +0000,10/20/2006 6:30,1,26925,At Intersection (intersection related),Dark - Street Lights On,FREMONT AVE N AND N 45TH ST,0,1,,2,\\sdotnasvfa\sdot_vol1\H8\PROD\ATTACHMENTS\COL_REPORT\2617558.pdf,2617558,Wet,18,"MOTOR VEHICLE STRUCK PEDALCYCLIST, FRONT END AT ANGLE",6293004,10498,1,2b,Serious Injury Collision,,45,Bicycle,Matched,0,1,Overcast,0,0,0,N,06-445624
117050,"""(47.520787032000044, -122.39022156899995)""",54264,54264,Intersection,Cycles,\\sdotnasvfa\sdot_vol1\H8\PROD\ATTACHMENTS\COL_DIAGRAM\11187700.bmp,0,,,0,,11/20/2006 08:00:00 AM +0000,11/20/2006 8:23,0,34815,At Intersection (intersection related),Daylight,45TH AVE SW AND SW WILDWOOD PL,0,1,Y,2,\\sdotnasvfa\sdot_vol1\H8\PROD\ATTACHMENTS\COL_REPORT\2625259.pdf,2625259,Wet,18,"MOTOR VEHICLE STRUCK PEDALCYCLIST, FRONT END AT ANGLE",6324013,6875,0,1,Property Damage Only Collision,,45,Bicycle,Matched,0,1,Clear or Partly Cloudy,0,0,0,N,06-493787
117060,"""(47.65976573000006, -122.34457721899997)""",53997,53997,Block,Cycles,\\sdotnasvfa\sdot_vol1\H8\PROD\ATTACHMENTS\COL_DIAGRAM\54185500.bmp,70,,,0,,08/14/2006 07:00:00 AM +0000,8/14/2006 18:00,1,,Mid-Block (not related to intersection),Daylight,WOODLAND PARK AVE N BETWEEN N 43RD N ST AND N 44TH ST,0,1,,2,\\sdotnasvfa\sdot_vol1\H8\PROD\ATTACHMENTS\COL_REPORT\C672326.pdf,C672326,Dry,18,"MOTOR VEHICLE STRUCK PEDALCYCLIST, FRONT END AT ANGLE",6226050,13659,0,2,Injury Collision,,45,Bicycle,Matched,0,1,Clear or Partly Cloudy,0,0,0,N,