OBJECTID,Shape,INCKEY,COLDETKEY,ADDRTYPE,COLLISIONTYPE,DIAGRAMLINK,DISTANCE,EXCEPTRSNCODE,EXCEPTRSNDESC,FATALITIES,INATTENTIONIND,INCDATE,INCDTTM,INJURIES,INTKEY,JUNCTIONTYPE,LIGHTCOND,LOCATION,PEDCOUNT,PEDCYLCOUNT,PEDROWNOTGRNT,PERSONCOUNT,REPORTLINK,REPORTNO,ROADCOND,SDOT_COLCODE,SDOT_COLDESC,SDOTCOLNUM,SEGKEY,SERIOUSINJURIES,SEVERITYCODE,SEVERITYDESC,SPEEDING,ST_COLCODE,ST_COLDESC,STATUS,UNDERINFL,VEHCOUNT,WEATHER,WIDTH,SEGLANEKEY,CROSSWALKKEY,HITPARKEDCAR,SPDCASENO
117193,"""(47.65082920700007, -122.36087725499999)""",54344,54344,Intersection,Cycles,\\sdotnasvfa\sdot_vol1\H8\PROD\ATTACHMENTS\COL_DIAGRAM\76183300.bmp,0,,,0,,05/17/2006 07:00:00 AM +0000,5/17/2006 19:02,1,26688,At Intersection (intersection related),Daylight,3RD AVE W AND W NICKERSON ST,0,1,Y,3,\\sdotnasvfa\sdot_vol1\H8\PROD\ATTACHMENTS\COL_REPORT\2069877.pdf,2069877,Dry,18,"MOTOR VEHICLE STRUCK PEDALCYCLIST, FRONT END AT ANGLE",6137002,4570,0,2,Injury Collision,,45,Bicycle,Matched,0,2,Clear or Partly Cloudy,0,0,0,N,06-198357
117210,"""(47.52304218100005, -122.31496810799996)""",54340,54340,Intersection,Cycles,\\sdotnasvfa\sdot_vol1\H8\PROD\ATTACHMENTS\COL_DIAGRAM\11185300.bmp,0,,,0,,05/22/2006 07:00:00 AM +0000,5/22/2006 17:00,1,35126,At Intersection (intersection related),Daylight,14TH AVE S AND S HENDERSON ST,0,1,Y,2,\\sdotnasvfa\sdot_vol1\H8\PROD\ATTACHMENTS\COL_REPORT\2127705.pdf,2127705,Dry,18,"MOTOR VEHICLE STRUCK PEDALCYCLIST, FRONT END AT ANGLE",6142004,1960,0,2,Injury Collision,,45,Bicycle,Matched,0,1,Clear or Partly Cloudy,0,0,0,N,06-205929
117254,"""(47.64958972900007, -122.34974744899995)""",54334,54334,Intersection,Cycles,\\sdotnasvfa\sdot_vol1\H8\PROD\ATTACHMENTS\COL_DIAGRAM\77181371.bmp,0,,,0,,04/19/2006 07:00:00 AM +0000,4/19/2006 16:10,1,27039,At Intersection (intersection related),Daylight,FREMONT AVE N AND N 34TH ST,0,1,,2,\\sdotnasvfa\sdot_vol1\H8\PROD\ATTACHMENTS\COL_REPORT\C668007.pdf,C668007,Dry,18,"MOTOR VEHICLE STRUCK PEDALCYCLIST, FRONT END AT ANGLE",6109034,10485,1,2b,Serious Injury Collision,,45,Bicycle,Matched,0,1,Clear or Partly Cloudy,0,0,0,N,
117263,"""(47.60166729900004, -122.30233880199995)""",53953,53953,Intersection,Cycles,\\sdotnasvfa\sdot_vol1\H8\PROD\ATTACHMENTS\COL_DIAGRAM\33181100.bmp,0,,,0,,08/24/2006 07:00:00 AM +0000,8/24/2006 14:50,1,30733,At Intersection (intersection related),Daylight,23RD AVE AND E YESLER WAY,0,1,Y,2,\\sdotnasvfa\sdot_vol1\H8\PROD\ATTACHMENTS\COL_REPORT\2614937.pdf,2614937,Dry,18,"MOTOR VEHICLE STRUCK PEDALCYCLIST, FRONT END AT ANGLE",6236004,3352,0,2,Injury Collision,,45,Bicycle,Matched,0,1,Clear or Partly Cloudy,0,0,0,N,06-356810
117299,"""(47.527044570000044, -122.26998428299999)""",53550,53550,Block,Cycles,\\sdotnasvfa\sdot_vol1\H8\PROD\ATTACHMENTS\COL_DIAGRAM\77185500.bmp,318,,,0,,08/11/2006 07:00:00 AM +0000,8/11/2006 12:10,1,,Driveway Junction,Daylight,RAINIER AVE S BETWEEN S THISTLE ST AND S CLOVERDALE ST,0,2,Y,4,\\sdotnasvfa\sdot_vol1\H8\PROD\ATTACHMENTS\COL_REPORT\2611955.pdf,2611955,Dry,18,"MOTOR VEHICLE STRUCK PEDALCYCLIST, FRONT END AT ANGLE",6223005,12418,0,2,Injury Collision,,45,Bicycle,Matched,0,1,Clear or Partly Cloudy,0,0,0,N,06-338881
117368,"""(47.62669856800005, -122.34233050699999)""",53523,53523,Block,Cycles,\\sdotnasvfa\sdot_vol1\H8\PROD\ATTACHMENTS\COL_DIAGRAM\17185500.bmp,160,,,0,,06/01/2006 07:00:00 AM +0000,6/1/2006,1,,Driveway Junction,Daylight,DEXTER AVE N BETWEEN VALLEY ST AND ALOHA ST,0,1,Y,2,\\sdotnasvfa\sdot_vol1\H8\PROD\ATTACHMENTS\COL_REPORT\2410652.pdf,2410652,Wet,18,"MOTOR VEHICLE STRUCK PEDALCYCLIST, FRONT END AT ANGLE",6152062,10079,0,2,Injury Collision,,45,Bicycle,Matched,0,1,Raining,0,0,0,N,06 220691
117385,"""(47.61293563000004, -122.29750018199996)""",53529,53529,Intersection,Cycles,\\sdotnasvfa\sdot_vol1\H8\PROD\ATTACHMENTS\COL_DIAGRAM\11513300.bmp,0,,,0,,10/26/2006 07:00:00 AM +0000,10/26/2006 15:30,0,30023,At Intersection (intersection related),Unknown,27TH AVE AND E UNION ST,0,1,,2,\\sdotnasvfa\sdot_vol1\H8\PROD\ATTACHMENTS\COL_REPORT\C676512.pdf,C676512,Dry,51,PEDALCYCLIST STRUCK MOTOR VEHICLE FRONT END AT ANGLE,6299028,3994,0,1,Property Damage Only Collision,,45,Bicycle,Matched,0,1,Clear or Partly Cloudy,0,0,0,N,
117499,"""(47.68693848100003, -122.36198588699995)""",53625,53625,Block,Cycles,\\sdotnasvfa\sdot_vol1\H8\PROD\ATTACHMENTS\COL_DIAGRAM\33233300.bmp,329.5,,,0,,04/18/2006 07:00:00 AM +0000,4/18/2006 8:40,0,,Mid-Block (not related to intersection),Daylight,NW 80TH ST BETWEEN 3RD AVE NW AND 6TH AVE NW,0,1,,2,\\sdotnasvfa\sdot_vol1\H8\PROD\ATTACHMENTS\COL_REPORT\2058557.pdf,2058557,Unknown,23,"MOTOR VEHICLE STRUCK PEDALCYCLIST, LEFT SIDE SIDESWIPE",6108025,18887,0,1,Property Damage Only Collision,,45,Bicycle,Matched,0,1,Clear or Partly Cloudy,0,0,0,N,06 154830
117514,"""(47.578874744000075, -122.28370626699996)""",53886,53886,Block,Cycles,\\sdotnasvfa\sdot_vol1\H8\PROD\ATTACHMENTS\COL_DIAGRAM\81188800.bmp,1842,,,0,,10/06/2006 07:00:00 AM +0000,10/6/2006,1,,Mid-Block (not related to intersection),Daylight,LAKE WASHINGTON BLVD S BETWEEN LAKE PARK DR S AND S HORTON NR ST,0,1,,2,\\sdotnasvfa\sdot_vol1\H8\PROD\ATTACHMENTS\COL_REPORT\C675240.pdf,C675240,Wet,18,"MOTOR VEHICLE STRUCK PEDALCYCLIST, FRONT END AT ANGLE",6279065,11230,0,2,Injury Collision,,45,Bicycle,Matched,0,1,Overcast,0,0,0,N,
117541,"""(47.60466155800003, -122.33160430899994)""",53612,53612,Intersection,Cycles,\\sdotnasvfa\sdot_vol1\H8\PROD\ATTACHMENTS\COL_DIAGRAM\66188800.bmp,0,,,0,,07/30/2006 07:00:00 AM +0000,7/30/2006 10:20,1,29966,At Intersection (intersection related),Daylight,4TH AVE AND COLUMBIA ST,0,1,Y,2,\\sdotnasvfa\sdot_vol1\H8\PROD\ATTACHMENTS\COL_REPORT\2607879.pdf,2607879,Dry,18,"MOTOR VEHICLE STRUCK PEDALCYCLIST, FRONT END AT ANGLE",6211007,6124,0,2,Injury Collision,,45,Bicycle,Matched,0,1,Clear or Partly Cloudy,0,0,0,N,06 36924
117563,"""(47.65297596400006, -122.31246414499998)""",53879,53879,Intersection,Cycles,\\sdotnasvfa\sdot_vol1\H8\PROD\ATTACHMENTS\COL_DIAGRAM\82184271.bmp,0,,,0,,07/26/2006 07:00:00 AM +0000,7/26/2006 20:12,1,27149,At Intersection (intersection related),Daylight,15TH AVE NE AND NE PACIFIC ST,0,1,,2,\\sdotnasvfa\sdot_vol1\H8\PROD\ATTACHMENTS\COL_REPORT\2501676.pdf,2501676,Dry,18,"MOTOR VEHICLE STRUCK PEDALCYCLIST, FRONT END AT ANGLE",6207049,2028,0,2,Injury Collision,,45,Bicycle,Matched,0,1,Clear or Partly Cloudy,0,0,0,N,06-001329
117632,"""(47.66444733600008, -122.29561786299996)""",53603,53603,Intersection,Cycles,\\sdotnasvfa\sdot_vol1\H8\PROD\ATTACHMENTS\COL_DIAGRAM\55187771.bmp,0,,,0,,05/16/2006 07:00:00 AM +0000,5/16/2006 18:13,1,287164,At Intersection (intersection related),Daylight,30TH AVE NE AND BURKE GILMAN TRL,0,1,,2,\\sdotnasvfa\sdot_vol1\H8\PROD\ATTACHMENTS\COL_REPORT\2188852.pdf,2188852,Dry,18,"MOTOR VEHICLE STRUCK PEDALCYCLIST, FRONT END AT ANGLE",6136005,287208,0,2,Injury Collision,,45,Bicycle,Matched,0,1,Clear or Partly Cloudy,0,0,0,N,60196645
117637,"""(47.60905233400007, -122.33946028099996)""",53978,53978,Block,Cycles,\\sdotnasvfa\sdot_vol1\H8\PROD\ATTACHMENTS\COL_DIAGRAM\22212200.bmp,161,,,0,,08/02/2006 07:00:00 AM +0000,8/2/2006,0,,Mid-Block (not related to intersection),Daylight,PIKE ST BETWEEN 1ST AVE AND 2ND AVE,0,1,,2,\\sdotnasvfa\sdot_vol1\H8\PROD\ATTACHMENTS\COL_REPORT\2618606.pdf,2618606,Dry,21,"MOTOR VEHICLE STRUCK PEDALCYCLIST, REAR END",6214037,12197,0,1,Property Damage Only Collision,,45,Bicycle,Matched,0,1,Clear or Partly Cloudy,0,0,0,N,06-321885
117769,"""(47.65315075400008, -122.40090243499998)""",53045,53045,Block,Cycles,\\sdotnasvfa\sdot_vol1\H8\PROD\ATTACHMENTS\COL_DIAGRAM\56185500.bmp,330,,,0,,12/06/2006 08:00:00 AM +0000,12/6/2006,1,,Mid-Block (not related to intersection),Daylight,34TH AVE W BETWEEN W RUFFNER ST AND W EMERSON ST,0,1,Y,2,\\sdotnasvfa\sdot_vol1\H8\PROD\ATTACHMENTS\COL_REPORT\2607274.pdf,2607274,Dry,18,"MOTOR VEHICLE STRUCK PEDALCYCLIST, FRONT END AT ANGLE",6340001,5327,0,2,Injury Collision,,45,Bicycle,Matched,0,1,Clear or Partly Cloudy,0,0,0,N,06-516301
117795,"""(47.605126152000025, -122.33049384199995)""",53285,53285,Intersection,Cycles,\\sdotnasvfa\sdot_vol1\H8\PROD\ATTACHMENTS\COL_DIAGRAM\64182471.bmp,0,,,0,,08/25/2006 07:00:00 AM +0000,8/25/2006 15:16,0,29965,At Intersection (intersection related),Daylight,5TH AVE AND COLUMBIA ST,0,1,Y,2,\\sdotnasvfa\sdot_vol1\H8\PROD\ATTACHMENTS\COL_REPORT\2607287.pdf,2607287,Dry,18,"MOTOR VEHICLE STRUCK PEDALCYCLIST, FRONT END AT ANGLE",6237009,7228,0,1,Property Damage Only Collision,,45,Bicycle,Matched,0,1,Clear or Partly Cloudy,0,0,0,N,06-358400
117835,"""(47.59583330500004, -122.32376363099996)""",53158,53158,Intersection,Cycles,\\sdotnasvfa\sdot_vol1\H8\PROD\ATTACHMENTS\COL_DIAGRAM\78187700.bmp,0,,,0,,05/17/2006 07:00:00 AM +0000,5/17/2006 7:53,1,30544,At Intersection (intersection related),Daylight,7TH AVE S AND S DEARBORN ST,0,1,Y,2,\\sdotnasvfa\sdot_vol1\H8\PROD\ATTACHMENTS\COL_REPORT\2071682.pdf,2071682,Dry,18,"MOTOR VEHICLE STRUCK PEDALCYCLIST, FRONT END AT ANGLE",6137032,8211,0,2,Injury Collision,,45,Bicycle,Matched,0,1,Clear or Partly Cloudy,0,0,0,N,06-197547
117849,"""(47.63299911100006, -122.34228237199994)""",53279,53279,Intersection,Cycles,\\sdotnasvfa\sdot_vol1\H8\PROD\ATTACHMENTS\COL_DIAGRAM\17185500.bmp,0,,,0,,05/03/2006 07:00:00 AM +0000,5/3/2006,1,28031,At Intersection (intersection related),Daylight,DEXTER AVE N AND GARFIELD S ST,0,1,Y,2,\\sdotnasvfa\sdot_vol1\H8\PROD\ATTACHMENTS\COL_REPORT\2179043.pdf,2179043,Dry,18,"MOTOR VEHICLE STRUCK PEDALCYCLIST, FRONT END AT ANGLE",6123002,10085,0,2,Injury Collision,,45,Bicycle,Matched,0,1,Clear or Partly Cloudy,0,0,0,N,06-175943
117885,"""(47.612535370000046, -122.331133852)""",53388,53388,Intersection,Cycles,\\sdotnasvfa\sdot_vol1\H8\PROD\ATTACHMENTS\COL_DIAGRAM\65516600.bmp,0,,,0,Y,07/13/2006 07:00:00 AM +0000,7/13/2006 16:04,2,29883,At Intersection (intersection related),Daylight,PIKE ST AND CONVENTION PL,0,1,,2,\\sdotnasvfa\sdot_vol1\H8\PROD\ATTACHMENTS\COL_REPORT\2608029.pdf,2608029,Dry,51,PEDALCYCLIST STRUCK MOTOR VEHICLE FRONT END AT ANGLE,6194005,8520,0,2,Injury Collision,,45,Bicycle,Matched,0,1,Clear or Partly Cloudy,0,0,0,N,06-289295
117930,"""(47.62139831400003, -122.32914562799999)""",53007,53007,Block,Cycles,\\sdotnasvfa\sdot_vol1\H8\PROD\ATTACHMENTS\COL_DIAGRAM\55555900.bmp,210,,,0,,06/08/2006 07:00:00 AM +0000,6/8/2006,1,,Mid-Block (not related to intersection),Daylight,EASTLAKE AVE E BETWEEN THOMAS ST AND HARRISON ST,0,1,,3,\\sdotnasvfa\sdot_vol1\H8\PROD\ATTACHMENTS\COL_REPORT\2071103.pdf,2071103,Dry,55,PEDALCYCLIST STRUCK MOTOR VEHICLE RIGHT SIDE SIDESWIPE,6159004,10164,0,2,Injury Collision,,45,Bicycle,Matched,0,1,Clear or Partly Cloudy,0,0,0,N,06-231474
117956,,53251,53251,Intersection,Cycles,\\sdotnasvfa\sdot_vol1\H8\PROD\ATTACHMENTS\COL_DIAGRAM\11517700.bmp,0,,,0,Y,08/28/2006 07:00:00 AM +0000,8/28/2006 14:28,1,27617,At Intersection (intersection related),Daylight,23RD AVE W AND W GARFIELD ST OFF RP,0,1,,2,\\sdotnasvfa\sdot_vol1\H8\PROD\ATTACHMENTS\COL_REPORT\2608716.pdf,2608716,Dry,51,PEDALCYCLIST STRUCK MOTOR VEHICLE FRONT END AT ANGLE,6240007,,0,2,Injury Collision,,45,Bicycle,Matched,0,1,Clear or Partly Cloudy,0,0,0,N,06-363066
118070,"""(47.62388537100003, -122.34235544599994)""",52970,52970,Block,Cycles,\\sdotnasvfa\sdot_vol1\H8\PROD\ATTACHMENTS\COL_DIAGRAM\53181100.bmp,242,,,0,,03/14/2006 08:00:00 AM +0000,3/14/2006 9:25,1,,Driveway Junction,Daylight,DEXTER AVE N BETWEEN REPUBLICAN ST AND MERCER ST,0,1,Y,2,\\sdotnasvfa\sdot_vol1\H8\PROD\ATTACHMENTS\COL_REPORT\2191738.pdf,2191738,Dry,18,"MOTOR VEHICLE STRUCK PEDALCYCLIST, FRONT END AT ANGLE",6073004,10075,0,2,Injury Collision,,45,Bicycle,Matched,0,1,Overcast,0,0,0,N,06-104612
118095,"""(47.57874046400008, -122.41196461099997)""",53212,53212,Intersection,Cycles,\\sdotnasvfa\sdot_vol1\H8\PROD\ATTACHMENTS\COL_DIAGRAM\33511900.bmp,0,,,0,,05/03/2006 07:00:00 AM +0000,5/3/2006,1,30969,At Intersection (intersection related),Daylight,62ND AVE SW AND ALKI AVE SW,0,1,,3,\\sdotnasvfa\sdot_vol1\H8\PROD\ATTACHMENTS\COL_REPORT\2127556.pdf,2127556,Dry,51,PEDALCYCLIST STRUCK MOTOR VEHICLE FRONT END AT ANGLE,6123007,8100,0,2,Injury Collision,,45,Bicycle,Matched,0,1,Clear or Partly Cloudy,0,0,0,N,06-177888
118209,"""(47.73412856300007, -122.34569997699998)""",53066,53066,Block,Cycles,\\sdotnasvfa\sdot_vol1\H8\PROD\ATTACHMENTS\COL_DIAGRAM\11187700.bmp,148,,,0,,04/01/2006 08:00:00 AM +0000,4/1/2006,1,,Driveway Junction,Daylight,N 145TH ST BETWEEN WHITMAN AVE N AND AURORA AVE N,0,1,,2,\\sdotnasvfa\sdot_vol1\H8\PROD\ATTACHMENTS\COL_REPORT\2188415.pdf,2188415,Dry,18,"MOTOR VEHICLE STRUCK PEDALCYCLIST, FRONT END AT ANGLE",6091012,15266,0,2,Injury Collision,,45,Bicycle,Matched,0,1,Overcast,0,0,0,N,06-131078
118246,"""(47.580671239000026, -122.40659696499995)""",53444,53444,Block,Cycles,\\sdotnasvfa\sdot_vol1\H8\PROD\ATTACHMENTS\COL_DIAGRAM\66569600.bmp,129,,,0,,09/12/2006 07:00:00 AM +0000,9/12/2006 18:00,1,,Mid-Block (not related to intersection),Daylight,ALKI AVE SW BETWEEN 58TH AVE SW AND MARINE AVE SW,0,1,,2,\\sdotnasvfa\sdot_vol1\H8\PROD\ATTACHMENTS\COL_REPORT\2620027.pdf,2620027,Dry,56,PEDALCYCLIST STRUCK MOTOR VEHICLE LEFT SIDE SIDESWIPE,6255001,8794,0,2,Injury Collision,,45,Bicycle,Matched,0,1,Clear or Partly Cloudy,0,0,0,N,06-386518
118270,"""(47.57313079800008, -122.37815976799999)""",52773,52773,Intersection,Cycles,\\sdotnasvfa\sdot_vol1\H8\PROD\ATTACHMENTS\COL_DIAGRAM\33515500.bmp,0,,,0,,03/31/2006 08:00:00 AM +0000,3/31/2006 14:34,1,31834,At Intersection (intersection related),Daylight,37TH AVE SW AND SW HINDS ST,0,1,,3,\\sdotnasvfa\sdot_vol1\H8\PROD\ATTACHMENTS\COL_REPORT\1197746.pdf,1197746,Dry,51,PEDALCYCLIST STRUCK MOTOR VEHICLE FRONT END AT ANGLE,6090039,5768,0,2,Injury Collision,,45,Bicycle,Matched,0,1,Clear or Partly Cloudy,0,0,0,N,06 129511
118286,"""(47.702170023000065, -122.350041955)""",53303,53303,Intersection,Cycles,\\sdotnasvfa\sdot_vol1\H8\PROD\ATTACHMENTS\COL_DIAGRAM\11187700.bmp,0,,,0,,05/01/2006 07:00:00 AM +0000,5/1/2006,1,37404,At Intersection (intersection related),Daylight,FREMONT AVE N AND N 101ST ST,0,1,,3,\\sdotnasvfa\sdot_vol1\H8\PROD\ATTACHMENTS\COL_REPORT\2022981.pdf,2022981,Dry,18,"MOTOR VEHICLE STRUCK PEDALCYCLIST, FRONT END AT ANGLE",6121023,10544,0,2,Injury Collision,,45,Bicycle,Matched,0,1,Clear or Partly Cloudy,0,0,0,N,2006-173921
118341,"""(47.67345203700006, -122.37621097699997)""",52648,52648,Block,Cycles,\\sdotnasvfa\sdot_vol1\H8\PROD\ATTACHMENTS\COL_DIAGRAM\55511700.bmp,133,,,0,,05/13/2006 07:00:00 AM +0000,5/13/2006 13:15,1,,Driveway Junction,Daylight,15TH AVE NW BETWEEN NW 61ST ST AND NW 62ND ST,0,1,,3,\\sdotnasvfa\sdot_vol1\H8\PROD\ATTACHMENTS\COL_REPORT\2400427.pdf,2400427,Dry,51,PEDALCYCLIST STRUCK MOTOR VEHICLE FRONT END AT ANGLE,6133002,2108,0,2,Injury Collision,,45,Bicycle,Matched,0,1,Clear or Partly Cloudy,0,0,0,N,60191944
118352,"""(47.67529516900004, -122.35434978499995)""",52635,52635,Intersection,Cycles,\\sdotnasvfa\sdot_vol1\H8\PROD\ATTACHMENTS\COL_DIAGRAM\77185500.bmp,0,,,0,,09/28/2006 07:00:00 AM +0000,9/28/2006 4:51,1,25585,At Intersection (intersection related),Dark - Street Lights On,PHINNEY AVE N AND N 64TH ST,0,1,,2,\\sdotnasvfa\sdot_vol1\H8\PROD\ATTACHMENTS\COL_REPORT\2611679.pdf,2611679,Dry,18,"MOTOR VEHICLE STRUCK PEDALCYCLIST, FRONT END AT ANGLE",6271038,12159,0,2,Injury Collision,,45,Bicycle,Matched,0,1,Clear or Partly Cloudy,0,0,0,N,06 410443
118445,"""(47.60220929600007, -122.33089641499998)""",52742,52742,Block,Cycles,\\sdotnasvfa\sdot_vol1\H8\PROD\ATTACHMENTS\COL_DIAGRAM\44554900.bmp,239.5,,,0,,09/01/2006 07:00:00 AM +0000,9/1/2006,1,,Mid-Block (but intersection related),Daylight,3RD AVE BETWEEN YESLER WAY AND JAMES ST,0,1,,3,\\sdotnasvfa\sdot_vol1\H8\PROD\ATTACHMENTS\COL_REPORT\2607304.pdf,2607304,Dry,55,PEDALCYCLIST STRUCK MOTOR VEHICLE RIGHT SIDE SIDESWIPE,6244015,4373,0,2,Injury Collision,,45,Bicycle,Matched,0,1,Clear or Partly Cloudy,0,0,0,N,06-369478
118551,"""(47.575229626000066, -122.28770682099997)""",52447,52447,Intersection,Cycles,\\sdotnasvfa\sdot_vol1\H8\PROD\ATTACHMENTS\COL_DIAGRAM\77515900.bmp,0,,,0,,02/18/2006 08:00:00 AM +0000,2/18/2006 17:12,1,30886,At Intersection (intersection related),Daylight,36TH AVE S AND S HANFORD ST,0,1,,2,\\sdotnasvfa\sdot_vol1\H8\PROD\ATTACHMENTS\COL_REPORT\2280198.pdf,2280198,Dry,51,PEDALCYCLIST STRUCK MOTOR VEHICLE FRONT END AT ANGLE,6049008,5585,0,2,Injury Collision,,45,Bicycle,Matched,0,1,Clear or Partly Cloudy,0,0,0,N,06-07296
118585,"""(47.662127342000076, -122.34608880099995)""",52832,52832,Intersection,Cycles,\\sdotnasvfa\sdot_vol1\H8\PROD\ATTACHMENTS\COL_DIAGRAM\32513300.bmp,0,,,0,,03/22/2006 08:00:00 AM +0000,3/22/2006 23:35,1,25692,At Intersection (intersection related),Dark - Street Lights On,GREEN LAKE WAY N AND N 46TH ST,0,1,Y,2,\\sdotnasvfa\sdot_vol1\H8\PROD\ATTACHMENTS\COL_REPORT\2058301.pdf,2058301,Wet,51,PEDALCYCLIST STRUCK MOTOR VEHICLE FRONT END AT ANGLE,6081003,10687,0,2,Injury Collision,,45,Bicycle,Matched,0,1,Overcast,0,0,0,N,06-117048
118611,"""(47.68692953900006, -122.34045581899994)""",52959,52959,Intersection,Cycles,\\sdotnasvfa\sdot_vol1\H8\PROD\ATTACHMENTS\COL_DIAGRAM\33514400.bmp,0, ,,0,,11/06/2006 08:00:00 AM +0000,11/6/2006,1,24229,At Intersection (intersection related),Dark - Street Lights On,GREEN LAKE DR N AND N 80TH ST,0,1,,2,\\sdotnasvfa\sdot_vol1\H8\PROD\ATTACHMENTS\COL_REPORT\2617547.pdf,2617547,Wet,51,PEDALCYCLIST STRUCK MOTOR VEHICLE FRONT END AT ANGLE,6310026,10682,0,2,Injury Collision,,45,Bicycle,Matched,0,1,Raining,0,0,0,N,06-473449
118615,"""(47.68304844200003, -122.29102051599995)""",52704,52704,Block,Cycles,\\sdotnasvfa\sdot_vol1\H8\PROD\ATTACHMENTS\COL_DIAGRAM\34183300.bmp,133,,,0,Y,04/09/2006 07:00:00 AM +0000,4/9/2006,1,,Mid-Block (not related to intersection),Daylight,NE 75TH ST BETWEEN 34TH AVE NE AND 35TH AVE NE,0,1,,2,\\sdotnasvfa\sdot_vol1\H8\PROD\ATTACHMENTS\COL_REPORT\2178996.pdf,2178996,Wet,18,"MOTOR VEHICLE STRUCK PEDALCYCLIST, FRONT END AT ANGLE",6099008,17532,0,2,Injury Collision,,45,Bicycle,Matched,0,1,Overcast,0,0,0,N,06 142302
118875,"""(47.656834220000064, -122.31324600799996)""",52249,52249,Intersection,Cycles,\\sdotnasvfa\sdot_vol1\H8\PROD\ATTACHMENTS\COL_DIAGRAM\77185500.bmp,0,,,0,,12/04/2006 08:00:00 AM +0000,12/4/2006,1,27105,At Intersection (intersection related),Daylight,UNIVERSITY WAY NE AND NE 41ST ST,0,1,,3,\\sdotnasvfa\sdot_vol1\H8\PROD\ATTACHMENTS\COL_REPORT\2614148.pdf,2614148,Dry,18,"MOTOR VEHICLE STRUCK PEDALCYCLIST, FRONT END AT ANGLE",6338002,13219,0,2,Injury Collision,,45,Bicycle,Matched,0,1,Clear or Partly Cloudy,0,0,0,N,06-513136
118894,"""(47.670188333000056, -122.38886319399995)""",52230,52230,Block,Cycles,\\sdotnasvfa\sdot_vol1\H8\PROD\ATTACHMENTS\COL_DIAGRAM\32187700.bmp,315,,,0,,01/20/2006 08:00:00 AM +0000,1/20/2006 20:18,1,,Mid-Block (not related to intersection),Dark - Street Lights On,NW 57TH ST BETWEEN 24TH AVE NW AND 26TH AVE NW,0,1,,2,\\sdotnasvfa\sdot_vol1\H8\PROD\ATTACHMENTS\COL_REPORT\2188669.pdf,2188669,Wet,18,"MOTOR VEHICLE STRUCK PEDALCYCLIST, FRONT END AT ANGLE",6020005,18479,0,2,Injury Collision,,45,Bicycle,Matched,1,1,Clear or Partly Cloudy,0,0,0,N,6027759
118989,"""(47.571413018000044, -122.34880038699998)""",51972,51972,Intersection,Cycles,\\sdotnasvfa\sdot_vol1\H8\PROD\ATTACHMENTS\COL_DIAGRAM\33513500.bmp,0,,,0,,05/15/2006 07:00:00 AM +0000,5/15/2006 7:37,0,32204,At Intersection (intersection related),Daylight,11TH CR AVE SW AND SW SPOKANE ST,0,1,,2,\\sdotnasvfa\sdot_vol1\H8\PROD\ATTACHMENTS\COL_REPORT\2072321.pdf,2072321,Dry,51,PEDALCYCLIST STRUCK MOTOR VEHICLE FRONT END AT ANGLE,6135002,1509,0,1,Property Damage Only Collision,,45,Bicycle,Matched,0,1,Clear or Partly Cloudy,0,0,0,N,06-194208
119061,"""(47.61260645700003, -122.34521327099998)""",52328,52328,Intersection,Cycles,\\sdotnasvfa\sdot_vol1\H8\PROD\ATTACHMENTS\COL_DIAGRAM\42188800.bmp,0,,,0,,11/08/2006 08:00:00 AM +0000,11/8/2006,1,29703,At Intersection (intersection related),Daylight,1ST AVE AND BLANCHARD ST,0,1,Y,2,\\sdotnasvfa\sdot_vol1\H8\PROD\ATTACHMENTS\COL_REPORT\2608616.pdf,2608616,Dry,18,"MOTOR VEHICLE STRUCK PEDALCYCLIST, FRONT END AT ANGLE",6312002,1014,0,2,Injury Collision,,45,Bicycle,Matched,0,1,Clear or Partly Cloudy,0,0,0,N,06-476033
119088,"""(47.65202472800007, -122.32092404899998)""",52178,52178,Block,Cycles,\\sdotnasvfa\sdot_vol1\H8\PROD\ATTACHMENTS\COL_DIAGRAM\64182200.bmp,185,,,0,,10/20/2006 07:00:00 AM +0000,10/20/2006 16:20,1,,Mid-Block (not related to intersection),Daylight,UNIVERSITY BR BETWEEN FUHRMAN AVE E AND POINT A,0,1,,2,\\sdotnasvfa\sdot_vol1\H8\PROD\ATTACHMENTS\COL_REPORT\2608336.pdf,2608336,Dry,18,"MOTOR VEHICLE STRUCK PEDALCYCLIST, FRONT END AT ANGLE",6293010,13189,0,2,Injury Collision,,45,Bicycle,Matched,0,1,Clear or Partly Cloudy,0,0,0,N,06-450227
119105,"""(47.60651901700004, -122.31678037899997)""",51932,51932,Block,Cycles,\\sdotnasvfa\sdot_vol1\H8\PROD\ATTACHMENTS\COL_DIAGRAM\54515500.bmp,116,,,0,,03/10/2006 08:00:00 AM +0000,3/10/2006 17:55,1,,Mid-Block (not related to intersection),Dusk,12TH AVE BETWEEN E JEFFERSON ST AND E BARCLAY CT,0,1,,2,\\sdotnasvfa\sdot_vol1\H8\PROD\ATTACHMENTS\COL_REPORT\2070751.pdf,2070751,Dry,51,PEDALCYCLIST STRUCK MOTOR VEHICLE FRONT END AT ANGLE,6069004,1529,0,2,Injury Collision,,45,Bicycle,Matched,0,1,Clear or Partly Cloudy,0,0,0,N,06 100897