OBJECTID,Shape,INCKEY,COLDETKEY,ADDRTYPE,COLLISIONTYPE,DIAGRAMLINK,DISTANCE,EXCEPTRSNCODE,EXCEPTRSNDESC,FATALITIES,INATTENTIONIND,INCDATE,INCDTTM,INJURIES,INTKEY,JUNCTIONTYPE,LIGHTCOND,LOCATION,PEDCOUNT,PEDCYLCOUNT,PEDROWNOTGRNT,PERSONCOUNT,REPORTLINK,REPORTNO,ROADCOND,SDOT_COLCODE,SDOT_COLDESC,SDOTCOLNUM,SEGKEY,SERIOUSINJURIES,SEVERITYCODE,SEVERITYDESC,SPEEDING,ST_COLCODE,ST_COLDESC,STATUS,UNDERINFL,VEHCOUNT,WEATHER,WIDTH,SEGLANEKEY,CROSSWALKKEY,HITPARKEDCAR,SPDCASENO
119187,"""(47.64847111500006, -122.38669609199997)""",52283,52283,Block,Cycles,\\sdotnasvfa\sdot_vol1\H8\PROD\ATTACHMENTS\COL_DIAGRAM\75183300.bmp,179.5,,,0,,10/07/2006 07:00:00 AM +0000,10/7/2006,2,,Driveway Junction,Daylight,W DRAVUS ST BETWEEN 23RD AVE W AND 24TH AVE W,0,1,Y,2,\\sdotnasvfa\sdot_vol1\H8\PROD\ATTACHMENTS\COL_REPORT\2608056.pdf,2608056,Dry,18,"MOTOR VEHICLE STRUCK PEDALCYCLIST, FRONT END AT ANGLE",6280001,23226,1,2b,Serious Injury Collision,,45,Bicycle,Matched,0,1,Clear or Partly Cloudy,0,0,0,N,06-425707
119222,"""(47.63498698700005, -122.34228517999998)""",52417,52417,Block,Cycles,\\sdotnasvfa\sdot_vol1\H8\PROD\ATTACHMENTS\COL_DIAGRAM\33185500.bmp,372,,,0,,05/18/2006 07:00:00 AM +0000,5/18/2006 16:21,1,,Driveway Junction,Daylight,DEXTER AVE N BETWEEN HAYES ST AND HOWE ST,0,1,Y,2,\\sdotnasvfa\sdot_vol1\H8\PROD\ATTACHMENTS\COL_REPORT\2410631.pdf,2410631,Dry,18,"MOTOR VEHICLE STRUCK PEDALCYCLIST, FRONT END AT ANGLE",6138004,10087,0,2,Injury Collision,,45,Bicycle,Matched,0,1,Clear or Partly Cloudy,0,0,0,N,06-199767
119225,"""(47.61661180900006, -122.33314897999998)""",52154,52154,Block,Cycles,\\sdotnasvfa\sdot_vol1\H8\PROD\ATTACHMENTS\COL_DIAGRAM\66216600.bmp,161,,,0,Y,04/20/2006 07:00:00 AM +0000,4/20/2006 17:25,0,,Mid-Block (but intersection related),Daylight,STEWART ST BETWEEN TERRY AVE AND BOREN AVE,0,1,,2,\\sdotnasvfa\sdot_vol1\H8\PROD\ATTACHMENTS\COL_REPORT\2191895.pdf,2191895,Dry,21,"MOTOR VEHICLE STRUCK PEDALCYCLIST, REAR END",6110001,12907,0,1,Property Damage Only Collision,,45,Bicycle,Matched,0,1,Clear or Partly Cloudy,0,0,0,N,06-157559
119244,"""(47.61516015800004, -122.33961434899999)""",52399,52399,Intersection,Cycles,\\sdotnasvfa\sdot_vol1\H8\PROD\ATTACHMENTS\COL_DIAGRAM\00180000.bmp,0,,,0,,10/20/2006 07:00:00 AM +0000,10/20/2006 21:29,1,29544,At Intersection (intersection related),Daylight,6TH AVE AND LENORA ST,0,1,,2,\\sdotnasvfa\sdot_vol1\H8\PROD\ATTACHMENTS\COL_REPORT\2607646.pdf,2607646,Dry,18,"MOTOR VEHICLE STRUCK PEDALCYCLIST, FRONT END AT ANGLE",6293038,7890,0,2,Injury Collision,,45,Bicycle,Matched,0,1,Clear or Partly Cloudy,0,0,0,N,06-446694
119253,"""(47.61239802600005, -122.34089245499996)""",52277,52277,Intersection,Cycles,\\sdotnasvfa\sdot_vol1\H8\PROD\ATTACHMENTS\COL_DIAGRAM\28562800.bmp,0,,,0,,04/05/2006 07:00:00 AM +0000,4/5/2006,1,29563,At Intersection (intersection related),Daylight,3RD AVE AND VIRGINIA ST,0,1,,2,\\sdotnasvfa\sdot_vol1\H8\PROD\ATTACHMENTS\COL_REPORT\2191892.pdf,2191892,Dry,56,PEDALCYCLIST STRUCK MOTOR VEHICLE LEFT SIDE SIDESWIPE,6095026,4387,0,2,Injury Collision,,45,Bicycle,Matched,0,1,Clear or Partly Cloudy,0,0,0,N,06-136738
119276,"""(47.62469377700006, -122.33428796899994)""",51621,51621,Intersection,Cycles,\\sdotnasvfa\sdot_vol1\H8\PROD\ATTACHMENTS\COL_DIAGRAM\35187571.bmp,0,,,0,Y,05/26/2006 07:00:00 AM +0000,5/26/2006 9:35,1,28760,At Intersection (intersection related),Daylight,FAIRVIEW AVE N AND MERCER ST,0,1,Y,2,\\sdotnasvfa\sdot_vol1\H8\PROD\ATTACHMENTS\COL_REPORT\2191744.pdf,2191744,Dry,18,"MOTOR VEHICLE STRUCK PEDALCYCLIST, FRONT END AT ANGLE",6146006,10350,0,2,Injury Collision,,45,Bicycle,Matched,0,1,Overcast,0,0,0,N,06-211317
119320,"""(47.67386526700005, -122.35436969299997)""",51874,51874,Intersection,Cycles,\\sdotnasvfa\sdot_vol1\H8\PROD\ATTACHMENTS\COL_DIAGRAM\53187700.bmp,0,,,0,,01/10/2006 08:00:00 AM +0000,1/10/2006 18:45,1,25602,At Intersection (intersection related),Dark - Street Lights On,PHINNEY AVE N AND N 62ND ST,0,1,,2,\\sdotnasvfa\sdot_vol1\H8\PROD\ATTACHMENTS\COL_REPORT\2060825.pdf,2060825,Wet,18,"MOTOR VEHICLE STRUCK PEDALCYCLIST, FRONT END AT ANGLE",6010008,12157,0,2,Injury Collision,,45,Bicycle,Matched,0,1,Raining,0,0,0,N,06 13576
119353,"""(47.66134940300003, -122.32617895799996)""",51742,51742,Intersection,Cycles,\\sdotnasvfa\sdot_vol1\H8\PROD\ATTACHMENTS\COL_DIAGRAM\75183571.bmp,0,,,0,,07/15/2006 07:00:00 AM +0000,7/15/2006 17:21,1,27181,At Intersection (intersection related),Daylight,THACKERAY PL NE AND NE 45TH ST,0,1,,2,\\sdotnasvfa\sdot_vol1\H8\PROD\ATTACHMENTS\COL_REPORT\2611429.pdf,2611429,Dry,18,"MOTOR VEHICLE STRUCK PEDALCYCLIST, FRONT END AT ANGLE",6196033,13128,0,2,Injury Collision,,45,Bicycle,Matched,0,1,Clear or Partly Cloudy,0,0,0,N,06-292653
119431,"""(47.697233905000076, -122.32307956699998)""",51456,51456,Block,Cycles,\\sdotnasvfa\sdot_vol1\H8\PROD\ATTACHMENTS\COL_DIAGRAM\12539100.bmp,166,,,0,Y,06/30/2006 07:00:00 AM +0000,6/30/2006 14:45,1,,Mid-Block (not related to intersection),Daylight,5TH AVE NE BETWEEN NE 94TH ST AND NE 95TH ST,0,1,,2,\\sdotnasvfa\sdot_vol1\H8\PROD\ATTACHMENTS\COL_REPORT\2405182.pdf,2405182,Dry,53,PEDALCYCLIST STRUCK MOTOR VEHICLE LEFT SIDE AT ANGLE,6181001,7327,0,2,Injury Collision,,45,Bicycle,Matched,0,1,Clear or Partly Cloudy,0,0,0,N,06 267048
119439,"""(47.56108897900003, -122.36353917999998)""",51463,51463,Block,Cycles,\\sdotnasvfa\sdot_vol1\H8\PROD\ATTACHMENTS\COL_DIAGRAM\11513300.bmp,165,,,0,,09/11/2006 07:00:00 AM +0000,9/11/2006 18:30,0,,Driveway Junction,Daylight,SW ALASKA ST BETWEEN DELRIDGE WAY SW AND 25TH AVE SW,0,1,,2,\\sdotnasvfa\sdot_vol1\H8\PROD\ATTACHMENTS\COL_REPORT\C674221.pdf,C674221,Dry,51,PEDALCYCLIST STRUCK MOTOR VEHICLE FRONT END AT ANGLE,6254035,21720,0,1,Property Damage Only Collision,,45,Bicycle,Matched,0,1,Clear or Partly Cloudy,0,0,0,N,
119539,"""(47.662920744000076, -122.36400075399996)""",51831,51831,Intersection,Cycles,\\sdotnasvfa\sdot_vol1\H8\PROD\ATTACHMENTS\COL_DIAGRAM\32187700.bmp,0,,,0,,11/05/2006 08:00:00 AM +0000,11/5/2006,1,25365,At Intersection (intersection related),Daylight,6TH AVE NW AND NW 47TH ST,0,1,Y,3,\\sdotnasvfa\sdot_vol1\H8\PROD\ATTACHMENTS\COL_REPORT\2624412.pdf,2624412,Wet,18,"MOTOR VEHICLE STRUCK PEDALCYCLIST, FRONT END AT ANGLE",6309001,7932,0,2,Injury Collision,,45,Bicycle,Matched,0,1,Raining,0,0,0,N,06-471478
119606,"""(47.62719238600005, -122.35668955499995)""",51410,51410,Intersection,Cycles,\\sdotnasvfa\sdot_vol1\H8\PROD\ATTACHMENTS\COL_DIAGRAM\33185500.bmp,0,,,0,Y,07/13/2006 07:00:00 AM +0000,7/13/2006 8:38,2,28605,At Intersection (intersection related),Daylight,ALOHA ST AND QUEEN ANNE AVE N,0,1,,2,\\sdotnasvfa\sdot_vol1\H8\PROD\ATTACHMENTS\COL_REPORT\2622931.pdf,2622931,Dry,18,"MOTOR VEHICLE STRUCK PEDALCYCLIST, FRONT END AT ANGLE",6194047,8804,0,2,Injury Collision,,45,Bicycle,Matched,0,1,Clear or Partly Cloudy,0,0,0,N,06-288738
119615,"""(47.61290962100003, -122.30624554799999)""",51801,51801,Intersection,Cycles,\\sdotnasvfa\sdot_vol1\H8\PROD\ATTACHMENTS\COL_DIAGRAM\75183300.bmp,0,,,0,,07/24/2006 07:00:00 AM +0000,7/24/2006 15:38,1,30146,At Intersection (intersection related),Daylight,20TH AVE AND E UNION ST,0,1,Y,2,\\sdotnasvfa\sdot_vol1\H8\PROD\ATTACHMENTS\COL_REPORT\2615152.pdf,2615152,Dry,18,"MOTOR VEHICLE STRUCK PEDALCYCLIST, FRONT END AT ANGLE",6205001,2940,1,2b,Serious Injury Collision,,45,Bicycle,Matched,0,1,Clear or Partly Cloudy,0,0,0,N,06-307348
119641,"""(47.67875757100006, -122.32498922999997)""",51923,51923,Intersection,Cycles,\\sdotnasvfa\sdot_vol1\H8\PROD\ATTACHMENTS\COL_DIAGRAM\88187700.bmp,0,,,0,,08/06/2006 07:00:00 AM +0000,8/6/2006,1,24584,At Intersection (intersection related),Daylight,WOODLAWN AVE NE AND NE RAVENNA EB BV,0,1,Y,2,\\sdotnasvfa\sdot_vol1\H8\PROD\ATTACHMENTS\COL_REPORT\2614306.pdf,2614306,Dry,18,"MOTOR VEHICLE STRUCK PEDALCYCLIST, FRONT END AT ANGLE",6218003,13709,0,2,Injury Collision,,45,Bicycle,Matched,0,1,Clear or Partly Cloudy,0,0,0,N,06-329201
119664,"""(47.702902264000045, -122.35273957599998)""",51925,51925,Intersection,Cycles,\\sdotnasvfa\sdot_vol1\H8\PROD\ATTACHMENTS\COL_DIAGRAM\78181100.bmp,0,,,0,,10/06/2006 07:00:00 AM +0000,10/6/2006,1,37394,At Intersection (intersection related),Daylight,DAYTON AVE N AND N 102ND ST,0,1,Y,2,\\sdotnasvfa\sdot_vol1\H8\PROD\ATTACHMENTS\COL_REPORT\2611907.pdf,2611907,Wet,18,"MOTOR VEHICLE STRUCK PEDALCYCLIST, FRONT END AT ANGLE",6279006,9936,0,2,Injury Collision,,45,Bicycle,Matched,0,1,Raining,0,0,0,N,06-423453
119705,"""(47.68153242200003, -122.31534594599998)""",51514,51514,Intersection,Cycles,\\sdotnasvfa\sdot_vol1\H8\PROD\ATTACHMENTS\COL_DIAGRAM\33181100.bmp,0,,,0,,08/22/2006 07:00:00 AM +0000,8/22/2006 15:47,0,24449,At Intersection (intersection related),Daylight,12TH AVE NE AND NE 73RD ST,0,1,Y,2,\\sdotnasvfa\sdot_vol1\H8\PROD\ATTACHMENTS\COL_REPORT\2625114.pdf,2625114,Dry,18,"MOTOR VEHICLE STRUCK PEDALCYCLIST, FRONT END AT ANGLE",6234003,1589,0,1,Property Damage Only Collision,,45,Bicycle,Matched,0,1,Clear or Partly Cloudy,0,0,0,N,06-353652
119739,"""(47.63840322500005, -122.32007129499999)""",51642,51642,Intersection,Cycles,\\sdotnasvfa\sdot_vol1\H8\PROD\ATTACHMENTS\COL_DIAGRAM\53181100.bmp,0,,,0,,08/03/2006 07:00:00 AM +0000,8/3/2006,1,28242,At Intersection (intersection related),Daylight,10TH AVE E AND E BOSTON ST,0,1,Y,2,\\sdotnasvfa\sdot_vol1\H8\PROD\ATTACHMENTS\COL_REPORT\2615403.pdf,2615403,Dry,18,"MOTOR VEHICLE STRUCK PEDALCYCLIST, FRONT END AT ANGLE",6215001,1299,0,2,Injury Collision,,45,Bicycle,Matched,0,1,Clear or Partly Cloudy,0,0,0,N,06-323817
119787,"""(47.63293506100007, -122.30160244299998)""",50976,50976,Block,Cycles,\\sdotnasvfa\sdot_vol1\H8\PROD\ATTACHMENTS\COL_DIAGRAM\56185500.bmp,240,,,0,,06/23/2006 07:00:00 AM +0000,6/23/2006 4:30,1,,Mid-Block (not related to intersection),Daylight,24TH AVE E BETWEEN E GALER ST AND INTERLAKEN PL E,0,1,,2,\\sdotnasvfa\sdot_vol1\H8\PROD\ATTACHMENTS\COL_REPORT\2070835.pdf,2070835,Dry,18,"MOTOR VEHICLE STRUCK PEDALCYCLIST, FRONT END AT ANGLE",6174006,3546,0,2,Injury Collision,,45,Bicycle,Matched,0,1,Clear or Partly Cloudy,0,0,0,N,06-255055
119788,"""(47.661261471000046, -122.31142720799994)""",50975,50975,Block,Cycles,\\sdotnasvfa\sdot_vol1\H8\PROD\ATTACHMENTS\COL_DIAGRAM\77217700.bmp,140,,,0,,06/27/2006 07:00:00 AM +0000,6/27/2006 15:17,1,,Mid-Block (not related to intersection),Daylight,NE 45TH ST BETWEEN 15TH AVE NE AND 16TH AVE NE,0,1,,2,\\sdotnasvfa\sdot_vol1\H8\PROD\ATTACHMENTS\COL_REPORT\2400648.pdf,2400648,Dry,21,"MOTOR VEHICLE STRUCK PEDALCYCLIST, REAR END",6178004,16853,0,2,Injury Collision,,45,Bicycle,Matched,0,1,Clear or Partly Cloudy,0,0,0,N,06 261981
119843,"""(47.61329521600004, -122.33259897599999)""",51099,51099,Block,Cycles,\\sdotnasvfa\sdot_vol1\H8\PROD\ATTACHMENTS\COL_DIAGRAM\21182200.bmp,161,,,0,,08/07/2006 07:00:00 AM +0000,8/7/2006,1,,Driveway Junction,Daylight,PINE ST BETWEEN 8TH AVE AND 9TH AVE,0,1,,2,\\sdotnasvfa\sdot_vol1\H8\PROD\ATTACHMENTS\COL_REPORT\2608193.pdf,2608193,Dry,18,"MOTOR VEHICLE STRUCK PEDALCYCLIST, FRONT END AT ANGLE",6219004,12221,0,2,Injury Collision,,45,Bicycle,Matched,0,1,Clear or Partly Cloudy,0,0,0,N,06-330621
119869,"""(47.637660864000054, -122.37614275899995)""",50952,50952,Intersection,Cycles,\\sdotnasvfa\sdot_vol1\H8\PROD\ATTACHMENTS\COL_DIAGRAM\33181771.bmp,0,,,0,,08/07/2006 07:00:00 AM +0000,8/7/2006,1,27940,At Intersection (intersection related),Daylight,15TH AVE W AND W ARMORY WAY,0,1,,2,\\sdotnasvfa\sdot_vol1\H8\PROD\ATTACHMENTS\COL_REPORT\2607510.pdf,2607510,Dry,18,"MOTOR VEHICLE STRUCK PEDALCYCLIST, FRONT END AT ANGLE",6219003,2188,0,2,Injury Collision,,45,Bicycle,Matched,1,1,Clear or Partly Cloudy,0,0,0,N,06-330802
119919,"""(47.63840322500005, -122.32007129499999)""",51078,51078,Intersection,Cycles,\\sdotnasvfa\sdot_vol1\H8\PROD\ATTACHMENTS\COL_DIAGRAM\53181100.bmp,0,,,0,,10/08/2006 07:00:00 AM +0000,10/8/2006,0,28242,At Intersection (intersection related),Dark - Street Lights On,10TH AVE E AND E BOSTON ST,0,1,Y,3,\\sdotnasvfa\sdot_vol1\H8\PROD\ATTACHMENTS\COL_REPORT\2617341.pdf,2617341,Dry,18,"MOTOR VEHICLE STRUCK PEDALCYCLIST, FRONT END AT ANGLE",6281009,1299,0,1,Property Damage Only Collision,,45,Bicycle,Matched,0,1,Clear or Partly Cloudy,0,0,0,N,06 426485
119950,"""(47.66851834800008, -122.29506361399996)""",51071,51071,Intersection,Cycles,\\sdotnasvfa\sdot_vol1\H8\PROD\ATTACHMENTS\COL_DIAGRAM\31187700.bmp,0,,,0,,10/26/2006 07:00:00 AM +0000,10/26/2006 18:26,1,25929,At Intersection (intersection related),Dark - Street Lights On,30TH AVE NE AND NE 55TH E ST,0,1,Y,2,\\sdotnasvfa\sdot_vol1\H8\PROD\ATTACHMENTS\COL_REPORT\2606902.pdf,2606902,Dry,18,"MOTOR VEHICLE STRUCK PEDALCYCLIST, FRONT END AT ANGLE",6299002,4605,0,2,Injury Collision,,45,Bicycle,Matched,0,1,Clear or Partly Cloudy,0,0,0,N,06-455736
119985,"""(47.56289684500007, -122.36336114699998)""",50921,50921,Intersection,Cycles,\\sdotnasvfa\sdot_vol1\H8\PROD\ATTACHMENTS\COL_DIAGRAM\77185371.bmp,0,,,0,,10/11/2006 07:00:00 AM +0000,10/11/2006 23:00,1,32070,At Intersection (intersection related),Dark - Street Lights On,DELRIDGE WAY SW AND SW OREGON ST,0,1,Y,2,\\sdotnasvfa\sdot_vol1\H8\PROD\ATTACHMENTS\COL_REPORT\2619327.pdf,2619327,Snow/Slush,18,"MOTOR VEHICLE STRUCK PEDALCYCLIST, FRONT END AT ANGLE",6284036,9963,0,2,Injury Collision,,45,Bicycle,Matched,0,1,Clear or Partly Cloudy,0,0,0,N,06-432652
120005,"""(47.661319003000074, -122.32072786099997)""",50925,50925,Intersection,Cycles,\\sdotnasvfa\sdot_vol1\H8\PROD\ATTACHMENTS\COL_DIAGRAM\71183171.bmp,0,,,0,,07/10/2006 07:00:00 AM +0000,7/10/2006 11:08,1,27070,At Intersection (intersection related),Daylight,7TH AVE NE AND NE 45TH ST,0,1,,2,\\sdotnasvfa\sdot_vol1\H8\PROD\ATTACHMENTS\COL_REPORT\2604030.pdf,2604030,Dry,18,"MOTOR VEHICLE STRUCK PEDALCYCLIST, FRONT END AT ANGLE",6191023,8174,0,2,Injury Collision,,45,Bicycle,Matched,0,1,Overcast,0,0,0,N,06-284144
120062,"""(47.612735748000034, -122.32208590399995)""",51158,51158,Intersection,Cycles,\\sdotnasvfa\sdot_vol1\H8\PROD\ATTACHMENTS\COL_DIAGRAM\21186600.bmp,0,,,0,,05/22/2006 07:00:00 AM +0000,5/22/2006 9:42,1,29756,At Intersection (intersection related),Daylight,HARVARD AVE AND SENECA ST,0,1,Y,2,\\sdotnasvfa\sdot_vol1\H8\PROD\ATTACHMENTS\COL_REPORT\2071138.pdf,2071138,Wet,18,"MOTOR VEHICLE STRUCK PEDALCYCLIST, FRONT END AT ANGLE",6142011,10839,1,2b,Serious Injury Collision,,45,Bicycle,Matched,0,1,Raining,0,0,0,N,06 205278
120085,"""(47.67577636500005, -122.29839932399994)""",51287,51287,Intersection,Cycles,\\sdotnasvfa\sdot_vol1\H8\PROD\ATTACHMENTS\COL_DIAGRAM\77513100.bmp,0,,,0,,12/22/2006 08:00:00 AM +0000,12/22/2006 17:06,1,24697,At Intersection (intersection related),Dark - Street Lights On,27TH AVE NE AND NE 65TH ST,0,1,,2,\\sdotnasvfa\sdot_vol1\H8\PROD\ATTACHMENTS\COL_REPORT\2058482.pdf,2058482,Dry,51,PEDALCYCLIST STRUCK MOTOR VEHICLE FRONT END AT ANGLE,6356009,4013,0,2,Injury Collision,,45,Bicycle,Matched,0,1,Clear or Partly Cloudy,0,0,0,N,06 541204
120138,"""(47.633208298000056, -122.34228266599996)""",51018,51018,Block,Cycles,\\sdotnasvfa\sdot_vol1\H8\PROD\ATTACHMENTS\COL_DIAGRAM\56185500.bmp,77, ,,0,,09/25/2006 07:00:00 AM +0000,9/25/2006 10:28,1,,Driveway Junction,Daylight,DEXTER AVE N BETWEEN GARFIELD S ST AND GARFIELD N ST,1,0,Y,3,\\sdotnasvfa\sdot_vol1\H8\PROD\ATTACHMENTS\COL_REPORT\2603863.pdf,2603863,Dry,18,"MOTOR VEHICLE STRUCK PEDALCYCLIST, FRONT END AT ANGLE",6268002,10085,0,2,Injury Collision,,45,Bicycle,Matched,0,1,Clear or Partly Cloudy,0,0,0,N,06-405557
120144,"""(47.61044525600005, -122.33613044699996)""",50901,50901,Block,Cycles,\\sdotnasvfa\sdot_vol1\H8\PROD\ATTACHMENTS\COL_DIAGRAM\23182200.bmp,161,,,0,,07/13/2006 07:00:00 AM +0000,7/13/2006 8:39,1,,Mid-Block (not related to intersection),Daylight,PIKE ST BETWEEN 4TH AVE AND 5TH AVE,0,1,Y,2,\\sdotnasvfa\sdot_vol1\H8\PROD\ATTACHMENTS\COL_REPORT\2608026.pdf,2608026,Dry,18,"MOTOR VEHICLE STRUCK PEDALCYCLIST, FRONT END AT ANGLE",6194004,12200,0,2,Injury Collision,,45,Bicycle,Matched,0,1,Overcast,0,0,0,N,06-288739
120205,"""(47.578874744000075, -122.28370626699996)""",51256,51256,Block,Cycles,\\sdotnasvfa\sdot_vol1\H8\PROD\ATTACHMENTS\COL_DIAGRAM\11211100.bmp,1842,,,0,,09/30/2006 07:00:00 AM +0000,9/30/2006 12:04,1,,Mid-Block (not related to intersection),Daylight,LAKE WASHINGTON BLVD S BETWEEN LAKE PARK DR S AND S HORTON NR ST,0,1,Y,2,\\sdotnasvfa\sdot_vol1\H8\PROD\ATTACHMENTS\COL_REPORT\2610657.pdf,2610657,Dry,21,"MOTOR VEHICLE STRUCK PEDALCYCLIST, REAR END",6273008,11230,0,2,Injury Collision,,45,Bicycle,Matched,0,1,Clear or Partly Cloudy,0,0,0,N,06-414222
120207,"""(47.611606350000045, -122.33335380699998)""",51257,51257,Intersection,Cycles,\\sdotnasvfa\sdot_vol1\H8\PROD\ATTACHMENTS\COL_DIAGRAM\42188800.bmp,0,,,0,,03/14/2006 08:00:00 AM +0000,3/14/2006 7:26,1,29895,At Intersection (intersection related),Daylight,7TH AVE AND PIKE ST,0,1,Y,2,\\sdotnasvfa\sdot_vol1\H8\PROD\ATTACHMENTS\COL_REPORT\2024220.pdf,2024220,Dry,18,"MOTOR VEHICLE STRUCK PEDALCYCLIST, FRONT END AT ANGLE",6073005,8158,1,2b,Serious Injury Collision,,45,Bicycle,Matched,0,1,Clear or Partly Cloudy,0,0,0,N,06-104478
120269,"""(47.523054340000044, -122.31899208199997)""",51241,51241,Block,Cycles,\\sdotnasvfa\sdot_vol1\H8\PROD\ATTACHMENTS\COL_DIAGRAM\77185974.bmp,333.5,,,0,,06/11/2006 07:00:00 AM +0000,6/11/2006 13:06,1,,Mid-Block (not related to intersection),Daylight,S HENDERSON ST BETWEEN 10TH AVE S AND 12TH AVE S,0,1,,2,\\sdotnasvfa\sdot_vol1\H8\PROD\ATTACHMENTS\COL_REPORT\2404506.pdf,2404506,Dry,18,"MOTOR VEHICLE STRUCK PEDALCYCLIST, FRONT END AT ANGLE",6162005,20233,0,2,Injury Collision,,45,Bicycle,Matched,0,1,Clear or Partly Cloudy,0,0,0,N,06-236362
120276,"""(47.71387809700008, -122.30177243199995)""",51379,51379,Intersection,Cycles,\\sdotnasvfa\sdot_vol1\H8\PROD\ATTACHMENTS\COL_DIAGRAM\55183300.bmp,0,,,0,,07/21/2006 07:00:00 AM +0000,7/21/2006 14:06,1,36637,At Intersection (intersection related),Daylight,25TH AVE NE AND NE 117TH ST,0,1,Y,2,\\sdotnasvfa\sdot_vol1\H8\PROD\ATTACHMENTS\COL_REPORT\2611559.pdf,2611559,Dry,18,"MOTOR VEHICLE STRUCK PEDALCYCLIST, FRONT END AT ANGLE",6202004,3743,1,2b,Serious Injury Collision,,45,Bicycle,Matched,0,1,Clear or Partly Cloudy,0,0,0,N,06-302155
120283,"""(47.602627373000075, -122.32820809199995)""",50455,50455,Block,Cycles,\\sdotnasvfa\sdot_vol1\H8\PROD\ATTACHMENTS\COL_DIAGRAM\40187700.bmp,152.5,,,0,,02/18/2006 08:00:00 AM +0000,2/18/2006 15:01,1,,Mid-Block (not related to intersection),Daylight,5TH AVE BETWEEN TERRACE ST AND JEFFERSON ST,0,1,,2,\\sdotnasvfa\sdot_vol1\H8\PROD\ATTACHMENTS\COL_REPORT\2187704.pdf,2187704,Dry,18,"MOTOR VEHICLE STRUCK PEDALCYCLIST, FRONT END AT ANGLE",6049010,7224,0,2,Injury Collision,,45,Bicycle,Matched,0,1,Clear or Partly Cloudy,0,0,0,N,06 070143
120322,"""(47.61403982300004, -122.34565345699997)""",50583,50583,Intersection,Cycles,\\sdotnasvfa\sdot_vol1\H8\PROD\ATTACHMENTS\COL_DIAGRAM\88516600.bmp,0,,,0,,01/23/2006 08:00:00 AM +0000,1/23/2006 0:47,1,29702,At Intersection (intersection related),Dark - Street Lights On,2ND AVE AND BELL ST,0,1,,2,\\sdotnasvfa\sdot_vol1\H8\PROD\ATTACHMENTS\COL_REPORT\2108687.pdf,2108687,Dry,51,PEDALCYCLIST STRUCK MOTOR VEHICLE FRONT END AT ANGLE,6023007,2764,0,2,Injury Collision,,45,Bicycle,Matched,0,1,Clear or Partly Cloudy,0,0,0,N,06-030844
120390,"""(47.67272285700005, -122.37621107199999)""",50685,50685,Block,Cycles,\\sdotnasvfa\sdot_vol1\H8\PROD\ATTACHMENTS\COL_DIAGRAM\55517700.bmp,133,,,0,,02/27/2006 08:00:00 AM +0000,2/27/2006 16:25,1,,Driveway Junction,Daylight,15TH AVE NW BETWEEN NW 60TH ST AND NW 61ST ST,0,1,,2,\\sdotnasvfa\sdot_vol1\H8\PROD\ATTACHMENTS\COL_REPORT\2188431.pdf,2188431,Dry,51,PEDALCYCLIST STRUCK MOTOR VEHICLE FRONT END AT ANGLE,6058008,2107,0,2,Injury Collision,Y,45,Bicycle,Matched,0,1,Overcast,0,0,0,N,06-83290
120440,"""(47.58617509900006, -122.32675966699998)""",50420,50420,Block,Cycles,\\sdotnasvfa\sdot_vol1\H8\PROD\ATTACHMENTS\COL_DIAGRAM\77237700.bmp,193,,,0,,01/31/2006 08:00:00 AM +0000,1/31/2006 19:20,0,,Mid-Block (not related to intersection),Dark - Street Lights On,S HOLGATE ST BETWEEN 5TH AVE S AND 6TH AVE S,0,1,,2,\\sdotnasvfa\sdot_vol1\H8\PROD\ATTACHMENTS\COL_REPORT\C663308.pdf,C663308,Standing Water,23,"MOTOR VEHICLE STRUCK PEDALCYCLIST, LEFT SIDE SIDESWIPE",6031044,20320,0,1,Property Damage Only Collision,,45,Bicycle,Matched,0,1,Raining,0,0,0,N,
120466,"""(47.65613586500007, -122.38551131599996)""",50540,50540,Intersection,Cycles,\\sdotnasvfa\sdot_vol1\H8\PROD\ATTACHMENTS\COL_DIAGRAM\55187700.bmp,0,,,0,,12/07/2006 08:00:00 AM +0000,12/7/2006,1,26451,At Intersection (intersection related),Dusk,23RD AVE W AND W EMERSON PL,0,1,,2,\\sdotnasvfa\sdot_vol1\H8\PROD\ATTACHMENTS\COL_REPORT\C678779.pdf,C678779,Dry,18,"MOTOR VEHICLE STRUCK PEDALCYCLIST, FRONT END AT ANGLE",6341030,3500,0,2,Injury Collision,,45,Bicycle,Matched,0,1,Overcast,0,0,0,N,
120473,"""(47.702330637000045, -122.33452572599998)""",50674,50674,Block,Cycles,\\sdotnasvfa\sdot_vol1\H8\PROD\ATTACHMENTS\COL_DIAGRAM\18181100.bmp,373.5,,,0,,08/14/2006 07:00:00 AM +0000,8/14/2006 10:41,0,,Mid-Block (not related to intersection),Daylight,COLLEGE WAY N BETWEEN N 100TH ST AND MERIDIAN AVE N,0,1,Y,2,\\sdotnasvfa\sdot_vol1\H8\PROD\ATTACHMENTS\COL_REPORT\2625011.pdf,2625011,Dry,18,"MOTOR VEHICLE STRUCK PEDALCYCLIST, FRONT END AT ANGLE",6226010,9703,0,1,Property Damage Only Collision,,45,Bicycle,Matched,0,1,Clear or Partly Cloudy,0,0,0,N,06-341591