OBJECTID,Shape,INCKEY,COLDETKEY,ADDRTYPE,COLLISIONTYPE,DIAGRAMLINK,DISTANCE,EXCEPTRSNCODE,EXCEPTRSNDESC,FATALITIES,INATTENTIONIND,INCDATE,INCDTTM,INJURIES,INTKEY,JUNCTIONTYPE,LIGHTCOND,LOCATION,PEDCOUNT,PEDCYLCOUNT,PEDROWNOTGRNT,PERSONCOUNT,REPORTLINK,REPORTNO,ROADCOND,SDOT_COLCODE,SDOT_COLDESC,SDOTCOLNUM,SEGKEY,SERIOUSINJURIES,SEVERITYCODE,SEVERITYDESC,SPEEDING,ST_COLCODE,ST_COLDESC,STATUS,UNDERINFL,VEHCOUNT,WEATHER,WIDTH,SEGLANEKEY,CROSSWALKKEY,HITPARKEDCAR,SPDCASENO
124670,"""(47.661763637000035, -122.35003672199997)""",46628,46628,Block,Cycles,\\sdotnasvfa\sdot_vol1\H8\PROD\ATTACHMENTS\COL_DIAGRAM\55235500.bmp,135,,,0,,04/23/2005 07:00:00 AM +0000,4/23/2005 11:00,1,,Mid-Block (not related to intersection),Daylight,FREMONT AVE N BETWEEN N 45TH ST AND N 46TH ST,0,1,Y,2,\\sdotnasvfa\sdot_vol1\H8\PROD\ATTACHMENTS\COL_REPORT\1796670.pdf,1796670,Dry,23,"MOTOR VEHICLE STRUCK PEDALCYCLIST, LEFT SIDE SIDESWIPE",5113006,10498,0,2,Injury Collision,,45,Bicycle,Matched,0,1,Clear or Partly Cloudy,0,0,0,N,05-165066
124865,"""(47.64502969000006, -122.34730070499995)""",45794,45794,Block,Cycles,\\sdotnasvfa\sdot_vol1\H8\PROD\ATTACHMENTS\COL_DIAGRAM\81660000.bmp,727.5,,,0,,03/31/2005 08:00:00 AM +0000,3/31/2005 11:58,1,,Driveway Junction,Daylight,WESTLAKE AVE N BETWEEN NEWELL ST AND NICKERSON ST,0,1,,1,\\sdotnasvfa\sdot_vol1\H8\PROD\ATTACHMENTS\COL_REPORT\1069518.pdf,1069518,Dry,66,PEDALCYCLIST STRUCK OBJECT IN ROAD,5090011,13548,0,2,Injury Collision,,45,Bicycle,Matched,0,0,Clear or Partly Cloudy,0,0,0,N,05 131640
124866,"""(47.66490072400006, -122.31307415999999)""",46711,46711,Intersection,Cycles,\\sdotnasvfa\sdot_vol1\H8\PROD\ATTACHMENTS\COL_DIAGRAM\77517500.bmp,0,,,0,,03/22/2005 08:00:00 AM +0000,3/22/2005 9:50,1,25793,At Intersection (intersection related),Daylight,UNIVERSITY WAY NE AND NE 50TH ST,0,1,,2,\\sdotnasvfa\sdot_vol1\H8\PROD\ATTACHMENTS\COL_REPORT\1796578.pdf,1796578,Dry,51,PEDALCYCLIST STRUCK MOTOR VEHICLE FRONT END AT ANGLE,5081004,13224,0,2,Injury Collision,,45,Bicycle,Matched,0,1,Clear or Partly Cloudy,0,0,0,N,05-118994
124934,"""(47.59511628400003, -122.31094941899994)""",45790,45790,Block,Cycles,\\sdotnasvfa\sdot_vol1\H8\PROD\ATTACHMENTS\COL_DIAGRAM\33181907.bmp,311.5,,,0,,09/08/2005 07:00:00 AM +0000,9/8/2005,0,,Driveway Junction,Daylight,RAINIER AVE S BETWEEN S DEARBORN ST AND S CHARLES N ST,0,1,Y,3,\\sdotnasvfa\sdot_vol1\H8\PROD\ATTACHMENTS\COL_REPORT\2063580.pdf,2063580,Dry,18,"MOTOR VEHICLE STRUCK PEDALCYCLIST, FRONT END AT ANGLE",5251006,12345,0,1,Property Damage Only Collision,,45,Bicycle,Matched,0,1,Clear or Partly Cloudy,0,0,0,N,05-385265
124955,"""(47.55309182900004, -122.27898849699994)""",45910,45910,Block,Cycles,\\sdotnasvfa\sdot_vol1\H8\PROD\ATTACHMENTS\COL_DIAGRAM\65188800.bmp,201.5,,,0,,03/22/2005 08:00:00 AM +0000,3/22/2005 10:50,1,,Driveway Junction,Daylight,RAINIER AVE S BETWEEN S BRANDON ST AND S LUCILE ST,0,1,Y,2,\\sdotnasvfa\sdot_vol1\H8\PROD\ATTACHMENTS\COL_REPORT\1779518.pdf,1779518,Dry,18,"MOTOR VEHICLE STRUCK PEDALCYCLIST, FRONT END AT ANGLE",5081016,12391,0,2,Injury Collision,,45,Bicycle,Matched,0,1,Clear or Partly Cloudy,0,0,0,N,05-119049
125007,"""(47.599194924000074, -122.32766699399997)""",46023,46023,Intersection,Cycles,\\sdotnasvfa\sdot_vol1\H8\PROD\ATTACHMENTS\COL_DIAGRAM\55647571.bmp,0,,,0,Y,08/23/2005 07:00:00 AM +0000,8/23/2005 15:10,1,30510,At Intersection (intersection related),Daylight,5TH AVE S AND S JACKSON ST,1,1,,5,\\sdotnasvfa\sdot_vol1\H8\PROD\ATTACHMENTS\COL_REPORT\1933923.pdf,1933923,Dry,64,PEDALCYCLIST STRUCK PEDESTRIAN,5235012,7359,0,2,Injury Collision,,45,Bicycle,Matched,0,1,Clear or Partly Cloudy,0,0,0,N,05-360064
125045,"""(47.664854330000026, -122.30650659899999)""",46012,46012,Intersection,Cycles,\\sdotnasvfa\sdot_vol1\H8\PROD\ATTACHMENTS\COL_DIAGRAM\17185500.bmp,0,,,0,,02/28/2005 08:00:00 AM +0000,2/28/2005 9:05,0,26057,At Intersection (intersection related),Daylight,20TH AVE NE AND NE 50TH ST,0,1,,2,\\sdotnasvfa\sdot_vol1\H8\PROD\ATTACHMENTS\COL_REPORT\1220264.pdf,1220264,Dry,18,"MOTOR VEHICLE STRUCK PEDALCYCLIST, FRONT END AT ANGLE",5059002,2962,0,1,Property Damage Only Collision,,45,Bicycle,Matched,0,1,Overcast,0,0,0,N,05 94292
125047,"""(47.524628654000026, -122.32822898199998)""",46137,46137,Intersection,Cycles,\\sdotnasvfa\sdot_vol1\H8\PROD\ATTACHMENTS\COL_DIAGRAM\33515500.bmp,0,,,0,,03/12/2005 08:00:00 AM +0000,3/12/2005 15:47,1,35167,At Intersection (intersection related),Daylight,5TH AVE S AND S TRENTON S ST,0,1,,2,\\sdotnasvfa\sdot_vol1\H8\PROD\ATTACHMENTS\COL_REPORT\1790556.pdf,1790556,Snow/Slush,51,PEDALCYCLIST STRUCK MOTOR VEHICLE FRONT END AT ANGLE,5071051,7386,0,2,Injury Collision,,45,Bicycle,Matched,0,1,Clear or Partly Cloudy,0,0,0,N,05-105535
125085,"""(47.614695804000064, -122.34874610699995)""",46119,46119,Intersection,Cycles,\\sdotnasvfa\sdot_vol1\H8\PROD\ATTACHMENTS\COL_DIAGRAM\22188671.bmp,0,,,0,,12/05/2005 08:00:00 AM +0000,12/5/2005,1,29691,At Intersection (intersection related),Dark - Street Lights On,1ST AVE AND WALL ST,0,1,Y,2,\\sdotnasvfa\sdot_vol1\H8\PROD\ATTACHMENTS\COL_REPORT\1784999.pdf,1784999,Dry,18,"MOTOR VEHICLE STRUCK PEDALCYCLIST, FRONT END AT ANGLE",5339028,1017,0,2,Injury Collision,,45,Bicycle,Matched,0,1,Clear or Partly Cloudy,0,0,0,N,50517446
125155,"""(47.626017801000046, -122.29244003299999)""",45722,45722,Intersection,Cycles,\\sdotnasvfa\sdot_vol1\H8\PROD\ATTACHMENTS\COL_DIAGRAM\53181100.bmp,0,,,0,,09/19/2005 07:00:00 AM +0000,9/19/2005 16:57,1,29238,At Intersection (intersection related),Daylight,LAKE WASHINGTON BLVD E AND E MADISON ST,0,1,Y,2,\\sdotnasvfa\sdot_vol1\H8\PROD\ATTACHMENTS\COL_REPORT\1074350.pdf,1074350,Dry,18,"MOTOR VEHICLE STRUCK PEDALCYCLIST, FRONT END AT ANGLE",5262008,4786,0,2,Injury Collision,,45,Bicycle,Matched,0,1,Clear or Partly Cloudy,0,0,0,N,05-402642
125234,"""(47.615223412000034, -122.333792658)""",45961,45961,Block,Cycles,\\sdotnasvfa\sdot_vol1\H8\PROD\ATTACHMENTS\COL_DIAGRAM\22188907.bmp,213.5,,,0,Y,02/22/2005 08:00:00 AM +0000,2/22/2005 13:59,1,,Driveway Junction,Daylight,9TH AVE BETWEEN HOWELL ST AND STEWART ST,0,1,Y,3,\\sdotnasvfa\sdot_vol1\H8\PROD\ATTACHMENTS\COL_REPORT\1792519.pdf,1792519,Dry,18,"MOTOR VEHICLE STRUCK PEDALCYCLIST, FRONT END AT ANGLE",5053015,8523,0,2,Injury Collision,,45,Bicycle,Matched,0,1,Clear or Partly Cloudy,0,0,0,N,50077695
125392,"""(47.66490847500006, -122.31421009099995)""",45407,45407,Intersection,Cycles,\\sdotnasvfa\sdot_vol1\H8\PROD\ATTACHMENTS\COL_DIAGRAM\17185771.bmp,0,,,0,Y,05/20/2005 07:00:00 AM +0000,5/20/2005 17:29,0,25792,At Intersection (intersection related),Daylight,BROOKLYN AVE NE AND NE 50TH ST,0,1,,2,\\sdotnasvfa\sdot_vol1\H8\PROD\ATTACHMENTS\COL_REPORT\2020504.pdf,2020504,Dry,18,"MOTOR VEHICLE STRUCK PEDALCYCLIST, FRONT END AT ANGLE",5140006,9484,0,1,Property Damage Only Collision,,45,Bicycle,Matched,0,1,Clear or Partly Cloudy,0,0,0,N,05-206890
125424,"""(47.61163826500007, -122.334917384)""",45385,45385,Block,Cycles,\\sdotnasvfa\sdot_vol1\H8\PROD\ATTACHMENTS\COL_DIAGRAM\88568900.bmp,213,,,0,,03/11/2005 08:00:00 AM +0000,3/11/2005 15:40,1,,Mid-Block (not related to intersection),Daylight,6TH AVE BETWEEN PIKE ST AND PINE ST,0,1,,3,\\sdotnasvfa\sdot_vol1\H8\PROD\ATTACHMENTS\COL_REPORT\1777534.pdf,1777534,Dry,56,PEDALCYCLIST STRUCK MOTOR VEHICLE LEFT SIDE SIDESWIPE,5070041,7883,0,2,Injury Collision,,45,Bicycle,Matched,0,1,Clear or Partly Cloudy,0,0,0,N,5103976
125544,"""(47.58294568000008, -122.30295409499996)""",45496,45496,Intersection,Cycles,\\sdotnasvfa\sdot_vol1\H8\PROD\ATTACHMENTS\COL_DIAGRAM\77181100.bmp,0,,,0,,03/01/2005 08:00:00 AM +0000,3/1/2005,1,31579,At Intersection (intersection related),Daylight,23RD AVE S AND S COLLEGE ST,0,1,,2,\\sdotnasvfa\sdot_vol1\H8\PROD\ATTACHMENTS\COL_REPORT\1784404.pdf,1784404,Wet,18,"MOTOR VEHICLE STRUCK PEDALCYCLIST, FRONT END AT ANGLE",5060018,3458,0,2,Injury Collision,,45,Bicycle,Matched,0,1,Raining,0,0,0,N,5087673
125559,"""(47.60694126300007, -122.336759428)""",45632,45632,Block,Cycles,\\sdotnasvfa\sdot_vol1\H8\PROD\ATTACHMENTS\COL_DIAGRAM\44224400.bmp,153,,,0,,05/16/2005 07:00:00 AM +0000,5/16/2005 17:41,1,,Mid-Block (not related to intersection),Daylight,2ND AVE BETWEEN SENECA ST AND UNIVERSITY ST,0,1,Y,2,\\sdotnasvfa\sdot_vol1\H8\PROD\ATTACHMENTS\COL_REPORT\1777538.pdf,1777538,Wet,22,"MOTOR VEHICLE STRUCK PEDALCYCLIST, RIGHT SIDE SIDESWIPE",5136039,2755,0,2,Injury Collision,,45,Bicycle,Matched,0,1,Raining,0,0,0,N,5200870
125673,"""(47.61410020100004, -122.32392864299999)""",45195,45195,Block,Cycles,\\sdotnasvfa\sdot_vol1\H8\PROD\ATTACHMENTS\COL_DIAGRAM\34513300.bmp,131,,,0,,07/07/2005 07:00:00 AM +0000,7/7/2005,1,,Mid-Block (not related to intersection),Daylight,E PIKE ST BETWEEN BELMONT AVE AND BOYLSTON AVE,0,1,,3,\\sdotnasvfa\sdot_vol1\H8\PROD\ATTACHMENTS\COL_REPORT\2028185.pdf,2028185,Dry,51,PEDALCYCLIST STRUCK MOTOR VEHICLE FRONT END AT ANGLE,5188015,14597,0,2,Injury Collision,,45,Bicycle,Matched,0,1,Clear or Partly Cloudy,0,0,0,N,05-284999
125704,"""(47.615218748000075, -122.325528841)""",45209,45209,Intersection,Cycles,\\sdotnasvfa\sdot_vol1\H8\PROD\ATTACHMENTS\COL_DIAGRAM\31187700.bmp,0,,,0,,09/16/2005 07:00:00 AM +0000,9/16/2005 13:07,1,29860,At Intersection (intersection related),Daylight,SUMMIT AVE AND E PINE ST,0,1,Y,2,\\sdotnasvfa\sdot_vol1\H8\PROD\ATTACHMENTS\COL_REPORT\2063589.pdf,2063589,Dry,18,"MOTOR VEHICLE STRUCK PEDALCYCLIST, FRONT END AT ANGLE",5259001,12987,0,2,Injury Collision,,45,Bicycle,Matched,0,1,Clear or Partly Cloudy,0,0,0,N,05-397706
125802,"""(47.63305620800003, -122.32582946499997)""",45291,45291,Block,Cycles,\\sdotnasvfa\sdot_vol1\H8\PROD\ATTACHMENTS\COL_DIAGRAM\55515700.bmp,298.5,,,0,,10/11/2005 07:00:00 AM +0000,10/11/2005 8:44,1,,Driveway Junction,Daylight,EASTLAKE AVE E BETWEEN FAIRVIEW AVE N AND E GARFIELD ST,0,1,,2,\\sdotnasvfa\sdot_vol1\H8\PROD\ATTACHMENTS\COL_REPORT\2063828.pdf,2063828,Dry,51,PEDALCYCLIST STRUCK MOTOR VEHICLE FRONT END AT ANGLE,5284024,10171,0,2,Injury Collision,,45,Bicycle,Matched,0,1,Clear or Partly Cloudy,0,0,0,N,05-436053
125986,"""(47.65586030400004, -122.31764045799997)""",45114,45114,Block,Cycles,\\sdotnasvfa\sdot_vol1\H8\PROD\ATTACHMENTS\COL_DIAGRAM\33223300.bmp,215,,,0,,10/21/2005 07:00:00 AM +0000,10/21/2005 8:30,1,,Mid-Block (not related to intersection),Daylight,UNIVERSITY BR OFF RP BETWEEN EASTLAKE AVE NE AND NE 40TH ST,0,1,Y,2,\\sdotnasvfa\sdot_vol1\H8\PROD\ATTACHMENTS\COL_REPORT\2064128.pdf,2064128,Wet,22,"MOTOR VEHICLE STRUCK PEDALCYCLIST, RIGHT SIDE SIDESWIPE",5294001,10188,0,2,Injury Collision,,45,Bicycle,Matched,0,1,Raining,0,0,0,N,05-471036
126128,"""(47.72321154700006, -122.34497687999999)""",44951,44951,Intersection,Cycles,\\sdotnasvfa\sdot_vol1\H8\PROD\ATTACHMENTS\COL_DIAGRAM\33181100.bmp,0,,,0,Y,06/18/2005 07:00:00 AM +0000,6/18/2005 13:25,0,35828,At Intersection (intersection related),Daylight,AURORA AVE N AND N 130TH ST,0,1,,3,\\sdotnasvfa\sdot_vol1\H8\PROD\ATTACHMENTS\COL_REPORT\1218073.pdf,1218073,Dry,18,"MOTOR VEHICLE STRUCK PEDALCYCLIST, FRONT END AT ANGLE",5169017,8995,0,1,Property Damage Only Collision,,45,Bicycle,Matched,0,1,Clear or Partly Cloudy,0,0,0,N,05 253366
126287,"""(47.65905361700004, -122.313187788)""",45042,45042,Block,Cycles,\\sdotnasvfa\sdot_vol1\H8\PROD\ATTACHMENTS\COL_DIAGRAM\11561900.bmp,270,,,0,,06/01/2005 07:00:00 AM +0000,6/1/2005,1,,Mid-Block (not related to intersection),Daylight,UNIVERSITY WAY NE BETWEEN NE 42ND ST AND NE 43RD ST,0,1,,2,\\sdotnasvfa\sdot_vol1\H8\PROD\ATTACHMENTS\COL_REPORT\2023576.pdf,2023576,Dry,56,PEDALCYCLIST STRUCK MOTOR VEHICLE LEFT SIDE SIDESWIPE,5152028,13220,0,2,Injury Collision,,45,Bicycle,Matched,0,1,Clear or Partly Cloudy,0,0,0,N,05-225427
126519,"""(47.63206950700004, -122.32381193299994)""",44606,44606,Block,Cycles,\\sdotnasvfa\sdot_vol1\H8\PROD\ATTACHMENTS\COL_DIAGRAM\55187973.bmp,471,,,0,,12/25/2005 08:00:00 AM +0000,12/25/2005 19:21,1,,Mid-Block (not related to intersection),Dark - Street Lights On,LAKEVIEW BLVD E BETWEEN E HIGHLAND DR AND BOYLSTON S AVE E,0,1,Y,2,\\sdotnasvfa\sdot_vol1\H8\PROD\ATTACHMENTS\COL_REPORT\2128030.pdf,2128030,Wet,18,"MOTOR VEHICLE STRUCK PEDALCYCLIST, FRONT END AT ANGLE",5359008,11279,0,2,Injury Collision,,45,Bicycle,Matched,1,1,Overcast,0,0,0,N,05-545126
126564,"""(47.65104751100006, -122.32168580199999)""",44326,44326,Block,Cycles,\\sdotnasvfa\sdot_vol1\H8\PROD\ATTACHMENTS\COL_DIAGRAM\53181100.bmp,218,,,0,,05/26/2005 07:00:00 AM +0000,5/26/2005 15:51,1,,Driveway Junction,Daylight,EASTLAKE AVE E BETWEEN HARVARD AVE E AND FUHRMAN AVE E,0,1,Y,2,\\sdotnasvfa\sdot_vol1\H8\PROD\ATTACHMENTS\COL_REPORT\2028204.pdf,2028204,Dry,18,"MOTOR VEHICLE STRUCK PEDALCYCLIST, FRONT END AT ANGLE",5146007,10184,0,2,Injury Collision,,45,Bicycle,Matched,0,1,Clear or Partly Cloudy,0,0,0,N,05-216253
126677,"""(47.52828124400003, -122.36450774899998)""",44424,44424,Intersection,Cycles,\\sdotnasvfa\sdot_vol1\H8\PROD\ATTACHMENTS\COL_DIAGRAM\11187700.bmp,0,,,0,,03/17/2005 08:00:00 AM +0000,3/17/2005 16:31,1,34840,At Intersection (intersection related),Daylight,25TH AVE SW AND SW THISTLE ST,0,1,Y,2,\\sdotnasvfa\sdot_vol1\H8\PROD\ATTACHMENTS\COL_REPORT\1775017.pdf,1775017,Dry,18,"MOTOR VEHICLE STRUCK PEDALCYCLIST, FRONT END AT ANGLE",5076021,3809,1,2b,Serious Injury Collision,,45,Bicycle,Matched,0,1,Clear or Partly Cloudy,0,0,0,N,05-112683
126686,"""(47.69061033100007, -122.35798194999995)""",44295,44295,Intersection,Cycles,\\sdotnasvfa\sdot_vol1\H8\PROD\ATTACHMENTS\COL_DIAGRAM\55183171.bmp,0,,,0,,12/26/2005 08:00:00 AM +0000,12/26/2005 11:30,1,37185,At Intersection (intersection related),Daylight,1ST AVE NW AND NW 85TH ST,0,1,Y,2,\\sdotnasvfa\sdot_vol1\H8\PROD\ATTACHMENTS\COL_REPORT\1079725.pdf,1079725,Wet,18,"MOTOR VEHICLE STRUCK PEDALCYCLIST, FRONT END AT ANGLE",5360004,1157,0,2,Injury Collision,,45,Bicycle,Matched,0,1,Overcast,0,0,0,N,05-545712
126710,"""(47.612933104000035, -122.30363535099997)""",44561,44561,Intersection,Cycles,\\sdotnasvfa\sdot_vol1\H8\PROD\ATTACHMENTS\COL_DIAGRAM\55183300.bmp,0,,,0,,07/12/2005 07:00:00 AM +0000,7/12/2005 17:14,0,30148,At Intersection (intersection related),Daylight,22ND AVE AND E UNION ST,0,1,,2,\\sdotnasvfa\sdot_vol1\H8\PROD\ATTACHMENTS\COL_REPORT\1198890.pdf,1198890,Dry,18,"MOTOR VEHICLE STRUCK PEDALCYCLIST, FRONT END AT ANGLE",5193002,3232,0,1,Property Damage Only Collision,,45,Bicycle,Matched,0,1,Clear or Partly Cloudy,0,0,0,N,5242661
126714,"""(47.67457769600003, -122.34768389499999)""",44412,44412,Intersection,Cycles,\\sdotnasvfa\sdot_vol1\H8\PROD\ATTACHMENTS\COL_DIAGRAM\54515500.bmp,0,,,0,,01/28/2005 08:00:00 AM +0000,1/28/2005 9:30,1,25593,At Intersection (intersection related),Daylight,WOODLAND PL N AND N 63RD ST,0,1,,7,\\sdotnasvfa\sdot_vol1\H8\PROD\ATTACHMENTS\COL_REPORT\1796883.pdf,1796883,Dry,51,PEDALCYCLIST STRUCK MOTOR VEHICLE FRONT END AT ANGLE,5028008,13644,0,2,Injury Collision,,45,Bicycle,Matched,0,1,Overcast,0,0,0,N,05-039761
126727,"""(47.69490230900004, -122.34322795499997)""",44416,44416,Block,Cycles,\\sdotnasvfa\sdot_vol1\H8\PROD\ATTACHMENTS\COL_DIAGRAM\11187907.bmp,332,,,0,,07/16/2005 07:00:00 AM +0000,7/16/2005 10:30,1,,Driveway Junction,Daylight,N 91ST ST BETWEEN AURORA AVE N AND STONE AVE N,0,1,,2,\\sdotnasvfa\sdot_vol1\H8\PROD\ATTACHMENTS\COL_REPORT\C653152.pdf,C653152,Dry,18,"MOTOR VEHICLE STRUCK PEDALCYCLIST, FRONT END AT ANGLE",5197039,16021,0,2,Injury Collision,,45,Bicycle,Matched,0,1,Clear or Partly Cloudy,0,0,0,N,
126789,"""(47.65905361700004, -122.313187788)""",44541,44541,Block,Cycles,\\sdotnasvfa\sdot_vol1\H8\PROD\ATTACHMENTS\COL_DIAGRAM\17185500.bmp,270,,,0,,04/07/2005 07:00:00 AM +0000,4/7/2005,1,,Driveway Junction,Daylight,UNIVERSITY WAY NE BETWEEN NE 42ND ST AND NE 43RD ST,0,1,Y,2,\\sdotnasvfa\sdot_vol1\H8\PROD\ATTACHMENTS\COL_REPORT\2020604.pdf,2020604,Wet,18,"MOTOR VEHICLE STRUCK PEDALCYCLIST, FRONT END AT ANGLE",5097013,13220,1,2b,Serious Injury Collision,,45,Bicycle,Matched,0,1,Raining,0,0,0,N,05-141452
126974,"""(47.67234908700004, -122.36616763299998)""",43842,43842,Intersection,Cycles,\\sdotnasvfa\sdot_vol1\H8\PROD\ATTACHMENTS\COL_DIAGRAM\77185500.bmp,0,,,0,,01/31/2005 08:00:00 AM +0000,1/31/2005 7:37,1,25277,At Intersection (intersection related),Daylight,8TH AVE NW AND NW 60TH ST,0,1,Y,2,\\sdotnasvfa\sdot_vol1\H8\PROD\ATTACHMENTS\COL_REPORT\1220195.pdf,1220195,Wet,18,"MOTOR VEHICLE STRUCK PEDALCYCLIST, FRONT END AT ANGLE",5031004,8389,0,2,Injury Collision,,45,Bicycle,Matched,0,1,Clear or Partly Cloudy,0,0,0,N,5044114
126990,"""(47.66309178900008, -122.31310175399994)""",44084,44084,Intersection,Cycles,\\sdotnasvfa\sdot_vol1\H8\PROD\ATTACHMENTS\COL_DIAGRAM\17185500.bmp,0, ,,0,,07/22/2005 07:00:00 AM +0000,7/22/2005 16:56,1,25804,At Intersection (intersection related),Daylight,UNIVERSITY WAY NE AND NE 47TH ST,0,1,Y,2,\\sdotnasvfa\sdot_vol1\H8\PROD\ATTACHMENTS\COL_REPORT\2027041.pdf,2027041,Dry,18,"MOTOR VEHICLE STRUCK PEDALCYCLIST, FRONT END AT ANGLE",5203005,13223,0,2,Injury Collision,,45,Bicycle,Matched,0,1,Clear or Partly Cloudy,0,0,0,N,05-308367
127026,"""(47.66640717400003, -122.340090525)""",43954,43954,Intersection,Cycles,\\sdotnasvfa\sdot_vol1\H8\PROD\ATTACHMENTS\COL_DIAGRAM\33181700.bmp,0,,,0,,03/12/2005 08:00:00 AM +0000,3/12/2005 13:00,1,25520,At Intersection (intersection related),Daylight,GREEN LAKE WAY N AND N 52ND ST,0,1,,2,\\sdotnasvfa\sdot_vol1\H8\PROD\ATTACHMENTS\COL_REPORT\C644826.pdf,C644826,Dry,18,"MOTOR VEHICLE STRUCK PEDALCYCLIST, FRONT END AT ANGLE",5071059,10695,0,2,Injury Collision,,45,Bicycle,Matched,0,1,Clear or Partly Cloudy,0,0,0,N,
127028,"""(47.635912817000076, -122.32008947699995)""",43826,43826,Intersection,Cycles,\\sdotnasvfa\sdot_vol1\H8\PROD\ATTACHMENTS\COL_DIAGRAM\53181100.bmp,0,,,0,,03/28/2005 08:00:00 AM +0000,3/28/2005 1:24,1,28267,At Intersection (intersection related),Dark - Street Lights On,10TH AVE E AND E HOWE ST,0,1,,2,\\sdotnasvfa\sdot_vol1\H8\PROD\ATTACHMENTS\COL_REPORT\1930946.pdf,1930946,Dry,18,"MOTOR VEHICLE STRUCK PEDALCYCLIST, FRONT END AT ANGLE",5087008,1297,1,2b,Serious Injury Collision,,45,Bicycle,Matched,0,1,Clear or Partly Cloudy,0,0,0,N,50126840
127130,"""(47.609780570000055, -122.33935700699999)""",43801,43801,Block,Cycles,\\sdotnasvfa\sdot_vol1\H8\PROD\ATTACHMENTS\COL_DIAGRAM\22184907.bmp,213,,,0,,09/09/2005 07:00:00 AM +0000,9/9/2005,0,,Driveway Junction,Daylight,2ND AVE BETWEEN PIKE ST AND PINE ST,0,1,,2,\\sdotnasvfa\sdot_vol1\H8\PROD\ATTACHMENTS\COL_REPORT\1316712.pdf,1316712,Dry,18,"MOTOR VEHICLE STRUCK PEDALCYCLIST, FRONT END AT ANGLE",5252018,2758,0,1,Property Damage Only Collision,,45,Bicycle,Matched,0,1,Clear or Partly Cloudy,0,0,0,N,5387169
127165,"""(47.69022895300003, -122.36064780099997)""",43793,43793,Block,Cycles,\\sdotnasvfa\sdot_vol1\H8\PROD\ATTACHMENTS\COL_DIAGRAM\33515500.bmp,144,,,0,,03/06/2005 08:00:00 AM +0000,3/6/2005,1,,Driveway Junction,Daylight,3RD AVE NW BETWEEN NW 84TH ST AND NW 85TH ST,0,1,,2,\\sdotnasvfa\sdot_vol1\H8\PROD\ATTACHMENTS\COL_REPORT\1796818.pdf,1796818,Dry,51,PEDALCYCLIST STRUCK MOTOR VEHICLE FRONT END AT ANGLE,5065014,4476,0,2,Injury Collision,,45,Bicycle,Matched,0,1,Clear or Partly Cloudy,0,0,0,N,05-096342
127221,,43775,43775,Block,Cycles,\\sdotnasvfa\sdot_vol1\H8\PROD\ATTACHMENTS\COL_DIAGRAM\33181907.bmp,641.5,,,0,,11/08/2005 08:00:00 AM +0000,11/8/2005,1,,Driveway Junction,Daylight,4TH AVE S BETWEEN COSTCO DR AND 4TH AV S VI,0,1,Y,2,\\sdotnasvfa\sdot_vol1\H8\PROD\ATTACHMENTS\COL_REPORT\2060559.pdf,2060559,Dry,18,"MOTOR VEHICLE STRUCK PEDALCYCLIST, FRONT END AT ANGLE",5312002,163834,1,2b,Serious Injury Collision,,45,Bicycle,Matched,0,1,Clear or Partly Cloudy,0,0,0,N,50478864
127263,"""(47.61292129000003, -122.30494951099996)""",44016,44016,Intersection,Cycles,\\sdotnasvfa\sdot_vol1\H8\PROD\ATTACHMENTS\COL_DIAGRAM\75183300.bmp,0,,,0,,08/22/2005 07:00:00 AM +0000,8/22/2005 17:14,0,30147,At Intersection (intersection related),Daylight,21ST AVE AND E UNION ST,0,1,,2,\\sdotnasvfa\sdot_vol1\H8\PROD\ATTACHMENTS\COL_REPORT\2020102.pdf,2020102,Dry,18,"MOTOR VEHICLE STRUCK PEDALCYCLIST, FRONT END AT ANGLE",5234013,3106,0,1,Property Damage Only Collision,,45,Bicycle,Matched,0,1,Clear or Partly Cloudy,0,0,0,N,5358699
127277,"""(47.668525748000036, -122.30061895399996)""",43635,43635,Intersection,Cycles,\\sdotnasvfa\sdot_vol1\H8\PROD\ATTACHMENTS\COL_DIAGRAM\17185500.bmp,0,,,0,,10/27/2005 07:00:00 AM +0000,10/27/2005 19:18,1,25939,At Intersection (intersection related),Dark - Street Lights On,25TH AVE NE AND NE 55TH ST,0,1,Y,2,\\sdotnasvfa\sdot_vol1\H8\PROD\ATTACHMENTS\COL_REPORT\2059157.pdf,2059157,Wet,18,"MOTOR VEHICLE STRUCK PEDALCYCLIST, FRONT END AT ANGLE",5300017,3725,0,2,Injury Collision,,45,Bicycle,Matched,0,1,Raining,0,0,0,N,5461335
127281,"""(47.544190592000064, -122.32059367499994)""",44022,44022,Block,Cycles,\\sdotnasvfa\sdot_vol1\H8\PROD\ATTACHMENTS\COL_DIAGRAM\11183907.bmp,140,,,0,,08/05/2005 07:00:00 AM +0000,8/5/2005,1,,Driveway Junction,Daylight,S WARSAW ST BETWEEN CARLETON AVE S AND FLORA AVE S,0,1,,2,\\sdotnasvfa\sdot_vol1\H8\PROD\ATTACHMENTS\COL_REPORT\2024910.pdf,2024910,Dry,18,"MOTOR VEHICLE STRUCK PEDALCYCLIST, FRONT END AT ANGLE",5217006,21471,0,2,Injury Collision,,45,Bicycle,Matched,0,1,Clear or Partly Cloudy,0,0,0,N,50331030