OBJECTID,Shape,INCKEY,COLDETKEY,ADDRTYPE,COLLISIONTYPE,DIAGRAMLINK,DISTANCE,EXCEPTRSNCODE,EXCEPTRSNDESC,FATALITIES,INATTENTIONIND,INCDATE,INCDTTM,INJURIES,INTKEY,JUNCTIONTYPE,LIGHTCOND,LOCATION,PEDCOUNT,PEDCYLCOUNT,PEDROWNOTGRNT,PERSONCOUNT,REPORTLINK,REPORTNO,ROADCOND,SDOT_COLCODE,SDOT_COLDESC,SDOTCOLNUM,SEGKEY,SERIOUSINJURIES,SEVERITYCODE,SEVERITYDESC,SPEEDING,ST_COLCODE,ST_COLDESC,STATUS,UNDERINFL,VEHCOUNT,WEATHER,WIDTH,SEGLANEKEY,CROSSWALKKEY,HITPARKEDCAR,SPDCASENO
127349,"""(47.578874744000075, -122.28370626699996)""",44004,44004,Block,Cycles,\\sdotnasvfa\sdot_vol1\H8\PROD\ATTACHMENTS\COL_DIAGRAM\56185500.bmp,1842,,,0,,02/10/2005 08:00:00 AM +0000,2/10/2005 14:52,1,,Mid-Block (not related to intersection),Daylight,LAKE WASHINGTON BLVD S BETWEEN LAKE PARK DR S AND S HORTON NR ST,0,1,,2,\\sdotnasvfa\sdot_vol1\H8\PROD\ATTACHMENTS\COL_REPORT\1773275.pdf,1773275,Dry,18,"MOTOR VEHICLE STRUCK PEDALCYCLIST, FRONT END AT ANGLE",5041005,11230,0,2,Injury Collision,,45,Bicycle,Matched,0,1,Clear or Partly Cloudy,0,0,0,N,05 060334
127507,"""(47.67210552300003, -122.31190524699997)""",43180,43180,Intersection,Cycles,\\sdotnasvfa\sdot_vol1\H8\PROD\ATTACHMENTS\COL_DIAGRAM\21187170.bmp,0,,,0,,02/18/2005 08:00:00 AM +0000,2/18/2005 15:57,1,25994,At Intersection (intersection related),Daylight,15TH AVE NE AND COWEN PL NE,0,1,Y,6,\\sdotnasvfa\sdot_vol1\H8\PROD\ATTACHMENTS\COL_REPORT\1796949.pdf,1796949,Dry,18,"MOTOR VEHICLE STRUCK PEDALCYCLIST, FRONT END AT ANGLE",5049007,2045,0,2,Injury Collision,,45,Bicycle,Matched,0,1,Clear or Partly Cloudy,0,0,0,N,5072168
127519,"""(47.678657205000036, -122.366018656)""",43309,43309,Block,Cycles,\\sdotnasvfa\sdot_vol1\H8\PROD\ATTACHMENTS\COL_DIAGRAM\56185500.bmp,324,,,0,,08/08/2005 07:00:00 AM +0000,8/8/2005,1,,Mid-Block (not related to intersection),Daylight,8TH AVE NW BETWEEN NW 67TH ST AND NW 70TH ST,0,1,,2,\\sdotnasvfa\sdot_vol1\H8\PROD\ATTACHMENTS\COL_REPORT\C654302.pdf,C654302,Dry,18,"MOTOR VEHICLE STRUCK PEDALCYCLIST, FRONT END AT ANGLE",5220032,8396,0,2,Injury Collision,,45,Bicycle,Matched,0,1,Clear or Partly Cloudy,0,0,0,N,
127521,"""(47.624660325000036, -122.32093668799996)""",43439,43439,Block,Cycles,\\sdotnasvfa\sdot_vol1\H8\PROD\ATTACHMENTS\COL_DIAGRAM\55225500.bmp,143,,,0,Y,08/02/2005 07:00:00 AM +0000,8/2/2005,1,,Mid-Block (not related to intersection),Daylight,BROADWAY E BETWEEN E MERCER ST AND E ROY E ST,0,1,,2,\\sdotnasvfa\sdot_vol1\H8\PROD\ATTACHMENTS\COL_REPORT\2025588.pdf,2025588,Dry,22,"MOTOR VEHICLE STRUCK PEDALCYCLIST, RIGHT SIDE SIDESWIPE",5214005,9456,0,2,Injury Collision,,45,Bicycle,Matched,0,1,Clear or Partly Cloudy,0,0,0,N,05-326066
127543,"""(47.602859616000046, -122.33708628)""",43573,43573,Block,Cycles,\\sdotnasvfa\sdot_vol1\H8\PROD\ATTACHMENTS\COL_DIAGRAM\88238800.bmp,153,,,0,,07/27/2005 07:00:00 AM +0000,7/27/2005 22:26,1,,Mid-Block (not related to intersection),Dark - Street Lights On,ALASKAN E RDWY WAY BETWEEN COLUMBIA ST AND MARION ST,0,1,Y,2,\\sdotnasvfa\sdot_vol1\H8\PROD\ATTACHMENTS\COL_REPORT\1059798.pdf,1059798,Dry,23,"MOTOR VEHICLE STRUCK PEDALCYCLIST, LEFT SIDE SIDESWIPE",5208016,8745,0,2,Injury Collision,,45,Bicycle,Matched,0,1,Clear or Partly Cloudy,0,0,0,N,05-316704
127617,"""(47.61594756900007, -122.33400804399997)""",43286,43286,Block,Cycles,\\sdotnasvfa\sdot_vol1\H8\PROD\ATTACHMENTS\COL_DIAGRAM\64186600.bmp,161,,,0,,09/22/2005 07:00:00 AM +0000,9/22/2005 11:00,0,,Driveway Junction,Daylight,STEWART ST BETWEEN 9TH AVE AND TERRY AVE,0,1,Y,2,\\sdotnasvfa\sdot_vol1\H8\PROD\ATTACHMENTS\COL_REPORT\1784593.pdf,1784593,Dry,18,"MOTOR VEHICLE STRUCK PEDALCYCLIST, FRONT END AT ANGLE",5265010,12906,0,1,Property Damage Only Collision,,45,Bicycle,Matched,0,1,Clear or Partly Cloudy,0,0,0,N,05-406787
127631,"""(47.61183728800006, -122.34391211399998)""",43280,43280,Intersection,Cycles,\\sdotnasvfa\sdot_vol1\H8\PROD\ATTACHMENTS\COL_DIAGRAM\44186871.bmp,0,,,0,,06/05/2005 07:00:00 AM +0000,6/5/2005,1,29560,At Intersection (intersection related),Daylight,1ST AVE AND LENORA ST,0,1,Y,2,\\sdotnasvfa\sdot_vol1\H8\PROD\ATTACHMENTS\COL_REPORT\1213494.pdf,1213494,Dry,18,"MOTOR VEHICLE STRUCK PEDALCYCLIST, FRONT END AT ANGLE",5156032,1013,0,2,Injury Collision,,45,Bicycle,Matched,0,1,Overcast,0,0,0,N,05-232326
127671,"""(47.61067790300007, -122.33557402499997)""",43401,43401,Intersection,Cycles,\\sdotnasvfa\sdot_vol1\H8\PROD\ATTACHMENTS\COL_DIAGRAM\44186871.bmp,0,,,0,,01/07/2005 08:00:00 AM +0000,1/7/2005,0,29576,At Intersection (intersection related),Daylight,5TH AVE AND PIKE ST,0,1,Y,3,\\sdotnasvfa\sdot_vol1\H8\PROD\ATTACHMENTS\COL_REPORT\1059991.pdf,1059991,Dry,18,"MOTOR VEHICLE STRUCK PEDALCYCLIST, FRONT END AT ANGLE",5007004,7237,0,1,Property Damage Only Collision,,45,Bicycle,Matched,0,1,Overcast,0,0,0,N,5009171
127672,"""(47.601695164000034, -122.31782315599997)""",43141,43141,Intersection,Cycles,\\sdotnasvfa\sdot_vol1\H8\PROD\ATTACHMENTS\COL_DIAGRAM\88183300.bmp,0,,,0,,07/27/2005 07:00:00 AM +0000,7/27/2005 12:48,1,30411,At Intersection (intersection related),Daylight,BOREN AVE AND E YESLER WAY,0,1,,2,\\sdotnasvfa\sdot_vol1\H8\PROD\ATTACHMENTS\COL_REPORT\2028363.pdf,2028363,Dry,18,"MOTOR VEHICLE STRUCK PEDALCYCLIST, FRONT END AT ANGLE",5208015,9303,1,2b,Serious Injury Collision,,45,Bicycle,Matched,0,1,Clear or Partly Cloudy,0,0,0,N,05 315829
127876,"""(47.54352116000007, -122.29474866999999)""",43351,43351,Block,Cycles,\\sdotnasvfa\sdot_vol1\H8\PROD\ATTACHMENTS\COL_DIAGRAM\55187700.bmp,318,,,0,,06/07/2005 07:00:00 AM +0000,6/7/2005,1,,Driveway Junction,Daylight,SHAFFER AVE S BETWEEN S MORGAN ST AND S HOLLY ST,0,1,,2,\\sdotnasvfa\sdot_vol1\H8\PROD\ATTACHMENTS\COL_REPORT\1797331.pdf,1797331,Wet,18,"MOTOR VEHICLE STRUCK PEDALCYCLIST, FRONT END AT ANGLE",5158032,12820,0,2,Injury Collision,,45,Bicycle,Matched,0,1,Raining,0,0,0,N,50235753
127949,"""(47.64297291500003, -122.34957550599995)""",43333,43333,Intersection,Cycles,\\sdotnasvfa\sdot_vol1\H8\PROD\ATTACHMENTS\COL_DIAGRAM\11517700.bmp,0,,,0,,09/28/2005 07:00:00 AM +0000,9/28/2005 5:12,1,28069,At Intersection (intersection related),Dark - Street Lights On,4TH AVE N AND RAYE ST,0,1,,2,\\sdotnasvfa\sdot_vol1\H8\PROD\ATTACHMENTS\COL_REPORT\2108722.pdf,2108722,Dry,51,PEDALCYCLIST STRUCK MOTOR VEHICLE FRONT END AT ANGLE,5271005,6168,0,2,Injury Collision,,45,Bicycle,Matched,0,1,Clear or Partly Cloudy,0,0,0,N,05 415782
127963,"""(47.66330206200007, -122.34375644799997)""",43471,43471,Intersection,Cycles,\\sdotnasvfa\sdot_vol1\H8\PROD\ATTACHMENTS\COL_DIAGRAM\66182100.bmp,0,,,0,,10/11/2005 07:00:00 AM +0000,10/11/2005 16:24,1,25565,At Intersection (intersection related),Daylight,GREEN LAKE WAY N AND MIDVALE AVE N,0,1,,4,\\sdotnasvfa\sdot_vol1\H8\PROD\ATTACHMENTS\COL_REPORT\2059315.pdf,2059315,Dry,18,"MOTOR VEHICLE STRUCK PEDALCYCLIST, FRONT END AT ANGLE",5284006,10689,1,2b,Serious Injury Collision,,45,Bicycle,Matched,0,1,Clear or Partly Cloudy,0,0,0,N,05 436562
127984,"""(47.619808730000045, -122.32347145799997)""",43062,43062,Intersection,Cycles,\\sdotnasvfa\sdot_vol1\H8\PROD\ATTACHMENTS\COL_DIAGRAM\11187570.bmp,0,,,0,,11/27/2005 08:00:00 AM +0000,11/27/2005 16:49,1,29049,At Intersection (intersection related),Unknown,BOYLSTON AVE E AND E OLIVE W WAY,0,1,,2,\\sdotnasvfa\sdot_vol1\H8\PROD\ATTACHMENTS\COL_REPORT\1772017.pdf,1772017,Wet,18,"MOTOR VEHICLE STRUCK PEDALCYCLIST, FRONT END AT ANGLE",5331031,14589,0,2,Injury Collision,,45,Bicycle,Matched,0,1,Overcast,0,0,0,N,50506261
128017,"""(47.59920288700005, -122.332882413)""",42799,42799,Intersection,Cycles,\\sdotnasvfa\sdot_vol1\H8\PROD\ATTACHMENTS\COL_DIAGRAM\77237700.bmp,0,,,0,,01/24/2005 08:00:00 AM +0000,1/24/2005 18:30,1,30505,At Intersection (intersection related),Dark - Street Lights On,OCCIDENTAL AVE S AND S JACKSON ST,0,1,,2,\\sdotnasvfa\sdot_vol1\H8\PROD\ATTACHMENTS\COL_REPORT\1930686.pdf,1930686,Dry,23,"MOTOR VEHICLE STRUCK PEDALCYCLIST, LEFT SIDE SIDESWIPE",5024022,12023,0,2,Injury Collision,,45,Bicycle,Matched,0,1,Clear or Partly Cloudy,0,0,0,N,534437
128169,"""(47.61449898500007, -122.31277145499996)""",42629,42629,Intersection,Cycles,\\sdotnasvfa\sdot_vol1\H8\PROD\ATTACHMENTS\COL_DIAGRAM\55183171.bmp,0,,,0,,04/23/2005 07:00:00 AM +0000,4/23/2005 12:10,1,30136,At Intersection (intersection related),Daylight,15TH AVE AND E MADISON ST,0,1,Y,2,\\sdotnasvfa\sdot_vol1\H8\PROD\ATTACHMENTS\COL_REPORT\2027985.pdf,2027985,Dry,18,"MOTOR VEHICLE STRUCK PEDALCYCLIST, FRONT END AT ANGLE",5113003,1997,0,2,Injury Collision,,45,Bicycle,Matched,0,1,Clear or Partly Cloudy,0,0,0,N,05 165094
128217,"""(47.60860905200008, -122.30892640399998)""",42874,42874,Block,Cycles,\\sdotnasvfa\sdot_vol1\H8\PROD\ATTACHMENTS\COL_DIAGRAM\11185500.bmp,213,,,0,,02/23/2005 08:00:00 AM +0000,2/23/2005 16:30,1,,Mid-Block (not related to intersection),Daylight,18TH AVE BETWEEN E CHERRY ST AND E COLUMBIA ST,0,1,Y,2,\\sdotnasvfa\sdot_vol1\H8\PROD\ATTACHMENTS\COL_REPORT\1745363.pdf,1745363,Dry,18,"MOTOR VEHICLE STRUCK PEDALCYCLIST, FRONT END AT ANGLE",5054007,2536,0,2,Injury Collision,,45,Bicycle,Matched,0,1,Clear or Partly Cloudy,0,0,0,N,05-080438
128228,"""(47.60864131900007, -122.31677994199998)""",42607,42607,Block,Cycles,\\sdotnasvfa\sdot_vol1\H8\PROD\ATTACHMENTS\COL_DIAGRAM\12181100.bmp,213,,,0,Y,08/01/2005 07:00:00 AM +0000,8/1/2005,1,,Driveway Junction,Daylight,12TH AVE BETWEEN E CHERRY ST AND E COLUMBIA ST,0,1,Y,2,\\sdotnasvfa\sdot_vol1\H8\PROD\ATTACHMENTS\COL_REPORT\2020045.pdf,2020045,Dry,18,"MOTOR VEHICLE STRUCK PEDALCYCLIST, FRONT END AT ANGLE",5213007,1532,0,2,Injury Collision,,45,Bicycle,Matched,0,1,Overcast,0,0,0,N,05 323673
128248,"""(47.605872617000045, -122.33578172399996)""",42861,42861,Intersection,Cycles,\\sdotnasvfa\sdot_vol1\H8\PROD\ATTACHMENTS\COL_DIAGRAM\42184400.bmp,0,,,0,,08/08/2005 07:00:00 AM +0000,8/8/2005,1,29613,At Intersection (intersection related),Daylight,2ND AVE AND SPRING ST,0,1,Y,2,\\sdotnasvfa\sdot_vol1\H8\PROD\ATTACHMENTS\COL_REPORT\2024026.pdf,2024026,Dry,18,"MOTOR VEHICLE STRUCK PEDALCYCLIST, FRONT END AT ANGLE",5220014,2754,0,2,Injury Collision,,45,Bicycle,Matched,0,1,Clear or Partly Cloudy,0,0,0,N,05-336714
128289,"""(47.66134940300003, -122.32617895799996)""",42603,42603,Intersection,Cycles,\\sdotnasvfa\sdot_vol1\H8\PROD\ATTACHMENTS\COL_DIAGRAM\34660000.bmp,0,,,0,,04/09/2005 07:00:00 AM +0000,4/9/2005,1,27181,At Intersection (intersection related),Daylight,THACKERAY PL NE AND NE 45TH ST,0,1,,1,\\sdotnasvfa\sdot_vol1\H8\PROD\ATTACHMENTS\COL_REPORT\2020260.pdf,2020260,Dry,66,PEDALCYCLIST STRUCK OBJECT IN ROAD,5099004,13128,0,2,Injury Collision,,45,Bicycle,Matched,0,0,Clear or Partly Cloudy,0,0,0,N,05-145067
128314,"""(47.61850928500007, -122.33182090399998)""",42729,42729,Block,Cycles,\\sdotnasvfa\sdot_vol1\H8\PROD\ATTACHMENTS\COL_DIAGRAM\35183907.bmp,104.5,,,0,,04/06/2005 07:00:00 AM +0000,4/6/2005,1,,Mid-Block (not related to intersection),Daylight,DENNY WAY BETWEEN PONTIUS AVE N AND YALE AVE,0,1,,2,\\sdotnasvfa\sdot_vol1\H8\PROD\ATTACHMENTS\COL_REPORT\C646667.pdf,C646667,Dry,18,"MOTOR VEHICLE STRUCK PEDALCYCLIST, FRONT END AT ANGLE",5096054,10021,0,2,Injury Collision,,45,Bicycle,Matched,0,1,Clear or Partly Cloudy,0,0,0,N,
128430,"""(47.61300140900005, -122.33002503099999)""",42697,42697,Intersection,Cycles,\\sdotnasvfa\sdot_vol1\H8\PROD\ATTACHMENTS\COL_DIAGRAM\81186600.bmp,0,,,0,,09/11/2005 07:00:00 AM +0000,9/11/2005 16:15,1,29884,At Intersection (intersection related),Daylight,PIKE ST AND TERRY AVE,0,1,,2,\\sdotnasvfa\sdot_vol1\H8\PROD\ATTACHMENTS\COL_REPORT\2020097.pdf,2020097,Dry,18,"MOTOR VEHICLE STRUCK PEDALCYCLIST, FRONT END AT ANGLE",5254012,12206,0,2,Injury Collision,,45,Bicycle,Matched,0,1,Clear or Partly Cloudy,0,0,0,N,05-390219
128457,"""(47.65271931700005, -122.32039378999997)""",42414,42414,Block,Cycles,\\sdotnasvfa\sdot_vol1\H8\PROD\ATTACHMENTS\COL_DIAGRAM\66616600.bmp,100,,,0,,08/25/2005 07:00:00 AM +0000,8/25/2005 16:51,1,,Mid-Block (not related to intersection),Daylight,UNIVERSITY BR BETWEEN POINT A AND POINT B,0,2,,2,\\sdotnasvfa\sdot_vol1\H8\PROD\ATTACHMENTS\COL_REPORT\1776562.pdf,1776562,Dry,61,PEDALCYCLIST STRUCK PEDALCYCLIST REAR END,5237002,13190,0,2,Injury Collision,,45,Bicycle,Matched,0,0,Clear or Partly Cloudy,0,0,0,N,05-363538
128485,"""(47.661354747000075, -122.32725022499994)""",42291,42291,Intersection,Cycles,\\sdotnasvfa\sdot_vol1\H8\PROD\ATTACHMENTS\COL_DIAGRAM\75183300.bmp,0,,,0,,10/22/2005 07:00:00 AM +0000,10/22/2005 17:00,1,27182,At Intersection (intersection related),Daylight,2ND AVE NE AND NE 45TH ST,0,1,Y,2,\\sdotnasvfa\sdot_vol1\H8\PROD\ATTACHMENTS\COL_REPORT\2059002.pdf,2059002,Dry,18,"MOTOR VEHICLE STRUCK PEDALCYCLIST, FRONT END AT ANGLE",5295003,2803,0,2,Injury Collision,,45,Bicycle,Matched,0,1,Clear or Partly Cloudy,0,0,0,N,05-0453421
128534,"""(47.61516915800007, -122.33764411599998)""",42409,42409,Block,Cycles,\\sdotnasvfa\sdot_vol1\H8\PROD\ATTACHMENTS\COL_DIAGRAM\44564900.bmp,62.5,,,0,,06/01/2005 07:00:00 AM +0000,6/1/2005,0,,Mid-Block (but intersection related),Daylight,7TH AVE BETWEEN VIRGINIA ST AND WESTLAKE AVE,0,1,,2,\\sdotnasvfa\sdot_vol1\H8\PROD\ATTACHMENTS\COL_REPORT\1785221.pdf,1785221,Wet,56,PEDALCYCLIST STRUCK MOTOR VEHICLE LEFT SIDE SIDESWIPE,5152025,8162,0,1,Property Damage Only Collision,,45,Bicycle,Matched,0,1,Overcast,0,0,0,N,05 225165
128544,"""(47.598354854000036, -122.32701930399998)""",42394,42394,Block,Cycles,\\sdotnasvfa\sdot_vol1\H8\PROD\ATTACHMENTS\COL_DIAGRAM\54187700.bmp,161,,,0,,09/23/2005 07:00:00 AM +0000,9/23/2005 12:38,1,,Driveway Junction,Daylight,S KING ST BETWEEN 5TH AVE S AND 6TH AVE S,0,1,Y,5,\\sdotnasvfa\sdot_vol1\H8\PROD\ATTACHMENTS\COL_REPORT\1059706.pdf,1059706,Dry,18,"MOTOR VEHICLE STRUCK PEDALCYCLIST, FRONT END AT ANGLE",5266003,20598,0,2,Injury Collision,,45,Bicycle,Matched,0,1,Clear or Partly Cloudy,0,0,0,N,05-408490
128748,"""(47.61078945100007, -122.34412175499995)""",42346,42346,Block,Cycles,\\sdotnasvfa\sdot_vol1\H8\PROD\ATTACHMENTS\COL_DIAGRAM\44186974.bmp,212.5,,,0,,02/04/2005 08:00:00 AM +0000,2/4/2005,1,,Mid-Block (but intersection related),Daylight,WESTERN AVE BETWEEN VIRGINIA ST AND LENORA ST,0,1,,2,\\sdotnasvfa\sdot_vol1\H8\PROD\ATTACHMENTS\COL_REPORT\1213728.pdf,1213728,Dry,18,"MOTOR VEHICLE STRUCK PEDALCYCLIST, FRONT END AT ANGLE",5035011,13506,0,2,Injury Collision,,45,Bicycle,Matched,0,1,Clear or Partly Cloudy,0,0,0,N,05-051046
128767,"""(47.618550165000045, -122.34240185299996)""",42337,42337,Intersection,Cycles,\\sdotnasvfa\sdot_vol1\H8\PROD\ATTACHMENTS\COL_DIAGRAM\31517700.bmp,0,,,0,,10/29/2005 07:00:00 AM +0000,10/29/2005 1:27,1,29515,At Intersection (intersection related),Dark - Street Lights On,DENNY WAY AND DEXTER AVE,0,1,,2,\\sdotnasvfa\sdot_vol1\H8\PROD\ATTACHMENTS\COL_REPORT\1933589.pdf,1933589,Wet,51,PEDALCYCLIST STRUCK MOTOR VEHICLE FRONT END AT ANGLE,5302002,10011,1,2b,Serious Injury Collision,,45,Bicycle,Matched,0,1,Raining,0,0,0,N,05 463320
128793,"""(47.64688448100003, -122.33755585699998)""",42082,42082,Intersection,Cycles,\\sdotnasvfa\sdot_vol1\H8\PROD\ATTACHMENTS\COL_DIAGRAM\33517100.bmp,0,,,0,,08/26/2005 07:00:00 AM +0000,8/26/2005 18:15,1,26915,At Intersection (intersection related),Dusk,DENSMORE AVE N AND N NORTHLAKE WAY,0,1,,2,\\sdotnasvfa\sdot_vol1\H8\PROD\ATTACHMENTS\COL_REPORT\2061211.pdf,2061211,Dry,51,PEDALCYCLIST STRUCK MOTOR VEHICLE FRONT END AT ANGLE,5238029,10025,1,2b,Serious Injury Collision,,45,Bicycle,Matched,0,1,Clear or Partly Cloudy,0,0,0,N,5365315
128801,"""(47.53887780300005, -122.28609610999996)""",42478,42478,Intersection,Cycles,\\sdotnasvfa\sdot_vol1\H8\PROD\ATTACHMENTS\COL_DIAGRAM\77181370.bmp,0,,,0,,04/28/2005 07:00:00 AM +0000,4/28/2005 20:30,1,34539,At Intersection (intersection related),Dusk,37TH AVE S AND S MYRTLE ST,0,1,,2,\\sdotnasvfa\sdot_vol1\H8\PROD\ATTACHMENTS\COL_REPORT\1771418.pdf,1771418,Dry,18,"MOTOR VEHICLE STRUCK PEDALCYCLIST, FRONT END AT ANGLE",5118029,20913,0,2,Injury Collision,,45,Bicycle,Matched,0,1,Clear or Partly Cloudy,0,0,0,N,05-173558
128853,"""(47.684859979000066, -122.31211713299996)""",42452,42452,Intersection,Cycles,\\sdotnasvfa\sdot_vol1\H8\PROD\ATTACHMENTS\COL_DIAGRAM\75183300.bmp,0,,,0,,09/07/2005 07:00:00 AM +0000,9/7/2005,1,24410,At Intersection (intersection related),Daylight,15TH AVE NE AND NE 77TH ST,0,1,Y,2,\\sdotnasvfa\sdot_vol1\H8\PROD\ATTACHMENTS\COL_REPORT\2061281.pdf,2061281,Dry,18,"MOTOR VEHICLE STRUCK PEDALCYCLIST, FRONT END AT ANGLE",5250013,2057,0,2,Injury Collision,,45,Bicycle,Matched,0,1,Clear or Partly Cloudy,0,0,0,N,05-384344
128894,"""(47.54533689600004, -122.32958821399995)""",42446,42446,Intersection,Cycles,\\sdotnasvfa\sdot_vol1\H8\PROD\ATTACHMENTS\COL_DIAGRAM\55183171.bmp,0,,,0,,06/29/2005 07:00:00 AM +0000,6/29/2005 17:41,1,34219,At Intersection (intersection related),Daylight,4TH AVE S AND S MICHIGAN ST,0,1,Y,2,\\sdotnasvfa\sdot_vol1\H8\PROD\ATTACHMENTS\COL_REPORT\1789075.pdf,1789075,Dry,18,"MOTOR VEHICLE STRUCK PEDALCYCLIST, FRONT END AT ANGLE",5180003,6262,0,2,Injury Collision,,45,Bicycle,Matched,0,1,Clear or Partly Cloudy,0,0,0,N,05-271121
129019,"""(47.63185406600007, -122.34228516499996)""",41778,41778,Block,Cycles,\\sdotnasvfa\sdot_vol1\H8\PROD\ATTACHMENTS\COL_DIAGRAM\17185500.bmp,162,,,0,,08/12/2005 07:00:00 AM +0000,8/12/2005 8:07,1,,Driveway Junction,Daylight,DEXTER AVE N BETWEEN LEE ST AND GALER ST,0,1,Y,2,\\sdotnasvfa\sdot_vol1\H8\PROD\ATTACHMENTS\COL_REPORT\1933733.pdf,1933733,Dry,18,"MOTOR VEHICLE STRUCK PEDALCYCLIST, FRONT END AT ANGLE",5224011,10083,0,2,Injury Collision,,45,Bicycle,Matched,0,1,Overcast,0,0,0,N,05-342323
129046,"""(47.65272750400004, -122.34858898399995)""",41895,41895,Intersection,Cycles,\\sdotnasvfa\sdot_vol1\H8\PROD\ATTACHMENTS\COL_DIAGRAM\44234400.bmp,0,,,0,,10/14/2005 07:00:00 AM +0000,10/14/2005 9:15,1,27018,At Intersection (intersection related),Daylight,FREMONT WAY N AND N 38TH ST,0,1,,2,\\sdotnasvfa\sdot_vol1\H8\PROD\ATTACHMENTS\COL_REPORT\2020694.pdf,2020694,Dry,23,"MOTOR VEHICLE STRUCK PEDALCYCLIST, LEFT SIDE SIDESWIPE",5287009,10570,0,2,Injury Collision,,45,Bicycle,Matched,0,1,Clear or Partly Cloudy,0,0,0,N,05-440769
129136,"""(47.59975139900007, -122.29621908999997)""",41606,41606,Block,Cycles,\\sdotnasvfa\sdot_vol1\H8\PROD\ATTACHMENTS\COL_DIAGRAM\11231100.bmp,193.5,,,0,,06/14/2005 07:00:00 AM +0000,6/14/2005 17:30,1,,Mid-Block (not related to intersection),Daylight,28TH AVE S BETWEEN S MAIN W ST AND S JACKSON ST,0,1,,2,\\sdotnasvfa\sdot_vol1\H8\PROD\ATTACHMENTS\COL_REPORT\2019603.pdf,2019603,Dry,23,"MOTOR VEHICLE STRUCK PEDALCYCLIST, LEFT SIDE SIDESWIPE",5165031,4178,1,2b,Serious Injury Collision,,45,Bicycle,Matched,0,1,Clear or Partly Cloudy,0,0,0,N,5246853
129226,"""(47.61526838700007, -122.31620339799997)""",41588,41588,Block,Cycles,\\sdotnasvfa\sdot_vol1\H8\PROD\ATTACHMENTS\COL_DIAGRAM\76187700.bmp,161,,,0,,07/26/2005 07:00:00 AM +0000,7/26/2005 9:51,1,,Mid-Block (not related to intersection),Daylight,E PINE ST BETWEEN 12TH AVE AND 13TH AVE,0,1,,2,\\sdotnasvfa\sdot_vol1\H8\PROD\ATTACHMENTS\COL_REPORT\2019934.pdf,2019934,Dry,18,"MOTOR VEHICLE STRUCK PEDALCYCLIST, FRONT END AT ANGLE",5207035,14638,0,2,Injury Collision,,45,Bicycle,Matched,0,1,Clear or Partly Cloudy,0,0,0,N,05-313982
129234,"""(47.67688282300003, -122.35435822)""",41841,41841,Block,Cycles,\\sdotnasvfa\sdot_vol1\H8\PROD\ATTACHMENTS\COL_DIAGRAM\11561900.bmp,314.5,,,0,,08/18/2005 07:00:00 AM +0000,8/18/2005 12:13,1,,Mid-Block (not related to intersection),Daylight,PHINNEY AVE N BETWEEN N 65TH ST AND N 67TH S ST,0,1,,2,\\sdotnasvfa\sdot_vol1\H8\PROD\ATTACHMENTS\COL_REPORT\2025365.pdf,2025365,Dry,56,PEDALCYCLIST STRUCK MOTOR VEHICLE LEFT SIDE SIDESWIPE,5230002,12160,0,2,Injury Collision,,45,Bicycle,Matched,0,1,Clear or Partly Cloudy,0,0,0,N,05-351996
129263,"""(47.57209456500004, -122.39474694499995)""",41582,41582,Intersection,Cycles,\\sdotnasvfa\sdot_vol1\H8\PROD\ATTACHMENTS\COL_DIAGRAM\11183171.bmp,0,,,0,,05/06/2005 07:00:00 AM +0000,5/6/2005,0,31949,At Intersection (intersection related),Daylight,49TH AVE SW AND SW SPOKANE ST,0,1,,2,\\sdotnasvfa\sdot_vol1\H8\PROD\ATTACHMENTS\COL_REPORT\1789471.pdf,1789471,Dry,18,"MOTOR VEHICLE STRUCK PEDALCYCLIST, FRONT END AT ANGLE",5126010,7203,0,1,Property Damage Only Collision,,45,Bicycle,Matched,0,1,Clear or Partly Cloudy,0,0,0,N,05-185590
129319,"""(47.62675925800005, -122.30238184499996)""",41945,41945,Intersection,Cycles,\\sdotnasvfa\sdot_vol1\H8\PROD\ATTACHMENTS\COL_DIAGRAM\33515500.bmp,0,,,0,,07/25/2005 07:00:00 AM +0000,7/25/2005 9:21,1,29328,At Intersection (intersection related),Daylight,23RD AVE E AND E ALOHA ST,0,1,,2,\\sdotnasvfa\sdot_vol1\H8\PROD\ATTACHMENTS\COL_REPORT\2019932.pdf,2019932,Dry,51,PEDALCYCLIST STRUCK MOTOR VEHICLE FRONT END AT ANGLE,5206003,3377,0,2,Injury Collision,,45,Bicycle,Matched,0,1,Clear or Partly Cloudy,0,0,0,N,05-312334
129339,"""(47.722899066000025, -122.29319374499994)""",41572,41572,Intersection,Cycles,\\sdotnasvfa\sdot_vol1\H8\PROD\ATTACHMENTS\COL_DIAGRAM\55187171.bmp,0,,,0,,11/04/2005 08:00:00 AM +0000,11/4/2005,1,36052,At Intersection (intersection related),Daylight,LAKE CITY WAY NE AND NE 130TH ST,0,1,,2,\\sdotnasvfa\sdot_vol1\H8\PROD\ATTACHMENTS\COL_REPORT\2060982.pdf,2060982,Wet,18,"MOTOR VEHICLE STRUCK PEDALCYCLIST, FRONT END AT ANGLE",5308003,11185,0,2,Injury Collision,,45,Bicycle,Matched,0,1,Raining,0,0,0,N,05-4726989