OBJECTID,Shape,INCKEY,COLDETKEY,ADDRTYPE,COLLISIONTYPE,DIAGRAMLINK,DISTANCE,EXCEPTRSNCODE,EXCEPTRSNDESC,FATALITIES,INATTENTIONIND,INCDATE,INCDTTM,INJURIES,INTKEY,JUNCTIONTYPE,LIGHTCOND,LOCATION,PEDCOUNT,PEDCYLCOUNT,PEDROWNOTGRNT,PERSONCOUNT,REPORTLINK,REPORTNO,ROADCOND,SDOT_COLCODE,SDOT_COLDESC,SDOTCOLNUM,SEGKEY,SERIOUSINJURIES,SEVERITYCODE,SEVERITYDESC,SPEEDING,ST_COLCODE,ST_COLDESC,STATUS,UNDERINFL,VEHCOUNT,WEATHER,WIDTH,SEGLANEKEY,CROSSWALKKEY,HITPARKEDCAR,SPDCASENO
131409,"""(47.621962960000076, -122.31624992999997)""",39612,39612,Block,Cycles,\\sdotnasvfa\sdot_vol1\H8\PROD\ATTACHMENTS\COL_DIAGRAM\78517700.bmp,129.5,,,0,,07/26/2005 07:00:00 AM +0000,7/26/2005 17:46,1,,Mid-Block (but intersection related),Daylight,E HARRISON ST BETWEEN 12TH AVE E AND 13TH AVE E,0,1,,2,\\sdotnasvfa\sdot_vol1\H8\PROD\ATTACHMENTS\COL_REPORT\1787323.pdf,1787323,Dry,51,PEDALCYCLIST STRUCK MOTOR VEHICLE FRONT END AT ANGLE,5207022,14109,0,2,Injury Collision,,45,Bicycle,Matched,0,1,Clear or Partly Cloudy,0,0,0,N,50314612
131413,"""(47.67822737400007, -122.34557166399998)""",39850,39850,Block,Cycles,\\sdotnasvfa\sdot_vol1\H8\PROD\ATTACHMENTS\COL_DIAGRAM\11211100.bmp,166.5,,,0,Y,06/13/2005 07:00:00 AM +0000,6/13/2005 18:32,2,,Mid-Block (not related to intersection),Daylight,AURORA AVE N BETWEEN N 67TH ST AND N 68TH ST,0,1,,2,\\sdotnasvfa\sdot_vol1\H8\PROD\ATTACHMENTS\COL_REPORT\2020489.pdf,2020489,Dry,21,"MOTOR VEHICLE STRUCK PEDALCYCLIST, REAR END",5164001,8943,0,2,Injury Collision,,45,Bicycle,Matched,0,1,Clear or Partly Cloudy,0,0,0,N,05 245307
131523,"""(47.64746661600003, -122.33755010899995)""",39186,39186,Block,Cycles,\\sdotnasvfa\sdot_vol1\H8\PROD\ATTACHMENTS\COL_DIAGRAM\55187974.bmp,213,,,0,,06/09/2005 07:00:00 AM +0000,6/9/2005,1,,Mid-Block (but intersection related),Daylight,DENSMORE AVE N BETWEEN N NORTHLAKE WAY AND N 34TH ST,0,1,,2,\\sdotnasvfa\sdot_vol1\H8\PROD\ATTACHMENTS\COL_REPORT\1794975.pdf,1794975,Dry,18,"MOTOR VEHICLE STRUCK PEDALCYCLIST, FRONT END AT ANGLE",5160020,10025,0,2,Injury Collision,,45,Bicycle,Matched,0,1,Clear or Partly Cloudy,0,0,0,N,5238204
131571,"""(47.67586264500005, -122.32130097799995)""",39305,39305,Intersection,Cycles,\\sdotnasvfa\sdot_vol1\H8\PROD\ATTACHMENTS\COL_DIAGRAM\77183100.bmp,0,,,0,,09/17/2005 07:00:00 AM +0000,9/17/2005 19:08,1,24494,At Intersection (intersection related),Dusk,OSWEGO PL NE AND NE 65TH ST,0,1,,2,\\sdotnasvfa\sdot_vol1\H8\PROD\ATTACHMENTS\COL_REPORT\1793946.pdf,1793946,Dry,18,"MOTOR VEHICLE STRUCK PEDALCYCLIST, FRONT END AT ANGLE",5260003,12064,0,2,Injury Collision,,45,Bicycle,Matched,0,1,Clear or Partly Cloudy,0,0,0,N,5399682
131607,"""(47.635420185000044, -122.30783441999995)""",39298,39298,Block,Cycles,\\sdotnasvfa\sdot_vol1\H8\PROD\ATTACHMENTS\COL_DIAGRAM\65518800.bmp,1355,,,0,,05/26/2005 07:00:00 AM +0000,5/26/2005 10:14,1,,Mid-Block (not related to intersection),Daylight,INTERLAKEN DR E BETWEEN E GALER ST AND E INTERLAKEN BLVD,0,1,,3,\\sdotnasvfa\sdot_vol1\H8\PROD\ATTACHMENTS\COL_REPORT\2028411.pdf,2028411,Dry,51,PEDALCYCLIST STRUCK MOTOR VEHICLE FRONT END AT ANGLE,5146006,11030,0,2,Injury Collision,,45,Bicycle,Matched,0,1,Clear or Partly Cloudy,0,0,0,N,05-215797
131637,"""(47.66135208600008, -122.32671661299997)""",39423,39423,Block,Cycles,\\sdotnasvfa\sdot_vol1\H8\PROD\ATTACHMENTS\COL_DIAGRAM\75183300.bmp,132,,,0,,08/10/2005 07:00:00 AM +0000,8/10/2005 23:29,1,,Driveway Junction,Dark - Street Lights On,NE 45TH ST BETWEEN 2ND AVE NE AND THACKERAY PL NE,0,1,Y,5,\\sdotnasvfa\sdot_vol1\H8\PROD\ATTACHMENTS\COL_REPORT\2026628.pdf,2026628,Dry,18,"MOTOR VEHICLE STRUCK PEDALCYCLIST, FRONT END AT ANGLE",5222011,16839,0,2,Injury Collision,,45,Bicycle,Matched,0,1,Clear or Partly Cloudy,0,0,0,N,05-340367
131686,"""(47.640974526000036, -122.34232178799999)""",39148,39148,Block,Cycles,\\sdotnasvfa\sdot_vol1\H8\PROD\ATTACHMENTS\COL_DIAGRAM\17185500.bmp,524,,,0,,09/07/2005 07:00:00 AM +0000,9/7/2005,1,,Driveway Junction,Dusk,WESTLAKE EAST RDWY AVE N BETWEEN MCGRAW ST AND HALLADAY ST,0,1,,2,\\sdotnasvfa\sdot_vol1\H8\PROD\ATTACHMENTS\COL_REPORT\C655955.pdf,C655955,Dry,18,"MOTOR VEHICLE STRUCK PEDALCYCLIST, FRONT END AT ANGLE",5250048,13555,0,2,Injury Collision,,45,Bicycle,Matched,0,1,Clear or Partly Cloudy,0,0,0,N,
131689,"""(47.624564331000045, -122.34887678099994)""",39140,39140,Intersection,Cycles,\\sdotnasvfa\sdot_vol1\H8\PROD\ATTACHMENTS\COL_DIAGRAM\33511100.bmp,0,,,0,,04/16/2005 07:00:00 AM +0000,4/16/2005 19:33,1,28915,At Intersection (intersection related),Dark - Street Lights On,4TH AVE N AND MERCER ST,0,1,,3,\\sdotnasvfa\sdot_vol1\H8\PROD\ATTACHMENTS\COL_REPORT\1059613.pdf,1059613,Dry,51,PEDALCYCLIST STRUCK MOTOR VEHICLE FRONT END AT ANGLE,5106031,6148,0,2,Injury Collision,,45,Bicycle,Matched,0,1,Clear or Partly Cloudy,0,0,0,N,05-155290
131725,"""(47.61568913700006, -122.35240932099998)""",39010,39010,Intersection,Cycles,\\sdotnasvfa\sdot_vol1\H8\PROD\ATTACHMENTS\COL_DIAGRAM\88186600.bmp,0,,,0,,09/28/2005 07:00:00 AM +0000,9/28/2005 5:15,0,29682,At Intersection (intersection related),Dark - Street Lights On,CLAY ST AND WESTERN AVE,0,1,,2,\\sdotnasvfa\sdot_vol1\H8\PROD\ATTACHMENTS\COL_REPORT\1785024.pdf,1785024,Dry,18,"MOTOR VEHICLE STRUCK PEDALCYCLIST, FRONT END AT ANGLE",5271043,9683,0,1,Property Damage Only Collision,,45,Bicycle,Matched,0,1,Clear or Partly Cloudy,0,0,0,N,05 415802
131757,"""(47.61388302300003, -122.35309719799994)""",39387,39387,Block,Cycles,\\sdotnasvfa\sdot_vol1\H8\PROD\ATTACHMENTS\COL_DIAGRAM\46184907.bmp,304,,,0,,11/15/2005 08:00:00 AM +0000,11/15/2005 16:38,1,,Mid-Block (not related to intersection),Daylight,ALASKAN WAY BETWEEN VINE ST AND CLAY ST,0,1,,2,\\sdotnasvfa\sdot_vol1\H8\PROD\ATTACHMENTS\COL_REPORT\1059874.pdf,1059874,Dry,18,"MOTOR VEHICLE STRUCK PEDALCYCLIST, FRONT END AT ANGLE",5319003,8732,0,2,Injury Collision,,45,Bicycle,Matched,1,1,Clear or Partly Cloudy,0,0,0,N,05-489607
131785,"""(47.662062003000074, -122.28579907199997)""",39251,39251,Block,Cycles,\\sdotnasvfa\sdot_vol1\H8\PROD\ATTACHMENTS\COL_DIAGRAM\28186600.bmp,433,,,0,,04/07/2005 07:00:00 AM +0000,4/7/2005,1,,Driveway Junction,Dusk,SAND POINT WAY NE BETWEEN NE 45TH ST AND 40TH AVE NE,0,1,Y,2,\\sdotnasvfa\sdot_vol1\H8\PROD\ATTACHMENTS\COL_REPORT\2020676.pdf,2020676,Wet,18,"MOTOR VEHICLE STRUCK PEDALCYCLIST, FRONT END AT ANGLE",5097011,12704,0,2,Injury Collision,,45,Bicycle,Matched,0,1,Clear or Partly Cloudy,0,0,0,N,05-142300
131815,"""(47.65224596300004, -122.35447474499995)""",39383,39383,Intersection,Cycles,\\sdotnasvfa\sdot_vol1\H8\PROD\ATTACHMENTS\COL_DIAGRAM\33187500.bmp,0,,,0,,08/24/2005 07:00:00 AM +0000,8/24/2005 17:08,1,27024,At Intersection (intersection related),Daylight,PHINNEY AVE N AND N 36TH ST,0,1,,3,\\sdotnasvfa\sdot_vol1\H8\PROD\ATTACHMENTS\COL_REPORT\2025671.pdf,2025671,Dry,18,"MOTOR VEHICLE STRUCK PEDALCYCLIST, FRONT END AT ANGLE",5236002,12132,0,2,Injury Collision,,45,Bicycle,Matched,0,1,Clear or Partly Cloudy,0,0,0,N,05-361841
131851,"""(47.58364221100004, -122.29814456999998)""",38977,38977,Intersection,Cycles,\\sdotnasvfa\sdot_vol1\H8\PROD\ATTACHMENTS\COL_DIAGRAM\33181771.bmp,0,,,0,,04/01/2005 08:00:00 AM +0000,4/1/2005,1,31451,At Intersection (intersection related),Daylight,M L KING JR WAY S AND S WALKER ST,0,1,Y,2,\\sdotnasvfa\sdot_vol1\H8\PROD\ATTACHMENTS\COL_REPORT\1786398.pdf,1786398,Dry,18,"MOTOR VEHICLE STRUCK PEDALCYCLIST, FRONT END AT ANGLE",5091035,11516,0,2,Injury Collision,,45,Bicycle,Matched,0,1,Clear or Partly Cloudy,0,0,0,N,05 133034
131895,"""(47.63185406600007, -122.34228516499996)""",39215,39215,Block,Cycles,\\sdotnasvfa\sdot_vol1\H8\PROD\ATTACHMENTS\COL_DIAGRAM\17185500.bmp,162,,,0,,09/01/2005 07:00:00 AM +0000,9/1/2005,1,,Driveway Junction,Daylight,DEXTER AVE N BETWEEN LEE ST AND GALER ST,0,1,Y,2,\\sdotnasvfa\sdot_vol1\H8\PROD\ATTACHMENTS\COL_REPORT\2024424.pdf,2024424,Dry,18,"MOTOR VEHICLE STRUCK PEDALCYCLIST, FRONT END AT ANGLE",5244007,10083,1,2b,Serious Injury Collision,,45,Bicycle,Matched,0,1,Clear or Partly Cloudy,0,0,0,N,5374285
131910,"""(47.56794837500007, -122.28924364199997)""",39353,39353,Intersection,Cycles,\\sdotnasvfa\sdot_vol1\H8\PROD\ATTACHMENTS\COL_DIAGRAM\77185371.bmp,0,,,0,,02/20/2005 08:00:00 AM +0000,2/20/2005 14:13,1,32690,At Intersection (intersection related),Daylight,RAINIER AVE S AND S ANDOVER ST,0,1,Y,2,\\sdotnasvfa\sdot_vol1\H8\PROD\ATTACHMENTS\COL_REPORT\1791205.pdf,1791205,Dry,18,"MOTOR VEHICLE STRUCK PEDALCYCLIST, FRONT END AT ANGLE",5051003,12378,0,2,Injury Collision,,45,Bicycle,Matched,0,1,Clear or Partly Cloudy,0,0,0,N,05-074859
131945,"""(47.602350311000066, -122.28497101999994)""",39476,39476,Block,Cycles,\\sdotnasvfa\sdot_vol1\H8\PROD\ATTACHMENTS\COL_DIAGRAM\55235500.bmp,263.5,,,0,,07/12/2005 07:00:00 AM +0000,7/12/2005 7:49,1,,Mid-Block (not related to intersection),Daylight,LAKESIDE AVE BETWEEN E YESLER WAY AND LAKE WASHINGTON BLVD,0,1,,2,\\sdotnasvfa\sdot_vol1\H8\PROD\ATTACHMENTS\COL_REPORT\1797282.pdf,1797282,Dry,23,"MOTOR VEHICLE STRUCK PEDALCYCLIST, LEFT SIDE SIDESWIPE",5193003,11252,0,2,Injury Collision,,45,Bicycle,Matched,0,1,Clear or Partly Cloudy,0,0,0,N,05-291963
131999,"""(47.61849175700007, -122.33072296099999)""",39189,39189,Intersection,Cycles,\\sdotnasvfa\sdot_vol1\H8\PROD\ATTACHMENTS\COL_DIAGRAM\77516600.bmp,0,,,0,,12/24/2005 08:00:00 AM +0000,12/24/2005 0:26,1,29168,At Intersection (intersection related),Dark - Street Lights On,DENNY WAY AND STEWART ST,0,1,,2,\\sdotnasvfa\sdot_vol1\H8\PROD\ATTACHMENTS\COL_REPORT\2192027.pdf,2192027,Wet,51,PEDALCYCLIST STRUCK MOTOR VEHICLE FRONT END AT ANGLE,5358006,10023,0,2,Injury Collision,,45,Bicycle,Matched,0,1,Raining,0,0,0,N,05-543291
132001,"""(47.54559464600004, -122.37642253899998)""",39465,39465,Block,Cycles,\\sdotnasvfa\sdot_vol1\H8\PROD\ATTACHMENTS\COL_DIAGRAM\53181100.bmp,332,,,0,,10/22/2005 07:00:00 AM +0000,10/22/2005 9:30,1,,Driveway Junction,Daylight,35TH AVE SW BETWEEN SW GRAHAM ST AND SW MORGAN ST,0,1,Y,2,\\sdotnasvfa\sdot_vol1\H8\PROD\ATTACHMENTS\COL_REPORT\2024914.pdf,2024914,Dry,18,"MOTOR VEHICLE STRUCK PEDALCYCLIST, FRONT END AT ANGLE",5295007,5461,1,2b,Serious Injury Collision,,45,Bicycle,Matched,0,1,Clear or Partly Cloudy,0,0,0,N,5452940
132042,"""(47.68542320600005, -122.336230194)""",38795,38795,Intersection,Cycles,\\sdotnasvfa\sdot_vol1\H8\PROD\ATTACHMENTS\COL_DIAGRAM\42188800.bmp,0,,,0,,03/02/2005 08:00:00 AM +0000,3/2/2005,1,24245,At Intersection (intersection related),Daylight,STROUD AVE N AND EAST GREEN LAKE DR N,0,1,Y,4,\\sdotnasvfa\sdot_vol1\H8\PROD\ATTACHMENTS\COL_REPORT\1791712.pdf,1791712,Dry,18,"MOTOR VEHICLE STRUCK PEDALCYCLIST, FRONT END AT ANGLE",5061010,12974,0,2,Injury Collision,,45,Bicycle,Matched,0,1,Clear or Partly Cloudy,0,0,0,N,05-89958
132289,"""(47.625591642000074, -122.36702219799997)""",38486,38486,Block,Cycles,\\sdotnasvfa\sdot_vol1\H8\PROD\ATTACHMENTS\COL_DIAGRAM\22188907.bmp,488,,,0,,12/21/2005 08:00:00 AM +0000,12/21/2005 16:30,1,,Driveway Junction,Dark - Street Lights On,ELLIOTT AVE W BETWEEN W MERCER ST AND W MERCER PL,0,1,Y,2,\\sdotnasvfa\sdot_vol1\H8\PROD\ATTACHMENTS\COL_REPORT\2071927.pdf,2071927,Wet,18,"MOTOR VEHICLE STRUCK PEDALCYCLIST, FRONT END AT ANGLE",5355009,10218,0,2,Injury Collision,,45,Bicycle,Matched,0,1,Raining,0,0,0,N,05-539855
132294,"""(47.62107587100007, -122.32089166899999)""",38611,38611,Intersection,Cycles,\\sdotnasvfa\sdot_vol1\H8\PROD\ATTACHMENTS\COL_DIAGRAM\17185500.bmp,0,,,0,,07/27/2005 07:00:00 AM +0000,7/27/2005 17:28,1,29046,At Intersection (intersection related),Unknown,BROADWAY E AND E THOMAS ST,0,1,Y,2,\\sdotnasvfa\sdot_vol1\H8\PROD\ATTACHMENTS\COL_REPORT\2020003.pdf,2020003,Unknown,18,"MOTOR VEHICLE STRUCK PEDALCYCLIST, FRONT END AT ANGLE",5208013,9453,0,2,Injury Collision,,45,Bicycle,Matched,1,1,Unknown,0,0,0,N,5316292
132343,"""(47.53445065600005, -122.37661323299994)""",38474,38474,Block,Cycles,\\sdotnasvfa\sdot_vol1\H8\PROD\ATTACHMENTS\COL_DIAGRAM\77185907.bmp,132,,,0,,03/13/2005 08:00:00 AM +0000,3/13/2005 14:50,1,,Driveway Junction,Daylight,35TH AVE SW BETWEEN SW AUSTIN ST AND SW IDA ST,0,1,Y,2,\\sdotnasvfa\sdot_vol1\H8\PROD\ATTACHMENTS\COL_REPORT\1198108.pdf,1198108,Dry,18,"MOTOR VEHICLE STRUCK PEDALCYCLIST, FRONT END AT ANGLE",5072007,5468,0,2,Injury Collision,,45,Bicycle,Matched,0,1,Clear or Partly Cloudy,0,0,0,N,5106896
132350,"""(47.57859676500004, -122.40668469299999)""",38843,38843,Block,Cycles,\\sdotnasvfa\sdot_vol1\H8\PROD\ATTACHMENTS\COL_DIAGRAM\11513900.bmp,304.5,,,0,,07/04/2005 07:00:00 AM +0000,7/4/2005,1,,Driveway Junction,Daylight,58TH AVE SW BETWEEN SW LANDER W ST AND SW STEVENS ST,0,1,,2,\\sdotnasvfa\sdot_vol1\H8\PROD\ATTACHMENTS\COL_REPORT\1795660.pdf,1795660,Dry,51,PEDALCYCLIST STRUCK MOTOR VEHICLE FRONT END AT ANGLE,5185004,7831,0,2,Injury Collision,,45,Bicycle,Matched,0,1,Clear or Partly Cloudy,0,0,0,N,50278769
132392,"""(47.62454415700006, -122.33974058599995)""",38836,38836,Intersection,Cycles,\\sdotnasvfa\sdot_vol1\H8\PROD\ATTACHMENTS\COL_DIAGRAM\54183300.bmp,0,,,0,,09/20/2005 07:00:00 AM +0000,9/20/2005 20:20,1,28765,At Intersection (intersection related),Dark - Street Lights On,9TH AVE N AND MERCER SR ST,0,1,Y,2,\\sdotnasvfa\sdot_vol1\H8\PROD\ATTACHMENTS\COL_REPORT\1792771.pdf,1792771,Dry,18,"MOTOR VEHICLE STRUCK PEDALCYCLIST, FRONT END AT ANGLE",5263007,11772,0,2,Injury Collision,,45,Bicycle,Matched,0,1,Clear or Partly Cloudy,0,0,0,N,05 404454
132499,"""(47.57170032700003, -122.33968006899994)""",38562,38562,Intersection,Cycles,\\sdotnasvfa\sdot_vol1\H8\PROD\ATTACHMENTS\COL_DIAGRAM\77515500.bmp,0,,,0,,05/02/2005 07:00:00 AM +0000,5/2/2005,1,32177,At Intersection (intersection related),Dark - Street Lights On,EAST MARGINAL WAY S AND S SPOKANE NR ST,0,1,,0,\\sdotnasvfa\sdot_vol1\H8\PROD\ATTACHMENTS\COL_REPORT\876055.pdf,876055,Dry,51,PEDALCYCLIST STRUCK MOTOR VEHICLE FRONT END AT ANGLE,5122007,14388,0,2,Injury Collision,,45,Bicycle,Matched,0,1,Clear or Partly Cloudy,0,0,0,N,05-178114
132593,"""(47.671197025000026, -122.28485295099995)""",38268,38268,Intersection,Cycles,\\sdotnasvfa\sdot_vol1\H8\PROD\ATTACHMENTS\COL_DIAGRAM\78185370.bmp,0,,,0,,01/28/2005 08:00:00 AM +0000,1/28/2005 15:00,1,26203,At Intersection (intersection related),Daylight,40TH AVE NE AND NE 58TH ST,0,1,,2,\\sdotnasvfa\sdot_vol1\H8\PROD\ATTACHMENTS\COL_REPORT\1791803.pdf,1791803,Dry,18,"MOTOR VEHICLE STRUCK PEDALCYCLIST, FRONT END AT ANGLE",5028015,6317,0,2,Injury Collision,,45,Bicycle,Matched,0,1,Clear or Partly Cloudy,0,0,0,N,05-42843
132652,"""(47.54699110900003, -122.31491442199996)""",38130,38130,Intersection,Cycles,\\sdotnasvfa\sdot_vol1\H8\PROD\ATTACHMENTS\COL_DIAGRAM\88186471.bmp,0,,,0,,09/06/2005 07:00:00 AM +0000,9/6/2005,1,33137,At Intersection (intersection related),Daylight,STANLEY AVE S AND S ALBRO PL,0,1,,2,\\sdotnasvfa\sdot_vol1\H8\PROD\ATTACHMENTS\COL_REPORT\1076712.pdf,1076712,Dry,18,"MOTOR VEHICLE STRUCK PEDALCYCLIST, FRONT END AT ANGLE",5249008,12893,0,2,Injury Collision,,45,Bicycle,Matched,0,1,Clear or Partly Cloudy,0,0,0,N,05-382484
132754,"""(47.67577850100008, -122.30651871499998)""",38101,38101,Intersection,Cycles,\\sdotnasvfa\sdot_vol1\H8\PROD\ATTACHMENTS\COL_DIAGRAM\53181100.bmp,0,,,0,,05/19/2005 07:00:00 AM +0000,5/19/2005 12:33,2,24799,At Intersection (intersection related),Daylight,20TH AVE NE AND NE 65TH ST,0,1,Y,3,\\sdotnasvfa\sdot_vol1\H8\PROD\ATTACHMENTS\COL_REPORT\2025377.pdf,2025377,Wet,18,"MOTOR VEHICLE STRUCK PEDALCYCLIST, FRONT END AT ANGLE",5139045,2971,0,2,Injury Collision,,45,Bicycle,Matched,0,1,Raining,0,0,0,N,5205026
132798,"""(47.64744824100006, -122.33392032899997)""",38361,38361,Block,Cycles,\\sdotnasvfa\sdot_vol1\H8\PROD\ATTACHMENTS\COL_DIAGRAM\55183973.bmp,212.5,,,0,,09/01/2005 07:00:00 AM +0000,9/1/2005,1,,Mid-Block (but intersection related),Daylight,MERIDIAN AVE N BETWEEN N NORTHLAKE WAY AND N 34TH ST,0,1,Y,2,\\sdotnasvfa\sdot_vol1\H8\PROD\ATTACHMENTS\COL_REPORT\1796499.pdf,1796499,Dry,18,"MOTOR VEHICLE STRUCK PEDALCYCLIST, FRONT END AT ANGLE",5244009,11780,0,2,Injury Collision,,45,Bicycle,Matched,0,1,Clear or Partly Cloudy,0,0,0,N,5374992
132905,"""(47.67995859200005, -122.35531640099998)""",38333,38333,Block,Cycles,\\sdotnasvfa\sdot_vol1\H8\PROD\ATTACHMENTS\COL_DIAGRAM\54185500.bmp,129,,,0,,10/29/2005 07:00:00 AM +0000,10/29/2005 14:40,1,,Mid-Block (not related to intersection),Daylight,GREENWOOD AVE N BETWEEN N 70TH ST AND N 71ST ST,0,1,Y,2,\\sdotnasvfa\sdot_vol1\H8\PROD\ATTACHMENTS\COL_REPORT\2060807.pdf,2060807,Dry,18,"MOTOR VEHICLE STRUCK PEDALCYCLIST, FRONT END AT ANGLE",5302006,10736,0,2,Injury Collision,,45,Bicycle,Matched,0,1,Clear or Partly Cloudy,0,0,0,N,05 463983
132934,"""(47.56764903900006, -122.27075425999999)""",38323,38323,Intersection,Cycles,\\sdotnasvfa\sdot_vol1\H8\PROD\ATTACHMENTS\COL_DIAGRAM\11183300.bmp,0,,,0,Y,11/18/2005 08:00:00 AM +0000,11/18/2005 15:41,1,32564,At Intersection (intersection related),Daylight,50TH AVE S AND LAKE WASHINGTON BLVD S,0,1,,3,\\sdotnasvfa\sdot_vol1\H8\PROD\ATTACHMENTS\COL_REPORT\1797688.pdf,1797688,Dry,18,"MOTOR VEHICLE STRUCK PEDALCYCLIST, FRONT END AT ANGLE",5322051,7438,0,2,Injury Collision,,45,Bicycle,Matched,0,1,Clear or Partly Cloudy,0,0,0,N,05-494107
133188,"""(47.66488853800007, -122.31137174799994)""",37476,37476,Block,Cycles,\\sdotnasvfa\sdot_vol1\H8\PROD\ATTACHMENTS\COL_DIAGRAM\55183907.bmp,140,,,0,,03/23/2005 08:00:00 AM +0000,3/23/2005 15:00,1,,Driveway Junction,Daylight,NE 50TH ST BETWEEN 15TH AVE NE AND 16TH AVE NE,0,1,Y,3,\\sdotnasvfa\sdot_vol1\H8\PROD\ATTACHMENTS\COL_REPORT\1773473.pdf,1773473,Dry,18,"MOTOR VEHICLE STRUCK PEDALCYCLIST, FRONT END AT ANGLE",5082028,16935,0,2,Injury Collision,,45,Bicycle,Matched,0,1,Clear or Partly Cloudy,0,0,0,N,5120945
133192,"""(47.69057214900005, -122.39300033499995)""",37467,37467,Intersection,Cycles,\\sdotnasvfa\sdot_vol1\H8\PROD\ATTACHMENTS\COL_DIAGRAM\77511100.bmp,0,,,0,,10/19/2005 07:00:00 AM +0000,10/19/2005 14:34,1,37083,At Intersection (intersection related),Daylight,28TH AVE NW AND NW 85TH ST,0,1,,2,\\sdotnasvfa\sdot_vol1\H8\PROD\ATTACHMENTS\COL_REPORT\2025241.pdf,2025241,Dry,51,PEDALCYCLIST STRUCK MOTOR VEHICLE FRONT END AT ANGLE,5292014,4164,0,2,Injury Collision,Y,45,Bicycle,Matched,0,1,Overcast,0,0,0,N,05-448603
133245,"""(47.633420201000035, -122.34228296399999)""",37844,37844,Intersection,Cycles,\\sdotnasvfa\sdot_vol1\H8\PROD\ATTACHMENTS\COL_DIAGRAM\17185500.bmp,0,,,0,,05/24/2005 07:00:00 AM +0000,5/24/2005 7:30,1,28028,At Intersection (intersection related),Daylight,DEXTER AVE N AND GARFIELD N ST,0,1,Y,2,\\sdotnasvfa\sdot_vol1\H8\PROD\ATTACHMENTS\COL_REPORT\1933201.pdf,1933201,Dry,18,"MOTOR VEHICLE STRUCK PEDALCYCLIST, FRONT END AT ANGLE",5144023,10086,0,2,Injury Collision,,45,Bicycle,Matched,0,1,Clear or Partly Cloudy,0,0,0,N,5212461
133271,"""(47.70136382600003, -122.32850177199998)""",37845,37845,Intersection,Cycles,\\sdotnasvfa\sdot_vol1\H8\PROD\ATTACHMENTS\COL_DIAGRAM\77511100.bmp,0,,,0,,05/24/2005 07:00:00 AM +0000,5/24/2005 16:05,0,37558,At Intersection (intersection related),Daylight,1ST AVE NE AND NE 100TH ST,0,1,,2,\\sdotnasvfa\sdot_vol1\H8\PROD\ATTACHMENTS\COL_REPORT\2020480.pdf,2020480,Dry,51,PEDALCYCLIST STRUCK MOTOR VEHICLE FRONT END AT ANGLE,5144026,1094,0,1,Property Damage Only Collision,,45,Bicycle,Matched,0,1,Clear or Partly Cloudy,0,0,0,N,05-213051
133273,"""(47.60087925200003, -122.33157172899996)""",37580,37580,Intersection,Cycles,\\sdotnasvfa\sdot_vol1\H8\PROD\ATTACHMENTS\COL_DIAGRAM\75183300.bmp,0,,,0,,02/19/2005 08:00:00 AM +0000,2/19/2005 15:02,1,30491,At Intersection (intersection related),Daylight,2ND AVE S AND S WASHINGTON ST,0,1,Y,4,\\sdotnasvfa\sdot_vol1\H8\PROD\ATTACHMENTS\COL_REPORT\1060164.pdf,1060164,Dry,18,"MOTOR VEHICLE STRUCK PEDALCYCLIST, FRONT END AT ANGLE",5050023,2869,0,2,Injury Collision,,45,Bicycle,Matched,1,1,Clear or Partly Cloudy,0,0,0,N,05 073517
133288,"""(47.64847281700003, -122.37675943099998)""",37586,37586,Intersection,Cycles,\\sdotnasvfa\sdot_vol1\H8\PROD\ATTACHMENTS\COL_DIAGRAM\56517700.bmp,0,,,0,,07/19/2005 07:00:00 AM +0000,7/19/2005 22:22,1,26775,At Intersection (intersection related),Dark - Street Lights On,15TH AV W SB OFF RP AND W DRAVUS ST,0,1,,2,\\sdotnasvfa\sdot_vol1\H8\PROD\ATTACHMENTS\COL_REPORT\1059784.pdf,1059784,Dry,51,PEDALCYCLIST STRUCK MOTOR VEHICLE FRONT END AT ANGLE,5200002,2206,0,2,Injury Collision,,45,Bicycle,Matched,0,1,Clear or Partly Cloudy,0,0,0,N,05-304183
133304,"""(47.64686731000006, -122.33392663499995)""",37707,37707,Intersection,Cycles,\\sdotnasvfa\sdot_vol1\H8\PROD\ATTACHMENTS\COL_DIAGRAM\77513100.bmp,0,,,0,,02/13/2005 08:00:00 AM +0000,2/13/2005 15:13,0,27281,At Intersection (intersection related),Daylight,MERIDIAN AVE N AND N NORTHLAKE WAY,0,1,Y,2,\\sdotnasvfa\sdot_vol1\H8\PROD\ATTACHMENTS\COL_REPORT\1793843.pdf,1793843,Wet,51,PEDALCYCLIST STRUCK MOTOR VEHICLE FRONT END AT ANGLE,5044002,11780,0,1,Property Damage Only Collision,,45,Bicycle,Matched,0,1,Clear or Partly Cloudy,0,0,0,N,564716
133582,"""(47.61293563000004, -122.29750018199996)""",37898,37898,Intersection,Cycles,\\sdotnasvfa\sdot_vol1\H8\PROD\ATTACHMENTS\COL_DIAGRAM\11183300.bmp,0,,,0,,09/10/2005 07:00:00 AM +0000,9/10/2005 9:55,0,30023,At Intersection (intersection related),Daylight,27TH AVE AND E UNION ST,0,1,,2,\\sdotnasvfa\sdot_vol1\H8\PROD\ATTACHMENTS\COL_REPORT\2028375.pdf,2028375,Wet,18,"MOTOR VEHICLE STRUCK PEDALCYCLIST, FRONT END AT ANGLE",5253008,3994,0,1,Property Damage Only Collision,,45,Bicycle,Matched,0,1,Raining,0,0,0,N,05-388420