OBJECTID,Shape,INCKEY,COLDETKEY,ADDRTYPE,COLLISIONTYPE,DIAGRAMLINK,DISTANCE,EXCEPTRSNCODE,EXCEPTRSNDESC,FATALITIES,INATTENTIONIND,INCDATE,INCDTTM,INJURIES,INTKEY,JUNCTIONTYPE,LIGHTCOND,LOCATION,PEDCOUNT,PEDCYLCOUNT,PEDROWNOTGRNT,PERSONCOUNT,REPORTLINK,REPORTNO,ROADCOND,SDOT_COLCODE,SDOT_COLDESC,SDOTCOLNUM,SEGKEY,SERIOUSINJURIES,SEVERITYCODE,SEVERITYDESC,SPEEDING,ST_COLCODE,ST_COLDESC,STATUS,UNDERINFL,VEHCOUNT,WEATHER,WIDTH,SEGLANEKEY,CROSSWALKKEY,HITPARKEDCAR,SPDCASENO
133631,"""(47.615056751000054, -122.33745423699997)""",37373,37373,Intersection,Cycles,\\sdotnasvfa\sdot_vol1\H8\PROD\ATTACHMENTS\COL_DIAGRAM\66514400.bmp,0,,,0,,02/23/2005 08:00:00 AM +0000,2/23/2005 23:54,1,29540,At Intersection (intersection related),Dark - Street Lights On,7TH AVE AND VIRGINIA ST,0,1,,2,\\sdotnasvfa\sdot_vol1\H8\PROD\ATTACHMENTS\COL_REPORT\1931247.pdf,1931247,Dry,51,PEDALCYCLIST STRUCK MOTOR VEHICLE FRONT END AT ANGLE,5054008,8162,0,2,Injury Collision,Y,45,Bicycle,Matched,0,1,Clear or Partly Cloudy,0,0,0,N,05-080048
133710,"""(47.692555120000065, -122.30560816399998)""",37089,37089,Block,Cycles,\\sdotnasvfa\sdot_vol1\H8\PROD\ATTACHMENTS\COL_DIAGRAM\76181100.bmp,172.5,,,0,,05/17/2005 07:00:00 AM +0000,5/17/2005 17:28,1,,Driveway Junction,Daylight,LAKE CITY WAY NE BETWEEN NE 88TH ST AND NE 89TH ST,0,1,Y,2,\\sdotnasvfa\sdot_vol1\H8\PROD\ATTACHMENTS\COL_REPORT\2025376.pdf,2025376,Dry,18,"MOTOR VEHICLE STRUCK PEDALCYCLIST, FRONT END AT ANGLE",5137039,11153,1,2b,Serious Injury Collision,,45,Bicycle,Matched,0,1,Clear or Partly Cloudy,0,0,0,N,5202394
133979,"""(47.68781239100008, -122.33641385299995)""",37415,37415,Block,Cycles,\\sdotnasvfa\sdot_vol1\H8\PROD\ATTACHMENTS\COL_DIAGRAM\55549500.bmp,326.5,,,0,Y,03/17/2005 08:00:00 AM +0000,3/17/2005 14:26,1,,Mid-Block (not related to intersection),Daylight,WALLINGFORD AVE N BETWEEN N 80TH ST AND N 82ND ST,0,1,,2,\\sdotnasvfa\sdot_vol1\H8\PROD\ATTACHMENTS\COL_REPORT\1791626.pdf,1791626,Dry,54,PEDALCYCLIST STRUCK MOTOR VEHICLE REAR END,5076020,13387,0,2,Injury Collision,,45,Bicycle,Matched,0,1,Clear or Partly Cloudy,0,0,0,N,05-112497
134017,"""(47.56614568900005, -122.28874784399994)""",37259,37259,Intersection,Cycles,\\sdotnasvfa\sdot_vol1\H8\PROD\ATTACHMENTS\COL_DIAGRAM\77185370.bmp,0,,,0,,07/26/2005 07:00:00 AM +0000,7/26/2005 17:42,1,32695,At Intersection (intersection related),Unknown,RAINIER AVE S AND S DAKOTA ST,0,1,Y,2,\\sdotnasvfa\sdot_vol1\H8\PROD\ATTACHMENTS\COL_REPORT\1791214.pdf,1791214,Dry,18,"MOTOR VEHICLE STRUCK PEDALCYCLIST, FRONT END AT ANGLE",5207036,12379,0,2,Injury Collision,,45,Bicycle,Matched,0,1,Unknown,0,0,0,N,05-314601
134108,"""(47.677668261000065, -122.35467757899994)""",36720,36720,Intersection,Cycles,\\sdotnasvfa\sdot_vol1\H8\PROD\ATTACHMENTS\COL_DIAGRAM\42188800.bmp,0,,,0,Y,07/11/2005 07:00:00 AM +0000,7/11/2005 21:44,1,24351,At Intersection (intersection related),Dark - Street Lights On,PHINNEY AVE N AND N 67TH S ST,0,1,,2,\\sdotnasvfa\sdot_vol1\H8\PROD\ATTACHMENTS\COL_REPORT\2023114.pdf,2023114,Dry,18,"MOTOR VEHICLE STRUCK PEDALCYCLIST, FRONT END AT ANGLE",5192024,12161,0,2,Injury Collision,,45,Bicycle,Matched,0,1,Clear or Partly Cloudy,0,0,0,N,05-291416
134164,"""(47.66399488800005, -122.31308797799994)""",36586,36586,Block,Cycles,\\sdotnasvfa\sdot_vol1\H8\PROD\ATTACHMENTS\COL_DIAGRAM\12181100.bmp,330,,,0,,03/18/2005 08:00:00 AM +0000,3/18/2005 13:46,1,,Mid-Block (but intersection related),Daylight,UNIVERSITY WAY NE BETWEEN NE 47TH ST AND NE 50TH ST,0,1,Y,2,\\sdotnasvfa\sdot_vol1\H8\PROD\ATTACHMENTS\COL_REPORT\1791598.pdf,1791598,Dry,18,"MOTOR VEHICLE STRUCK PEDALCYCLIST, FRONT END AT ANGLE",5077009,13223,0,2,Injury Collision,,45,Bicycle,Matched,0,1,Clear or Partly Cloudy,0,0,0,N,5113963
134211,"""(47.571413018000044, -122.34880038699998)""",36828,36828,Intersection,Cycles,\\sdotnasvfa\sdot_vol1\H8\PROD\ATTACHMENTS\COL_DIAGRAM\11187571.bmp,0,,,0,,06/29/2005 07:00:00 AM +0000,6/29/2005 13:01,1,32204,At Intersection (intersection related),Daylight,11TH CR AVE SW AND SW SPOKANE ST,0,1,,2,\\sdotnasvfa\sdot_vol1\H8\PROD\ATTACHMENTS\COL_REPORT\1790715.pdf,1790715,Dry,18,"MOTOR VEHICLE STRUCK PEDALCYCLIST, FRONT END AT ANGLE",5180002,1509,0,2,Injury Collision,,45,Bicycle,Matched,0,1,Clear or Partly Cloudy,0,0,0,N,50270686
134284,"""(47.59383726600004, -122.33326869999996)""",36677,36677,Block,Cycles,\\sdotnasvfa\sdot_vol1\H8\PROD\ATTACHMENTS\COL_DIAGRAM\11211100.bmp,525.5,,,0,,07/26/2005 07:00:00 AM +0000,7/26/2005 11:18,1,,Mid-Block (but intersection related),Daylight,OCCIDENTAL AVE S BETWEEN RAILROAD WAY S AND S ROYAL BROUGHAM WAY,0,1,,2,\\sdotnasvfa\sdot_vol1\H8\PROD\ATTACHMENTS\COL_REPORT\1791033.pdf,1791033,Dry,21,"MOTOR VEHICLE STRUCK PEDALCYCLIST, REAR END",5207010,12025,0,2,Injury Collision,,45,Bicycle,Matched,0,1,Clear or Partly Cloudy,0,0,0,N,05 314096
134351,"""(47.61155607400008, -122.29751578799994)""",36543,36543,Intersection,Cycles,\\sdotnasvfa\sdot_vol1\H8\PROD\ATTACHMENTS\COL_DIAGRAM\17185500.bmp,0,,,0,,09/21/2005 07:00:00 AM +0000,9/21/2005 18:38,1,30032,At Intersection (intersection related),Dusk,27TH AVE AND E SPRING ST,0,1,Y,3,\\sdotnasvfa\sdot_vol1\H8\PROD\ATTACHMENTS\COL_REPORT\2028335.pdf,2028335,Dry,18,"MOTOR VEHICLE STRUCK PEDALCYCLIST, FRONT END AT ANGLE",5264008,3993,0,2,Injury Collision,,45,Bicycle,Matched,0,1,Clear or Partly Cloudy,0,0,0,N,05-405920
134511,"""(47.61617112400006, -122.33141659899997)""",36628,36628,Intersection,Cycles,\\sdotnasvfa\sdot_vol1\H8\PROD\ATTACHMENTS\COL_DIAGRAM\88186871.bmp,0,,,0,,04/29/2005 07:00:00 AM +0000,4/29/2005 7:50,0,29852,At Intersection (intersection related),Daylight,BOREN AVE AND HOWELL ST,0,1,,2,\\sdotnasvfa\sdot_vol1\H8\PROD\ATTACHMENTS\COL_REPORT\1792956.pdf,1792956,Wet,18,"MOTOR VEHICLE STRUCK PEDALCYCLIST, FRONT END AT ANGLE",5119032,9322,0,1,Property Damage Only Collision,,45,Bicycle,Matched,0,1,Raining,0,0,0,N,05-174172
134528,"""(47.53420099400006, -122.28134696399997)""",36613,36613,Block,Cycles,\\sdotnasvfa\sdot_vol1\H8\PROD\ATTACHMENTS\COL_DIAGRAM\11517700.bmp,125.5,,,0,,06/08/2005 07:00:00 AM +0000,6/8/2005,0,,Driveway Junction,Dusk,S AUSTIN ST BETWEEN 40TH AVE S AND M L KING JR WR WAY S,0,1,,3,\\sdotnasvfa\sdot_vol1\H8\PROD\ATTACHMENTS\COL_REPORT\1797334.pdf,1797334,Dry,51,PEDALCYCLIST STRUCK MOTOR VEHICLE FRONT END AT ANGLE,5159033,164379,0,1,Property Damage Only Collision,,45,Bicycle,Matched,0,1,Clear or Partly Cloudy,0,0,0,N,05-237540
134598,"""(47.62207493500006, -122.34759184799998)""",36337,36337,Intersection,Cycles,\\sdotnasvfa\sdot_vol1\H8\PROD\ATTACHMENTS\COL_DIAGRAM\55187170.bmp,0,,,0,,08/31/2005 07:00:00 AM +0000,8/31/2005 12:20,0,28925,At Intersection (intersection related),Daylight,5TH AVE N AND HARRISON ST,0,1,,2,\\sdotnasvfa\sdot_vol1\H8\PROD\ATTACHMENTS\COL_REPORT\2108401.pdf,2108401,Dry,18,"MOTOR VEHICLE STRUCK PEDALCYCLIST, FRONT END AT ANGLE",5243011,7262,0,1,Property Damage Only Collision,,45,Bicycle,Matched,0,1,Clear or Partly Cloudy,0,0,0,N,05-373429
134615,"""(47.66399488800005, -122.31308797799994)""",36340,36340,Block,Cycles,\\sdotnasvfa\sdot_vol1\H8\PROD\ATTACHMENTS\COL_DIAGRAM\56185500.bmp,330,,,0,,09/02/2005 07:00:00 AM +0000,9/2/2005,1,,Driveway Junction,Daylight,UNIVERSITY WAY NE BETWEEN NE 47TH ST AND NE 50TH ST,0,1,Y,3,\\sdotnasvfa\sdot_vol1\H8\PROD\ATTACHMENTS\COL_REPORT\2061427.pdf,2061427,Dry,18,"MOTOR VEHICLE STRUCK PEDALCYCLIST, FRONT END AT ANGLE",5245004,13223,0,2,Injury Collision,,45,Bicycle,Matched,0,1,Clear or Partly Cloudy,0,0,0,N,5376118
134651,"""(47.66218694400004, -122.31426195299997)""",36333,36333,Block,Cycles,\\sdotnasvfa\sdot_vol1\H8\PROD\ATTACHMENTS\COL_DIAGRAM\54185500.bmp,332.5,,,0,,10/29/2005 07:00:00 AM +0000,10/29/2005 17:41,1,,Mid-Block (not related to intersection),Daylight,BROOKLYN AVE NE BETWEEN NE 45TH ST AND NE 47TH ST,0,1,,2,\\sdotnasvfa\sdot_vol1\H8\PROD\ATTACHMENTS\COL_REPORT\2058776.pdf,2058776,Dry,18,"MOTOR VEHICLE STRUCK PEDALCYCLIST, FRONT END AT ANGLE",5302007,9482,0,2,Injury Collision,,45,Bicycle,Matched,0,1,Clear or Partly Cloudy,0,0,0,N,50464204
134661,"""(47.61281476600004, -122.34953250099994)""",36323,36323,Intersection,Cycles,\\sdotnasvfa\sdot_vol1\H8\PROD\ATTACHMENTS\COL_DIAGRAM\66188270.bmp,0,,,0,,04/08/2005 07:00:00 AM +0000,4/8/2005,1,29705,At Intersection (intersection related),Daylight,BATTERY ST AND ELLIOTT AVE,0,1,Y,2,\\sdotnasvfa\sdot_vol1\H8\PROD\ATTACHMENTS\COL_REPORT\1933701.pdf,1933701,Dry,18,"MOTOR VEHICLE STRUCK PEDALCYCLIST, FRONT END AT ANGLE",5098047,9071,1,2b,Serious Injury Collision,,45,Bicycle,Matched,0,1,Clear or Partly Cloudy,0,0,0,N,05-143207
134684,"""(47.61216761800006, -122.33693747299998)""",36058,36058,Block,Cycles,\\sdotnasvfa\sdot_vol1\H8\PROD\ATTACHMENTS\COL_DIAGRAM\44554900.bmp,213,,,0,,09/01/2005 07:00:00 AM +0000,9/1/2005,1,,Mid-Block (but intersection related),Daylight,5TH AVE BETWEEN PINE ST AND OLIVE WAY,0,1,,3,\\sdotnasvfa\sdot_vol1\H8\PROD\ATTACHMENTS\COL_REPORT\2024276.pdf,2024276,Dry,55,PEDALCYCLIST STRUCK MOTOR VEHICLE RIGHT SIDE SIDESWIPE,5244037,7239,0,2,Injury Collision,Y,45,Bicycle,Matched,0,1,Clear or Partly Cloudy,0,0,0,N,05-375022
134729,"""(47.65157827200005, -122.32127525699997)""",36049,36049,Intersection,Cycles,\\sdotnasvfa\sdot_vol1\H8\PROD\ATTACHMENTS\COL_DIAGRAM\66518100.bmp,0,,,0,,05/03/2005 07:00:00 AM +0000,5/3/2005,1,27153,At Intersection (intersection related),Daylight,EASTLAKE AVE E AND FUHRMAN AVE E,0,1,,2,\\sdotnasvfa\sdot_vol1\H8\PROD\ATTACHMENTS\COL_REPORT\2028059.pdf,2028059,Dry,51,PEDALCYCLIST STRUCK MOTOR VEHICLE FRONT END AT ANGLE,5123031,10579,0,2,Injury Collision,,45,Bicycle,Matched,0,1,Overcast,0,0,0,N,05-179932
134829,"""(47.609809435000045, -122.31677966199999)""",35891,35891,Block,Cycles,\\sdotnasvfa\sdot_vol1\H8\PROD\ATTACHMENTS\COL_DIAGRAM\12511900.bmp,213,,,0,,10/05/2005 07:00:00 AM +0000,10/5/2005,1,,Mid-Block (not related to intersection),Daylight,12TH AVE BETWEEN E COLUMBIA ST AND E MARION ST,0,1,,2,\\sdotnasvfa\sdot_vol1\H8\PROD\ATTACHMENTS\COL_REPORT\2063794.pdf,2063794,Dry,51,PEDALCYCLIST STRUCK MOTOR VEHICLE FRONT END AT ANGLE,5278011,1533,0,2,Injury Collision,,45,Bicycle,Matched,0,1,Overcast,0,0,0,N,05 427412
134854,"""(47.65157827200005, -122.32127525699997)""",35887,35887,Intersection,Cycles,\\sdotnasvfa\sdot_vol1\H8\PROD\ATTACHMENTS\COL_DIAGRAM\42188271.bmp,0,,,0,,09/07/2005 07:00:00 AM +0000,9/7/2005,1,27153,At Intersection (intersection related),Daylight,EASTLAKE AVE E AND FUHRMAN AVE E,0,1,Y,2,\\sdotnasvfa\sdot_vol1\H8\PROD\ATTACHMENTS\COL_REPORT\2019688.pdf,2019688,Dry,18,"MOTOR VEHICLE STRUCK PEDALCYCLIST, FRONT END AT ANGLE",5250007,10579,0,2,Injury Collision,,45,Bicycle,Matched,0,1,Clear or Partly Cloudy,0,0,0,N,05 384228
134879,"""(47.60087711400007, -122.33026811099995)""",36141,36141,Intersection,Cycles,\\sdotnasvfa\sdot_vol1\H8\PROD\ATTACHMENTS\COL_DIAGRAM\55587700.bmp,0,,,0,,10/10/2005 07:00:00 AM +0000,10/10/2005 9:02,2,30493,At Intersection (intersection related),Daylight,3RD AVE S AND S WASHINGTON ST,0,2,,2,\\sdotnasvfa\sdot_vol1\H8\PROD\ATTACHMENTS\COL_REPORT\2108506.pdf,2108506,Dry,58,PEDALCYCLIST STRUCK PEDALCYCLIST FRONT END AT ANGLE,5283003,4515,0,2,Injury Collision,,45,Bicycle,Matched,0,0,Overcast,0,0,0,N,05 434646
134892,"""(47.61337526800003, -122.33664679399999)""",36137,36137,Block,Cycles,\\sdotnasvfa\sdot_vol1\H8\PROD\ATTACHMENTS\COL_DIAGRAM\88558800.bmp,127.5,,,0,,07/15/2005 07:00:00 AM +0000,7/15/2005 9:43,0,,Mid-Block (not related to intersection),Daylight,6TH AVE BETWEEN OLIVE WAY AND STEWART ST,0,1,Y,2,\\sdotnasvfa\sdot_vol1\H8\PROD\ATTACHMENTS\COL_REPORT\1197948.pdf,1197948,Dry,55,PEDALCYCLIST STRUCK MOTOR VEHICLE RIGHT SIDE SIDESWIPE,5196002,7886,0,1,Property Damage Only Collision,,45,Bicycle,Matched,0,1,Clear or Partly Cloudy,0,0,0,N,05-296850
134907,"""(47.65229796500006, -122.37620785699994)""",36273,36273,Block,Cycles,\\sdotnasvfa\sdot_vol1\H8\PROD\ATTACHMENTS\COL_DIAGRAM\11231100.bmp,48,,,0,,03/13/2005 08:00:00 AM +0000,3/13/2005 12:44,1,,Mid-Block (not related to intersection),Daylight,15TH AVE W BETWEEN W RUFFNER ST AND NICKERSON 15TH RP,0,1,,2,\\sdotnasvfa\sdot_vol1\H8\PROD\ATTACHMENTS\COL_REPORT\1792310.pdf,1792310,Dry,23,"MOTOR VEHICLE STRUCK PEDALCYCLIST, LEFT SIDE SIDESWIPE",5072020,2195,0,2,Injury Collision,,45,Bicycle,Matched,0,1,Clear or Partly Cloudy,0,0,0,N,05 106735
134938,"""(47.65082920700007, -122.36087725499999)""",35993,35993,Intersection,Cycles,\\sdotnasvfa\sdot_vol1\H8\PROD\ATTACHMENTS\COL_DIAGRAM\55184400.bmp,0,,,0,,06/18/2005 07:00:00 AM +0000,6/18/2005 15:03,1,26688,At Intersection (intersection related),Daylight,3RD AVE W AND W NICKERSON ST,0,1,,3,\\sdotnasvfa\sdot_vol1\H8\PROD\ATTACHMENTS\COL_REPORT\1060354.pdf,1060354,Dry,18,"MOTOR VEHICLE STRUCK PEDALCYCLIST, FRONT END AT ANGLE",5169016,4570,1,2b,Serious Injury Collision,,45,Bicycle,Matched,0,1,Clear or Partly Cloudy,0,0,0,N,05 253480
135009,"""(47.68910881200003, -122.36663159699998)""",36113,36113,Block,Cycles,\\sdotnasvfa\sdot_vol1\H8\PROD\ATTACHMENTS\COL_DIAGRAM\33187900.bmp,157,,,0,,12/19/2005 08:00:00 AM +0000,12/19/2005 17:45,1,,Mid-Block (but intersection related),Dark - Street Lights On,NW 83RD ST BETWEEN 8TH AVE NW AND DIBBLE AVE NW,0,1,,2,\\sdotnasvfa\sdot_vol1\H8\PROD\ATTACHMENTS\COL_REPORT\2184862.pdf,2184862,Wet,18,"MOTOR VEHICLE STRUCK PEDALCYCLIST, FRONT END AT ANGLE",5353008,18929,0,2,Injury Collision,,45,Bicycle,Matched,0,1,Overcast,0,0,0,N,5537255
135092,"""(47.61881144700004, -122.28168078599998)""",36227,36227,Block,Cycles,\\sdotnasvfa\sdot_vol1\H8\PROD\ATTACHMENTS\COL_DIAGRAM\53181100.bmp,427.5,,,0,,01/02/2005 08:00:00 AM +0000,1/2/2005,1,,Driveway Junction,Daylight,LAKE WASHINGTON BLVD E BETWEEN E HOWELL ST AND E DENNY BLAINE S PL,0,1,Y,2,\\sdotnasvfa\sdot_vol1\H8\PROD\ATTACHMENTS\COL_REPORT\1798863.pdf,1798863,Dry,18,"MOTOR VEHICLE STRUCK PEDALCYCLIST, FRONT END AT ANGLE",5002001,11200,0,2,Injury Collision,,45,Bicycle,Matched,0,1,Clear or Partly Cloudy,0,0,0,N,05 001876
135100,"""(47.62543524000006, -122.35082734299999)""",36351,36351,Block,Cycles,\\sdotnasvfa\sdot_vol1\H8\PROD\ATTACHMENTS\COL_DIAGRAM\78187700.bmp,161.5,,,0,Y,09/20/2005 07:00:00 AM +0000,9/20/2005 17:09,1,,Driveway Junction,Daylight,ROY ST BETWEEN 3RD AVE N AND NOB HILL AVE N,0,1,,2,\\sdotnasvfa\sdot_vol1\H8\PROD\ATTACHMENTS\COL_REPORT\2108591.pdf,2108591,Dry,18,"MOTOR VEHICLE STRUCK PEDALCYCLIST, FRONT END AT ANGLE",5263012,12683,0,2,Injury Collision,,45,Bicycle,Matched,0,1,Clear or Partly Cloudy,0,0,0,N,05-404208
135116,"""(47.62455804800004, -122.34626626299996)""",36345,36345,Intersection,Cycles,\\sdotnasvfa\sdot_vol1\H8\PROD\ATTACHMENTS\COL_DIAGRAM\55517700.bmp,0,,,0,,06/08/2005 07:00:00 AM +0000,6/8/2005,1,28913,At Intersection (intersection related),Daylight,MERCER ST AND TAYLOR AVE N,0,1,,3,\\sdotnasvfa\sdot_vol1\H8\PROD\ATTACHMENTS\COL_REPORT\1069815.pdf,1069815,Wet,51,PEDALCYCLIST STRUCK MOTOR VEHICLE FRONT END AT ANGLE,5159032,11768,0,2,Injury Collision,,45,Bicycle,Matched,0,1,Clear or Partly Cloudy,0,0,0,N,05-236595
135185,"""(47.67688282300003, -122.35435822)""",35791,35791,Block,Cycles,\\sdotnasvfa\sdot_vol1\H8\PROD\ATTACHMENTS\COL_DIAGRAM\11561900.bmp,314.5,,,0,,08/09/2005 07:00:00 AM +0000,8/9/2005,1,,Mid-Block (not related to intersection),Daylight,PHINNEY AVE N BETWEEN N 65TH ST AND N 67TH S ST,0,1,,2,\\sdotnasvfa\sdot_vol1\H8\PROD\ATTACHMENTS\COL_REPORT\2026879.pdf,2026879,Dry,56,PEDALCYCLIST STRUCK MOTOR VEHICLE LEFT SIDE SIDESWIPE,5221010,12160,0,2,Injury Collision,,45,Bicycle,Matched,0,1,Clear or Partly Cloudy,0,0,0,N,05 338280
135216,"""(47.66137208400005, -122.33076105199996)""",35666,35666,Block,Cycles,\\sdotnasvfa\sdot_vol1\H8\PROD\ATTACHMENTS\COL_DIAGRAM\33553300.bmp,147,,,0,,04/21/2005 07:00:00 AM +0000,4/21/2005 14:46,1,,Mid-Block (but intersection related),Daylight,N 45TH ST BETWEEN CORLISS AVE N AND SUNNYSIDE AVE N,0,1,,3,\\sdotnasvfa\sdot_vol1\H8\PROD\ATTACHMENTS\COL_REPORT\2022966.pdf,2022966,Dry,55,PEDALCYCLIST STRUCK MOTOR VEHICLE RIGHT SIDE SIDESWIPE,5111027,15552,0,2,Injury Collision,,45,Bicycle,Matched,0,2,Clear or Partly Cloudy,0,0,0,N,05-162003
135224,"""(47.54264793600004, -122.29475489799995)""",35664,35664,Intersection,Cycles,\\sdotnasvfa\sdot_vol1\H8\PROD\ATTACHMENTS\COL_DIAGRAM\77181100.bmp,0,,,0,,04/20/2005 07:00:00 AM +0000,4/20/2005 19:16,1,34329,At Intersection (intersection related),Daylight,SHAFFER AVE S AND S HOLLY ST,0,1,Y,2,\\sdotnasvfa\sdot_vol1\H8\PROD\ATTACHMENTS\COL_REPORT\1791560.pdf,1791560,Dry,18,"MOTOR VEHICLE STRUCK PEDALCYCLIST, FRONT END AT ANGLE",5110009,12821,0,2,Injury Collision,,45,Bicycle,Matched,0,1,Clear or Partly Cloudy,0,0,0,N,05-160819
135246,"""(47.613465820000044, -122.32891310199994)""",35529,35529,Intersection,Cycles,\\sdotnasvfa\sdot_vol1\H8\PROD\ATTACHMENTS\COL_DIAGRAM\21186600.bmp,0,,,0,,01/18/2005 08:00:00 AM +0000,1/18/2005 7:58,1,29878,At Intersection (intersection related),Dawn,BOREN AVE AND PIKE ST,0,1,Y,2,\\sdotnasvfa\sdot_vol1\H8\PROD\ATTACHMENTS\COL_REPORT\1744929.pdf,1744929,Wet,18,"MOTOR VEHICLE STRUCK PEDALCYCLIST, FRONT END AT ANGLE",5018004,9319,1,2b,Serious Injury Collision,Y,45,Bicycle,Matched,0,1,Raining,0,0,0,N,5024332
135261,"""(47.657559098000036, -122.31209078899997)""",35781,35781,Block,Cycles,\\sdotnasvfa\sdot_vol1\H8\PROD\ATTACHMENTS\COL_DIAGRAM\11231100.bmp,270.5,,,0,,04/22/2005 07:00:00 AM +0000,4/22/2005 16:52,1,,Mid-Block (not related to intersection),Daylight,15TH AVE NE BETWEEN NE 41ST ST AND NE 42ND ST,0,1,,3,\\sdotnasvfa\sdot_vol1\H8\PROD\ATTACHMENTS\COL_REPORT\2022858.pdf,2022858,Dry,23,"MOTOR VEHICLE STRUCK PEDALCYCLIST, LEFT SIDE SIDESWIPE",5112008,2032,0,2,Injury Collision,,45,Bicycle,Matched,0,1,Clear or Partly Cloudy,0,0,0,N,05-163828
135303,"""(47.55741244300003, -122.33421371799994)""",35638,35638,Intersection,Cycles,\\sdotnasvfa\sdot_vol1\H8\PROD\ATTACHMENTS\COL_DIAGRAM\33181771.bmp,0,,,0,,07/26/2005 07:00:00 AM +0000,7/26/2005 7:25,1,33021,At Intersection (intersection related),Daylight,1ST AVE S AND S HUDSON ST,0,1,Y,2,\\sdotnasvfa\sdot_vol1\H8\PROD\ATTACHMENTS\COL_REPORT\1076402.pdf,1076402,Dry,18,"MOTOR VEHICLE STRUCK PEDALCYCLIST, FRONT END AT ANGLE",5207011,1217,0,2,Injury Collision,,45,Bicycle,Matched,0,1,Clear or Partly Cloudy,0,0,0,N,05-313820
135307,"""(47.702894392000076, -122.35004982299995)""",35633,35633,Intersection,Cycles,\\sdotnasvfa\sdot_vol1\H8\PROD\ATTACHMENTS\COL_DIAGRAM\55513300.bmp,0,,,0,,05/07/2005 07:00:00 AM +0000,5/7/2005,1,37392,At Intersection (intersection related),Daylight,FREMONT AVE N AND N 102ND ST,0,1,,2,\\sdotnasvfa\sdot_vol1\H8\PROD\ATTACHMENTS\COL_REPORT\1220105.pdf,1220105,Dry,51,PEDALCYCLIST STRUCK MOTOR VEHICLE FRONT END AT ANGLE,5127030,10545,0,2,Injury Collision,,45,Bicycle,Matched,0,1,Clear or Partly Cloudy,0,0,0,N,05 186911
135347,"""(47.69140928300004, -122.33645030999998)""",35506,35506,Block,Cycles,\\sdotnasvfa\sdot_vol1\H8\PROD\ATTACHMENTS\COL_DIAGRAM\17185500.bmp,332,,,0,,05/27/2005 07:00:00 AM +0000,5/27/2005 16:05,1,,Driveway Junction,Daylight,WALLINGFORD AVE N BETWEEN N 85TH ST AND N 88TH ST,0,1,Y,2,\\sdotnasvfa\sdot_vol1\H8\PROD\ATTACHMENTS\COL_REPORT\2020460.pdf,2020460,Dry,18,"MOTOR VEHICLE STRUCK PEDALCYCLIST, FRONT END AT ANGLE",5147008,13389,0,2,Injury Collision,,45,Bicycle,Matched,0,1,Clear or Partly Cloudy,0,0,0,N,5217924
135349,"""(47.61190351700003, -122.33593027299997)""",35505,35505,Block,Cycles,\\sdotnasvfa\sdot_vol1\H8\PROD\ATTACHMENTS\COL_DIAGRAM\66236600.bmp,161,,,0,,05/27/2005 07:00:00 AM +0000,5/27/2005 7:00,1,,Mid-Block (not related to intersection),Daylight,PINE ST BETWEEN 5TH AVE AND 6TH AVE,0,1,Y,2,\\sdotnasvfa\sdot_vol1\H8\PROD\ATTACHMENTS\COL_REPORT\1933030.pdf,1933030,Dry,23,"MOTOR VEHICLE STRUCK PEDALCYCLIST, LEFT SIDE SIDESWIPE",5147006,12218,0,2,Injury Collision,,45,Bicycle,Matched,0,1,Clear or Partly Cloudy,0,0,0,N,05-217334
135439,"""(47.52516841200003, -122.31493152399997)""",35604,35604,Block,Cycles,\\sdotnasvfa\sdot_vol1\H8\PROD\ATTACHMENTS\COL_DIAGRAM\33185907.bmp,155,,,0,,09/06/2005 07:00:00 AM +0000,9/6/2005,1,,Driveway Junction,Dark - Street Lights On,14TH AVE S BETWEEN S DONOVAN ST AND S TRENTON ST,0,1,Y,2,\\sdotnasvfa\sdot_vol1\H8\PROD\ATTACHMENTS\COL_REPORT\1795358.pdf,1795358,Dry,18,"MOTOR VEHICLE STRUCK PEDALCYCLIST, FRONT END AT ANGLE",5249009,1957,0,2,Injury Collision,,45,Bicycle,Matched,0,1,Clear or Partly Cloudy,0,0,0,N,05 382796
135547,"""(47.615449718000036, -122.33072969599999)""",35583,35583,Intersection,Cycles,\\sdotnasvfa\sdot_vol1\H8\PROD\ATTACHMENTS\COL_DIAGRAM\88186471.bmp,0,,,0,,02/12/2005 08:00:00 AM +0000,2/12/2005 1:50,1,29865,At Intersection (intersection related),Dark - Street Lights On,BOREN AVE AND OLIVE WAY,0,1,Y,2,\\sdotnasvfa\sdot_vol1\H8\PROD\ATTACHMENTS\COL_REPORT\1482425.pdf,1482425,Dry,18,"MOTOR VEHICLE STRUCK PEDALCYCLIST, FRONT END AT ANGLE",5043006,9321,0,2,Injury Collision,,45,Bicycle,Matched,0,1,Clear or Partly Cloudy,0,0,0,N,5062680
135565,"""(47.690558526000075, -122.34398755999996)""",35838,35838,Block,Cycles,\\sdotnasvfa\sdot_vol1\H8\PROD\ATTACHMENTS\COL_DIAGRAM\11187907.bmp,132,,,0,,12/02/2005 08:00:00 AM +0000,12/2/2005,0,,Driveway Junction,Daylight,N 85TH ST BETWEEN AURORA AVE N AND NESBIT AVE N,0,1,Y,2,\\sdotnasvfa\sdot_vol1\H8\PROD\ATTACHMENTS\COL_REPORT\2058837.pdf,2058837,Wet,18,"MOTOR VEHICLE STRUCK PEDALCYCLIST, FRONT END AT ANGLE",5336008,15956,0,1,Property Damage Only Collision,,45,Bicycle,Matched,0,1,Clear or Partly Cloudy,0,0,0,N,5513073