OBJECTID,Shape,INCKEY,COLDETKEY,ADDRTYPE,COLLISIONTYPE,DIAGRAMLINK,DISTANCE,EXCEPTRSNCODE,EXCEPTRSNDESC,FATALITIES,INATTENTIONIND,INCDATE,INCDTTM,INJURIES,INTKEY,JUNCTIONTYPE,LIGHTCOND,LOCATION,PEDCOUNT,PEDCYLCOUNT,PEDROWNOTGRNT,PERSONCOUNT,REPORTLINK,REPORTNO,ROADCOND,SDOT_COLCODE,SDOT_COLDESC,SDOTCOLNUM,SEGKEY,SERIOUSINJURIES,SEVERITYCODE,SEVERITYDESC,SPEEDING,ST_COLCODE,ST_COLDESC,STATUS,UNDERINFL,VEHCOUNT,WEATHER,WIDTH,SEGLANEKEY,CROSSWALKKEY,HITPARKEDCAR,SPDCASENO
138872,"""(47.54737055100003, -122.34509634399996)""",32016,32016,Block,Cycles,\\sdotnasvfa\sdot_vol1\H8\PROD\ATTACHMENTS\COL_DIAGRAM\13181907.bmp,2363.5,,,0,Y,05/11/2004 07:00:00 AM +0000,5/11/2004 6:45,1,,Driveway Junction,Daylight,WEST MARGINAL WAY SW BETWEEN SW BRANDON ST AND SW FRONT ST,0,1,,2,\\sdotnasvfa\sdot_vol1\H8\PROD\ATTACHMENTS\COL_REPORT\1790265.pdf,1790265,Wet,18,"MOTOR VEHICLE STRUCK PEDALCYCLIST, FRONT END AT ANGLE",4132014,23538,0,2,Injury Collision,,45,Bicycle,Matched,0,1,Clear or Partly Cloudy,0,0,0,N,04-189103
138911,"""(47.615238420000026, -122.32790375499997)""",32003,32003,Intersection,Cycles,\\sdotnasvfa\sdot_vol1\H8\PROD\ATTACHMENTS\COL_DIAGRAM\77517800.bmp,0,,,0,,06/30/2004 07:00:00 AM +0000,6/30/2004 10:00,1,29863,At Intersection (intersection related),Daylight,MELROSE AVE AND PINE ST,0,1,,2,\\sdotnasvfa\sdot_vol1\H8\PROD\ATTACHMENTS\COL_REPORT\1216827.pdf,1216827,Dry,51,PEDALCYCLIST STRUCK MOTOR VEHICLE FRONT END AT ANGLE,4182022,11745,0,2,Injury Collision,,45,Bicycle,Matched,0,1,Clear or Partly Cloudy,0,0,0,N,04-267550
138916,"""(47.64570977100004, -122.34948774899999)""",31728,31728,Intersection,Cycles,\\sdotnasvfa\sdot_vol1\H8\PROD\ATTACHMENTS\COL_DIAGRAM\54181100.bmp,0,,,0,,08/02/2004 07:00:00 AM +0000,8/2/2004,0,28058,At Intersection (intersection related),Daylight,4TH AVE N AND DEXTER S AVE N,0,1,Y,2,\\sdotnasvfa\sdot_vol1\H8\PROD\ATTACHMENTS\COL_REPORT\1217176.pdf,1217176,Unknown,18,"MOTOR VEHICLE STRUCK PEDALCYCLIST, FRONT END AT ANGLE",4215001,10095,0,1,Property Damage Only Collision,,45,Bicycle,Matched,0,1,Clear or Partly Cloudy,0,0,0,N,04-324511
138937,"""(47.624578246000056, -122.355403922)""",31852,31852,Intersection,Cycles,\\sdotnasvfa\sdot_vol1\H8\PROD\ATTACHMENTS\COL_DIAGRAM\31187171.bmp,0,,,0,,08/20/2004 07:00:00 AM +0000,8/20/2004 9:36,1,28919,At Intersection (intersection related),Daylight,1ST AVE N AND MERCER ST,0,1,Y,2,\\sdotnasvfa\sdot_vol1\H8\PROD\ATTACHMENTS\COL_REPORT\1072162.pdf,1072162,Dry,18,"MOTOR VEHICLE STRUCK PEDALCYCLIST, FRONT END AT ANGLE",4233002,1030,0,2,Injury Collision,,45,Bicycle,Matched,0,1,Clear or Partly Cloudy,0,0,0,N,04 348959
139109,"""(47.66401468400005, -122.36619032399994)""",32095,32095,Block,Cycles,\\sdotnasvfa\sdot_vol1\H8\PROD\ATTACHMENTS\COL_DIAGRAM\11211100.bmp,133,,,0,,06/29/2004 07:00:00 AM +0000,6/29/2004 15:40,0,,Mid-Block (not related to intersection),Daylight,8TH AVE NW BETWEEN NW 48TH ST AND NW 49TH ST,0,1,Y,2,\\sdotnasvfa\sdot_vol1\H8\PROD\ATTACHMENTS\COL_REPORT\1793753.pdf,1793753,Dry,21,"MOTOR VEHICLE STRUCK PEDALCYCLIST, REAR END",4181041,8377,0,1,Property Damage Only Collision,,45,Bicycle,Matched,0,1,Clear or Partly Cloudy,0,0,0,N,04 268006
139127,"""(47.60132158700003, -122.33572483399996)""",31949,31949,Block,Cycles,\\sdotnasvfa\sdot_vol1\H8\PROD\ATTACHMENTS\COL_DIAGRAM\44516700.bmp,166,,,0,,08/04/2004 07:00:00 AM +0000,8/4/2004,1,,Mid-Block (not related to intersection),Daylight,ALASKAN E RDWY WAY S BETWEEN YESLER WAY AND S WASHINGTON ST,0,1,,2,\\sdotnasvfa\sdot_vol1\H8\PROD\ATTACHMENTS\COL_REPORT\1213866.pdf,1213866,Dry,51,PEDALCYCLIST STRUCK MOTOR VEHICLE FRONT END AT ANGLE,4217028,8753,1,2b,Serious Injury Collision,,45,Bicycle,Matched,0,1,Clear or Partly Cloudy,0,0,0,N,04 323914
139128,"""(47.721985407000034, -122.29364266799996)""",31956,31956,Block,Cycles,\\sdotnasvfa\sdot_vol1\H8\PROD\ATTACHMENTS\COL_DIAGRAM\77181907.bmp,350.5,,,0,Y,08/28/2004 07:00:00 AM +0000,8/28/2004 14:30,0,,Driveway Junction,Daylight,LAKE CITY WAY NE BETWEEN NE 127TH ST AND NE 130TH ST,0,1,Y,2,\\sdotnasvfa\sdot_vol1\H8\PROD\ATTACHMENTS\COL_REPORT\1774435.pdf,1774435,Dry,18,"MOTOR VEHICLE STRUCK PEDALCYCLIST, FRONT END AT ANGLE",4241002,11184,0,1,Property Damage Only Collision,,45,Bicycle,Matched,0,1,Clear or Partly Cloudy,0,0,0,N,04-361012
139218,"""(47.66399488800005, -122.31308797799994)""",32069,32069,Block,Cycles,\\sdotnasvfa\sdot_vol1\H8\PROD\ATTACHMENTS\COL_DIAGRAM\55565900.bmp,330,,,0,,07/30/2004 07:00:00 AM +0000,7/30/2004 7:00,1,,Mid-Block (not related to intersection),Daylight,UNIVERSITY WAY NE BETWEEN NE 47TH ST AND NE 50TH ST,0,1,Y,2,\\sdotnasvfa\sdot_vol1\H8\PROD\ATTACHMENTS\COL_REPORT\1781000.pdf,1781000,Dry,56,PEDALCYCLIST STRUCK MOTOR VEHICLE LEFT SIDE SIDESWIPE,4212005,13223,0,2,Injury Collision,,45,Bicycle,Matched,0,1,Overcast,0,0,0,N,04 315840
139317,"""(47.65339944100003, -122.31333457599999)""",31627,31627,Intersection,Cycles,\\sdotnasvfa\sdot_vol1\H8\PROD\ATTACHMENTS\COL_DIAGRAM\81187171.bmp,0,,,0,,03/22/2004 08:00:00 AM +0000,3/22/2004 14:10,1,27167,At Intersection (intersection related),Daylight,UNIVERSITY WAY NE AND NE PACIFIC ST,0,1,Y,0,\\sdotnasvfa\sdot_vol1\H8\PROD\ATTACHMENTS\COL_REPORT\792822.pdf,792822,Dry,18,"MOTOR VEHICLE STRUCK PEDALCYCLIST, FRONT END AT ANGLE",4082024,13215,0,2,Injury Collision,,45,Bicycle,Matched,0,1,Clear or Partly Cloudy,0,0,0,N,04-000621
139382,"""(47.64032507300004, -122.34439622999997)""",31346,31346,Intersection,Cycles,\\sdotnasvfa\sdot_vol1\H8\PROD\ATTACHMENTS\COL_DIAGRAM\54515500.bmp,0, ,,0,,11/16/2004 08:00:00 AM +0000,11/16/2004 8:03,1,28005,At Intersection (intersection related),Daylight,6TH AVE N AND DEXTER AVE N,0,1,,2,\\sdotnasvfa\sdot_vol1\H8\PROD\ATTACHMENTS\COL_REPORT\1069933.pdf,1069933,Wet,51,PEDALCYCLIST STRUCK MOTOR VEHICLE FRONT END AT ANGLE,4321004,7910,1,2b,Serious Injury Collision,,45,Bicycle,Matched,0,1,Overcast,0,0,0,N,04-479572
139623,"""(47.61990774700007, -122.32087289199995)""",31557,31557,Intersection,Cycles,\\sdotnasvfa\sdot_vol1\H8\PROD\ATTACHMENTS\COL_DIAGRAM\55515600.bmp,0,,,0,,06/08/2004 07:00:00 AM +0000,6/8/2004,1,29052,At Intersection (intersection related),Daylight,BROADWAY E AND E OLIVE WAY,0,1,,2,\\sdotnasvfa\sdot_vol1\H8\PROD\ATTACHMENTS\COL_REPORT\1327974.pdf,1327974,Dry,51,PEDALCYCLIST STRUCK MOTOR VEHICLE FRONT END AT ANGLE,4160026,9452,0,2,Injury Collision,,45,Bicycle,Matched,0,1,Overcast,0,0,0,N,4232588
139635,"""(47.71477675400007, -122.344852549)""",31403,31403,Intersection,Cycles,\\sdotnasvfa\sdot_vol1\H8\PROD\ATTACHMENTS\COL_DIAGRAM\55517700.bmp,0,,,0,,07/16/2004 07:00:00 AM +0000,7/16/2004 15:53,1,36339,At Intersection (intersection related),Daylight,AURORA AVE N AND N 117TH PL,0,1,,2,\\sdotnasvfa\sdot_vol1\H8\PROD\ATTACHMENTS\COL_REPORT\1080006.pdf,1080006,Dry,51,PEDALCYCLIST STRUCK MOTOR VEHICLE FRONT END AT ANGLE,4198005,8991,0,2,Injury Collision,,45,Bicycle,Matched,0,1,Clear or Partly Cloudy,0,0,0,N,04-294441
139653,"""(47.669109054000046, -122.35440494899996)""",31410,31410,Intersection,Cycles,\\sdotnasvfa\sdot_vol1\H8\PROD\ATTACHMENTS\COL_DIAGRAM\32185500.bmp,0,,,0,,01/12/2004 08:00:00 AM +0000,1/12/2004 7:30,1,25633,At Intersection (intersection related),Dawn,PHINNEY AVE N AND N ARGYLE PL,0,1,Y,2,\\sdotnasvfa\sdot_vol1\H8\PROD\ATTACHMENTS\COL_REPORT\1782490.pdf,1782490,Wet,18,"MOTOR VEHICLE STRUCK PEDALCYCLIST, FRONT END AT ANGLE",4012023,12151,0,2,Injury Collision,,45,Bicycle,Matched,0,1,Clear or Partly Cloudy,0,0,0,N,4015330
139696,"""(47.52330726800005, -122.26998603899995)""",31393,31393,Intersection,Cycles,\\sdotnasvfa\sdot_vol1\H8\PROD\ATTACHMENTS\COL_DIAGRAM\77185371.bmp,0,,,0,,08/10/2004 07:00:00 AM +0000,8/10/2004 17:42,1,35443,At Intersection (intersection related),Daylight,RAINIER AVE S AND S HENDERSON ST,0,1,Y,2,\\sdotnasvfa\sdot_vol1\H8\PROD\ATTACHMENTS\COL_REPORT\1793638.pdf,1793638,Dry,18,"MOTOR VEHICLE STRUCK PEDALCYCLIST, FRONT END AT ANGLE",4223004,12420,1,2b,Serious Injury Collision,,45,Bicycle,Matched,0,1,Clear or Partly Cloudy,0,0,0,N,04 335806
139762,"""(47.68688894600007, -122.37477303199995)""",108420,108420,Block,Cycles,\\sdotnasvfa\sdot_vol1\H8\PROD\ATTACHMENTS\COL_DIAGRAM\33233300.bmp,167.5,,,0,,03/17/2010 07:00:00 AM +0000,3/17/2010 12:44,1,,Mid-Block (not related to intersection),Daylight,NW 80TH ST BETWEEN 14TH AVE NW AND MARY AVE NW,0,1,Y,2,\\sdotnasvfa\sdot_vol1\H8\PROD\ATTACHMENTS\COL_REPORT\3198721.pdf,3198721,Wet,23,"MOTOR VEHICLE STRUCK PEDALCYCLIST, LEFT SIDE SIDESWIPE",10076003,18896,0,2,Injury Collision,,45,Bicycle,Matched,N,1,Overcast,0,27401,0,N,10-88023
139794,"""(47.68021033300005, -122.32175754699995)""",109629,109629,Intersection,Cycles,\\sdotnasvfa\sdot_vol1\H8\PROD\ATTACHMENTS\COL_DIAGRAM\55187700.bmp,0,,,0,,05/04/2010 07:00:00 AM +0000,5/4/2010,1,24458,At Intersection (intersection related),Daylight,6TH AVE NE AND NE 70TH N ST,0,1,Y,2,\\sdotnasvfa\sdot_vol1\H8\PROD\ATTACHMENTS\COL_REPORT\3333440.pdf,3333440,Dry,18,"MOTOR VEHICLE STRUCK PEDALCYCLIST, FRONT END AT ANGLE",10124002,7916,1,2b,Serious Injury Collision,,45,Bicycle,Matched,0,1,Clear or Partly Cloudy,0,7443,0,N,10-144898
139826,"""(47.662179209000044, -122.31311572699997)""",108689,108689,Block,Cycles,\\sdotnasvfa\sdot_vol1\H8\PROD\ATTACHMENTS\COL_DIAGRAM\50185500.bmp,332.5,,,0,,09/29/2010 07:00:00 AM +0000,9/29/2010 15:46,1,,Mid-Block (not related to intersection),Daylight,UNIVERSITY WAY NE BETWEEN NE 45TH ST AND NE 47TH ST,0,1,,3,\\sdotnasvfa\sdot_vol1\H8\PROD\ATTACHMENTS\COL_REPORT\3559005.pdf,3559005,Dry,18,"MOTOR VEHICLE STRUCK PEDALCYCLIST, FRONT END AT ANGLE",10272029,13222,0,2,Injury Collision,,45,Bicycle,Matched,N,1,Clear or Partly Cloudy,0,5645,0,N,10-340914
139832,"""(47.70628405800005, -122.31781934599996)""",109634,109634,Block,Cycles,\\sdotnasvfa\sdot_vol1\H8\PROD\ATTACHMENTS\COL_DIAGRAM\11211100.bmp,498,,,0,,12/30/2010 08:00:00 AM +0000,12/30/2010 14:52,1,,Mid-Block (not related to intersection),Daylight,ROOSEVELT WAY NE BETWEEN NE 105TH ST AND NE 108TH ST,0,1,Y,2,\\sdotnasvfa\sdot_vol1\H8\PROD\ATTACHMENTS\COL_REPORT\3376915.pdf,3376915,Dry,21,"MOTOR VEHICLE STRUCK PEDALCYCLIST, REAR END",10364024,12651,0,2,Injury Collision,,45,Bicycle,Matched,N,1,Clear or Partly Cloudy,0,7826,0,N,10-447082
139873,"""(47.557467184000075, -122.36291869699994)""",108547,108547,Intersection,Cycles,\\sdotnasvfa\sdot_vol1\H8\PROD\ATTACHMENTS\COL_DIAGRAM\11513900.bmp,0, ,,0,,06/19/2010 07:00:00 AM +0000,6/19/2010 13:30,1,32933,At Intersection (intersection related),Daylight,DELRIDGE WAY SW AND SW HUDSON ST,0,1,,2,\\sdotnasvfa\sdot_vol1\H8\PROD\ATTACHMENTS\COL_REPORT\3331610.pdf,3331610,Dry,51,PEDALCYCLIST STRUCK MOTOR VEHICLE FRONT END AT ANGLE,10170015,9966,1,2b,Serious Injury Collision,Y,45,Bicycle,Matched,N,1,Overcast,0,0,0,N,2010-207823
139982,"""(47.62205574500007, -122.34237158599996)""",30702,30702,Intersection,Cycles,\\sdotnasvfa\sdot_vol1\H8\PROD\ATTACHMENTS\COL_DIAGRAM\53181100.bmp,0,,,0,,09/22/2004 07:00:00 AM +0000,9/22/2004 23:36,1,28783,At Intersection (intersection related),Dark - Street Lights On,DEXTER AVE N AND HARRISON ST,0,1,,2,\\sdotnasvfa\sdot_vol1\H8\PROD\ATTACHMENTS\COL_REPORT\531039.pdf,531039,Dry,18,"MOTOR VEHICLE STRUCK PEDALCYCLIST, FRONT END AT ANGLE",4266045,10074,0,2,Injury Collision,,45,Bicycle,Matched,0,1,Clear or Partly Cloudy,0,0,0,N,4399238
140026,"""(47.60083342000007, -122.30570302199999)""",30824,30824,Block,Cycles,\\sdotnasvfa\sdot_vol1\H8\PROD\ATTACHMENTS\COL_DIAGRAM\33233300.bmp,161,,,0,,09/02/2004 07:00:00 AM +0000,9/2/2004,1,,Driveway Junction,Daylight,S WASHINGTON ST BETWEEN 20TH AVE S AND 21ST AVE S,0,1,,2,\\sdotnasvfa\sdot_vol1\H8\PROD\ATTACHMENTS\COL_REPORT\1216931.pdf,1216931,Dry,23,"MOTOR VEHICLE STRUCK PEDALCYCLIST, LEFT SIDE SIDESWIPE",4246009,21504,0,2,Injury Collision,,45,Bicycle,Matched,0,1,Clear or Partly Cloudy,0,0,0,N,04 368618
140201,"""(47.65905361700004, -122.313187788)""",109619,109619,Block,Cycles,\\sdotnasvfa\sdot_vol1\H8\PROD\ATTACHMENTS\COL_DIAGRAM\17185500.bmp,270,,,0,,04/29/2010 07:00:00 AM +0000,4/29/2010 19:40,0,,Driveway Junction,Dusk,UNIVERSITY WAY NE BETWEEN NE 42ND ST AND NE 43RD ST,0,1,Y,2,\\sdotnasvfa\sdot_vol1\H8\PROD\ATTACHMENTS\COL_REPORT\3283672.pdf,3283672,Dry,18,"MOTOR VEHICLE STRUCK PEDALCYCLIST, FRONT END AT ANGLE",10119016,13220,0,1,Property Damage Only Collision,,45,Bicycle,Matched,N,1,Clear or Partly Cloudy,0,5663,0,N,2010-139755
140261,"""(47.62270504800006, -122.36064255999997)""",108669,108669,Block,Cycles,\\sdotnasvfa\sdot_vol1\H8\PROD\ATTACHMENTS\COL_DIAGRAM\18185500.bmp,213, ,,0,,09/17/2010 07:00:00 AM +0000,9/17/2010 9:15,1,,Mid-Block (not related to intersection),Daylight,3RD AVE W BETWEEN W HARRISON ST AND W REPUBLICAN ST,0,1,Y,3,\\sdotnasvfa\sdot_vol1\H8\PROD\ATTACHMENTS\COL_REPORT\3325940.pdf,3325940,Dry,18,"MOTOR VEHICLE STRUCK PEDALCYCLIST, FRONT END AT ANGLE",10260015,4542,0,2,Injury Collision,,45,Bicycle,Matched,N,1,Overcast,0,35340,0,N,10-325856
140273,"""(47.661357277000036, -122.32775751099996)""",110032,110032,Block,Cycles,\\sdotnasvfa\sdot_vol1\H8\PROD\ATTACHMENTS\COL_DIAGRAM\33517600.bmp,124.5,,,0,,02/15/2010 08:00:00 AM +0000,2/15/2010 20:31,1,,Driveway Junction,Dark - Street Lights On,NE 45TH ST BETWEEN 1ST AVE NE AND 2ND AVE NE,0,1,Y,2,\\sdotnasvfa\sdot_vol1\H8\PROD\ATTACHMENTS\COL_REPORT\3376663.pdf,3376663,Wet,51,PEDALCYCLIST STRUCK MOTOR VEHICLE FRONT END AT ANGLE,10046010,16838,0,2,Injury Collision,,45,Bicycle,Matched,N,1,Clear or Partly Cloudy,0,6532,0,N,10-52781
140308,"""(47.61062229600003, -122.34012716999996)""",110172,110172,Block,Cycles,\\sdotnasvfa\sdot_vol1\H8\PROD\ATTACHMENTS\COL_DIAGRAM\42184400.bmp,148,,,0,,05/13/2010 07:00:00 AM +0000,5/13/2010 7:53,1,,Driveway Junction,Daylight,2ND AVE BETWEEN PINE ST AND STEWART ST,0,1,Y,2,\\sdotnasvfa\sdot_vol1\H8\PROD\ATTACHMENTS\COL_REPORT\3346230.pdf,3346230,Dry,18,"MOTOR VEHICLE STRUCK PEDALCYCLIST, FRONT END AT ANGLE",10133004,2759,0,2,Injury Collision,,45,Bicycle,Matched,N,1,Clear or Partly Cloudy,0,12179,0,N,2010-156317
140840,"""(47.61183728800006, -122.34391211399998)""",109197,109197,Intersection,Cycles,\\sdotnasvfa\sdot_vol1\H8\PROD\ATTACHMENTS\COL_DIAGRAM\23188671.bmp,0, ,,0,,10/06/2010 07:00:00 AM +0000,10/6/2010 12:47,1,29560,At Intersection (intersection related),Daylight,1ST AVE AND LENORA ST,0,1,Y,2,\\sdotnasvfa\sdot_vol1\H8\PROD\ATTACHMENTS\COL_REPORT\3560154.pdf,3560154,Dry,18,"MOTOR VEHICLE STRUCK PEDALCYCLIST, FRONT END AT ANGLE",10279025,1013,0,2,Injury Collision,,45,Bicycle,Matched,N,1,Clear or Partly Cloudy,0,0,523313,N,10-349681
140846,"""(47.703618764000055, -122.35005769599996)""",109594,109594,Intersection,Cycles,\\sdotnasvfa\sdot_vol1\H8\PROD\ATTACHMENTS\COL_DIAGRAM\34515500.bmp,0, ,,0,,08/30/2010 07:00:00 AM +0000,8/30/2010 7:14,1,37389,At Intersection (intersection related),Daylight,FREMONT AVE N AND N 103RD ST,0,1,Y,2,\\sdotnasvfa\sdot_vol1\H8\PROD\ATTACHMENTS\COL_REPORT\3559126.pdf,3559126,Dry,51,PEDALCYCLIST STRUCK MOTOR VEHICLE FRONT END AT ANGLE,10242030,10546,0,2,Injury Collision,,45,Bicycle,Matched,N,1,Clear or Partly Cloudy,0,0,0,N,10-303006
140856,"""(47.59305872500005, -122.30327338099994)""",109883,109883,Intersection,Cycles,\\sdotnasvfa\sdot_vol1\H8\PROD\ATTACHMENTS\COL_DIAGRAM\00180000.bmp,0, ,,0,,04/13/2010 07:00:00 AM +0000,4/13/2010 16:00,1,30801,At Intersection (but not related to intersection),Daylight,22ND AVE S AND S NORMAN ST,0,1,,2,\\sdotnasvfa\sdot_vol1\H8\PROD\ATTACHMENTS\COL_REPORT\3329419.pdf,3329419,Dry,18,"MOTOR VEHICLE STRUCK PEDALCYCLIST, FRONT END AT ANGLE",10103005,20948,0,2,Injury Collision,,45,Bicycle,Matched,N,1,Clear or Partly Cloudy,0,0,0,N,10-120267
140895,"""(47.627221348000035, -122.33279903299996)""",109052,109052,Intersection,Cycles,\\sdotnasvfa\sdot_vol1\H8\PROD\ATTACHMENTS\COL_DIAGRAM\44182870.bmp,0,,,0,,03/14/2010 08:00:00 AM +0000,3/14/2010 11:31,0,29088,At Intersection (intersection related),Daylight,ALOHA ST AND FAIRVIEW AVE N,0,1,Y,2,\\sdotnasvfa\sdot_vol1\H8\PROD\ATTACHMENTS\COL_REPORT\3335354.pdf,3335354,Dry,18,"MOTOR VEHICLE STRUCK PEDALCYCLIST, FRONT END AT ANGLE",10073001,8817,0,1,Property Damage Only Collision,,45,Bicycle,Matched,N,1,Clear or Partly Cloudy,0,0,0,N,10-84265
140994,"""(47.66752536200005, -122.37621628599999)""",30158,30158,Block,Cycles,\\sdotnasvfa\sdot_vol1\H8\PROD\ATTACHMENTS\COL_DIAGRAM\33511100.bmp,133,,,0,Y,08/02/2004 07:00:00 AM +0000,8/2/2004,1,,Mid-Block (not related to intersection),Daylight,15TH AVE NW BETWEEN NW 53RD ST AND NW 54TH ST,0,1,,3,\\sdotnasvfa\sdot_vol1\H8\PROD\ATTACHMENTS\COL_REPORT\1781816.pdf,1781816,Dry,51,PEDALCYCLIST STRUCK MOTOR VEHICLE FRONT END AT ANGLE,4215004,2100,0,2,Injury Collision,,45,Bicycle,Matched,0,1,Clear or Partly Cloudy,0,0,0,N,4321054
141059,"""(47.57606733000006, -122.30880441)""",30138,30138,Block,Cycles,\\sdotnasvfa\sdot_vol1\H8\PROD\ATTACHMENTS\COL_DIAGRAM\11187975.bmp,365,,,0,,03/21/2004 08:00:00 AM +0000,3/21/2004 13:35,1,,Driveway Junction,Daylight,18TH AVE S BETWEEN S STEVENS ST AND S HANFORD ST,0,1,,3,\\sdotnasvfa\sdot_vol1\H8\PROD\ATTACHMENTS\COL_REPORT\1771962.pdf,1771962,Dry,18,"MOTOR VEHICLE STRUCK PEDALCYCLIST, FRONT END AT ANGLE",4081008,2610,0,2,Injury Collision,,45,Bicycle,Matched,0,1,Clear or Partly Cloudy,0,0,0,N,04-115475
141073,"""(47.66626671800003, -122.30060497999995)""",30144,30144,Intersection,Cycles,\\sdotnasvfa\sdot_vol1\H8\PROD\ATTACHMENTS\COL_DIAGRAM\35187571.bmp,0,,,0,,10/01/2004 07:00:00 AM +0000,10/1/2004,1,25949,At Intersection (intersection related),Daylight,25TH AVE NE AND NE BLAKELEY ST,0,1,Y,2,\\sdotnasvfa\sdot_vol1\H8\PROD\ATTACHMENTS\COL_REPORT\1774194.pdf,1774194,Dry,18,"MOTOR VEHICLE STRUCK PEDALCYCLIST, FRONT END AT ANGLE",4275012,3723,0,2,Injury Collision,,45,Bicycle,Matched,0,1,Clear or Partly Cloudy,0,0,0,N,04-411779
141080,"""(47.606228043000044, -122.33610689099999)""",30141,30141,Block,Cycles,\\sdotnasvfa\sdot_vol1\H8\PROD\ATTACHMENTS\COL_DIAGRAM\44544900.bmp,153,,,0,Y,05/05/2004 07:00:00 AM +0000,5/5/2004,0,,Mid-Block (not related to intersection),Daylight,2ND AVE BETWEEN SPRING ST AND SENECA ST,0,1,,2,\\sdotnasvfa\sdot_vol1\H8\PROD\ATTACHMENTS\COL_REPORT\1213957.pdf,1213957,Dry,54,PEDALCYCLIST STRUCK MOTOR VEHICLE REAR END,4126033,2754,0,1,Property Damage Only Collision,,45,Bicycle,Matched,0,1,Clear or Partly Cloudy,0,0,0,N,04-180874
141123,"""(47.697377578000044, -122.28001774799998)""",109724,109724,Intersection,Cycles,\\sdotnasvfa\sdot_vol1\H8\PROD\ATTACHMENTS\COL_DIAGRAM\11513300.bmp,0,,,0,,06/21/2010 07:00:00 AM +0000,6/21/2010 10:02,1,37814,At Intersection (intersection related),Daylight,45TH AVE NE AND NE 95TH ST,0,1,,2,\\sdotnasvfa\sdot_vol1\H8\PROD\ATTACHMENTS\COL_REPORT\3332747.pdf,3332747,Dry,51,PEDALCYCLIST STRUCK MOTOR VEHICLE FRONT END AT ANGLE,10172019,6814,0,2,Injury Collision,Y,45,Bicycle,Matched,N,1,Clear or Partly Cloudy,0,0,0,N,2010-210021
141147,"""(47.68475561300005, -122.33990346599995)""",109725,109725,Intersection,Cycles,\\sdotnasvfa\sdot_vol1\H8\PROD\ATTACHMENTS\COL_DIAGRAM\66514500.bmp,0,,,0,,06/24/2010 07:00:00 AM +0000,6/24/2010 16:50,1,24249,At Intersection (intersection related),Daylight,WINONA AVE N AND N 77TH ST,0,1,Y,2,\\sdotnasvfa\sdot_vol1\H8\PROD\ATTACHMENTS\COL_REPORT\3333472.pdf,3333472,Dry,51,PEDALCYCLIST STRUCK MOTOR VEHICLE FRONT END AT ANGLE,10175013,13628,0,2,Injury Collision,,45,Bicycle,Matched,N,1,Clear or Partly Cloudy,0,27883,0,N,2010-214722
141215,"""(47.68692953900006, -122.34045581899994)""",108634,108634,Intersection,Cycles,\\sdotnasvfa\sdot_vol1\H8\PROD\ATTACHMENTS\COL_DIAGRAM\45184400.bmp,0, ,,0,Y,09/05/2010 07:00:00 AM +0000,9/5/2010 18:26,1,24229,At Intersection (intersection related),Daylight,GREEN LAKE DR N AND N 80TH ST,0,1,,3,\\sdotnasvfa\sdot_vol1\H8\PROD\ATTACHMENTS\COL_REPORT\2802350.pdf,2802350,Dry,18,"MOTOR VEHICLE STRUCK PEDALCYCLIST, FRONT END AT ANGLE",10248004,10682,0,2,Injury Collision,,45,Bicycle,Matched,N,1,Clear or Partly Cloudy,0,10150,0,N,10-311426
141249,"""(47.67164521700005, -122.38758724499996)""",110414,110414,Intersection,Cycles,\\sdotnasvfa\sdot_vol1\H8\PROD\ATTACHMENTS\COL_DIAGRAM\18185500.bmp,0,,,0,,03/13/2010 08:00:00 AM +0000,3/13/2010 15:10,1,25131,At Intersection (intersection related),Daylight,24TH AVE NW AND NW 59TH ST,0,1,Y,2,\\sdotnasvfa\sdot_vol1\H8\PROD\ATTACHMENTS\COL_REPORT\3327942.pdf,3327942,Dry,18,"MOTOR VEHICLE STRUCK PEDALCYCLIST, FRONT END AT ANGLE",10072004,3594,0,2,Injury Collision,,45,Bicycle,Matched,N,1,Clear or Partly Cloudy,0,2112,0,N,2010-83353
141250,"""(47.61510494300006, -122.31131462199994)""",110147,110147,Block,Cycles,\\sdotnasvfa\sdot_vol1\H8\PROD\ATTACHMENTS\COL_DIAGRAM\22182100.bmp,42.5,,,0,,10/28/2010 07:00:00 AM +0000,10/28/2010 11:38,0,,Mid-Block (not related to intersection),Daylight,E MADISON ST BETWEEN 16TH AVE AND E PINE ST,0,1,,2,\\sdotnasvfa\sdot_vol1\H8\PROD\ATTACHMENTS\COL_REPORT\3199015.pdf,3199015,Wet,18,"MOTOR VEHICLE STRUCK PEDALCYCLIST, FRONT END AT ANGLE",10301023,14347,0,1,Property Damage Only Collision,,45,Bicycle,Matched,N,1,Raining,0,22973,0,N,2010-376440