OBJECTID,Shape,INCKEY,COLDETKEY,ADDRTYPE,COLLISIONTYPE,DIAGRAMLINK,DISTANCE,EXCEPTRSNCODE,EXCEPTRSNDESC,FATALITIES,INATTENTIONIND,INCDATE,INCDTTM,INJURIES,INTKEY,JUNCTIONTYPE,LIGHTCOND,LOCATION,PEDCOUNT,PEDCYLCOUNT,PEDROWNOTGRNT,PERSONCOUNT,REPORTLINK,REPORTNO,ROADCOND,SDOT_COLCODE,SDOT_COLDESC,SDOTCOLNUM,SEGKEY,SERIOUSINJURIES,SEVERITYCODE,SEVERITYDESC,SPEEDING,ST_COLCODE,ST_COLDESC,STATUS,UNDERINFL,VEHCOUNT,WEATHER,WIDTH,SEGLANEKEY,CROSSWALKKEY,HITPARKEDCAR,SPDCASENO
141272,"""(47.615218748000075, -122.325528841)""",30275,30275,Intersection,Cycles,\\sdotnasvfa\sdot_vol1\H8\PROD\ATTACHMENTS\COL_DIAGRAM\77517100.bmp,0,,,0,,04/21/2004 07:00:00 AM +0000,4/21/2004 9:42,1,29860,At Intersection (intersection related),Daylight,SUMMIT AVE AND E PINE ST,0,1,,2,\\sdotnasvfa\sdot_vol1\H8\PROD\ATTACHMENTS\COL_REPORT\1772276.pdf,1772276,Dry,51,PEDALCYCLIST STRUCK MOTOR VEHICLE FRONT END AT ANGLE,4112005,12987,0,2,Injury Collision,,45,Bicycle,Matched,0,1,Clear or Partly Cloudy,0,0,0,N,04 159290
141305,"""(47.61594756900007, -122.33400804399997)""",30528,30528,Block,Cycles,\\sdotnasvfa\sdot_vol1\H8\PROD\ATTACHMENTS\COL_DIAGRAM\44186600.bmp,161,,,0,,11/19/2004 08:00:00 AM +0000,11/19/2004 18:27,1,,Driveway Junction,Dark - Street Lights On,STEWART ST BETWEEN 9TH AVE AND TERRY AVE,0,1,Y,2,\\sdotnasvfa\sdot_vol1\H8\PROD\ATTACHMENTS\COL_REPORT\1069581.pdf,1069581,Dry,18,"MOTOR VEHICLE STRUCK PEDALCYCLIST, FRONT END AT ANGLE",4324008,12906,0,2,Injury Collision,,45,Bicycle,Matched,0,1,Overcast,0,0,0,N,40484655
141425,"""(47.61873954100008, -122.32085448299995)""",110003,110003,Intersection,Cycles,\\sdotnasvfa\sdot_vol1\H8\PROD\ATTACHMENTS\COL_DIAGRAM\55515600.bmp,0,,,0,,10/30/2010 07:00:00 AM +0000,10/30/2010 17:38,1,29068,At Intersection (intersection related),Dusk,BROADWAY AND E DENNY WAY,0,1,,4,\\sdotnasvfa\sdot_vol1\H8\PROD\ATTACHMENTS\COL_REPORT\3386908.pdf,3386908,Wet,51,PEDALCYCLIST STRUCK MOTOR VEHICLE FRONT END AT ANGLE,10303009,9451,0,2,Injury Collision,,45,Bicycle,Matched,N,1,Raining,0,6813,0,N,2010-379556
141477,"""(47.63396882600006, -122.34228374299994)""",109043,109043,Intersection,Cycles,\\sdotnasvfa\sdot_vol1\H8\PROD\ATTACHMENTS\COL_DIAGRAM\11511200.bmp,0,,,0,Y,02/09/2010 08:00:00 AM +0000,2/9/2010 16:19,1,28027,At Intersection (intersection related),Daylight,DEXTER AVE N AND HAYES ST,0,1,,3,\\sdotnasvfa\sdot_vol1\H8\PROD\ATTACHMENTS\COL_REPORT\3328913.pdf,3328913,Dry,51,PEDALCYCLIST STRUCK MOTOR VEHICLE FRONT END AT ANGLE,10040023,10087,0,2,Injury Collision,,45,Bicycle,Matched,N,1,Clear or Partly Cloudy,0,12980,0,N,10-46092
141479,"""(47.62664106300008, -122.29641418399996)""",109717,109717,Intersection,Cycles,\\sdotnasvfa\sdot_vol1\H8\PROD\ATTACHMENTS\COL_DIAGRAM\33690000.bmp,0,,,0,,01/03/2011 08:00:00 AM +0000,1/3/2011 17:30,1,29224,At Intersection (intersection related),Dark - Street Lights On,28TH AVE E AND E ALOHA ST,0,1,,1,\\sdotnasvfa\sdot_vol1\H8\PROD\ATTACHMENTS\COL_REPORT\3568628.pdf,3568628,Ice,69,PEDALCYCLIST OVERTURNED IN ROAD,11003027,4104,1,2b,Serious Injury Collision,,45,Bicycle,Matched,N,0,Clear or Partly Cloudy,0,0,0,N,2011-3396
141539,"""(47.623128921000045, -122.32092426199995)""",30355,30355,Intersection,Cycles,\\sdotnasvfa\sdot_vol1\H8\PROD\ATTACHMENTS\COL_DIAGRAM\57185771.bmp,0,,,0,,05/22/2004 07:00:00 AM +0000,5/22/2004 16:27,1,29019,At Intersection (intersection related),Daylight,BROADWAY E AND E REPUBLICAN ST,0,1,Y,3,\\sdotnasvfa\sdot_vol1\H8\PROD\ATTACHMENTS\COL_REPORT\1772335.pdf,1772335,Dry,18,"MOTOR VEHICLE STRUCK PEDALCYCLIST, FRONT END AT ANGLE",4143004,9455,0,2,Injury Collision,,45,Bicycle,Matched,0,1,Overcast,0,0,0,N,04-207065
141683,"""(47.61445724200007, -122.32982243299995)""",30188,30188,Intersection,Cycles,\\sdotnasvfa\sdot_vol1\H8\PROD\ATTACHMENTS\COL_DIAGRAM\44186600.bmp,0,,,0,,03/23/2004 08:00:00 AM +0000,3/23/2004 9:18,1,29872,At Intersection (intersection related),Daylight,BOREN AVE AND PINE ST,0,1,,2,\\sdotnasvfa\sdot_vol1\H8\PROD\ATTACHMENTS\COL_REPORT\1777646.pdf,1777646,Dry,18,"MOTOR VEHICLE STRUCK PEDALCYCLIST, FRONT END AT ANGLE",4083014,9320,1,2b,Serious Injury Collision,,45,Bicycle,Matched,0,1,Clear or Partly Cloudy,0,0,0,N,04-117827
141700,"""(47.65538287600003, -122.34243924099997)""",30593,30593,Intersection,Cycles,\\sdotnasvfa\sdot_vol1\H8\PROD\ATTACHMENTS\COL_DIAGRAM\53181100.bmp,0,,,0,,12/08/2004 08:00:00 AM +0000,12/8/2004,1,26848,At Intersection (intersection related),Dark - Street Lights On,STONE WAY N AND N 40TH ST,0,1,Y,2,\\sdotnasvfa\sdot_vol1\H8\PROD\ATTACHMENTS\COL_REPORT\1796751.pdf,1796751,Wet,18,"MOTOR VEHICLE STRUCK PEDALCYCLIST, FRONT END AT ANGLE",4343050,12961,0,2,Injury Collision,,45,Bicycle,Matched,0,1,Raining,0,0,0,N,4509423
141732,"""(47.588224841000056, -122.32139126699997)""",109710,109710,Intersection,Cycles,\\sdotnasvfa\sdot_vol1\H8\PROD\ATTACHMENTS\COL_DIAGRAM\55515600.bmp,0,,,0,,04/13/2010 07:00:00 AM +0000,4/13/2010 10:51,1,31234,At Intersection (intersection related),Daylight,AIRPORT WAY S AND S MASSACHUSETTS ST,0,1,,2,\\sdotnasvfa\sdot_vol1\H8\PROD\ATTACHMENTS\COL_REPORT\3335249.pdf,3335249,Wet,51,PEDALCYCLIST STRUCK MOTOR VEHICLE FRONT END AT ANGLE,10103001,8658,0,2,Injury Collision,,45,Bicycle,Matched,N,1,Clear or Partly Cloudy,0,19466,0,N,2010-119769
141753,"""(47.66800627300006, -122.30648740199996)""",109855,109855,Intersection,Cycles,\\sdotnasvfa\sdot_vol1\H8\PROD\ATTACHMENTS\COL_DIAGRAM\53181100.bmp,0,,,0,,12/28/2010 08:00:00 AM +0000,12/28/2010 17:19,1,26039,At Intersection (intersection related),Dark - Street Lights On,20TH AVE NE AND NE 54TH ST,0,1,Y,2,\\sdotnasvfa\sdot_vol1\H8\PROD\ATTACHMENTS\COL_REPORT\3561529.pdf,3561529,Wet,18,"MOTOR VEHICLE STRUCK PEDALCYCLIST, FRONT END AT ANGLE",10362011,2964,0,2,Injury Collision,,45,Bicycle,Matched,N,1,Overcast,0,7944,0,N,10-445137
141842,"""(47.62207493500006, -122.34759184799998)""",30433,30433,Intersection,Cycles,\\sdotnasvfa\sdot_vol1\H8\PROD\ATTACHMENTS\COL_DIAGRAM\77515500.bmp,0,,,0,,08/27/2004 07:00:00 AM +0000,8/27/2004 8:54,1,28925,At Intersection (intersection related),Daylight,5TH AVE N AND HARRISON ST,0,1,,3,\\sdotnasvfa\sdot_vol1\H8\PROD\ATTACHMENTS\COL_REPORT\1784877.pdf,1784877,Dry,51,PEDALCYCLIST STRUCK MOTOR VEHICLE FRONT END AT ANGLE,4240002,7262,0,2,Injury Collision,,45,Bicycle,Matched,0,1,Clear or Partly Cloudy,0,0,0,N,04 359034
141869,"""(47.69092351900008, -122.34452620899998)""",29559,29559,Block,Cycles,\\sdotnasvfa\sdot_vol1\H8\PROD\ATTACHMENTS\COL_DIAGRAM\77185907.bmp,132,,,0,,07/03/2004 07:00:00 AM +0000,7/3/2004,1,,Driveway Junction,Dark - Street Lights On,AURORA AVE N BETWEEN N 85TH ST AND N 86TH ST,0,0,,3,\\sdotnasvfa\sdot_vol1\H8\PROD\ATTACHMENTS\COL_REPORT\1079959.pdf,1079959,Wet,18,"MOTOR VEHICLE STRUCK PEDALCYCLIST, FRONT END AT ANGLE",4185002,8963,0,2,Injury Collision,,45,Bicycle,Matched,1,1,Raining,0,0,0,N,
141877,"""(47.59961782000005, -122.32896629899994)""",30016,30016,Block,Cycles,\\sdotnasvfa\sdot_vol1\H8\PROD\ATTACHMENTS\COL_DIAGRAM\11551100.bmp,153,,,0,,10/14/2004 07:00:00 AM +0000,10/14/2004 13:29,1,,Mid-Block (but intersection related),Daylight,4TH AVE S BETWEEN S MAIN ST AND S JACKSON ST,0,1,,2,\\sdotnasvfa\sdot_vol1\H8\PROD\ATTACHMENTS\COL_REPORT\1213263.pdf,1213263,Dry,55,PEDALCYCLIST STRUCK MOTOR VEHICLE RIGHT SIDE SIDESWIPE,4288021,6228,0,2,Injury Collision,,45,Bicycle,Matched,0,1,Clear or Partly Cloudy,0,0,0,N,04-432139
141964,"""(47.60301939300007, -122.33317224599995)""",110399,110399,Intersection,Cycles,\\sdotnasvfa\sdot_vol1\H8\PROD\ATTACHMENTS\COL_DIAGRAM\43184400.bmp,0, ,,0,,09/02/2010 07:00:00 AM +0000,9/2/2010 19:14,1,30355,At Intersection (intersection related),Daylight,2ND AVE AND CHERRY ST,0,1,Y,2,\\sdotnasvfa\sdot_vol1\H8\PROD\ATTACHMENTS\COL_REPORT\3373655.pdf,3373655,Dry,18,"MOTOR VEHICLE STRUCK PEDALCYCLIST, FRONT END AT ANGLE",10245029,2750,0,2,Injury Collision,,45,Bicycle,Matched,N,1,Clear or Partly Cloudy,0,12029,0,N,10-307690
141986,"""(47.66749016400007, -122.31303423799994)""",108484,108484,Block,Cycles,\\sdotnasvfa\sdot_vol1\H8\PROD\ATTACHMENTS\COL_DIAGRAM\33185500.bmp,385,,,0,,10/01/2010 07:00:00 AM +0000,10/1/2010 15:00,1,,Mid-Block (not related to intersection),Daylight,UNIVERSITY WAY NE BETWEEN NE 52ND ST AND NE 55TH ST,0,1,Y,2,\\sdotnasvfa\sdot_vol1\H8\PROD\ATTACHMENTS\COL_REPORT\3559062.pdf,3559062,Dry,18,"MOTOR VEHICLE STRUCK PEDALCYCLIST, FRONT END AT ANGLE",10274012,13225,0,2,Injury Collision,,45,Bicycle,Matched,N,1,Clear or Partly Cloudy,0,5599,0,N,10-343513
142122,"""(47.56169778900005, -122.31313547099995)""",108622,108622,Block,Cycles,\\sdotnasvfa\sdot_vol1\H8\PROD\ATTACHMENTS\COL_DIAGRAM\77557700.bmp,85.5,,,0,,09/16/2010 07:00:00 AM +0000,9/16/2010 15:00,1,,Mid-Block (not related to intersection),Daylight,S SNOQUALMIE ST BETWEEN 15TH AVE S AND 16TH AVE S,0,1,Y,2,\\sdotnasvfa\sdot_vol1\H8\PROD\ATTACHMENTS\COL_REPORT\3374153.pdf,3374153,Unknown,55,PEDALCYCLIST STRUCK MOTOR VEHICLE RIGHT SIDE SIDESWIPE,10259052,21256,0,2,Injury Collision,,45,Bicycle,Matched,N,1,Unknown,0,0,0,N,2010-329252
142184,"""(47.61503572400005, -122.34436529899995)""",110118,110118,Block,Cycles,\\sdotnasvfa\sdot_vol1\H8\PROD\ATTACHMENTS\COL_DIAGRAM\66518800.bmp,161,,,0,,06/25/2010 07:00:00 AM +0000,6/25/2010 17:36,1,,Mid-Block (not related to intersection),Daylight,BELL ST BETWEEN 3RD AVE AND 4TH AVE,0,2,,3,\\sdotnasvfa\sdot_vol1\H8\PROD\ATTACHMENTS\COL_REPORT\3346086.pdf,3346086,Dry,51,PEDALCYCLIST STRUCK MOTOR VEHICLE FRONT END AT ANGLE,10176027,9200,0,2,Injury Collision,,45,Bicycle,Matched,Y,1,Overcast,0,14228,0,N,10-216139
142228,"""(47.55570116800004, -122.386935129)""",109420,109420,Intersection,Cycles,\\sdotnasvfa\sdot_vol1\H8\PROD\ATTACHMENTS\COL_DIAGRAM\11183300.bmp,0,,,0,,10/01/2010 07:00:00 AM +0000,10/1/2010 12:54,1,32788,At Intersection (intersection related),Daylight,CALIFORNIA AVE SW AND SW DAWSON S ST,0,1,,2,\\sdotnasvfa\sdot_vol1\H8\PROD\ATTACHMENTS\COL_REPORT\3342576.pdf,3342576,Dry,18,"MOTOR VEHICLE STRUCK PEDALCYCLIST, FRONT END AT ANGLE",10274037,9558,1,2b,Serious Injury Collision,,45,Bicycle,Matched,N,1,Clear or Partly Cloudy,0,0,0,N,2010-343337
142258,"""(47.624575520000064, -122.35409847999995)""",108467,108467,Intersection,Cycles,\\sdotnasvfa\sdot_vol1\H8\PROD\ATTACHMENTS\COL_DIAGRAM\11513300.bmp,0, ,,0,,09/24/2010 07:00:00 AM +0000,9/24/2010 17:12,0,28918,At Intersection (intersection related),Unknown,MERCER ST AND WARREN AVE N,0,1,Y,2,\\sdotnasvfa\sdot_vol1\H8\PROD\ATTACHMENTS\COL_REPORT\3335139.pdf,3335139,Unknown,51,PEDALCYCLIST STRUCK MOTOR VEHICLE FRONT END AT ANGLE,10267014,11763,0,1,Property Damage Only Collision,,45,Bicycle,Matched,N,1,Clear or Partly Cloudy,0,0,622624,N,10-334738
142260,"""(47.599224596000056, -122.31157742299996)""",109965,109965,Intersection,Cycles,\\sdotnasvfa\sdot_vol1\H8\PROD\ATTACHMENTS\COL_DIAGRAM\32187700.bmp,0,,,0,,10/15/2010 07:00:00 AM +0000,10/15/2010 10:41,1,30748,At Intersection (intersection related),Daylight,16TH AVE S AND S JACKSON ST,0,1,Y,2,\\sdotnasvfa\sdot_vol1\H8\PROD\ATTACHMENTS\COL_REPORT\3386621.pdf,3386621,Dry,18,"MOTOR VEHICLE STRUCK PEDALCYCLIST, FRONT END AT ANGLE",10288008,2282,0,2,Injury Collision,,45,Bicycle,Matched,N,1,Clear or Partly Cloudy,0,11025,0,N,2010-360835
142261,"""(47.65051917300008, -122.32209446499996)""",110246,110246,Intersection,Cycles,\\sdotnasvfa\sdot_vol1\H8\PROD\ATTACHMENTS\COL_DIAGRAM\11231900.bmp,0,,,0,,08/09/2010 07:00:00 AM +0000,8/9/2010 7:50,1,27157,At Intersection (but not related to intersection),Daylight,EASTLAKE AVE E AND HARVARD AVE E,0,1,Y,2,\\sdotnasvfa\sdot_vol1\H8\PROD\ATTACHMENTS\COL_REPORT\3345375.pdf,3345375,Dry,23,"MOTOR VEHICLE STRUCK PEDALCYCLIST, LEFT SIDE SIDESWIPE",10221032,10184,0,2,Injury Collision,,45,Bicycle,Matched,N,1,Overcast,0,6060,0,N,2010-276481
142326,"""(47.67577478700008, -122.30012567299997)""",29964,29964,Block,Cycles,\\sdotnasvfa\sdot_vol1\H8\PROD\ATTACHMENTS\COL_DIAGRAM\31187907.bmp,130,,,0,,09/09/2004 07:00:00 AM +0000,9/9/2004,1,,Driveway Junction,Daylight,NE 65TH ST BETWEEN 25TH AVE NE AND 26TH AVE NE,0,1,,2,\\sdotnasvfa\sdot_vol1\H8\PROD\ATTACHMENTS\COL_REPORT\1220281.pdf,1220281,Dry,18,"MOTOR VEHICLE STRUCK PEDALCYCLIST, FRONT END AT ANGLE",4253030,17278,0,2,Injury Collision,,45,Bicycle,Matched,0,1,Clear or Partly Cloudy,0,0,0,N,4379249
142339,"""(47.70468772400005, -122.34468980499997)""",29707,29707,Block,Cycles,\\sdotnasvfa\sdot_vol1\H8\PROD\ATTACHMENTS\COL_DIAGRAM\11211100.bmp,132,,,0,Y,07/09/2004 07:00:00 AM +0000,7/9/2004,1,,Mid-Block (not related to intersection),Daylight,AURORA AVE N BETWEEN N 104TH ST AND N NORTHGATE WAY,0,1,,2,\\sdotnasvfa\sdot_vol1\H8\PROD\ATTACHMENTS\COL_REPORT\1079878.pdf,1079878,Wet,21,"MOTOR VEHICLE STRUCK PEDALCYCLIST, REAR END",4191005,8984,0,2,Injury Collision,,45,Bicycle,Matched,0,1,Clear or Partly Cloudy,0,0,0,N,4283825
142376,"""(47.65104751100006, -122.32168580199999)""",30009,30009,Block,Cycles,\\sdotnasvfa\sdot_vol1\H8\PROD\ATTACHMENTS\COL_DIAGRAM\66236600.bmp,218,,,0,,09/02/2004 07:00:00 AM +0000,9/2/2004,1,,Mid-Block (not related to intersection),Daylight,EASTLAKE AVE E BETWEEN HARVARD AVE E AND FUHRMAN AVE E,0,1,Y,2,\\sdotnasvfa\sdot_vol1\H8\PROD\ATTACHMENTS\COL_REPORT\1217255.pdf,1217255,Dry,23,"MOTOR VEHICLE STRUCK PEDALCYCLIST, LEFT SIDE SIDESWIPE",4246010,10184,0,2,Injury Collision,,45,Bicycle,Matched,0,1,Overcast,0,0,0,N,04-568388
142494,"""(47.61445724200007, -122.32982243299995)""",109144,109144,Intersection,Cycles,\\sdotnasvfa\sdot_vol1\H8\PROD\ATTACHMENTS\COL_DIAGRAM\66516700.bmp,0,,,0,,03/23/2010 07:00:00 AM +0000,3/23/2010 10:44,1,29872,At Intersection (intersection related),Daylight,BOREN AVE AND PINE ST,0,1,,2,\\sdotnasvfa\sdot_vol1\H8\PROD\ATTACHMENTS\COL_REPORT\3341803.pdf,3341803,Dry,51,PEDALCYCLIST STRUCK MOTOR VEHICLE FRONT END AT ANGLE,10082016,9320,0,2,Injury Collision,,45,Bicycle,Matched,N,1,Clear or Partly Cloudy,0,10320,0,N,10-95196
142518,"""(47.57004013400007, -122.36210570199995)""",109270,109270,Block,Cycles,\\sdotnasvfa\sdot_vol1\H8\PROD\ATTACHMENTS\COL_DIAGRAM\55518800.bmp,49, ,,0,,05/24/2010 07:00:00 AM +0000,5/24/2010 16:22,2,,Mid-Block (but intersection related),Daylight,DELRIDGE WAY SW BETWEEN SW CHARLESTOWN ST AND DELRIDGE-W SEATTLE BR EB ON RP,0,1,Y,3,\\sdotnasvfa\sdot_vol1\H8\PROD\ATTACHMENTS\COL_REPORT\3288358.pdf,3288358,Dry,51,PEDALCYCLIST STRUCK MOTOR VEHICLE FRONT END AT ANGLE,10144037,270155,0,2,Injury Collision,,45,Bicycle,Matched,N,1,Clear or Partly Cloudy,0,0,0,N,2010-171582
142529,"""(47.615218748000075, -122.325528841)""",108326,108326,Intersection,Cycles,\\sdotnasvfa\sdot_vol1\H8\PROD\ATTACHMENTS\COL_DIAGRAM\55187771.bmp,0,,,0,,08/11/2010 07:00:00 AM +0000,8/11/2010 18:22,1,29860,At Intersection (intersection related),Daylight,SUMMIT AVE AND E PINE ST,0,1,Y,2,\\sdotnasvfa\sdot_vol1\H8\PROD\ATTACHMENTS\COL_REPORT\3332466.pdf,3332466,Dry,18,"MOTOR VEHICLE STRUCK PEDALCYCLIST, FRONT END AT ANGLE",10223007,12987,0,2,Injury Collision,,45,Bicycle,Matched,N,1,Clear or Partly Cloudy,0,10354,0,N,10 279729
142563,"""(47.67070345800005, -122.30649833799998)""",109417,109417,Intersection,Cycles,\\sdotnasvfa\sdot_vol1\H8\PROD\ATTACHMENTS\COL_DIAGRAM\18513300.bmp,0,,,0,,05/11/2010 07:00:00 AM +0000,5/11/2010 10:16,1,26002,At Intersection (intersection related),Daylight,20TH AVE NE AND NE 58TH ST,0,1,Y,3,\\sdotnasvfa\sdot_vol1\H8\PROD\ATTACHMENTS\COL_REPORT\3286947.pdf,3286947,Dry,51,PEDALCYCLIST STRUCK MOTOR VEHICLE FRONT END AT ANGLE,10131002,337138,0,2,Injury Collision,,45,Bicycle,Matched,N,1,Clear or Partly Cloudy,0,0,0,N,2010-153916
142566,"""(47.60651901700004, -122.31678037899997)""",109415,109415,Block,Cycles,\\sdotnasvfa\sdot_vol1\H8\PROD\ATTACHMENTS\COL_DIAGRAM\55690000.bmp,116,,,0,,05/09/2010 07:00:00 AM +0000,5/9/2010 22:33,1,,Mid-Block (not related to intersection),Dark - Street Lights On,12TH AVE BETWEEN E JEFFERSON ST AND E BARCLAY CT,0,1,,1,\\sdotnasvfa\sdot_vol1\H8\PROD\ATTACHMENTS\COL_REPORT\3282418.pdf,3282418,Dry,69,PEDALCYCLIST OVERTURNED IN ROAD,10129001,1529,1,2b,Serious Injury Collision,,45,Bicycle,Matched,N,0,Clear or Partly Cloudy,0,10636,0,N,10-152154
142575,"""(47.62715946700007, -122.34754993099995)""",108723,108723,Intersection,Cycles,\\sdotnasvfa\sdot_vol1\H8\PROD\ATTACHMENTS\COL_DIAGRAM\55517700.bmp,0,,,0,Y,02/25/2010 08:00:00 AM +0000,2/25/2010 7:55,1,28872,At Intersection (intersection related),Daylight,5TH AVE N AND ALOHA ST,0,1,,3,\\sdotnasvfa\sdot_vol1\H8\PROD\ATTACHMENTS\COL_REPORT\3326444.pdf,3326444,Wet,51,PEDALCYCLIST STRUCK MOTOR VEHICLE FRONT END AT ANGLE,10056001,7267,0,2,Injury Collision,,45,Bicycle,Matched,N,1,Raining,0,0,0,N,10-63430
142583,"""(47.62302952200008, -122.29685042599999)""",108594,108594,Block,Cycles,\\sdotnasvfa\sdot_vol1\H8\PROD\ATTACHMENTS\COL_DIAGRAM\22562200.bmp,148,,,0,,08/24/2010 07:00:00 AM +0000,8/24/2010 17:07,1,,Mid-Block (not related to intersection),Daylight,E MADISON ST BETWEEN 27TH N AVE E AND M L KING JR WAY E,0,1,Y,2,\\sdotnasvfa\sdot_vol1\H8\PROD\ATTACHMENTS\COL_REPORT\3332239.pdf,3332239,Dry,56,PEDALCYCLIST STRUCK MOTOR VEHICLE LEFT SIDE SIDESWIPE,10236014,14360,0,2,Injury Collision,,45,Bicycle,Matched,0,1,Clear or Partly Cloudy,0,34591,0,N,10-296205
142679,,29782,29782,Block,Cycles,\\sdotnasvfa\sdot_vol1\H8\PROD\ATTACHMENTS\COL_DIAGRAM\11183973.bmp,34.5,,,0,,09/11/2004 07:00:00 AM +0000,9/11/2004 13:47,1,,Mid-Block (not related to intersection),Dawn,30TH AVE NE BETWEEN NE BLAKELEY S ST AND NE 50TH ST,0,1,Y,2,\\sdotnasvfa\sdot_vol1\H8\PROD\ATTACHMENTS\COL_REPORT\1793809.pdf,1793809,Wet,18,"MOTOR VEHICLE STRUCK PEDALCYCLIST, FRONT END AT ANGLE",4255012,4599,0,2,Injury Collision,,45,Bicycle,Matched,0,1,Overcast,0,0,0,N,04-382445
142840,"""(47.60680128700005, -122.33356204899997)""",108597,108597,Intersection,Cycles,\\sdotnasvfa\sdot_vol1\H8\PROD\ATTACHMENTS\COL_DIAGRAM\22184471.bmp,0, ,,0,,03/24/2010 07:00:00 AM +0000,3/24/2010 8:15,1,29949,At Intersection (intersection related),Daylight,4TH AVE AND SPRING ST,0,1,Y,2,\\sdotnasvfa\sdot_vol1\H8\PROD\ATTACHMENTS\COL_REPORT\3325929.pdf,3325929,Dry,18,"MOTOR VEHICLE STRUCK PEDALCYCLIST, FRONT END AT ANGLE",10083015,6127,0,2,Injury Collision,Y,45,Bicycle,Matched,N,1,Clear or Partly Cloudy,0,0,523605,N,10-96236
142863,"""(47.701821962000054, -122.35541864199996)""",110368,110368,Block,Cycles,\\sdotnasvfa\sdot_vol1\H8\PROD\ATTACHMENTS\COL_DIAGRAM\77185500.bmp,132,,,0,,11/10/2010 08:00:00 AM +0000,11/10/2010 14:00,1,,Mid-Block (not related to intersection),Unknown,GREENWOOD AVE N BETWEEN N 100TH ST AND N 101ST ST,0,1,Y,2,\\sdotnasvfa\sdot_vol1\H8\PROD\ATTACHMENTS\COL_REPORT\3206060.pdf,3206060,Unknown,18,"MOTOR VEHICLE STRUCK PEDALCYCLIST, FRONT END AT ANGLE",10314003,10760,0,2,Injury Collision,,45,Bicycle,Matched,N,1,Unknown,0,4755,0,N,10-396431
142889,"""(47.62614319900007, -122.320223038)""",110228,110228,Block,Cycles,\\sdotnasvfa\sdot_vol1\H8\PROD\ATTACHMENTS\COL_DIAGRAM\56515900.bmp,249.5,,,0,,06/01/2010 07:00:00 AM +0000,6/1/2010 10:15,1,,Mid-Block (not related to intersection),Daylight,10TH AVE E BETWEEN E ROY W ST AND E ALOHA ST,0,1,Y,2,\\sdotnasvfa\sdot_vol1\H8\PROD\ATTACHMENTS\COL_REPORT\3283168.pdf,3283168,Dry,51,PEDALCYCLIST STRUCK MOTOR VEHICLE FRONT END AT ANGLE,10152032,1290,0,2,Injury Collision,,45,Bicycle,Matched,N,1,Clear or Partly Cloudy,0,6193,0,N,2010-182337
142895,"""(47.70499627100003, -122.32854959999997)""",108451,108451,Intersection,Cycles,\\sdotnasvfa\sdot_vol1\H8\PROD\ATTACHMENTS\COL_DIAGRAM\77185571.bmp,0,,,0,,09/13/2010 07:00:00 AM +0000,9/13/2010 16:50,1,37566,At Intersection (intersection related),Daylight,1ST AVE NE AND NE 105TH ST,0,1,,2,\\sdotnasvfa\sdot_vol1\H8\PROD\ATTACHMENTS\COL_REPORT\3377022.pdf,3377022,Dry,18,"MOTOR VEHICLE STRUCK PEDALCYCLIST, FRONT END AT ANGLE",10256006,1097,0,2,Injury Collision,,45,Bicycle,Matched,Y,1,Clear or Partly Cloudy,0,0,0,N,10-321307
142946,"""(47.66804977000004, -122.37961752399997)""",109950,109950,Block,Cycles,\\sdotnasvfa\sdot_vol1\H8\PROD\ATTACHMENTS\COL_DIAGRAM\44544400.bmp,290.5,,,0,Y,10/04/2010 07:00:00 AM +0000,10/4/2010 9:21,1,,Driveway Junction,Daylight,BARNES AVE NW BETWEEN 17TH AVE NW AND NW MARKET ST,0,1,,3,\\sdotnasvfa\sdot_vol1\H8\PROD\ATTACHMENTS\COL_REPORT\3374922.pdf,3374922,Dry,54,PEDALCYCLIST STRUCK MOTOR VEHICLE REAR END,10277028,9063,0,2,Injury Collision,,45,Bicycle,Matched,N,1,Clear or Partly Cloudy,0,0,0,N,10-346809
142990,"""(47.66867543400008, -122.38185005899999)""",106581,106581,Block,Cycles,\\sdotnasvfa\sdot_vol1\H8\PROD\ATTACHMENTS\COL_DIAGRAM\77567900.bmp,68.5,,,0,Y,10/03/2009 07:00:00 AM +0000,10/3/2009,1,,Mid-Block (not related to intersection),Daylight,NW MARKET ST BETWEEN TALLMAN AVE NW AND 20TH AVE NW,0,1,,3,\\sdotnasvfa\sdot_vol1\H8\PROD\ATTACHMENTS\COL_REPORT\3198863.pdf,3198863,Dry,56,PEDALCYCLIST STRUCK MOTOR VEHICLE LEFT SIDE SIDESWIPE,9276003,19231,0,2,Injury Collision,,45,Bicycle,Matched,0,1,Clear or Partly Cloudy,0,25888,0,N,09-349463
143012,"""(47.599210087000074, -122.31413725499999)""",108311,108311,Intersection,Cycles,\\sdotnasvfa\sdot_vol1\H8\PROD\ATTACHMENTS\COL_DIAGRAM\55187700.bmp,0,,,0,,02/18/2010 08:00:00 AM +0000,2/18/2010 20:07,1,30428,At Intersection (intersection related),Dark - Street Lights On,BOREN AVE S AND RAINIER AVE S,0,1,Y,2,\\sdotnasvfa\sdot_vol1\H8\PROD\ATTACHMENTS\COL_REPORT\3329509.pdf,3329509,Dry,18,"MOTOR VEHICLE STRUCK PEDALCYCLIST, FRONT END AT ANGLE",10049017,12340,0,2,Injury Collision,,45,Bicycle,Matched,N,1,Clear or Partly Cloudy,0,11014,0,N,10-56214