OBJECTID,Shape,INCKEY,COLDETKEY,ADDRTYPE,COLLISIONTYPE,DIAGRAMLINK,DISTANCE,EXCEPTRSNCODE,EXCEPTRSNDESC,FATALITIES,INATTENTIONIND,INCDATE,INCDTTM,INJURIES,INTKEY,JUNCTIONTYPE,LIGHTCOND,LOCATION,PEDCOUNT,PEDCYLCOUNT,PEDROWNOTGRNT,PERSONCOUNT,REPORTLINK,REPORTNO,ROADCOND,SDOT_COLCODE,SDOT_COLDESC,SDOTCOLNUM,SEGKEY,SERIOUSINJURIES,SEVERITYCODE,SEVERITYDESC,SPEEDING,ST_COLCODE,ST_COLDESC,STATUS,UNDERINFL,VEHCOUNT,WEATHER,WIDTH,SEGLANEKEY,CROSSWALKKEY,HITPARKEDCAR,SPDCASENO
147522,"""(47.64958972900007, -122.34974744899995)""",27050,27050,Intersection,Cycles,\\sdotnasvfa\sdot_vol1\H8\PROD\ATTACHMENTS\COL_DIAGRAM\75183571.bmp,0,,,0,,04/29/2004 07:00:00 AM +0000,4/29/2004 10:10,1,27039,At Intersection (intersection related),Daylight,FREMONT AVE N AND N 34TH ST,0,1,Y,2,\\sdotnasvfa\sdot_vol1\H8\PROD\ATTACHMENTS\COL_REPORT\1218473.pdf,1218473,Dry,18,"MOTOR VEHICLE STRUCK PEDALCYCLIST, FRONT END AT ANGLE",4120010,10485,1,2b,Serious Injury Collision,,45,Bicycle,Matched,0,1,Clear or Partly Cloudy,0,0,0,N,03-171373
147560,"""(47.60527694600006, -122.28350343499994)""",27049,27049,Block,Cycles,\\sdotnasvfa\sdot_vol1\H8\PROD\ATTACHMENTS\COL_DIAGRAM\54185500.bmp,238,,,0,,08/14/2004 07:00:00 AM +0000,8/14/2004 6:55,1,,Mid-Block (not related to intersection),Daylight,LAKE WASHINGTON BLVD BETWEEN E TERRACE ST AND E JEFFERSON ST,0,1,,2,\\sdotnasvfa\sdot_vol1\H8\PROD\ATTACHMENTS\COL_REPORT\1217190.pdf,1217190,Dry,18,"MOTOR VEHICLE STRUCK PEDALCYCLIST, FRONT END AT ANGLE",4227006,11194,0,2,Injury Collision,,45,Bicycle,Matched,0,1,Clear or Partly Cloudy,0,0,0,N,04-339698
147590,"""(47.61290392800004, -122.30687719999997)""",107388,107388,Block,Cycles,\\sdotnasvfa\sdot_vol1\H8\PROD\ATTACHMENTS\COL_DIAGRAM\33516600.bmp,155.5,,,0,,03/04/2010 08:00:00 AM +0000,3/4/2010 22:11,0,,Mid-Block (not related to intersection),Dark - Street Lights On,E UNION ST BETWEEN 19TH AVE AND 20TH AVE,0,1,,2,\\sdotnasvfa\sdot_vol1\H8\PROD\ATTACHMENTS\COL_REPORT\3329370.pdf,3329370,Dry,51,PEDALCYCLIST STRUCK MOTOR VEHICLE FRONT END AT ANGLE,10063021,14897,0,1,Property Damage Only Collision,,45,Bicycle,Matched,N,1,Clear or Partly Cloudy,0,9350,0,N,10-72822
147636,"""(47.67843998600006, -122.32716208399995)""",106718,106718,Block,Cycles,\\sdotnasvfa\sdot_vol1\H8\PROD\ATTACHMENTS\COL_DIAGRAM\33513400.bmp,90.5,,,0,,05/31/2009 07:00:00 AM +0000,5/31/2009 13:12,1,,Mid-Block (not related to intersection),Daylight,EAST GREEN LAKE WAY N BETWEEN 2ND AVE NE AND 4TH AVE NE,0,1,Y,2,\\sdotnasvfa\sdot_vol1\H8\PROD\ATTACHMENTS\COL_REPORT\3205930.pdf,3205930,Dry,51,PEDALCYCLIST STRUCK MOTOR VEHICLE FRONT END AT ANGLE,9151003,14082,0,2,Injury Collision,,45,Bicycle,Matched,0,1,Overcast,0,7406,0,N,09-187156
147655,"""(47.66146692900003, -122.36861555399997)""",106586,106586,Intersection,Cycles,\\sdotnasvfa\sdot_vol1\H8\PROD\ATTACHMENTS\COL_DIAGRAM\75187571.bmp,0, ,,0,,12/10/2009 08:00:00 AM +0000,12/10/2009 14:14,1,26710,At Intersection (intersection related),Daylight,9TH AVE NW AND NW 45TH ST,0,1,Y,2,\\sdotnasvfa\sdot_vol1\H8\PROD\ATTACHMENTS\COL_REPORT\3198286.pdf,3198286,Dry,18,"MOTOR VEHICLE STRUCK PEDALCYCLIST, FRONT END AT ANGLE",9344022,8563,0,2,Injury Collision,,45,Bicycle,Matched,0,1,Clear or Partly Cloudy,0,0,630875,N,09-425462
147680,"""(47.670916205000026, -122.38758736899996)""",27039,27039,Intersection,Cycles,\\sdotnasvfa\sdot_vol1\H8\PROD\ATTACHMENTS\COL_DIAGRAM\17185500.bmp,0,,,0,,05/07/2004 07:00:00 AM +0000,5/7/2004,1,25132,At Intersection (intersection related),Daylight,24TH AVE NW AND NW 58TH ST,0,1,Y,2,\\sdotnasvfa\sdot_vol1\H8\PROD\ATTACHMENTS\COL_REPORT\1476139.pdf,1476139,Wet,18,"MOTOR VEHICLE STRUCK PEDALCYCLIST, FRONT END AT ANGLE",4128004,3593,0,2,Injury Collision,,45,Bicycle,Matched,0,1,Raining,0,0,0,N,04-183713
147718,"""(47.68180341500005, -122.34989069199997)""",26753,26753,Intersection,Cycles,\\sdotnasvfa\sdot_vol1\H8\PROD\ATTACHMENTS\COL_DIAGRAM\33511100.bmp,0,,,0,,08/17/2004 07:00:00 AM +0000,8/17/2004 16:18,1,24323,At Intersection (intersection related),Daylight,FREMONT AVE N AND N 73RD ST,0,1,,2,\\sdotnasvfa\sdot_vol1\H8\PROD\ATTACHMENTS\COL_REPORT\1080155.pdf,1080155,Dry,51,PEDALCYCLIST STRUCK MOTOR VEHICLE FRONT END AT ANGLE,4230010,10516,0,2,Injury Collision,,45,Bicycle,Matched,0,1,Clear or Partly Cloudy,0,0,0,N,04 345044
147725,"""(47.67090128400008, -122.37621244399998)""",27166,27166,Intersection,Cycles,\\sdotnasvfa\sdot_vol1\H8\PROD\ATTACHMENTS\COL_DIAGRAM\57181770.bmp,0,,,0,,02/13/2004 08:00:00 AM +0000,2/13/2004 23:34,1,25403,At Intersection (intersection related),Dark - Street Lights On,15TH AVE NW AND NW 58TH ST,0,1,Y,2,\\sdotnasvfa\sdot_vol1\H8\PROD\ATTACHMENTS\COL_REPORT\1779937.pdf,1779937,Wet,18,"MOTOR VEHICLE STRUCK PEDALCYCLIST, FRONT END AT ANGLE",4044008,2105,0,2,Injury Collision,,45,Bicycle,Matched,0,1,Raining,0,0,0,N,04 063707
147764,"""(47.71936523200003, -122.30727176399995)""",106313,106313,Intersection,Cycles,\\sdotnasvfa\sdot_vol1\H8\PROD\ATTACHMENTS\COL_DIAGRAM\33517500.bmp,0,,,0,,09/04/2009 07:00:00 AM +0000,9/4/2009,1,36693,At Intersection (intersection related),Dawn,20TH AVE NE AND NE 125TH ST,0,1,Y,2,\\sdotnasvfa\sdot_vol1\H8\PROD\ATTACHMENTS\COL_REPORT\3286569.pdf,3286569,Dry,51,PEDALCYCLIST STRUCK MOTOR VEHICLE FRONT END AT ANGLE,9247036,3003,1,2b,Serious Injury Collision,,45,Bicycle,Matched,0,1,Clear or Partly Cloudy,0,42001,0,N,2009-312684
147767,"""(47.67308658600007, -122.37357867699995)""",108325,108325,Intersection,Cycles,\\sdotnasvfa\sdot_vol1\H8\PROD\ATTACHMENTS\COL_DIAGRAM\77185371.bmp,0,,,0,,08/09/2010 07:00:00 AM +0000,8/9/2010 11:58,1,25392,At Intersection (intersection related),Daylight,14TH AVE NW AND NW 61ST ST,0,1,Y,2,\\sdotnasvfa\sdot_vol1\H8\PROD\ATTACHMENTS\COL_REPORT\3559211.pdf,3559211,Unknown,18,"MOTOR VEHICLE STRUCK PEDALCYCLIST, FRONT END AT ANGLE",10221041,1901,1,2b,Serious Injury Collision,,45,Bicycle,Matched,N,1,Unknown,0,0,0,N,10-284518
147881,"""(47.62198601000006, -122.32530599499995)""",106038,106038,Intersection,Cycles,\\sdotnasvfa\sdot_vol1\H8\PROD\ATTACHMENTS\COL_DIAGRAM\11517700.bmp,0,,,0,,07/20/2009 07:00:00 AM +0000,7/20/2009 7:32,1,29140,At Intersection (intersection related),Daylight,SUMMIT AVE E AND E HARRISON ST,0,1,Y,2,\\sdotnasvfa\sdot_vol1\H8\PROD\ATTACHMENTS\COL_REPORT\2827950.pdf,2827950,Dry,51,PEDALCYCLIST STRUCK MOTOR VEHICLE FRONT END AT ANGLE,9201005,12995,0,2,Injury Collision,,45,Bicycle,Matched,0,1,Clear or Partly Cloudy,0,0,0,N,2009-252793
147963,"""(47.66029647200003, -122.33374316899994)""",26328,26328,Intersection,Cycles,\\sdotnasvfa\sdot_vol1\H8\PROD\ATTACHMENTS\COL_DIAGRAM\33515500.bmp,0,,,0,,09/08/2004 07:00:00 AM +0000,9/8/2004,1,27189,At Intersection (intersection related),Dark - No Street Lights,MERIDIAN AVE N AND N 44TH ST,0,1,,2,\\sdotnasvfa\sdot_vol1\H8\PROD\ATTACHMENTS\COL_REPORT\1776175.pdf,1776175,Dry,51,PEDALCYCLIST STRUCK MOTOR VEHICLE FRONT END AT ANGLE,4252039,11791,0,2,Injury Collision,,45,Bicycle,Matched,1,1,Overcast,0,0,0,N,04 378413
148062,"""(47.67801242100006, -122.31739331799997)""",106170,106170,Intersection,Cycles,\\sdotnasvfa\sdot_vol1\H8\PROD\ATTACHMENTS\COL_DIAGRAM\55517700.bmp,0,,,0,Y,12/11/2009 08:00:00 AM +0000,12/11/2009 7:27,1,24483,At Intersection (intersection related),Dawn,ROOSEVELT WAY NE AND NE 68TH ST,0,1,,2,\\sdotnasvfa\sdot_vol1\H8\PROD\ATTACHMENTS\COL_REPORT\3333504.pdf,3333504,Dry,51,PEDALCYCLIST STRUCK MOTOR VEHICLE FRONT END AT ANGLE,9345026,12618,0,2,Injury Collision,,45,Bicycle,Matched,0,1,Clear or Partly Cloudy,0,9408,0,N,2009-426245
148067,"""(47.52644853800007, -122.31758185099994)""",104168,104168,Intersection,Cycles,\\sdotnasvfa\sdot_vol1\H8\PROD\ATTACHMENTS\COL_DIAGRAM\11187570.bmp,0,,,0,,02/04/2009 08:00:00 AM +0000,2/4/2009,1,35096,At Intersection (intersection related),Dark - Street Lights On,12TH AVE S AND S CLOVERDALE ST,0,1,Y,2,\\sdotnasvfa\sdot_vol1\H8\PROD\ATTACHMENTS\COL_REPORT\3296132.pdf,3296132,Dry,18,"MOTOR VEHICLE STRUCK PEDALCYCLIST, FRONT END AT ANGLE",9035021,1689,0,2,Injury Collision,,45,Bicycle,Matched,0,1,Clear or Partly Cloudy,0,0,0,N,09-43099
148114,"""(47.624401791000025, -122.33428603899995)""",104830,104830,Block,Cycles,\\sdotnasvfa\sdot_vol1\H8\PROD\ATTACHMENTS\COL_DIAGRAM\11211900.bmp,50,,,0,Y,07/29/2009 07:00:00 AM +0000,7/29/2009 7:55,0,,Mid-Block (but intersection related),Daylight,FAIRVIEW AVE N BETWEEN MERCER S SR ST AND MERCER ST,0,1,,2,\\sdotnasvfa\sdot_vol1\H8\PROD\ATTACHMENTS\COL_REPORT\3207268.pdf,3207268,Dry,21,"MOTOR VEHICLE STRUCK PEDALCYCLIST, REAR END",9210020,274457,0,1,Property Damage Only Collision,,45,Bicycle,Matched,N,1,Clear or Partly Cloudy,0,25396,0,N,09 264986
148163,"""(47.64688448100003, -122.33755585699998)""",105896,105896,Intersection,Cycles,\\sdotnasvfa\sdot_vol1\H8\PROD\ATTACHMENTS\COL_DIAGRAM\55183171.bmp,0,,,0,,05/25/2009 07:00:00 AM +0000,5/25/2009 16:11,1,26915,At Intersection (intersection related),Daylight,DENSMORE AVE N AND N NORTHLAKE WAY,0,2,Y,3,\\sdotnasvfa\sdot_vol1\H8\PROD\ATTACHMENTS\COL_REPORT\3210185.pdf,3210185,Dry,18,"MOTOR VEHICLE STRUCK PEDALCYCLIST, FRONT END AT ANGLE",9145004,10025,0,2,Injury Collision,,45,Bicycle,Matched,0,1,Clear or Partly Cloudy,0,0,0,N,2009-178755
148165,"""(47.675777280000034, -122.29741281999998)""",104159,104159,Intersection,Cycles,\\sdotnasvfa\sdot_vol1\H8\PROD\ATTACHMENTS\COL_DIAGRAM\31187700.bmp,0,,,0,,11/01/2009 07:00:00 AM +0000,11/1/2009,1,24698,At Intersection (intersection related),Daylight,28TH AVE NE AND NE 65TH ST,0,1,Y,2,\\sdotnasvfa\sdot_vol1\H8\PROD\ATTACHMENTS\COL_REPORT\3206463.pdf,3206463,Dry,18,"MOTOR VEHICLE STRUCK PEDALCYCLIST, FRONT END AT ANGLE",9305016,4110,0,2,Injury Collision,,45,Bicycle,Matched,0,1,Clear or Partly Cloudy,0,29805,0,N,2009-383895
148309,"""(47.65552386500008, -122.31914462099996)""",26535,26535,Block,Cycles,\\sdotnasvfa\sdot_vol1\H8\PROD\ATTACHMENTS\COL_DIAGRAM\75187700.bmp,453, ,,0,,10/14/2004 07:00:00 AM +0000,10/14/2004 17:30,1,,Mid-Block (not related to intersection),Unknown,NE 40TH ST BETWEEN 7TH AVE NE AND UNIVERSITY BR OFF RP,0,1,,2,\\sdotnasvfa\sdot_vol1\H8\PROD\ATTACHMENTS\COL_REPORT\1780896.pdf,1780896,Unknown,18,"MOTOR VEHICLE STRUCK PEDALCYCLIST, FRONT END AT ANGLE",4288001,16733,0,2,Injury Collision,,45,Bicycle,Matched,0,1,Unknown,0,0,0,N,4441339
148331,"""(47.67598534700005, -122.36602339899997)""",26563,26563,Intersection,Cycles,\\sdotnasvfa\sdot_vol1\H8\PROD\ATTACHMENTS\COL_DIAGRAM\55187171.bmp,0,,,0,,07/26/2004 07:00:00 AM +0000,7/26/2004 14:48,0,24214,At Intersection (intersection related),Daylight,8TH AVE NW AND NW 65TH ST,0,1,,2,\\sdotnasvfa\sdot_vol1\H8\PROD\ATTACHMENTS\COL_REPORT\1080205.pdf,1080205,Dry,18,"MOTOR VEHICLE STRUCK PEDALCYCLIST, FRONT END AT ANGLE",4208015,8395,0,1,Property Damage Only Collision,,45,Bicycle,Matched,0,1,Clear or Partly Cloudy,0,0,0,N,04-310131
148341,"""(47.60900951700006, -122.29755069499998)""",105762,105762,Intersection,Cycles,\\sdotnasvfa\sdot_vol1\H8\PROD\ATTACHMENTS\COL_DIAGRAM\33185500.bmp,0,,,0,,06/04/2009 07:00:00 AM +0000,6/4/2009,1,30056,At Intersection (intersection related),Daylight,27TH AVE AND E COLUMBIA ST,0,1,Y,2,\\sdotnasvfa\sdot_vol1\H8\PROD\ATTACHMENTS\COL_REPORT\2797154.pdf,2797154,Dry,18,"MOTOR VEHICLE STRUCK PEDALCYCLIST, FRONT END AT ANGLE",9155019,3991,0,2,Injury Collision,,45,Bicycle,Matched,0,1,Clear or Partly Cloudy,0,0,0,N,09-192849
148414,"""(47.68224759700007, -122.38755410499999)""",105086,105086,Block,Cycles,\\sdotnasvfa\sdot_vol1\H8\PROD\ATTACHMENTS\COL_DIAGRAM\53185500.bmp,341,,,0,,04/13/2009 07:00:00 AM +0000,4/13/2009 18:40,1,,Mid-Block (not related to intersection),Dawn,24TH AVE NW BETWEEN NW 73RD ST AND NW 75TH ST,0,1,Y,2,\\sdotnasvfa\sdot_vol1\H8\PROD\ATTACHMENTS\COL_REPORT\2893935.pdf,2893935,Wet,18,"MOTOR VEHICLE STRUCK PEDALCYCLIST, FRONT END AT ANGLE",9103026,3603,0,2,Injury Collision,,45,Bicycle,Matched,0,1,Overcast,0,2174,0,N,09-124689
148434,"""(47.66219540600008, -122.36786512799995)""",104282,104282,Intersection,Cycles,\\sdotnasvfa\sdot_vol1\H8\PROD\ATTACHMENTS\COL_DIAGRAM\33181770.bmp,0,,,0,,07/08/2009 07:00:00 AM +0000,7/8/2009,1,25464,At Intersection (intersection related),Daylight,LEARY WAY NW AND NW 46TH ST,0,1,Y,2,\\sdotnasvfa\sdot_vol1\H8\PROD\ATTACHMENTS\COL_REPORT\3277075.pdf,3277075,Dry,18,"MOTOR VEHICLE STRUCK PEDALCYCLIST, FRONT END AT ANGLE",9189002,11347,0,2,Injury Collision,,45,Bicycle,Matched,0,1,Clear or Partly Cloudy,0,0,0,N,09-237313
148447,"""(47.57912495100004, -122.41064800799995)""",106023,106023,Intersection,Cycles,\\sdotnasvfa\sdot_vol1\H8\PROD\ATTACHMENTS\COL_DIAGRAM\32183300.bmp,0,,,0,,09/11/2009 07:00:00 AM +0000,9/11/2009 15:39,1,30968,At Intersection (intersection related),Daylight,61ST AVE SW AND ALKI AVE SW,0,1,,2,\\sdotnasvfa\sdot_vol1\H8\PROD\ATTACHMENTS\COL_REPORT\2796379.pdf,2796379,Dry,18,"MOTOR VEHICLE STRUCK PEDALCYCLIST, FRONT END AT ANGLE",9254002,8086,0,2,Injury Collision,,45,Bicycle,Matched,0,1,Clear or Partly Cloudy,0,3646,0,N,2009-321967
148471,"""(47.613341770000034, -122.33852199699999)""",104280,104280,Block,Cycles,\\sdotnasvfa\sdot_vol1\H8\PROD\ATTACHMENTS\COL_DIAGRAM\44564900.bmp,213,,,0,,07/06/2009 07:00:00 AM +0000,7/6/2009,1,,Mid-Block (not related to intersection),Daylight,5TH AVE BETWEEN STEWART ST AND VIRGINIA ST,0,1,,2,\\sdotnasvfa\sdot_vol1\H8\PROD\ATTACHMENTS\COL_REPORT\2797615.pdf,2797615,Dry,56,PEDALCYCLIST STRUCK MOTOR VEHICLE LEFT SIDE SIDESWIPE,9187033,7242,0,2,Injury Collision,,45,Bicycle,Matched,0,1,Clear or Partly Cloudy,0,36184,0,N,09-234542
148475,"""(47.65979512000007, -122.31316833599999)""",104417,104417,Intersection,Cycles,\\sdotnasvfa\sdot_vol1\H8\PROD\ATTACHMENTS\COL_DIAGRAM\53185500.bmp,0,,,0,,01/08/2009 08:00:00 AM +0000,1/8/2009,1,27077,At Intersection (intersection related),Dark - Street Lights On,UNIVERSITY WAY NE AND NE 43RD ST,0,1,,2,\\sdotnasvfa\sdot_vol1\H8\PROD\ATTACHMENTS\COL_REPORT\3285024.pdf,3285024,Wet,18,"MOTOR VEHICLE STRUCK PEDALCYCLIST, FRONT END AT ANGLE",9008004,13221,0,2,Injury Collision,,45,Bicycle,Matched,0,1,Raining,0,5653,0,N,09-008618
148479,"""(47.58295569300003, -122.30556231299994)""",104416,104416,Intersection,Cycles,\\sdotnasvfa\sdot_vol1\H8\PROD\ATTACHMENTS\COL_DIAGRAM\11183300.bmp,0,,,0,,01/06/2009 08:00:00 AM +0000,1/6/2009,1,31577,At Intersection (intersection related),Daylight,21ST AVE S AND S COLLEGE ST,0,1,Y,2,\\sdotnasvfa\sdot_vol1\H8\PROD\ATTACHMENTS\COL_REPORT\3282182.pdf,3282182,Wet,18,"MOTOR VEHICLE STRUCK PEDALCYCLIST, FRONT END AT ANGLE",9006018,3175,0,2,Injury Collision,Y,45,Bicycle,Matched,0,1,Raining,0,38190,0,N,09-006658
148559,"""(47.68308626400005, -122.31527968899996)""",104271,104271,Intersection,Cycles,\\sdotnasvfa\sdot_vol1\H8\PROD\ATTACHMENTS\COL_DIAGRAM\11187571.bmp,0, ,,0,,07/07/2009 07:00:00 AM +0000,7/7/2009,1,24429,At Intersection (intersection related),Daylight,12TH AVE NE AND NE 75TH ST,0,1,Y,2,\\sdotnasvfa\sdot_vol1\H8\PROD\ATTACHMENTS\COL_REPORT\3210485.pdf,3210485,Dry,18,"MOTOR VEHICLE STRUCK PEDALCYCLIST, FRONT END AT ANGLE",9188011,1590,1,2b,Serious Injury Collision,,45,Bicycle,Matched,0,1,Clear or Partly Cloudy,0,0,521080,N,09-236278
148563,"""(47.605126152000025, -122.33049384199995)""",104144,104144,Intersection,Cycles,\\sdotnasvfa\sdot_vol1\H8\PROD\ATTACHMENTS\COL_DIAGRAM\43184400.bmp,0,,,0,,04/10/2009 07:00:00 AM +0000,4/10/2009 17:11,1,29965,At Intersection (intersection related),Daylight,5TH AVE AND COLUMBIA ST,0,1,,2,\\sdotnasvfa\sdot_vol1\H8\PROD\ATTACHMENTS\COL_REPORT\3208204.pdf,3208204,Dry,18,"MOTOR VEHICLE STRUCK PEDALCYCLIST, FRONT END AT ANGLE",9100003,7228,0,2,Injury Collision,,45,Bicycle,Matched,0,1,Overcast,0,36265,0,N,09-121212
148583,"""(47.61966624400003, -122.32401126599996)""",105880,105880,Intersection,Cycles,\\sdotnasvfa\sdot_vol1\H8\PROD\ATTACHMENTS\COL_DIAGRAM\66516700.bmp,0,,,0,,06/26/2009 07:00:00 AM +0000,6/26/2009 21:33,1,29157,At Intersection (intersection related),Dark - Street Lights On,BELMONT AVE E AND E OLIVE WAY,0,1,Y,2,\\sdotnasvfa\sdot_vol1\H8\PROD\ATTACHMENTS\COL_REPORT\2899042.pdf,2899042,Dry,51,PEDALCYCLIST STRUCK MOTOR VEHICLE FRONT END AT ANGLE,9177035,9237,0,2,Injury Collision,,45,Bicycle,Matched,0,1,Clear or Partly Cloudy,0,23250,0,N,09-221549
148619,"""(47.72112433900003, -122.30118357699996)""",105874,105874,Block,Cycles,\\sdotnasvfa\sdot_vol1\H8\PROD\ATTACHMENTS\COL_DIAGRAM\33517600.bmp,170.5,,,0,,02/02/2009 08:00:00 AM +0000,2/2/2009,1,,Driveway Junction,Dusk,NE 127TH ST BETWEEN 25TH AVE NE AND 26TH AVE NE,0,1,Y,2,\\sdotnasvfa\sdot_vol1\H8\PROD\ATTACHMENTS\COL_REPORT\3286687.pdf,3286687,Dry,51,PEDALCYCLIST STRUCK MOTOR VEHICLE FRONT END AT ANGLE,9033003,16525,0,2,Injury Collision,,45,Bicycle,Matched,0,1,Overcast,0,0,0,N,09-040324
148621,"""(47.615024764000054, -122.35326864599995)""",105611,105611,Intersection,Cycles,\\sdotnasvfa\sdot_vol1\H8\PROD\ATTACHMENTS\COL_DIAGRAM\44516600.bmp,0,,,0,,10/05/2009 07:00:00 AM +0000,10/5/2009,1,29681,At Intersection (intersection related),Daylight,CLAY ST AND ELLIOTT AVE,0,1,Y,2,\\sdotnasvfa\sdot_vol1\H8\PROD\ATTACHMENTS\COL_REPORT\3345129.pdf,3345129,Dry,51,PEDALCYCLIST STRUCK MOTOR VEHICLE FRONT END AT ANGLE,9278002,9682,0,2,Injury Collision,,45,Bicycle,Matched,0,1,Clear or Partly Cloudy,0,41963,0,N,09-352039
148663,"""(47.615254391000065, -122.318159434)""",104267,104267,Intersection,Cycles,\\sdotnasvfa\sdot_vol1\H8\PROD\ATTACHMENTS\COL_DIAGRAM\31187700.bmp,0,,,0,,06/12/2009 07:00:00 AM +0000,6/12/2009 21:20,1,29739,At Intersection (intersection related),Daylight,11TH AVE AND E PINE ST,0,1,Y,4,\\sdotnasvfa\sdot_vol1\H8\PROD\ATTACHMENTS\COL_REPORT\3199097.pdf,3199097,Dry,18,"MOTOR VEHICLE STRUCK PEDALCYCLIST, FRONT END AT ANGLE",9163004,1383,0,2,Injury Collision,,45,Bicycle,Matched,0,1,Clear or Partly Cloudy,0,10420,0,N,09-203511
148670,"""(47.68214975400008, -122.31169203799999)""",104937,104937,Block,Cycles,\\sdotnasvfa\sdot_vol1\H8\PROD\ATTACHMENTS\COL_DIAGRAM\11211100.bmp,342.5,,,0,,05/21/2009 07:00:00 AM +0000,5/21/2009 0:32,1,,Mid-Block (but intersection related),Dark - Street Lights On,15TH AVE NE BETWEEN NE 73RD ST AND NE 75TH ST,0,1,Y,2,\\sdotnasvfa\sdot_vol1\H8\PROD\ATTACHMENTS\COL_REPORT\3283660.pdf,3283660,Dry,21,"MOTOR VEHICLE STRUCK PEDALCYCLIST, REAR END",9141001,2054,0,2,Injury Collision,,45,Bicycle,Matched,1,1,Clear or Partly Cloudy,0,29134,0,N,2009-172686
148775,"""(47.61260043800007, -122.33426239999994)""",104927,104927,Intersection,Cycles,\\sdotnasvfa\sdot_vol1\H8\PROD\ATTACHMENTS\COL_DIAGRAM\44518700.bmp,0,,,0,,08/14/2009 07:00:00 AM +0000,8/14/2009 18:37,1,29881,At Intersection (intersection related),Daylight,7TH AVE AND PINE ST,0,1,Y,2,\\sdotnasvfa\sdot_vol1\H8\PROD\ATTACHMENTS\COL_REPORT\3344724.pdf,3344724,Dry,51,PEDALCYCLIST STRUCK MOTOR VEHICLE FRONT END AT ANGLE,9226007,8159,0,2,Injury Collision,,45,Bicycle,Matched,0,1,Clear or Partly Cloudy,0,37048,0,N,09-286715
148802,"""(47.61222096200004, -122.34456117999997)""",104659,104659,Block,Cycles,\\sdotnasvfa\sdot_vol1\H8\PROD\ATTACHMENTS\COL_DIAGRAM\66184907.bmp,213,,,0,Y,07/11/2009 07:00:00 AM +0000,7/11/2009 15:06,0,,Driveway Junction,Daylight,1ST AVE BETWEEN LENORA ST AND BLANCHARD ST,0,1,Y,2,\\sdotnasvfa\sdot_vol1\H8\PROD\ATTACHMENTS\COL_REPORT\3276966.pdf,3276966,Dry,18,"MOTOR VEHICLE STRUCK PEDALCYCLIST, FRONT END AT ANGLE",9192025,1013,0,1,Property Damage Only Collision,,45,Bicycle,Matched,0,1,Clear or Partly Cloudy,0,0,0,N,09-241482
148832,"""(47.64919565900004, -122.33633815999997)""",104793,104793,Intersection,Cycles,\\sdotnasvfa\sdot_vol1\H8\PROD\ATTACHMENTS\COL_DIAGRAM\55517700.bmp,0,,,0,,01/07/2009 08:00:00 AM +0000,1/7/2009,1,26903,At Intersection (intersection related),Daylight,WALLINGFORD AVE N AND N 35TH ST,0,1,Y,2,\\sdotnasvfa\sdot_vol1\H8\PROD\ATTACHMENTS\COL_REPORT\3284678.pdf,3284678,Wet,51,PEDALCYCLIST STRUCK MOTOR VEHICLE FRONT END AT ANGLE,9007031,13363,0,2,Injury Collision,,45,Bicycle,Matched,0,1,Overcast,0,6168,0,N,2009-007587
148840,"""(47.66492767300008, -122.31633451799996)""",104525,104525,Intersection,Cycles,\\sdotnasvfa\sdot_vol1\H8\PROD\ATTACHMENTS\COL_DIAGRAM\31187700.bmp,0,,,0,Y,01/27/2009 08:00:00 AM +0000,1/27/2009 16:40,1,25790,At Intersection (intersection related),Dusk,11TH AVE NE AND NE 50TH ST,0,1,,2,\\sdotnasvfa\sdot_vol1\H8\PROD\ATTACHMENTS\COL_REPORT\3289058.pdf,3289058,Wet,18,"MOTOR VEHICLE STRUCK PEDALCYCLIST, FRONT END AT ANGLE",9027010,1411,0,2,Injury Collision,,45,Bicycle,Matched,0,1,Raining,0,21428,0,N,09-033056
148858,"""(47.59583224000005, -122.32311316699997)""",105864,105864,Block,Cycles,\\sdotnasvfa\sdot_vol1\H8\PROD\ATTACHMENTS\COL_DIAGRAM\55187907.bmp,161,,,0,,08/26/2009 07:00:00 AM +0000,8/26/2009 12:38,1,,Driveway Junction,Daylight,S DEARBORN ST BETWEEN 7TH AVE S AND 8TH AVE S,0,1,,5,\\sdotnasvfa\sdot_vol1\H8\PROD\ATTACHMENTS\COL_REPORT\3286368.pdf,3286368,Dry,18,"MOTOR VEHICLE STRUCK PEDALCYCLIST, FRONT END AT ANGLE",9238004,19829,0,2,Injury Collision,,45,Bicycle,Matched,0,1,Clear or Partly Cloudy,0,0,0,N,09-301637
148869,"""(47.626753105000034, -122.35669314699999)""",105862,105862,Block,Cycles,\\sdotnasvfa\sdot_vol1\H8\PROD\ATTACHMENTS\COL_DIAGRAM\55690000.bmp,159.5,,,0,,05/23/2009 07:00:00 AM +0000,5/23/2009 14:07,1,,Mid-Block (not related to intersection),Daylight,QUEEN ANNE AVE N BETWEEN VALLEY ST AND ALOHA ST,0,1,,1,\\sdotnasvfa\sdot_vol1\H8\PROD\ATTACHMENTS\COL_REPORT\3200772.pdf,3200772,Dry,69,PEDALCYCLIST OVERTURNED IN ROAD,9143002,12302,0,2,Injury Collision,Y,45,Bicycle,Matched,0,0,Clear or Partly Cloudy,0,30628,0,N,09-175994