OBJECTID,Shape,INCKEY,COLDETKEY,ADDRTYPE,COLLISIONTYPE,DIAGRAMLINK,DISTANCE,EXCEPTRSNCODE,EXCEPTRSNDESC,FATALITIES,INATTENTIONIND,INCDATE,INCDTTM,INJURIES,INTKEY,JUNCTIONTYPE,LIGHTCOND,LOCATION,PEDCOUNT,PEDCYLCOUNT,PEDROWNOTGRNT,PERSONCOUNT,REPORTLINK,REPORTNO,ROADCOND,SDOT_COLCODE,SDOT_COLDESC,SDOTCOLNUM,SEGKEY,SERIOUSINJURIES,SEVERITYCODE,SEVERITYDESC,SPEEDING,ST_COLCODE,ST_COLDESC,STATUS,UNDERINFL,VEHCOUNT,WEATHER,WIDTH,SEGLANEKEY,CROSSWALKKEY,HITPARKEDCAR,SPDCASENO
148889,"""(47.57694362600006, -122.29707687099994)""",105187,105187,Block,Cycles,\\sdotnasvfa\sdot_vol1\H8\PROD\ATTACHMENTS\COL_DIAGRAM\42188800.bmp,239.5,,,0,,09/25/2009 07:00:00 AM +0000,9/25/2009 12:56,1,,Driveway Junction,Daylight,RAINIER AVE S BETWEEN S FOREST ST AND M L KING JR WAY S,0,1,Y,2,\\sdotnasvfa\sdot_vol1\H8\PROD\ATTACHMENTS\COL_REPORT\3296870.pdf,3296870,Dry,18,"MOTOR VEHICLE STRUCK PEDALCYCLIST, FRONT END AT ANGLE",9268004,12366,0,2,Injury Collision,,45,Bicycle,Matched,0,1,Clear or Partly Cloudy,0,20107,0,N,2009-339291
149129,"""(47.58921408600003, -122.31485614599995)""",105984,105984,Block,Cycles,\\sdotnasvfa\sdot_vol1\H8\PROD\ATTACHMENTS\COL_DIAGRAM\11561900.bmp,283,,,0,,04/05/2009 07:00:00 AM +0000,4/5/2009,1,,Mid-Block (not related to intersection),Daylight,14TH AVE S BETWEEN S ATLANTIC ST AND S MASSACHUSETTS ST,0,1,,2,\\sdotnasvfa\sdot_vol1\H8\PROD\ATTACHMENTS\COL_REPORT\3285060.pdf,3285060,Dry,56,PEDALCYCLIST STRUCK MOTOR VEHICLE LEFT SIDE SIDESWIPE,9095026,1925,0,2,Injury Collision,,45,Bicycle,Matched,0,1,Clear or Partly Cloudy,0,37518,0,N,2009-114603
149139,"""(47.70505326300008, -122.34536647199997)""",26504,26504,Block,Cycles,\\sdotnasvfa\sdot_vol1\H8\PROD\ATTACHMENTS\COL_DIAGRAM\71183907.bmp,165,,,0,,05/10/2004 07:00:00 AM +0000,5/10/2004 14:27,1,,Driveway Junction,Daylight,N 105TH ST BETWEEN WHITMAN AVE N AND AURORA AVE N,0,1,,1,\\sdotnasvfa\sdot_vol1\H8\PROD\ATTACHMENTS\COL_REPORT\1205169.pdf,1205169,Wet,18,"MOTOR VEHICLE STRUCK PEDALCYCLIST, FRONT END AT ANGLE",4131008,15018,0,2,Injury Collision,,45,Bicycle,Matched,0,0,Raining,0,0,0,N,04-188247
149185,"""(47.66138478900007, -122.34455892299997)""",26350,26350,Intersection,Cycles,\\sdotnasvfa\sdot_vol1\H8\PROD\ATTACHMENTS\COL_DIAGRAM\33517500.bmp,0,,,0,,08/28/2004 07:00:00 AM +0000,8/28/2004 23:51,1,26800,At Intersection (intersection related),Dark - Street Lights Off,WOODLAND PARK AVE N AND N 45TH ST,0,1,,2,\\sdotnasvfa\sdot_vol1\H8\PROD\ATTACHMENTS\COL_REPORT\1219932.pdf,1219932,Dry,51,PEDALCYCLIST STRUCK MOTOR VEHICLE FRONT END AT ANGLE,4241007,13662,0,2,Injury Collision,,45,Bicycle,Matched,0,1,Clear or Partly Cloudy,0,0,0,N,4361738
149225,"""(47.64909962000007, -122.35620819599995)""",25796,25796,Block,Cycles,\\sdotnasvfa\sdot_vol1\H8\PROD\ATTACHMENTS\COL_DIAGRAM\66184907.bmp,286.5,,,0,,11/30/2004 08:00:00 AM +0000,11/30/2004 11:30,1,,Driveway Junction,Daylight,NICKERSON ST BETWEEN CREMONA ST AND DRAVUS ST,0,1,Y,2,\\sdotnasvfa\sdot_vol1\H8\PROD\ATTACHMENTS\COL_REPORT\1069998.pdf,1069998,Wet,18,"MOTOR VEHICLE STRUCK PEDALCYCLIST, FRONT END AT ANGLE",4335028,11967,0,2,Injury Collision,,45,Bicycle,Matched,0,1,Overcast,0,0,0,N,4498043
149238,"""(47.588294606000034, -122.37982308899996)""",25789,25789,Block,Cycles,\\sdotnasvfa\sdot_vol1\H8\PROD\ATTACHMENTS\COL_DIAGRAM\42184400.bmp,610.5,,,0,,05/23/2004 07:00:00 AM +0000,5/23/2004 12:49,1,,Driveway Junction,Daylight,HARBOR AVE SW BETWEEN CALIFORNIA WAY SW AND FAIRMOUNT AVE SW,0,1,Y,4,\\sdotnasvfa\sdot_vol1\H8\PROD\ATTACHMENTS\COL_REPORT\1781356.pdf,1781356,Dry,18,"MOTOR VEHICLE STRUCK PEDALCYCLIST, FRONT END AT ANGLE",4144007,10815,0,2,Injury Collision,,45,Bicycle,Matched,0,1,Clear or Partly Cloudy,0,0,0,N,04-208385
149441,"""(47.66865140600004, -122.39368163099999)""",199281,199421,Block,Cycles,\\sdotnasvfa\sdot_vol1\H8\PROD\ATTACHMENTS\COL_DIAGRAM\77511900.bmp,203.5, ,,0,Y,07/31/2015 07:00:00 AM +0000,7/31/2015 15:37,1,,Driveway Junction,Daylight,NW MARKET ST BETWEEN 28TH AVE NW AND NW 54TH ST,0,1,,1,\\sdotnasvfa\sdot_vol1\H8\PROD\ATTACHMENTS\COL_REPORT\E447943.pdf,E447943,Dry,51,PEDALCYCLIST STRUCK MOTOR VEHICLE FRONT END AT ANGLE,,19238,0,2,Injury Collision,,45,Bicycle,Matched,N,1,Clear or Partly Cloudy,0,0,0,N,2015-263605
149470,"""(47.64958972900007, -122.34974744899995)""",201934,202074,Intersection,Cycles,\\sdotnasvfa\sdot_vol1\H8\PROD\ATTACHMENTS\COL_DIAGRAM\33187700.bmp,0, ,,0,,07/28/2015 07:00:00 AM +0000,7/28/2015 9:25,1,27039,At Intersection (intersection related),Daylight,FREMONT AVE N AND N 34TH ST,0,1,,1,\\sdotnasvfa\sdot_vol1\H8\PROD\ATTACHMENTS\COL_REPORT\E447509.pdf,E447509,Dry,18,"MOTOR VEHICLE STRUCK PEDALCYCLIST, FRONT END AT ANGLE",,10485,0,2,Injury Collision,,45,Bicycle,Matched,N,1,Clear or Partly Cloudy,0,0,0,N,2015-258960
149471,"""(47.65945594600004, -122.31775170599997)""",199073,199213,Intersection,Cycles,\\sdotnasvfa\sdot_vol1\H8\PROD\ATTACHMENTS\COL_DIAGRAM\56185500.bmp,0, ,,0,,07/29/2015 07:00:00 AM +0000,7/29/2015 19:41,1,27079,At Intersection (intersection related),Daylight,ROOSEVELT WAY NE AND NE 43RD S ST,0,1,,1,\\sdotnasvfa\sdot_vol1\H8\PROD\ATTACHMENTS\COL_REPORT\E447502.pdf,E447502,Dry,18,"MOTOR VEHICLE STRUCK PEDALCYCLIST, FRONT END AT ANGLE",,12597,0,2,Injury Collision,,45,Bicycle,Matched,N,1,Clear or Partly Cloudy,0,8995,0,N,2015-2611861
149535,"""(47.63185406600007, -122.34228516499996)""",201445,201585,Block,Cycles,\\sdotnasvfa\sdot_vol1\H8\PROD\ATTACHMENTS\COL_DIAGRAM\76185500.bmp,162, ,,0,,08/06/2015 07:00:00 AM +0000,8/6/2015 16:14,1,,Driveway Junction,Daylight,DEXTER AVE N BETWEEN LEE ST AND GALER ST,0,1,Y,2,\\sdotnasvfa\sdot_vol1\H8\PROD\ATTACHMENTS\COL_REPORT\3732561.pdf,3732561,Dry,18,"MOTOR VEHICLE STRUCK PEDALCYCLIST, FRONT END AT ANGLE",,10083,0,2,Injury Collision,,45,Bicycle,Matched,N,1,Clear or Partly Cloudy,0,0,0,N,15-271868
149558,"""(47.66831166800006, -122.33366789999997)""",202325,202465,Block,Cycles,\\sdotnasvfa\sdot_vol1\H8\PROD\ATTACHMENTS\COL_DIAGRAM\54185500.bmp,135, ,,0,,08/14/2015 07:00:00 AM +0000,8/14/2015 18:55,1,,Mid-Block (not related to intersection),Daylight,MERIDIAN AVE N BETWEEN N 54TH ST AND N 55TH ST,0,1,,1,\\sdotnasvfa\sdot_vol1\H8\PROD\ATTACHMENTS\COL_REPORT\E452268.pdf,E452268,Wet,18,"MOTOR VEHICLE STRUCK PEDALCYCLIST, FRONT END AT ANGLE",,11802,0,2,Injury Collision,,45,Bicycle,Matched,N,1,Raining,0,0,0,N,2015-282887
149562,"""(47.649415228000066, -122.34858506899997)""",199303,199443,Block,Cycles,\\sdotnasvfa\sdot_vol1\H8\PROD\ATTACHMENTS\COL_DIAGRAM\77217900.bmp,294, ,,0,Y,08/04/2015 07:00:00 AM +0000,8/4/2015 19:26,1,,Mid-Block (but intersection related),Daylight,N 34TH ST BETWEEN FREMONT AVE N AND TROLL AVE N,0,1,,2,\\sdotnasvfa\sdot_vol1\H8\PROD\ATTACHMENTS\COL_REPORT\3706815.pdf,3706815,Dry,21,"MOTOR VEHICLE STRUCK PEDALCYCLIST, REAR END",,15286,0,2,Injury Collision,,45,Bicycle,Matched,N,1,Clear or Partly Cloudy,0,0,0,N,2015-269329
149574,"""(47.61649020500005, -122.33789362899995)""",199298,199438,Intersection,Cycles,\\sdotnasvfa\sdot_vol1\H8\PROD\ATTACHMENTS\COL_DIAGRAM\56183300.bmp,0, ,,0,,08/04/2015 07:00:00 AM +0000,8/4/2015 9:13,1,29528,At Intersection (intersection related),Daylight,LENORA ST AND WESTLAKE AVE,0,1,Y,2,\\sdotnasvfa\sdot_vol1\H8\PROD\ATTACHMENTS\COL_REPORT\3585146.pdf,3585146,Dry,18,"MOTOR VEHICLE STRUCK PEDALCYCLIST, FRONT END AT ANGLE",,8285,0,2,Injury Collision,,45,Bicycle,Matched,N,1,Clear or Partly Cloudy,0,0,0,N,2015-268538
149592,"""(47.66637296500005, -122.29849642399995)""",202157,202297,Intersection,Cycles,\\sdotnasvfa\sdot_vol1\H8\PROD\ATTACHMENTS\COL_DIAGRAM\55517700.bmp,0, ,,0,,09/12/2015 07:00:00 AM +0000,9/12/2015 14:59,1,25947,At Intersection (intersection related),Daylight,27TH AVE NE AND NE BLAKELEY ST,0,1,,2,\\sdotnasvfa\sdot_vol1\H8\PROD\ATTACHMENTS\COL_REPORT\3733610.pdf,3733610,Dry,51,PEDALCYCLIST STRUCK MOTOR VEHICLE FRONT END AT ANGLE,,4005,0,2,Injury Collision,,45,Bicycle,Matched,N,1,Clear or Partly Cloudy,0,0,0,N,15-320386
149611,"""(47.60003407600004, -122.32766333399996)""",201702,201842,Intersection,Cycles,\\sdotnasvfa\sdot_vol1\H8\PROD\ATTACHMENTS\COL_DIAGRAM\54181100.bmp,0, ,,0,,07/16/2015 07:00:00 AM +0000,7/16/2015 8:06,1,30501,At Intersection (intersection related),Daylight,5TH AVE S AND S MAIN ST,0,1,,1,\\sdotnasvfa\sdot_vol1\H8\PROD\ATTACHMENTS\COL_REPORT\E444860.pdf,E444860,Dry,18,"MOTOR VEHICLE STRUCK PEDALCYCLIST, FRONT END AT ANGLE",,7358,0,2,Injury Collision,,45,Bicycle,Matched,N,1,Clear or Partly Cloudy,0,0,20733,N,2015-243345
149675,"""(47.588294606000034, -122.37982308899996)""",25883,25883,Block,Cycles,\\sdotnasvfa\sdot_vol1\H8\PROD\ATTACHMENTS\COL_DIAGRAM\56185500.bmp,610.5,,,0,,06/22/2004 07:00:00 AM +0000,6/22/2004 17:37,1,,Mid-Block (not related to intersection),Daylight,HARBOR AVE SW BETWEEN CALIFORNIA WAY SW AND FAIRMOUNT AVE SW,0,1,Y,2,\\sdotnasvfa\sdot_vol1\H8\PROD\ATTACHMENTS\COL_REPORT\1781267.pdf,1781267,Dry,18,"MOTOR VEHICLE STRUCK PEDALCYCLIST, FRONT END AT ANGLE",4174007,10815,0,2,Injury Collision,,45,Bicycle,Matched,0,1,Clear or Partly Cloudy,0,0,0,N,4255356
149676,"""(47.64203050000003, -122.32588836999997)""",26145,26145,Intersection,Cycles,\\sdotnasvfa\sdot_vol1\H8\PROD\ATTACHMENTS\COL_DIAGRAM\33181100.bmp,0,,,0,,08/14/2004 07:00:00 AM +0000,8/14/2004 18:47,1,28303,At Intersection (intersection related),Daylight,EASTLAKE AVE E AND E LOUISA ST,0,1,,3,\\sdotnasvfa\sdot_vol1\H8\PROD\ATTACHMENTS\COL_REPORT\1217326.pdf,1217326,Dry,18,"MOTOR VEHICLE STRUCK PEDALCYCLIST, FRONT END AT ANGLE",4227010,10178,0,2,Injury Collision,,45,Bicycle,Matched,0,1,Clear or Partly Cloudy,0,0,0,N,04-340551
149698,"""(47.59833759300005, -122.317227979)""",26004,26004,Intersection,Cycles,\\sdotnasvfa\sdot_vol1\H8\PROD\ATTACHMENTS\COL_DIAGRAM\33181771.bmp,0,,,0,,11/12/2004 08:00:00 AM +0000,11/12/2004 16:55,1,30430,At Intersection (intersection related),Dark - Street Lights On,12TH AVE S AND S KING ST,0,1,,4,\\sdotnasvfa\sdot_vol1\H8\PROD\ATTACHMENTS\COL_REPORT\1198402.pdf,1198402,Dry,18,"MOTOR VEHICLE STRUCK PEDALCYCLIST, FRONT END AT ANGLE",4317005,1655,1,2b,Serious Injury Collision,,45,Bicycle,Matched,0,1,Clear or Partly Cloudy,0,0,0,N,04-474571
149743,"""(47.65104751100006, -122.32168580199999)""",26126,26126,Block,Cycles,\\sdotnasvfa\sdot_vol1\H8\PROD\ATTACHMENTS\COL_DIAGRAM\66518800.bmp,218,,,0,,06/05/2004 07:00:00 AM +0000,6/5/2004,1,,Driveway Junction,Daylight,EASTLAKE AVE E BETWEEN HARVARD AVE E AND FUHRMAN AVE E,0,1,,2,\\sdotnasvfa\sdot_vol1\H8\PROD\ATTACHMENTS\COL_REPORT\1789685.pdf,1789685,Dry,51,PEDALCYCLIST STRUCK MOTOR VEHICLE FRONT END AT ANGLE,4157002,10184,0,2,Injury Collision,,45,Bicycle,Matched,0,1,Raining,0,0,0,N,04-228498
149822,"""(47.64686731000006, -122.33392663499995)""",26237,26237,Intersection,Cycles,\\sdotnasvfa\sdot_vol1\H8\PROD\ATTACHMENTS\COL_DIAGRAM\71183170.bmp,0,,,0,,09/11/2004 07:00:00 AM +0000,9/11/2004 12:25,1,27281,At Intersection (intersection related),Daylight,MERIDIAN AVE N AND N NORTHLAKE WAY,0,1,Y,2,\\sdotnasvfa\sdot_vol1\H8\PROD\ATTACHMENTS\COL_REPORT\1794982.pdf,1794982,Dry,18,"MOTOR VEHICLE STRUCK PEDALCYCLIST, FRONT END AT ANGLE",4255011,11780,0,2,Injury Collision,,45,Bicycle,Matched,0,1,Clear or Partly Cloudy,0,0,0,N,04-382360
149849,"""(47.642624357000045, -122.34705467699996)""",26093,26093,Block,Cycles,\\sdotnasvfa\sdot_vol1\H8\PROD\ATTACHMENTS\COL_DIAGRAM\54515500.bmp,138,,,0,,04/01/2004 08:00:00 AM +0000,4/1/2004,1,,Mid-Block (not related to intersection),Daylight,AURORA AVE N BETWEEN HALLADAY ST AND RAYE ST,0,1,,2,\\sdotnasvfa\sdot_vol1\H8\PROD\ATTACHMENTS\COL_REPORT\1778629.pdf,1778629,Dry,51,PEDALCYCLIST STRUCK MOTOR VEHICLE FRONT END AT ANGLE,4092004,8918,0,2,Injury Collision,,45,Bicycle,Matched,0,1,Clear or Partly Cloudy,0,0,0,N,04 130943
149858,"""(47.649210562000064, -122.33937997199996)""",26235,26235,Intersection,Cycles,\\sdotnasvfa\sdot_vol1\H8\PROD\ATTACHMENTS\COL_DIAGRAM\55513300.bmp,0,,,0,,11/11/2004 08:00:00 AM +0000,11/11/2004 17:18,1,26900,At Intersection (intersection related),Dusk,CARR PL N AND N 35TH ST,0,1,,2,\\sdotnasvfa\sdot_vol1\H8\PROD\ATTACHMENTS\COL_REPORT\1794855.pdf,1794855,Dry,51,PEDALCYCLIST STRUCK MOTOR VEHICLE FRONT END AT ANGLE,4316026,9617,0,2,Injury Collision,,45,Bicycle,Matched,0,1,Clear or Partly Cloudy,0,0,0,N,4473145
149897,"""(47.614619204000064, -122.33572640499995)""",199312,199452,Block,Cycles,\\sdotnasvfa\sdot_vol1\H8\PROD\ATTACHMENTS\COL_DIAGRAM\66546900.bmp,161, ,,0,Y,08/05/2015 07:00:00 AM +0000,8/5/2015 11:34,1,,Mid-Block (but intersection related),Daylight,STEWART ST BETWEEN 7TH AVE AND 8TH AVE,0,1,,2,\\sdotnasvfa\sdot_vol1\H8\PROD\ATTACHMENTS\COL_REPORT\3732557.pdf,3732557,Dry,54,PEDALCYCLIST STRUCK MOTOR VEHICLE REAR END,,12904,0,2,Injury Collision,,45,Bicycle,Matched,N,1,Clear or Partly Cloudy,0,0,0,N,2015-270163
149993,"""(47.70139040500004, -122.36273140399999)""",25826,25826,Block,Cycles,\\sdotnasvfa\sdot_vol1\H8\PROD\ATTACHMENTS\COL_DIAGRAM\24186907.bmp,204,,,0,,10/22/2004 07:00:00 AM +0000,10/22/2004 6:50,1,,Driveway Junction,Dawn,HOLMAN RD NW BETWEEN 6TH AVE NW AND 4TH AVE NW,0,1,Y,2,\\sdotnasvfa\sdot_vol1\H8\PROD\ATTACHMENTS\COL_REPORT\1773432.pdf,1773432,Dry,18,"MOTOR VEHICLE STRUCK PEDALCYCLIST, FRONT END AT ANGLE",4296004,10945,0,2,Injury Collision,,45,Bicycle,Matched,0,1,Overcast,0,0,0,N,04 443393
150038,"""(47.62971165700003, -122.34100743599998)""",200920,201060,Intersection,Cycles,\\sdotnasvfa\sdot_vol1\H8\PROD\ATTACHMENTS\COL_DIAGRAM\54181100.bmp,0, ,,0,,08/23/2015 07:00:00 AM +0000,8/23/2015 12:33,1,28725,At Intersection (intersection related),Daylight,HIGHLAND DR AND WESTLAKE AVE N,0,1,Y,2,\\sdotnasvfa\sdot_vol1\H8\PROD\ATTACHMENTS\COL_REPORT\3739259.pdf,3739259,Dry,18,"MOTOR VEHICLE STRUCK PEDALCYCLIST, FRONT END AT ANGLE",,13541,0,2,Injury Collision,,45,Bicycle,Matched,N,1,Clear or Partly Cloudy,0,0,0,N,2015-294394
150079,"""(47.615449718000036, -122.33072969599999)""",215690,215950,Intersection,Cycles,\\sdotnasvfa\sdot_vol1\H8\PROD\ATTACHMENTS\COL_DIAGRAM\11541900.bmp,0, ,,0,,03/08/2016 08:00:00 AM +0000,3/8/2016 7:40,1,29865,At Intersection (intersection related),Daylight,BOREN AVE AND OLIVE WAY,0,1,,2,\\sdotnasvfa\sdot_vol1\H8\PROD\ATTACHMENTS\COL_REPORT\3791585.pdf,3791585,Dry,54,PEDALCYCLIST STRUCK MOTOR VEHICLE REAR END,,9321,0,2,Injury Collision,,45,Bicycle,Matched,N,1,Clear or Partly Cloudy,0,0,0,N,2016-81974
150110,"""(47.52857252500007, -122.39273372399998)""",26076,26076,Intersection,Cycles,\\sdotnasvfa\sdot_vol1\H8\PROD\ATTACHMENTS\COL_DIAGRAM\56185500.bmp,0,,,0,Y,08/24/2004 07:00:00 AM +0000,8/24/2004 16:39,1,34778,At Intersection (but not related to intersection),Daylight,FAUNTLEROY WAY SW AND SW THISTLE ST,0,1,Y,2,\\sdotnasvfa\sdot_vol1\H8\PROD\ATTACHMENTS\COL_REPORT\1775341.pdf,1775341,Standing Water,18,"MOTOR VEHICLE STRUCK PEDALCYCLIST, FRONT END AT ANGLE",4237048,10417,0,2,Injury Collision,,45,Bicycle,Matched,0,1,Raining,0,0,0,N,4355202
150133,"""(47.59583116700003, -122.32245866299996)""",25392,25392,Intersection,Cycles,\\sdotnasvfa\sdot_vol1\H8\PROD\ATTACHMENTS\COL_DIAGRAM\33515600.bmp,0,,,0,,03/28/2004 08:00:00 AM +0000,3/28/2004 11:22,1,30447,At Intersection (intersection related),Daylight,8TH AVE S AND S DEARBORN ST,0,1,,2,\\sdotnasvfa\sdot_vol1\H8\PROD\ATTACHMENTS\COL_REPORT\1213763.pdf,1213763,Dry,51,PEDALCYCLIST STRUCK MOTOR VEHICLE FRONT END AT ANGLE,4088011,19830,1,2b,Serious Injury Collision,,45,Bicycle,Matched,0,1,Clear or Partly Cloudy,0,0,0,N,04-124998
150204,"""(47.620888395000065, -122.34238173099999)""",25233,25233,Intersection,Cycles,\\sdotnasvfa\sdot_vol1\H8\PROD\ATTACHMENTS\COL_DIAGRAM\77181100.bmp,0,,,0,,05/26/2004 07:00:00 AM +0000,5/26/2004 9:22,1,28788,At Intersection (intersection related),Daylight,DEXTER AVE N AND THOMAS ST,0,1,Y,2,\\sdotnasvfa\sdot_vol1\H8\PROD\ATTACHMENTS\COL_REPORT\1482603.pdf,1482603,Wet,18,"MOTOR VEHICLE STRUCK PEDALCYCLIST, FRONT END AT ANGLE",4147018,10073,0,2,Injury Collision,,45,Bicycle,Matched,0,1,Overcast,0,0,0,N,40212612
150270,"""(47.67598534700005, -122.36602339899997)""",25216,25216,Intersection,Cycles,\\sdotnasvfa\sdot_vol1\H8\PROD\ATTACHMENTS\COL_DIAGRAM\17185500.bmp,0,,,0,,05/14/2004 07:00:00 AM +0000,5/14/2004 9:47,1,24214,At Intersection (intersection related),Daylight,8TH AVE NW AND NW 65TH ST,0,1,Y,2,\\sdotnasvfa\sdot_vol1\H8\PROD\ATTACHMENTS\COL_REPORT\1774253.pdf,1774253,Dry,18,"MOTOR VEHICLE STRUCK PEDALCYCLIST, FRONT END AT ANGLE",4135001,8395,1,2b,Serious Injury Collision,,45,Bicycle,Matched,0,1,Clear or Partly Cloudy,0,0,0,N,04-194077
150359,"""(47.56877717800006, -122.32906213499996)""",25342,25342,Block,Cycles,\\sdotnasvfa\sdot_vol1\H8\PROD\ATTACHMENTS\COL_DIAGRAM\18181100.bmp,318.5,,,0,,03/06/2004 08:00:00 AM +0000,3/6/2004,1,,Mid-Block (not related to intersection),Daylight,4TH AVE S BETWEEN W SEA BR EB 4 AV OFF RP AND S INDUSTRIAL WB WAY,0,1,,2,\\sdotnasvfa\sdot_vol1\H8\PROD\ATTACHMENTS\COL_REPORT\1777036.pdf,1777036,Dry,18,"MOTOR VEHICLE STRUCK PEDALCYCLIST, FRONT END AT ANGLE",4066004,531031,0,2,Injury Collision,,45,Bicycle,Matched,0,1,Clear or Partly Cloudy,0,0,0,N,04 194585
150386,"""(47.692445547000034, -122.36600335299994)""",25455,25455,Block,Cycles,\\sdotnasvfa\sdot_vol1\H8\PROD\ATTACHMENTS\COL_DIAGRAM\54181100.bmp,133.5,,,0,,10/30/2004 07:00:00 AM +0000,10/30/2004 9:10,1,,Mid-Block (not related to intersection),Daylight,8TH AVE NW BETWEEN NW 87TH ST AND NW 88TH ST,0,1,,2,\\sdotnasvfa\sdot_vol1\H8\PROD\ATTACHMENTS\COL_REPORT\1781845.pdf,1781845,Dry,18,"MOTOR VEHICLE STRUCK PEDALCYCLIST, FRONT END AT ANGLE",4304010,8414,0,2,Injury Collision,,45,Bicycle,Matched,1,1,Clear or Partly Cloudy,0,0,0,N,04-455080
150606,"""(47.64744824100006, -122.33392032899997)""",25412,25412,Block,Cycles,\\sdotnasvfa\sdot_vol1\H8\PROD\ATTACHMENTS\COL_DIAGRAM\55183973.bmp,212.5,,,0,,10/19/2004 07:00:00 AM +0000,10/19/2004 8:42,1,,Mid-Block (but intersection related),Daylight,MERIDIAN AVE N BETWEEN N NORTHLAKE WAY AND N 34TH ST,0,1,Y,2,\\sdotnasvfa\sdot_vol1\H8\PROD\ATTACHMENTS\COL_REPORT\1781890.pdf,1781890,Wet,18,"MOTOR VEHICLE STRUCK PEDALCYCLIST, FRONT END AT ANGLE",4293036,11780,0,2,Injury Collision,,45,Bicycle,Matched,0,1,Raining,0,0,0,N,4439117
150632,"""(47.54104758300008, -122.37720099299997)""",25672,25672,Block,Cycles,\\sdotnasvfa\sdot_vol1\H8\PROD\ATTACHMENTS\COL_DIAGRAM\55183907.bmp,166,,,0,Y,09/30/2004 07:00:00 AM +0000,9/30/2004 16:17,1,,Driveway Junction,Daylight,SW WILLOW ST BETWEEN 35TH AVE SW AND 36TH AVE SW,0,1,,3,\\sdotnasvfa\sdot_vol1\H8\PROD\ATTACHMENTS\COL_REPORT\1798562.pdf,1798562,Dry,18,"MOTOR VEHICLE STRUCK PEDALCYCLIST, FRONT END AT ANGLE",4274029,22998,0,2,Injury Collision,,45,Bicycle,Matched,0,1,Clear or Partly Cloudy,0,0,0,N,04-410765
150752,"""(47.668653386000074, -122.36617795199999)""",25091,25091,Intersection,Cycles,\\sdotnasvfa\sdot_vol1\H8\PROD\ATTACHMENTS\COL_DIAGRAM\77515500.bmp,0, ,,0,,09/16/2004 07:00:00 AM +0000,9/16/2004 14:22,1,25419,At Intersection (intersection related),Daylight,8TH AVE NW AND NW MARKET ST,0,1,,2,\\sdotnasvfa\sdot_vol1\H8\PROD\ATTACHMENTS\COL_REPORT\1778847.pdf,1778847,Wet,51,PEDALCYCLIST STRUCK MOTOR VEHICLE FRONT END AT ANGLE,4260013,8384,0,2,Injury Collision,,45,Bicycle,Matched,0,1,Raining,0,0,0,N,04 398925
150851,"""(47.574568776000035, -122.309058059)""",25068,25068,Block,Cycles,\\sdotnasvfa\sdot_vol1\H8\PROD\ATTACHMENTS\COL_DIAGRAM\56185500.bmp,193.5,,,0,,08/26/2004 07:00:00 AM +0000,8/26/2004 19:19,1,,Mid-Block (not related to intersection),Dusk,BEACON AVE S BETWEEN S HANFORD ST AND S HORTON ST,0,1,,2,\\sdotnasvfa\sdot_vol1\H8\PROD\ATTACHMENTS\COL_REPORT\1793377.pdf,1793377,Dry,18,"MOTOR VEHICLE STRUCK PEDALCYCLIST, FRONT END AT ANGLE",4239005,9123,0,2,Injury Collision,,45,Bicycle,Matched,0,1,Overcast,0,0,0,N,04 358299
150867,"""(47.533680428000025, -122.35503244799997)""",24652,24652,Intersection,Cycles,\\sdotnasvfa\sdot_vol1\H8\PROD\ATTACHMENTS\COL_DIAGRAM\53181371.bmp,0,,,0,,05/18/2004 07:00:00 AM +0000,5/18/2004 13:36,1,34147,At Intersection (intersection related),Daylight,16TH AVE SW AND SW HOLDEN ST,0,1,Y,3,\\sdotnasvfa\sdot_vol1\H8\PROD\ATTACHMENTS\COL_REPORT\1790603.pdf,1790603,Dry,18,"MOTOR VEHICLE STRUCK PEDALCYCLIST, FRONT END AT ANGLE",4139002,2340,0,2,Injury Collision,,45,Bicycle,Matched,0,1,Clear or Partly Cloudy,0,0,0,N,04 200578
150919,"""(47.621122752000076, -122.31433616399994)""",24915,24915,Intersection,Cycles,\\sdotnasvfa\sdot_vol1\H8\PROD\ATTACHMENTS\COL_DIAGRAM\33517700.bmp,0,,,0,,09/30/2004 07:00:00 AM +0000,9/30/2004 20:16,1,29037,At Intersection (intersection related),Dark - Street Lights On,14TH AVE E AND E THOMAS E ST,0,1,,2,\\sdotnasvfa\sdot_vol1\H8\PROD\ATTACHMENTS\COL_REPORT\1799126.pdf,1799126,Dry,51,PEDALCYCLIST STRUCK MOTOR VEHICLE FRONT END AT ANGLE,4274026,14857,0,2,Injury Collision,,45,Bicycle,Matched,0,1,Overcast,0,0,0,N,40411080
151122,"""(47.59131555300007, -122.38237552699997)""",24862,24862,Block,Cycles,\\sdotnasvfa\sdot_vol1\H8\PROD\ATTACHMENTS\COL_DIAGRAM\11561900.bmp,692.5,,,0,,04/10/2004 07:00:00 AM +0000,4/10/2004 13:49,1,,Mid-Block (not related to intersection),Daylight,HARBOR AVE SW BETWEEN SW MARYLAND PL AND CALIFORNIA WAY SW,0,1,,3,\\sdotnasvfa\sdot_vol1\H8\PROD\ATTACHMENTS\COL_REPORT\1775190.pdf,1775190,Dry,56,PEDALCYCLIST STRUCK MOTOR VEHICLE LEFT SIDE SIDESWIPE,4101003,10814,0,2,Injury Collision,,45,Bicycle,Matched,0,2,Clear or Partly Cloudy,0,0,0,N,04 143928