OBJECTID,Shape,INCKEY,COLDETKEY,ADDRTYPE,COLLISIONTYPE,DIAGRAMLINK,DISTANCE,EXCEPTRSNCODE,EXCEPTRSNDESC,FATALITIES,INATTENTIONIND,INCDATE,INCDTTM,INJURIES,INTKEY,JUNCTIONTYPE,LIGHTCOND,LOCATION,PEDCOUNT,PEDCYLCOUNT,PEDROWNOTGRNT,PERSONCOUNT,REPORTLINK,REPORTNO,ROADCOND,SDOT_COLCODE,SDOT_COLDESC,SDOTCOLNUM,SEGKEY,SERIOUSINJURIES,SEVERITYCODE,SEVERITYDESC,SPEEDING,ST_COLCODE,ST_COLDESC,STATUS,UNDERINFL,VEHCOUNT,WEATHER,WIDTH,SEGLANEKEY,CROSSWALKKEY,HITPARKEDCAR,SPDCASENO
154120,"""(47.615254391000065, -122.318159434)""",21763,21763,Intersection,Cycles,\\sdotnasvfa\sdot_vol1\H8\PROD\ATTACHMENTS\COL_DIAGRAM\31187700.bmp,0,,,0,,11/02/2004 08:00:00 AM +0000,11/2/2004,1,29739,At Intersection (intersection related),Daylight,11TH AVE AND E PINE ST,0,1,,2,\\sdotnasvfa\sdot_vol1\H8\PROD\ATTACHMENTS\COL_REPORT\1198286.pdf,1198286,Wet,18,"MOTOR VEHICLE STRUCK PEDALCYCLIST, FRONT END AT ANGLE",4307038,1383,0,2,Injury Collision,,45,Bicycle,Matched,0,1,Raining,0,0,0,N,4459461
154230,"""(47.61869246100008, -122.32546481599996)""",21737,21737,Block,Cycles,\\sdotnasvfa\sdot_vol1\H8\PROD\ATTACHMENTS\COL_DIAGRAM\66546900.bmp,85.5,,,0,,06/30/2004 07:00:00 AM +0000,6/30/2004 15:35,1,,Mid-Block (but intersection related),Daylight,E OLIVE WAY BETWEEN E DENNY WAY AND SUMMIT AVE E,0,1,,2,\\sdotnasvfa\sdot_vol1\H8\PROD\ATTACHMENTS\COL_REPORT\1772565.pdf,1772565,Dry,54,PEDALCYCLIST STRUCK MOTOR VEHICLE REAR END,4182034,14585,1,2b,Serious Injury Collision,,45,Bicycle,Matched,0,1,Clear or Partly Cloudy,0,0,0,N,04-267958
154486,"""(47.62454274700008, -122.33582712499998)""",21138,21138,Intersection,Cycles,\\sdotnasvfa\sdot_vol1\H8\PROD\ATTACHMENTS\COL_DIAGRAM\11187570.bmp,0,,,0,,09/27/2004 07:00:00 AM +0000,9/27/2004 16:14,1,28762,At Intersection (intersection related),Daylight,BOREN AVE N AND MERCER SR ST,0,1,,2,\\sdotnasvfa\sdot_vol1\H8\PROD\ATTACHMENTS\COL_REPORT\1069908.pdf,1069908,Dry,18,"MOTOR VEHICLE STRUCK PEDALCYCLIST, FRONT END AT ANGLE",4271023,11775,0,2,Injury Collision,,45,Bicycle,Matched,0,1,Clear or Partly Cloudy,0,0,0,N,04 406168
154525,"""(47.544682574000035, -122.37644504199994)""",21064,21064,Intersection,Cycles,\\sdotnasvfa\sdot_vol1\H8\PROD\ATTACHMENTS\COL_DIAGRAM\53181100.bmp,0,,,0,,07/21/2004 07:00:00 AM +0000,7/21/2004 12:47,1,34008,At Intersection (intersection related),Daylight,35TH AVE SW AND SW MORGAN ST,0,1,Y,3,\\sdotnasvfa\sdot_vol1\H8\PROD\ATTACHMENTS\COL_REPORT\1798167.pdf,1798167,Dry,18,"MOTOR VEHICLE STRUCK PEDALCYCLIST, FRONT END AT ANGLE",4203036,5462,0,2,Injury Collision,,45,Bicycle,Matched,0,1,Clear or Partly Cloudy,0,0,0,N,4302118
154535,"""(47.61117277000005, -122.34477198499997)""",20927,20927,Intersection,Cycles,\\sdotnasvfa\sdot_vol1\H8\PROD\ATTACHMENTS\COL_DIAGRAM\42188800.bmp,0,,,0,,10/04/2004 07:00:00 AM +0000,10/4/2004,1,29722,At Intersection (intersection related),Daylight,LENORA ST AND WESTERN AVE,0,1,Y,2,\\sdotnasvfa\sdot_vol1\H8\PROD\ATTACHMENTS\COL_REPORT\1783738.pdf,1783738,Dry,18,"MOTOR VEHICLE STRUCK PEDALCYCLIST, FRONT END AT ANGLE",4278003,10200,0,2,Injury Collision,,45,Bicycle,Matched,0,1,Clear or Partly Cloudy,0,0,0,N,04-418341
154540,"""(47.612710391000064, -122.34737243299998)""",21204,21204,Intersection,Cycles,\\sdotnasvfa\sdot_vol1\H8\PROD\ATTACHMENTS\COL_DIAGRAM\66518800.bmp,0, ,,0,,01/05/2004 08:00:00 AM +0000,1/5/2004,1,29704,At Intersection (intersection related),Daylight,BELL ST AND WESTERN AVE,0,1,,2,\\sdotnasvfa\sdot_vol1\H8\PROD\ATTACHMENTS\COL_REPORT\1777359.pdf,1777359,Dry,51,PEDALCYCLIST STRUCK MOTOR VEHICLE FRONT END AT ANGLE,4005004,9197,0,2,Injury Collision,,45,Bicycle,Matched,0,1,Overcast,0,0,0,N,4005725
154561,"""(47.68667634500008, -122.31161880299999)""",20928,20928,Block,Cycles,\\sdotnasvfa\sdot_vol1\H8\PROD\ATTACHMENTS\COL_DIAGRAM\22183300.bmp,132.5,,,0,Y,05/28/2004 07:00:00 AM +0000,5/28/2004 17:47,1,,Driveway Junction,Daylight,NE 80TH ST BETWEEN 15TH AVE NE AND 16TH AVE NE,0,1,,2,\\sdotnasvfa\sdot_vol1\H8\PROD\ATTACHMENTS\COL_REPORT\1794277.pdf,1794277,Wet,18,"MOTOR VEHICLE STRUCK PEDALCYCLIST, FRONT END AT ANGLE",4149009,17617,0,2,Injury Collision,,45,Bicycle,Matched,0,1,Overcast,0,0,0,N,04-216195
154569,"""(47.661259296000026, -122.30894884899999)""",21193,21193,Block,Cycles,\\sdotnasvfa\sdot_vol1\H8\PROD\ATTACHMENTS\COL_DIAGRAM\55183907.bmp,139.5,,,0,,03/14/2004 08:00:00 AM +0000,3/14/2004 2:50,1,,Driveway Junction,Dark - Street Lights On,NE 45TH ST BETWEEN 17TH NB AVE NE AND 18TH AVE NE,0,1,Y,2,\\sdotnasvfa\sdot_vol1\H8\PROD\ATTACHMENTS\COL_REPORT\1780432.pdf,1780432,Dry,18,"MOTOR VEHICLE STRUCK PEDALCYCLIST, FRONT END AT ANGLE",4074023,16856,0,2,Injury Collision,,45,Bicycle,Matched,0,1,Clear or Partly Cloudy,0,0,0,N,04-105426
154711,"""(47.648164199000064, -122.34279388799996)""",20568,20568,Intersection,Cycles,\\sdotnasvfa\sdot_vol1\H8\PROD\ATTACHMENTS\COL_DIAGRAM\87184400.bmp,0,,,0,,04/22/2004 07:00:00 AM +0000,4/22/2004 17:55,1,26911,At Intersection (intersection related),Daylight,STONE WAY N AND N NORTHLAKE WAY,0,1,Y,2,\\sdotnasvfa\sdot_vol1\H8\PROD\ATTACHMENTS\COL_REPORT\1778926.pdf,1778926,Dry,18,"MOTOR VEHICLE STRUCK PEDALCYCLIST, FRONT END AT ANGLE",4113004,12954,0,2,Injury Collision,,45,Bicycle,Matched,0,1,Clear or Partly Cloudy,0,0,0,N,04-161391
154848,"""(47.612901753000074, -122.30886086799995)""",213595,213855,Intersection,Cycles,\\sdotnasvfa\sdot_vol1\H8\PROD\ATTACHMENTS\COL_DIAGRAM\55183300.bmp,0, ,,0,,02/12/2016 08:00:00 AM +0000,2/12/2016 8:00,1,30144,At Intersection (intersection related),Daylight,18TH AVE AND E UNION ST,0,1,,2,\\sdotnasvfa\sdot_vol1\H8\PROD\ATTACHMENTS\COL_REPORT\3704144.pdf,3704144,Wet,18,"MOTOR VEHICLE STRUCK PEDALCYCLIST, FRONT END AT ANGLE",,2540,0,2,Injury Collision,,45,Bicycle,Matched,N,1,Raining,0,0,0,N,2016-55183
154873,"""(47.657587043000035, -122.31438280499998)""",20416,20416,Block,Cycles,\\sdotnasvfa\sdot_vol1\H8\PROD\ATTACHMENTS\COL_DIAGRAM\56185500.bmp,270,,,0,,04/06/2004 07:00:00 AM +0000,4/6/2004,1,,Mid-Block (not related to intersection),Daylight,BROOKLYN AVE NE BETWEEN NE 41ST ST AND NE 42ND ST,0,1,Y,2,\\sdotnasvfa\sdot_vol1\H8\PROD\ATTACHMENTS\COL_REPORT\1774490.pdf,1774490,Dry,18,"MOTOR VEHICLE STRUCK PEDALCYCLIST, FRONT END AT ANGLE",4097003,9479,0,2,Injury Collision,,45,Bicycle,Matched,0,1,Clear or Partly Cloudy,0,0,0,N,40137630
154878,"""(47.60601260800007, -122.338979285)""",20549,20549,Block,Cycles,\\sdotnasvfa\sdot_vol1\H8\PROD\ATTACHMENTS\COL_DIAGRAM\66184907.bmp,153,,,0,Y,02/12/2004 08:00:00 AM +0000,2/12/2004 16:30,1,,Driveway Junction,Daylight,WESTERN AVE BETWEEN SENECA ST AND UNIVERSITY ST,0,1,,2,\\sdotnasvfa\sdot_vol1\H8\PROD\ATTACHMENTS\COL_REPORT\1777213.pdf,1777213,Dry,18,"MOTOR VEHICLE STRUCK PEDALCYCLIST, FRONT END AT ANGLE",4043031,13501,0,2,Injury Collision,,45,Bicycle,Matched,0,1,Clear or Partly Cloudy,0,0,0,N,04-061758
154932,"""(47.61657884200008, -122.34796376599996)""",20412,20412,Intersection,Cycles,\\sdotnasvfa\sdot_vol1\H8\PROD\ATTACHMENTS\COL_DIAGRAM\88512200.bmp,0,,,0,,03/18/2004 08:00:00 AM +0000,3/18/2004 2:02,1,29675,At Intersection (intersection related),Dark - Street Lights On,3RD AVE AND VINE ST,0,1,,3,\\sdotnasvfa\sdot_vol1\H8\PROD\ATTACHMENTS\COL_REPORT\1777481.pdf,1777481,Dry,51,PEDALCYCLIST STRUCK MOTOR VEHICLE FRONT END AT ANGLE,4078003,4393,0,2,Injury Collision,,45,Bicycle,Matched,0,1,Overcast,0,0,0,N,04 110621
155024,"""(47.68837924500008, -122.31093721799999)""",20392,20392,Block,Cycles,\\sdotnasvfa\sdot_vol1\H8\PROD\ATTACHMENTS\COL_DIAGRAM\66216600.bmp,62.5,,,0,,11/04/2004 08:00:00 AM +0000,11/4/2004,1,,Mid-Block (not related to intersection),Daylight,LAKE CITY WAY NE BETWEEN 16TH AVE NE AND NE 82ND ST,0,1,,2,\\sdotnasvfa\sdot_vol1\H8\PROD\ATTACHMENTS\COL_REPORT\1780170.pdf,1780170,Dry,21,"MOTOR VEHICLE STRUCK PEDALCYCLIST, REAR END",4309002,11147,0,2,Injury Collision,,45,Bicycle,Matched,0,1,Clear or Partly Cloudy,0,0,0,N,4463408
155099,"""(47.613595528000076, -122.33517270199997)""",216296,216576,Intersection,Cycles,\\sdotnasvfa\sdot_vol1\H8\PROD\ATTACHMENTS\COL_DIAGRAM\23188671.bmp,0, ,,0,,03/02/2016 08:00:00 AM +0000,3/2/2016 18:33,0,29553,At Intersection (intersection related),Dark - Street Lights On,7TH AVE AND OLIVE WAY,0,1,,2,\\sdotnasvfa\sdot_vol1\H8\PROD\ATTACHMENTS\COL_REPORT\3791232.pdf,3791232,Wet,18,"MOTOR VEHICLE STRUCK PEDALCYCLIST, FRONT END AT ANGLE",,8160,0,1,Property Damage Only Collision,,45,Bicycle,Matched,N,1,Raining,0,0,523733,N,16-75441
155139,"""(47.71764180000008, -122.29620135899995)""",214743,215003,Intersection,Cycles,\\sdotnasvfa\sdot_vol1\H8\PROD\ATTACHMENTS\COL_DIAGRAM\21186600.bmp,0, ,,0,Y,02/19/2016 08:00:00 AM +0000,2/19/2016 13:04,1,36647,At Intersection (intersection related),Daylight,30TH AVE NE AND LAKE CITY N WAY NE,0,1,,1,\\sdotnasvfa\sdot_vol1\H8\PROD\ATTACHMENTS\COL_REPORT\E518320.pdf,E518320,Wet,18,"MOTOR VEHICLE STRUCK PEDALCYCLIST, FRONT END AT ANGLE",,4632,0,2,Injury Collision,,45,Bicycle,Matched,N,1,Raining,0,0,0,N,2016-60091
155158,"""(47.67577804800004, -122.30599582999997)""",20597,20597,Block,Cycles,\\sdotnasvfa\sdot_vol1\H8\PROD\ATTACHMENTS\COL_DIAGRAM\33181974.bmp,129.5,,,0,,09/24/2004 07:00:00 AM +0000,9/24/2004 5:22,1,,Mid-Block (not related to intersection),Dark - Street Lights On,NE 65TH ST BETWEEN 20TH AVE NE AND 21ST W AVE NE,0,1,,2,\\sdotnasvfa\sdot_vol1\H8\PROD\ATTACHMENTS\COL_REPORT\1793814.pdf,1793814,Dry,18,"MOTOR VEHICLE STRUCK PEDALCYCLIST, FRONT END AT ANGLE",4268005,17271,1,2b,Serious Injury Collision,,45,Bicycle,Matched,0,1,Clear or Partly Cloudy,0,0,0,N,40401036
155288,"""(47.57694362600006, -122.29707687099994)""",213632,213892,Block,Cycles,\\sdotnasvfa\sdot_vol1\H8\PROD\ATTACHMENTS\COL_DIAGRAM\44214400.bmp,239.5, ,,0,,02/13/2016 08:00:00 AM +0000,2/13/2016 0:42,1,,Mid-Block (but intersection related),Dark - Street Lights On,RAINIER AVE S BETWEEN S FOREST ST AND M L KING JR WAY S,0,1,,2,\\sdotnasvfa\sdot_vol1\H8\PROD\ATTACHMENTS\COL_REPORT\3735238.pdf,3735238,Wet,21,"MOTOR VEHICLE STRUCK PEDALCYCLIST, REAR END",,12366,0,2,Injury Collision,,45,Bicycle,Matched,N,1,Raining,0,0,0,N,2016-52635
155344,"""(47.660795964000044, -122.366156349)""",20147,20147,Intersection,Cycles,\\sdotnasvfa\sdot_vol1\H8\PROD\ATTACHMENTS\COL_DIAGRAM\77181100.bmp,0,,,0,,06/14/2004 07:00:00 AM +0000,6/14/2004 15:45,0,26604,At Intersection (intersection related),Dark - Street Lights On,8TH AVE NW AND NW 44TH ST,0,1,,2,\\sdotnasvfa\sdot_vol1\H8\PROD\ATTACHMENTS\COL_REPORT\1794028.pdf,1794028,Dry,18,"MOTOR VEHICLE STRUCK PEDALCYCLIST, FRONT END AT ANGLE",4166023,8373,0,1,Property Damage Only Collision,,45,Bicycle,Matched,0,1,Clear or Partly Cloudy,0,0,0,N,4242629
155389,"""(47.59629348800007, -122.28764138699995)""",19762,19762,Block,Cycles,\\sdotnasvfa\sdot_vol1\H8\PROD\ATTACHMENTS\COL_DIAGRAM\77181100.bmp,116.5,,,0,,07/02/2004 07:00:00 AM +0000,7/2/2004,1,,Driveway Junction,Daylight,LAKESIDE AVE S BETWEEN S LANE ST AND 35TH AVE S,0,1,Y,2,\\sdotnasvfa\sdot_vol1\H8\PROD\ATTACHMENTS\COL_REPORT\1788177.pdf,1788177,Dry,18,"MOTOR VEHICLE STRUCK PEDALCYCLIST, FRONT END AT ANGLE",4184003,11262,0,2,Injury Collision,,45,Bicycle,Matched,0,1,Overcast,0,0,0,N,4270868
155451,"""(47.60169019500006, -122.31492849999995)""",215784,216044,Intersection,Cycles,\\sdotnasvfa\sdot_vol1\H8\PROD\ATTACHMENTS\COL_DIAGRAM\31187700.bmp,0, ,,0,,03/02/2016 08:00:00 AM +0000,3/2/2016 8:50,1,30409,At Intersection (intersection related),Daylight,13TH AVE AND E YESLER WAY,0,1,Y,3,\\sdotnasvfa\sdot_vol1\H8\PROD\ATTACHMENTS\COL_REPORT\3707609.pdf,3707609,Dry,18,"MOTOR VEHICLE STRUCK PEDALCYCLIST, FRONT END AT ANGLE",,1728,0,2,Injury Collision,,45,Bicycle,Matched,N,1,Overcast,0,0,0,N,2016-74648
155456,"""(47.61300140900005, -122.33002503099999)""",215782,216042,Intersection,Cycles,\\sdotnasvfa\sdot_vol1\H8\PROD\ATTACHMENTS\COL_DIAGRAM\64186600.bmp,0, ,,0,Y,03/09/2016 08:00:00 AM +0000,3/9/2016 5:03,1,29884,At Intersection (intersection related),Dark - Street Lights On,PIKE ST AND TERRY AVE,0,1,,2,\\sdotnasvfa\sdot_vol1\H8\PROD\ATTACHMENTS\COL_REPORT\3707387.pdf,3707387,Dry,18,"MOTOR VEHICLE STRUCK PEDALCYCLIST, FRONT END AT ANGLE",,12206,0,2,Injury Collision,,45,Bicycle,Matched,N,1,Overcast,0,0,0,N,2016-83176
155487,"""(47.70072032200005, -122.30293610299998)""",19727,19727,Block,Cycles,\\sdotnasvfa\sdot_vol1\H8\PROD\ATTACHMENTS\COL_DIAGRAM\33512200.bmp,189.5,,,0,,06/25/2004 07:00:00 AM +0000,6/25/2004 19:50,1,,Mid-Block (but intersection related),Daylight,LAKE CITY WAY NE BETWEEN NE 98TH ST AND NE 100TH ST,0,1,,2,\\sdotnasvfa\sdot_vol1\H8\PROD\ATTACHMENTS\COL_REPORT\1774259.pdf,1774259,Dry,51,PEDALCYCLIST STRUCK MOTOR VEHICLE FRONT END AT ANGLE,4177003,11160,1,2b,Serious Injury Collision,,45,Bicycle,Matched,0,1,Clear or Partly Cloudy,0,0,0,N,04-260311
155496,"""(47.70130621200008, -122.32040885599997)""",19854,19854,Intersection,Cycles,\\sdotnasvfa\sdot_vol1\H8\PROD\ATTACHMENTS\COL_DIAGRAM\77515500.bmp,0,,,0,,05/05/2004 07:00:00 AM +0000,5/5/2004,1,37486,At Intersection (intersection related),Dawn,8TH AVE NE AND NE 100TH ST,0,1,,2,\\sdotnasvfa\sdot_vol1\H8\PROD\ATTACHMENTS\COL_REPORT\1781878.pdf,1781878,Dry,51,PEDALCYCLIST STRUCK MOTOR VEHICLE FRONT END AT ANGLE,4126005,8352,0,2,Injury Collision,,45,Bicycle,Matched,0,1,Overcast,0,0,0,N,04-180233
155545,"""(47.64776978700007, -122.35332276999998)""",20137,20137,Intersection,Cycles,\\sdotnasvfa\sdot_vol1\H8\PROD\ATTACHMENTS\COL_DIAGRAM\55184400.bmp,0,,,0,,03/31/2004 08:00:00 AM +0000,3/31/2004 13:20,1,27047,At Intersection (intersection related),Daylight,ETRURIA ST AND NICKERSON ST,0,1,Y,2,\\sdotnasvfa\sdot_vol1\H8\PROD\ATTACHMENTS\COL_REPORT\1182148.pdf,1182148,Dry,18,"MOTOR VEHICLE STRUCK PEDALCYCLIST, FRONT END AT ANGLE",4091001,10261,0,2,Injury Collision,,45,Bicycle,Matched,0,1,Clear or Partly Cloudy,0,0,0,N,04-129296
155578,"""(47.61524975200007, -122.31881447599994)""",212805,213085,Block,Cycles,\\sdotnasvfa\sdot_vol1\H8\PROD\ATTACHMENTS\COL_DIAGRAM\34183300.bmp,161, ,,0,Y,12/09/2015 08:00:00 AM +0000,12/9/2015 9:10,1,,Mid-Block (not related to intersection),Daylight,E PINE ST BETWEEN 10TH AVE AND 11TH AVE,0,1,,1,\\sdotnasvfa\sdot_vol1\H8\PROD\ATTACHMENTS\COL_REPORT\E510244.pdf,E510244,Standing Water,18,"MOTOR VEHICLE STRUCK PEDALCYCLIST, FRONT END AT ANGLE",,14636,0,2,Injury Collision,,45,Bicycle,Matched,N,1,Overcast,0,0,0,N,15426785
155580,"""(47.53895778300006, -122.29608148499995)""",213130,213410,Intersection,Cycles,\\sdotnasvfa\sdot_vol1\H8\PROD\ATTACHMENTS\COL_DIAGRAM\78185500.bmp,0, ,,0,,02/07/2016 08:00:00 AM +0000,2/7/2016 15:57,1,167623,At Intersection (intersection related),Daylight,BEACON ER AVE S AND S MYRTLE ST,0,1,,2,\\sdotnasvfa\sdot_vol1\H8\PROD\ATTACHMENTS\COL_REPORT\3735229.pdf,3735229,Dry,18,"MOTOR VEHICLE STRUCK PEDALCYCLIST, FRONT END AT ANGLE",,20912,0,2,Injury Collision,,45,Bicycle,Matched,N,1,Clear or Partly Cloudy,0,0,0,N,2016-45889
155635,"""(47.61844935400006, -122.32929210599997)""",20119,20119,Block,Cycles,\\sdotnasvfa\sdot_vol1\H8\PROD\ATTACHMENTS\COL_DIAGRAM\77567900.bmp,354.5,,,0,Y,12/18/2004 08:00:00 AM +0000,12/18/2004 1:29,1,,Mid-Block (but intersection related),Dark - Street Lights On,DENNY WAY BETWEEN STEWART ST AND MELROSE AVE,0,1,,6,\\sdotnasvfa\sdot_vol1\H8\PROD\ATTACHMENTS\COL_REPORT\1059929.pdf,1059929,Wet,56,PEDALCYCLIST STRUCK MOTOR VEHICLE LEFT SIDE SIDESWIPE,4353006,10023,0,2,Injury Collision,,45,Bicycle,Matched,1,2,Overcast,0,0,0,N,4523033
155661,"""(47.526488474000075, -122.36046956599995)""",19819,19819,Intersection,Cycles,\\sdotnasvfa\sdot_vol1\H8\PROD\ATTACHMENTS\COL_DIAGRAM\77511100.bmp,0,,,0,,05/05/2004 07:00:00 AM +0000,5/5/2004,1,34850,At Intersection (intersection related),Daylight,DELRIDGE WAY SW AND SW CLOVERDALE ST,0,1,,2,\\sdotnasvfa\sdot_vol1\H8\PROD\ATTACHMENTS\COL_REPORT\1789114.pdf,1789114,Dry,51,PEDALCYCLIST STRUCK MOTOR VEHICLE FRONT END AT ANGLE,4126042,9986,0,2,Injury Collision,,45,Bicycle,Matched,0,1,Clear or Partly Cloudy,0,0,0,N,04 181029
155718,"""(47.610395012000026, -122.31677935199997)""",214992,215252,Intersection,Cycles,\\sdotnasvfa\sdot_vol1\H8\PROD\ATTACHMENTS\COL_DIAGRAM\33185500.bmp,0, ,,0,,02/29/2016 08:00:00 AM +0000,2/29/2016 9:27,1,29783,At Intersection (intersection related),Daylight,12TH AVE AND E MARION ST,0,1,,1,\\sdotnasvfa\sdot_vol1\H8\PROD\ATTACHMENTS\COL_REPORT\E520804.pdf,E520804,Dry,18,"MOTOR VEHICLE STRUCK PEDALCYCLIST, FRONT END AT ANGLE",,1534,0,2,Injury Collision,,45,Bicycle,Matched,N,1,Overcast,0,10719,0,N,2016-72119
155866,"""(47.700463580000076, -122.38755810199996)""",20067,20067,Intersection,Cycles,\\sdotnasvfa\sdot_vol1\H8\PROD\ATTACHMENTS\COL_DIAGRAM\00640000.bmp,0,,,0,,02/29/2004 08:00:00 AM +0000,2/29/2004 15:21,2,36912,At Intersection (intersection related),Daylight,24TH AVE NW AND NW 98TH N ST,1,1,,2,\\sdotnasvfa\sdot_vol1\H8\PROD\ATTACHMENTS\COL_REPORT\1780673.pdf,1780673,Dry,64,PEDALCYCLIST STRUCK PEDESTRIAN,4060004,3617,0,2,Injury Collision,,45,Bicycle,Matched,0,0,Clear or Partly Cloudy,0,0,0,N,04-086387
155936,"""(47.50435895000004, -122.24939911399997)""",19834,19834,Block,Cycles,\\sdotnasvfa\sdot_vol1\H8\PROD\ATTACHMENTS\COL_DIAGRAM\11187974.bmp,454.5,,,0,,08/31/2004 07:00:00 AM +0000,8/31/2004 17:36,1,,Driveway Junction,Daylight,68TH AVE S BETWEEN S BANGOR CT AND 66TH AVE S,0,1,,2,\\sdotnasvfa\sdot_vol1\H8\PROD\ATTACHMENTS\COL_REPORT\1771783.pdf,1771783,Dry,18,"MOTOR VEHICLE STRUCK PEDALCYCLIST, FRONT END AT ANGLE",4244002,8149,0,2,Injury Collision,,45,Bicycle,Matched,0,1,Clear or Partly Cloudy,0,0,0,N,04-365795
155977,"""(47.56174279600003, -122.27573326299995)""",20126,20126,Intersection,Cycles,\\sdotnasvfa\sdot_vol1\H8\PROD\ATTACHMENTS\COL_DIAGRAM\33511100.bmp,0,,,0,,04/25/2004 07:00:00 AM +0000,4/25/2004 18:00,1,32606,At Intersection (intersection related),Daylight,46TH AVE S AND S SNOQUALMIE ST,0,1,,2,\\sdotnasvfa\sdot_vol1\H8\PROD\ATTACHMENTS\COL_REPORT\1779391.pdf,1779391,Dry,51,PEDALCYCLIST STRUCK MOTOR VEHICLE FRONT END AT ANGLE,4116008,6902,0,2,Injury Collision,,45,Bicycle,Matched,0,1,Clear or Partly Cloudy,0,0,0,N,04 165774
156014,"""(47.66488853800007, -122.31137174799994)""",19740,19740,Block,Cycles,\\sdotnasvfa\sdot_vol1\H8\PROD\ATTACHMENTS\COL_DIAGRAM\31187700.bmp,140,,,0,,05/01/2004 07:00:00 AM +0000,5/1/2004,1,,Driveway Junction,Daylight,NE 50TH ST BETWEEN 15TH AVE NE AND 16TH AVE NE,0,1,Y,2,\\sdotnasvfa\sdot_vol1\H8\PROD\ATTACHMENTS\COL_REPORT\1205118.pdf,1205118,Dry,18,"MOTOR VEHICLE STRUCK PEDALCYCLIST, FRONT END AT ANGLE",4122033,16935,0,2,Injury Collision,,45,Bicycle,Matched,0,1,Clear or Partly Cloudy,0,0,0,N,04-174705
156119,"""(47.57208162200004, -122.39341698699997)""",20618,20618,Intersection,Cycles,\\sdotnasvfa\sdot_vol1\H8\PROD\ATTACHMENTS\COL_DIAGRAM\33181100.bmp,0,,,0,,08/22/2004 07:00:00 AM +0000,8/22/2004 20:30,1,31954,At Intersection (intersection related),Dusk,48TH AVE SW AND SW SPOKANE ST,0,1,Y,2,\\sdotnasvfa\sdot_vol1\H8\PROD\ATTACHMENTS\COL_REPORT\1797951.pdf,1797951,Wet,18,"MOTOR VEHICLE STRUCK PEDALCYCLIST, FRONT END AT ANGLE",4235014,7142,0,2,Injury Collision,,45,Bicycle,Matched,0,1,Overcast,0,0,0,N,04-352620
156127,"""(47.668509302000075, -122.28482300399997)""",20757,20757,Intersection,Cycles,\\sdotnasvfa\sdot_vol1\H8\PROD\ATTACHMENTS\COL_DIAGRAM\55517700.bmp,0,,,0,,08/20/2004 07:00:00 AM +0000,8/20/2004 17:20,1,26218,At Intersection (intersection related),Daylight,40TH AVE NE AND NE 55TH ST,0,1,,2,\\sdotnasvfa\sdot_vol1\H8\PROD\ATTACHMENTS\COL_REPORT\1782774.pdf,1782774,Dry,51,PEDALCYCLIST STRUCK MOTOR VEHICLE FRONT END AT ANGLE,4233005,6314,0,2,Injury Collision,,45,Bicycle,Matched,0,1,Clear or Partly Cloudy,0,0,0,N,04 349531
156140,"""(47.61406619600007, -122.32211092499995)""",20628,20628,Intersection,Cycles,\\sdotnasvfa\sdot_vol1\H8\PROD\ATTACHMENTS\COL_DIAGRAM\75183300.bmp,0,,,0,,10/14/2004 07:00:00 AM +0000,10/14/2004 19:00,1,29744,At Intersection (intersection related),Dark - Street Lights On,HARVARD AVE AND E PIKE ST,0,1,Y,2,\\sdotnasvfa\sdot_vol1\H8\PROD\ATTACHMENTS\COL_REPORT\1772408.pdf,1772408,Dry,18,"MOTOR VEHICLE STRUCK PEDALCYCLIST, FRONT END AT ANGLE",4288023,10841,0,2,Injury Collision,,45,Bicycle,Matched,0,1,Clear or Partly Cloudy,0,0,0,N,4432658
156209,"""(47.61183774400007, -122.33280066599997)""",20373,20373,Block,Cycles,\\sdotnasvfa\sdot_vol1\H8\PROD\ATTACHMENTS\COL_DIAGRAM\23182200.bmp,161,,,0,,05/04/2004 07:00:00 AM +0000,5/4/2004,1,,Mid-Block (not related to intersection),Daylight,PIKE ST BETWEEN 7TH AVE AND 8TH AVE,0,1,,2,\\sdotnasvfa\sdot_vol1\H8\PROD\ATTACHMENTS\COL_REPORT\1482659.pdf,1482659,Dry,18,"MOTOR VEHICLE STRUCK PEDALCYCLIST, FRONT END AT ANGLE",4125008,12203,0,2,Injury Collision,,45,Bicycle,Matched,0,1,Clear or Partly Cloudy,0,0,0,N,04 178938
156256,"""(47.64203050000003, -122.32588836999997)""",21303,21303,Intersection,Cycles,\\sdotnasvfa\sdot_vol1\H8\PROD\ATTACHMENTS\COL_DIAGRAM\33181100.bmp,0,,,0,,07/27/2004 07:00:00 AM +0000,7/27/2004 9:46,1,28303,At Intersection (intersection related),Daylight,EASTLAKE AVE E AND E LOUISA ST,0,1,Y,2,\\sdotnasvfa\sdot_vol1\H8\PROD\ATTACHMENTS\COL_REPORT\1217102.pdf,1217102,Dry,18,"MOTOR VEHICLE STRUCK PEDALCYCLIST, FRONT END AT ANGLE",4209024,10178,0,2,Injury Collision,,45,Bicycle,Matched,0,1,Clear or Partly Cloudy,0,0,0,N,4311294