OBJECTID,Shape,INCKEY,COLDETKEY,ADDRTYPE,COLLISIONTYPE,DIAGRAMLINK,DISTANCE,EXCEPTRSNCODE,EXCEPTRSNDESC,FATALITIES,INATTENTIONIND,INCDATE,INCDTTM,INJURIES,INTKEY,JUNCTIONTYPE,LIGHTCOND,LOCATION,PEDCOUNT,PEDCYLCOUNT,PEDROWNOTGRNT,PERSONCOUNT,REPORTLINK,REPORTNO,ROADCOND,SDOT_COLCODE,SDOT_COLDESC,SDOTCOLNUM,SEGKEY,SERIOUSINJURIES,SEVERITYCODE,SEVERITYDESC,SPEEDING,ST_COLCODE,ST_COLDESC,STATUS,UNDERINFL,VEHCOUNT,WEATHER,WIDTH,SEGLANEKEY,CROSSWALKKEY,HITPARKEDCAR,SPDCASENO
159466,"""(47.62543769000007, -122.35148024999995)""",203520,203660,Intersection,Cycles,\\sdotnasvfa\sdot_vol1\H8\PROD\ATTACHMENTS\COL_DIAGRAM\18185500.bmp,0, ,,0,,08/22/2015 07:00:00 AM +0000,8/22/2015 2:00,1,28885,At Intersection (intersection related),Dark - Street Lights On,3RD AVE N AND ROY ST,0,1,,0,\\sdotnasvfa\sdot_vol1\H8\PROD\ATTACHMENTS\COL_REPORT\E458086.pdf,E458086,Dry,18,"MOTOR VEHICLE STRUCK PEDALCYCLIST, FRONT END AT ANGLE",,4398,0,2,Injury Collision,,45,Bicycle,Matched,N,1,Clear or Partly Cloudy,0,0,0,N,2015-292654
159508,"""(47.60169336800004, -122.31678189299998)""",215161,215421,Intersection,Cycles,\\sdotnasvfa\sdot_vol1\H8\PROD\ATTACHMENTS\COL_DIAGRAM\55513300.bmp,0, ,,0,,03/04/2016 08:00:00 AM +0000,3/4/2016 19:18,0,30410,At Intersection (intersection related),Dark - Street Lights On,12TH AVE AND E YESLER WAY,0,1,,2,\\sdotnasvfa\sdot_vol1\H8\PROD\ATTACHMENTS\COL_REPORT\3777793.pdf,3777793,Wet,51,PEDALCYCLIST STRUCK MOTOR VEHICLE FRONT END AT ANGLE,,1523,0,1,Property Damage Only Collision,,45,Bicycle,Matched,N,1,Raining,0,0,0,N,2016-78063
159571,"""(47.592688001000056, -122.31728076599995)""",203203,203343,Block,Cycles,\\sdotnasvfa\sdot_vol1\H8\PROD\ATTACHMENTS\COL_DIAGRAM\54181100.bmp,418.5, ,,0,,09/25/2015 07:00:00 AM +0000,9/25/2015 19:18,1,,Mid-Block (not related to intersection),Unknown,12TH AVE S BETWEEN S CHARLES S ST AND S JUDKINS ST,0,1,,2,\\sdotnasvfa\sdot_vol1\H8\PROD\ATTACHMENTS\COL_REPORT\3708421.pdf,3708421,Unknown,18,"MOTOR VEHICLE STRUCK PEDALCYCLIST, FRONT END AT ANGLE",,1657,0,2,Injury Collision,,45,Bicycle,Matched,N,1,Unknown,0,294,0,N,2015-336926
159651,"""(47.60801107700007, -122.30372151999995)""",203923,204063,Intersection,Cycles,\\sdotnasvfa\sdot_vol1\H8\PROD\ATTACHMENTS\COL_DIAGRAM\76183300.bmp,0, ,,0,,08/10/2015 07:00:00 AM +0000,8/10/2015 16:45,1,30174,At Intersection (intersection related),Daylight,22ND AVE AND E CHERRY ST,0,1,,0,\\sdotnasvfa\sdot_vol1\H8\PROD\ATTACHMENTS\COL_REPORT\E454488.pdf,E454488,Dry,18,"MOTOR VEHICLE STRUCK PEDALCYCLIST, FRONT END AT ANGLE",,3229,0,2,Injury Collision,,45,Bicycle,Matched,N,1,Clear or Partly Cloudy,0,0,0,N,2015-277182
159799,"""(47.62842769400004, -122.34231515099998)""",203740,203880,Block,Cycles,\\sdotnasvfa\sdot_vol1\H8\PROD\ATTACHMENTS\COL_DIAGRAM\11561900.bmp,471, ,,0,,08/06/2015 07:00:00 AM +0000,8/6/2015 18:00,1,,Mid-Block (not related to intersection),Daylight,DEXTER AVE N BETWEEN ALOHA ST AND HIGHLAND DR,0,1,,1,\\sdotnasvfa\sdot_vol1\H8\PROD\ATTACHMENTS\COL_REPORT\E466816.pdf,E466816,Dry,56,PEDALCYCLIST STRUCK MOTOR VEHICLE LEFT SIDE SIDESWIPE,,10080,0,2,Injury Collision,,45,Bicycle,Matched,N,1,Clear or Partly Cloudy,0,12783,0,N,15-274390
159809,"""(47.60230560100007, -122.33251943999994)""",202821,202961,Intersection,Cycles,\\sdotnasvfa\sdot_vol1\H8\PROD\ATTACHMENTS\COL_DIAGRAM\43184400.bmp,0, ,,0,Y,09/12/2015 07:00:00 AM +0000,9/12/2015 19:03,1,30482,At Intersection (intersection related),Dusk,2ND AVE AND JAMES ST,0,1,,2,\\sdotnasvfa\sdot_vol1\H8\PROD\ATTACHMENTS\COL_REPORT\3739355.pdf,3739355,Dry,18,"MOTOR VEHICLE STRUCK PEDALCYCLIST, FRONT END AT ANGLE",,2749,0,2,Injury Collision,,45,Bicycle,Matched,N,1,Clear or Partly Cloudy,0,0,12023,N,2015-319377
159830,"""(47.60683500400006, -122.33819701599998)""",203565,203705,Intersection,Cycles,\\sdotnasvfa\sdot_vol1\H8\PROD\ATTACHMENTS\COL_DIAGRAM\55647171.bmp,0, ,,0,,09/11/2015 07:00:00 AM +0000,9/11/2015 12:54,1,29604,At Intersection (intersection related),Daylight,1ST AVE AND UNIVERSITY ST,2,1,,0,\\sdotnasvfa\sdot_vol1\H8\PROD\ATTACHMENTS\COL_REPORT\E461321.pdf,E461321,Dry,64,PEDALCYCLIST STRUCK PEDESTRIAN,,1007,0,2,Injury Collision,,45,Bicycle,Matched,N,0,Clear or Partly Cloudy,0,0,521104,N,2015-318877
160002,"""(47.66749016400007, -122.31303423799994)""",203422,203562,Block,Cycles,\\sdotnasvfa\sdot_vol1\H8\PROD\ATTACHMENTS\COL_DIAGRAM\12181100.bmp,385, ,,0,,09/29/2015 07:00:00 AM +0000,9/29/2015 18:17,1,,Mid-Block (not related to intersection),Daylight,UNIVERSITY WAY NE BETWEEN NE 52ND ST AND NE 55TH ST,0,1,,1,\\sdotnasvfa\sdot_vol1\H8\PROD\ATTACHMENTS\COL_REPORT\E466410.pdf,E466410,Dry,18,"MOTOR VEHICLE STRUCK PEDALCYCLIST, FRONT END AT ANGLE",,13225,0,2,Injury Collision,,45,Bicycle,Matched,N,1,Clear or Partly Cloudy,0,0,0,N,2015-341272
160007,"""(47.61849674100006, -122.32785352399998)""",203434,203574,Intersection,Cycles,\\sdotnasvfa\sdot_vol1\H8\PROD\ATTACHMENTS\COL_DIAGRAM\77185500.bmp,0, ,,0,,09/13/2015 07:00:00 AM +0000,9/13/2015 14:22,1,29165,At Intersection (intersection related),Daylight,MELROSE AVE AND E DENNY WAY,0,1,,1,\\sdotnasvfa\sdot_vol1\H8\PROD\ATTACHMENTS\COL_REPORT\E466525.pdf,E466525,Dry,18,"MOTOR VEHICLE STRUCK PEDALCYCLIST, FRONT END AT ANGLE",,11758,0,2,Injury Collision,,45,Bicycle,Matched,N,1,Clear or Partly Cloudy,0,0,0,N,2015-321589
160059,"""(47.66385188600003, -122.34264783499998)""",203278,203418,Block,Cycles,\\sdotnasvfa\sdot_vol1\H8\PROD\ATTACHMENTS\COL_DIAGRAM\55235900.bmp,169, ,,0,,09/22/2015 07:00:00 AM +0000,9/22/2015 8:03,1,,Mid-Block (not related to intersection),Daylight,GREEN LAKE WAY N BETWEEN N 48TH ST AND STONE AVE N,0,1,,2,\\sdotnasvfa\sdot_vol1\H8\PROD\ATTACHMENTS\COL_REPORT\3733820.pdf,3733820,Dry,23,"MOTOR VEHICLE STRUCK PEDALCYCLIST, LEFT SIDE SIDESWIPE",,10690,0,2,Injury Collision,,45,Bicycle,Matched,N,1,,0,1849,0,N,2015-331983
160137,"""(47.52180710600004, -122.35915384699996)""",203444,203584,Intersection,Cycles,\\sdotnasvfa\sdot_vol1\H8\PROD\ATTACHMENTS\COL_DIAGRAM\11184400.bmp,0, ,,0,Y,09/28/2015 07:00:00 AM +0000,9/28/2015 19:22,1,34885,At Intersection (intersection related),Dark - Street Lights On,20TH AVE SW AND DELRIDGE WAY SW,0,1,Y,2,\\sdotnasvfa\sdot_vol1\H8\PROD\ATTACHMENTS\COL_REPORT\3587909.pdf,3587909,Dry,18,"MOTOR VEHICLE STRUCK PEDALCYCLIST, FRONT END AT ANGLE",,3085,0,2,Injury Collision,,45,Bicycle,Matched,N,1,Clear or Partly Cloudy,0,0,0,N,2015-339979
160194,"""(47.615024764000054, -122.35326864599995)""",202874,203014,Intersection,Cycles,\\sdotnasvfa\sdot_vol1\H8\PROD\ATTACHMENTS\COL_DIAGRAM\66514400.bmp,0, ,,0,,09/20/2015 07:00:00 AM +0000,9/20/2015 9:15,1,29681,At Intersection (intersection related),Daylight,CLAY ST AND ELLIOTT AVE,0,1,,2,\\sdotnasvfa\sdot_vol1\H8\PROD\ATTACHMENTS\COL_REPORT\3789354.pdf,3789354,Dry,51,PEDALCYCLIST STRUCK MOTOR VEHICLE FRONT END AT ANGLE,,9682,0,2,Injury Collision,,45,Bicycle,Matched,N,1,Clear or Partly Cloudy,0,0,0,N,2015-329772
160222,"""(47.598567057000025, -122.31358522799997)""",203848,203988,Block,Cycles,\\sdotnasvfa\sdot_vol1\H8\PROD\ATTACHMENTS\COL_DIAGRAM\81188800.bmp,96, ,,0,,09/19/2015 07:00:00 AM +0000,9/19/2015 14:32,1,,Mid-Block (not related to intersection),Daylight,RAINIER AVE S BETWEEN S JACKSON PL AND S KING ST,0,1,,1,\\sdotnasvfa\sdot_vol1\H8\PROD\ATTACHMENTS\COL_REPORT\E467248.pdf,E467248,Dry,18,"MOTOR VEHICLE STRUCK PEDALCYCLIST, FRONT END AT ANGLE",,12341,0,2,Injury Collision,,45,Bicycle,Matched,N,1,Clear or Partly Cloudy,0,0,0,N,2015-328918
160280,"""(47.66867869300006, -122.38757648599994)""",203110,203250,Intersection,Cycles,\\sdotnasvfa\sdot_vol1\H8\PROD\ATTACHMENTS\COL_DIAGRAM\71187171.bmp,0, ,,0,Y,09/26/2015 07:00:00 AM +0000,9/26/2015 13:40,1,25143,At Intersection (intersection related),Daylight,24TH AVE NW AND NW MARKET ST,0,1,,2,\\sdotnasvfa\sdot_vol1\H8\PROD\ATTACHMENTS\COL_REPORT\3327825.pdf,3327825,Dry,18,"MOTOR VEHICLE STRUCK PEDALCYCLIST, FRONT END AT ANGLE",,3590,0,2,Injury Collision,,45,Bicycle,Matched,N,1,Clear or Partly Cloudy,0,0,0,N,2015-337152
160291,"""(47.60321561100005, -122.32798197599999)""",203465,203605,Block,Cycles,\\sdotnasvfa\sdot_vol1\H8\PROD\ATTACHMENTS\COL_DIAGRAM\33185500.bmp,161, ,,0,,09/15/2015 07:00:00 AM +0000,9/15/2015 6:32,1,,Mid-Block (not related to intersection),Dawn,JEFFERSON ST BETWEEN 5TH AVE AND 6TH AVE,0,1,,1,\\sdotnasvfa\sdot_vol1\H8\PROD\ATTACHMENTS\COL_REPORT\E463046.pdf,E463046,Dry,18,"MOTOR VEHICLE STRUCK PEDALCYCLIST, FRONT END AT ANGLE",,11063,0,2,Injury Collision,,45,Bicycle,Matched,N,1,Clear or Partly Cloudy,0,0,0,N,2015-323411
160314,"""(47.604360385000064, -122.31678113299995)""",203329,203469,Intersection,Cycles,\\sdotnasvfa\sdot_vol1\H8\PROD\ATTACHMENTS\COL_DIAGRAM\17185500.bmp,0, ,,0,,09/15/2015 07:00:00 AM +0000,9/15/2015 18:04,0,29826,At Intersection (intersection related),Daylight,12TH AVE AND E ALDER ST,0,1,,1,\\sdotnasvfa\sdot_vol1\H8\PROD\ATTACHMENTS\COL_REPORT\E463489.pdf,E463489,Dry,18,"MOTOR VEHICLE STRUCK PEDALCYCLIST, FRONT END AT ANGLE",,1526,0,1,Property Damage Only Collision,,45,Bicycle,Matched,N,1,Clear or Partly Cloudy,0,0,0,N,2015-324190
160338,"""(47.690587073000074, -122.35260172799997)""",204098,204238,Intersection,Cycles,\\sdotnasvfa\sdot_vol1\H8\PROD\ATTACHMENTS\COL_DIAGRAM\17185500.bmp,0, ,,0,Y,10/04/2015 07:00:00 AM +0000,10/4/2015 12:51,1,37461,At Intersection (intersection related),Daylight,DAYTON AVE N AND N 85TH ST,0,1,,2,\\sdotnasvfa\sdot_vol1\H8\PROD\ATTACHMENTS\COL_REPORT\3737251.pdf,3737251,Dry,18,"MOTOR VEHICLE STRUCK PEDALCYCLIST, FRONT END AT ANGLE",,9927,0,2,Injury Collision,,45,Bicycle,Matched,N,1,Clear or Partly Cloudy,0,0,0,N,15-347029
160344,"""(47.620888395000065, -122.34238173099999)""",203342,203482,Intersection,Cycles,\\sdotnasvfa\sdot_vol1\H8\PROD\ATTACHMENTS\COL_DIAGRAM\73181100.bmp,0, ,,0,,09/23/2015 07:00:00 AM +0000,9/23/2015 18:03,1,28788,At Intersection (intersection related),Daylight,DEXTER AVE N AND THOMAS ST,0,1,,1,\\sdotnasvfa\sdot_vol1\H8\PROD\ATTACHMENTS\COL_REPORT\E464879.pdf,E464879,Dry,18,"MOTOR VEHICLE STRUCK PEDALCYCLIST, FRONT END AT ANGLE",,10073,0,2,Injury Collision,,45,Bicycle,Matched,N,1,Clear or Partly Cloudy,0,12606,0,N,15-333706
160349,"""(47.614808836000066, -122.34695357599998)""",203667,203807,Intersection,Cycles,\\sdotnasvfa\sdot_vol1\H8\PROD\ATTACHMENTS\COL_DIAGRAM\22184671.bmp,0, ,,0,,09/20/2015 07:00:00 AM +0000,9/20/2015 22:06,1,29690,At Intersection (intersection related),Dark - Street Lights On,2ND AVE AND BATTERY ST,0,1,,1,\\sdotnasvfa\sdot_vol1\H8\PROD\ATTACHMENTS\COL_REPORT\E463509.pdf,E463509,Wet,18,"MOTOR VEHICLE STRUCK PEDALCYCLIST, FRONT END AT ANGLE",,2765,0,2,Injury Collision,,45,Bicycle,Matched,N,1,Raining,0,0,0,N,2015-330419
160384,"""(47.65297596400006, -122.31246414499998)""",19117,19117,Intersection,Cycles,\\sdotnasvfa\sdot_vol1\H8\PROD\ATTACHMENTS\COL_DIAGRAM\82188271.bmp,0,,,0,,07/22/2004 07:00:00 AM +0000,7/22/2004 9:07,1,27149,At Intersection (intersection related),Daylight,15TH AVE NE AND NE PACIFIC ST,0,1,,6,\\sdotnasvfa\sdot_vol1\H8\PROD\ATTACHMENTS\COL_REPORT\1781939.pdf,1781939,Dry,18,"MOTOR VEHICLE STRUCK PEDALCYCLIST, FRONT END AT ANGLE",4204005,2028,0,2,Injury Collision,,45,Bicycle,Matched,0,1,Clear or Partly Cloudy,0,0,0,N,04-303591
160395,"""(47.66220710200008, -122.37830241899997)""",18975,18975,Intersection,Cycles,\\sdotnasvfa\sdot_vol1\H8\PROD\ATTACHMENTS\COL_DIAGRAM\11514400.bmp,0,,,0,,09/22/2004 07:00:00 AM +0000,9/22/2004 7:58,1,25184,At Intersection (intersection related),Daylight,SHILSHOLE AVE NW AND NW 46TH ST,0,1,,2,\\sdotnasvfa\sdot_vol1\H8\PROD\ATTACHMENTS\COL_REPORT\1795005.pdf,1795005,Dry,51,PEDALCYCLIST STRUCK MOTOR VEHICLE FRONT END AT ANGLE,4266008,12827,0,2,Injury Collision,,45,Bicycle,Matched,0,1,Overcast,0,0,0,N,4398138
160460,"""(47.56306942500004, -122.37877138099998)""",18826,18826,Block,Cycles,\\sdotnasvfa\sdot_vol1\H8\PROD\ATTACHMENTS\COL_DIAGRAM\55183976.bmp,71.5,,,0,Y,08/04/2004 07:00:00 AM +0000,8/4/2004,1,,Mid-Block (not related to intersection),Daylight,37TH AVE SW BETWEEN FAUNTLEROY WAY SW AND SW OREGON ST,0,1,,2,\\sdotnasvfa\sdot_vol1\H8\PROD\ATTACHMENTS\COL_REPORT\1797905.pdf,1797905,Dry,18,"MOTOR VEHICLE STRUCK PEDALCYCLIST, FRONT END AT ANGLE",4217029,5774,1,2b,Serious Injury Collision,,45,Bicycle,Matched,0,1,Overcast,0,0,0,N,40324019
160523,"""(47.661245509000025, -122.29476287999995)""",18099,18099,Block,Cycles,\\sdotnasvfa\sdot_vol1\H8\PROD\ATTACHMENTS\COL_DIAGRAM\55183300.bmp,467.5,,,0,,08/30/2004 07:00:00 AM +0000,8/30/2004 14:50,0,,Driveway Junction,Daylight,NE 45TH ST BETWEEN U VILLAGE DR AND NE 45TH PL,0,1,Y,2,\\sdotnasvfa\sdot_vol1\H8\PROD\ATTACHMENTS\COL_REPORT\1794103.pdf,1794103,Dry,18,"MOTOR VEHICLE STRUCK PEDALCYCLIST, FRONT END AT ANGLE",4243002,288753,0,1,Property Damage Only Collision,,45,Bicycle,Matched,0,1,Clear or Partly Cloudy,0,0,0,N,04-364033
160581,"""(47.66293460600008, -122.37632083699998)""",18118,18118,Intersection,Cycles,\\sdotnasvfa\sdot_vol1\H8\PROD\ATTACHMENTS\COL_DIAGRAM\34181100.bmp,0,,,0,,08/11/2004 07:00:00 AM +0000,8/11/2004 11:41,1,25188,At Intersection (intersection related),Daylight,BALLARD BR ON RP AND NW BALLARD WAY,0,1,,2,\\sdotnasvfa\sdot_vol1\H8\PROD\ATTACHMENTS\COL_REPORT\1773848.pdf,1773848,Dry,18,"MOTOR VEHICLE STRUCK PEDALCYCLIST, FRONT END AT ANGLE",4224045,2216,0,2,Injury Collision,,45,Bicycle,Matched,0,1,Clear or Partly Cloudy,0,0,0,N,04-335347
160608,"""(47.63474278000007, -122.35696980299997)""",18363,18363,Intersection,Cycles,\\sdotnasvfa\sdot_vol1\H8\PROD\ATTACHMENTS\COL_DIAGRAM\33185771.bmp,0,,,0,,07/20/2004 07:00:00 AM +0000,7/20/2004 17:53,1,27842,At Intersection (intersection related),Daylight,BLAINE ST AND QUEEN ANNE AVE N,0,1,Y,2,\\sdotnasvfa\sdot_vol1\H8\PROD\ATTACHMENTS\COL_REPORT\1482511.pdf,1482511,Dry,18,"MOTOR VEHICLE STRUCK PEDALCYCLIST, FRONT END AT ANGLE",4202033,9278,0,2,Injury Collision,,45,Bicycle,Matched,0,1,Clear or Partly Cloudy,0,0,0,N,04 300882
160628,"""(47.60726631000006, -122.33245128099998)""",18362,18362,Intersection,Cycles,\\sdotnasvfa\sdot_vol1\H8\PROD\ATTACHMENTS\COL_DIAGRAM\22188671.bmp,0,,,0,,07/12/2004 07:00:00 AM +0000,7/12/2004 16:20,1,29933,At Intersection (intersection related),Daylight,5TH AVE AND SPRING ST,0,1,,2,\\sdotnasvfa\sdot_vol1\H8\PROD\ATTACHMENTS\COL_REPORT\1072239.pdf,1072239,Dry,18,"MOTOR VEHICLE STRUCK PEDALCYCLIST, FRONT END AT ANGLE",4194004,7231,0,2,Injury Collision,,45,Bicycle,Matched,0,1,Clear or Partly Cloudy,0,0,0,N,04 288097
160635,"""(47.67276013900005, -122.40634236799997)""",18360,18360,Intersection,Cycles,\\sdotnasvfa\sdot_vol1\H8\PROD\ATTACHMENTS\COL_DIAGRAM\17185500.bmp,0,,,0,,06/14/2004 07:00:00 AM +0000,6/14/2004 17:37,1,25033,At Intersection (intersection related),Daylight,SEAVIEW AVE NW AND NW 61ST ST,0,1,Y,2,\\sdotnasvfa\sdot_vol1\H8\PROD\ATTACHMENTS\COL_REPORT\1319746.pdf,1319746,Dry,18,"MOTOR VEHICLE STRUCK PEDALCYCLIST, FRONT END AT ANGLE",4166022,12761,1,2b,Serious Injury Collision,,45,Bicycle,Matched,0,1,Clear or Partly Cloudy,0,0,0,N,04-242414
160636,"""(47.68104928300005, -122.34703354699997)""",18353,18353,Intersection,Cycles,\\sdotnasvfa\sdot_vol1\H8\PROD\ATTACHMENTS\COL_DIAGRAM\67186600.bmp,0,,,0,,04/03/2004 08:00:00 AM +0000,4/3/2004,1,24330,At Intersection (intersection related),Daylight,LINDEN AVE N AND N 72ND ST,0,1,Y,2,\\sdotnasvfa\sdot_vol1\H8\PROD\ATTACHMENTS\COL_REPORT\1317775.pdf,1317775,Dry,18,"MOTOR VEHICLE STRUCK PEDALCYCLIST, FRONT END AT ANGLE",4094003,11417,0,2,Injury Collision,,45,Bicycle,Matched,0,1,Clear or Partly Cloudy,0,0,0,N,04 133856
160750,"""(47.61852939200003, -122.33728173199995)""",203674,203814,Intersection,Cycles,\\sdotnasvfa\sdot_vol1\H8\PROD\ATTACHMENTS\COL_DIAGRAM\78187700.bmp,0, ,,0,,09/01/2015 07:00:00 AM +0000,9/1/2015 9:49,1,29508,At Intersection (intersection related),Daylight,DENNY WAY AND TERRY AVE,0,1,,0,\\sdotnasvfa\sdot_vol1\H8\PROD\ATTACHMENTS\COL_REPORT\E458752.pdf,E458752,Wet,18,"MOTOR VEHICLE STRUCK PEDALCYCLIST, FRONT END AT ANGLE",,10016,0,2,Injury Collision,,45,Bicycle,Matched,N,1,Raining,0,0,0,N,2015-305924
160751,"""(47.63725179700003, -122.32007982299996)""",18467,18467,Intersection,Cycles,\\sdotnasvfa\sdot_vol1\H8\PROD\ATTACHMENTS\COL_DIAGRAM\77181100.bmp,0,,,0,,01/11/2004 08:00:00 AM +0000,1/11/2004 15:51,1,28258,At Intersection (intersection related),Daylight,10TH AVE E AND E NEWTON ST,0,1,Y,2,\\sdotnasvfa\sdot_vol1\H8\PROD\ATTACHMENTS\COL_REPORT\1786942.pdf,1786942,Dry,18,"MOTOR VEHICLE STRUCK PEDALCYCLIST, FRONT END AT ANGLE",4011003,1298,0,2,Injury Collision,,45,Bicycle,Matched,0,1,Clear or Partly Cloudy,0,0,0,N,414483
160775,"""(47.66492767300008, -122.31633451799996)""",18075,18075,Intersection,Cycles,\\sdotnasvfa\sdot_vol1\H8\PROD\ATTACHMENTS\COL_DIAGRAM\12181100.bmp,0,,,0,,10/12/2004 07:00:00 AM +0000,10/12/2004 17:58,0,25790,At Intersection (intersection related),Dusk,11TH AVE NE AND NE 50TH ST,0,1,,2,\\sdotnasvfa\sdot_vol1\H8\PROD\ATTACHMENTS\COL_REPORT\1781887.pdf,1781887,Dry,18,"MOTOR VEHICLE STRUCK PEDALCYCLIST, FRONT END AT ANGLE",4286032,1411,0,1,Property Damage Only Collision,,45,Bicycle,Matched,0,1,Clear or Partly Cloudy,0,0,0,N,04-429384
160786,"""(47.671650502000034, -122.39287014099995)""",18335,18335,Intersection,Cycles,\\sdotnasvfa\sdot_vol1\H8\PROD\ATTACHMENTS\COL_DIAGRAM\33511100.bmp,0,,,0,,09/09/2004 07:00:00 AM +0000,9/9/2004,1,25213,At Intersection (intersection related),Daylight,28TH AVE NW AND NW 59TH ST,0,1,,2,\\sdotnasvfa\sdot_vol1\H8\PROD\ATTACHMENTS\COL_REPORT\1794345.pdf,1794345,Dry,51,PEDALCYCLIST STRUCK MOTOR VEHICLE FRONT END AT ANGLE,4253021,4140,1,2b,Serious Injury Collision,,45,Bicycle,Matched,0,1,Clear or Partly Cloudy,0,0,0,N,04 3794724
160839,"""(47.53580354200005, -122.39257830199995)""",203322,203462,Intersection,Cycles,\\sdotnasvfa\sdot_vol1\H8\PROD\ATTACHMENTS\COL_DIAGRAM\28186600.bmp,0, ,,0,,09/07/2015 07:00:00 AM +0000,9/7/2015 14:45,1,33917,At Intersection (intersection related),Daylight,47TH AVE SW AND FAUNTLEROY WAY SW,0,1,,0,\\sdotnasvfa\sdot_vol1\H8\PROD\ATTACHMENTS\COL_REPORT\E460992.pdf,E460992,Dry,18,"MOTOR VEHICLE STRUCK PEDALCYCLIST, FRONT END AT ANGLE",,10411,0,2,Injury Collision,,45,Bicycle,Matched,N,1,Clear or Partly Cloudy,0,0,0,N,2015-313813
160847,"""(47.66146941900007, -122.37076944799998)""",204092,204232,Intersection,Cycles,\\sdotnasvfa\sdot_vol1\H8\PROD\ATTACHMENTS\COL_DIAGRAM\55187700.bmp,0, ,,0,,10/02/2015 07:00:00 AM +0000,10/2/2015 12:12,1,26711,At Intersection (intersection related),Daylight,11TH AVE NW AND NW 45TH ST,0,1,,2,\\sdotnasvfa\sdot_vol1\H8\PROD\ATTACHMENTS\COL_REPORT\3734030.pdf,3734030,Dry,18,"MOTOR VEHICLE STRUCK PEDALCYCLIST, FRONT END AT ANGLE",,1427,0,2,Injury Collision,,45,Bicycle,Matched,N,1,Overcast,0,0,0,N,15-344569
160867,"""(47.59919951900008, -122.31568207499998)""",206831,207031,Block,Cycles,\\sdotnasvfa\sdot_vol1\H8\PROD\ATTACHMENTS\COL_DIAGRAM\55187700.bmp,380.5, ,,0,,11/14/2015 08:00:00 AM +0000,11/14/2015 11:51,1,,Driveway Junction,Daylight,S JACKSON ST BETWEEN 12TH AVE S AND 14TH AVE S,0,1,Y,2,\\sdotnasvfa\sdot_vol1\H8\PROD\ATTACHMENTS\COL_REPORT\3672496.pdf,3672496,Wet,18,"MOTOR VEHICLE STRUCK PEDALCYCLIST, FRONT END AT ANGLE",,20494,0,2,Injury Collision,,45,Bicycle,Matched,N,1,Raining,0,11009,0,N,2015-397984
160884,"""(47.67783745400004, -122.35524787299994)""",204122,204262,Block,Cycles,\\sdotnasvfa\sdot_vol1\H8\PROD\ATTACHMENTS\COL_DIAGRAM\56183300.bmp,28, ,,0,Y,10/04/2015 07:00:00 AM +0000,10/4/2015 16:23,0,,Mid-Block (not related to intersection),Daylight,GREENWOOD AVE N BETWEEN N 67TH ST AND PHINNEY AVE N,0,1,,2,\\sdotnasvfa\sdot_vol1\H8\PROD\ATTACHMENTS\COL_REPORT\3737252.pdf,3737252,Dry,18,"MOTOR VEHICLE STRUCK PEDALCYCLIST, FRONT END AT ANGLE",,275587,0,1,Property Damage Only Collision,,45,Bicycle,Matched,N,1,Clear or Partly Cloudy,0,0,0,N,15-347242
160896,"""(47.727314352000064, -122.34771899499998)""",207438,207638,Block,Cycles,\\sdotnasvfa\sdot_vol1\H8\PROD\ATTACHMENTS\COL_DIAGRAM\11185500.bmp,166, ,,0,Y,11/08/2015 08:00:00 AM +0000,11/8/2015 17:26,0,,Mid-Block (not related to intersection),Dark - Street Lights On,LINDEN AVE N BETWEEN N 135TH ST AND N 137TH S ST,0,1,,1,\\sdotnasvfa\sdot_vol1\H8\PROD\ATTACHMENTS\COL_REPORT\E481798.pdf,E481798,Dry,18,"MOTOR VEHICLE STRUCK PEDALCYCLIST, FRONT END AT ANGLE",,11455,0,1,Property Damage Only Collision,,45,Bicycle,Matched,N,1,Overcast,0,11455,0,N,2015-391127
161018,"""(47.55104977900004, -122.25934300299997)""",18190,18190,Intersection,Cycles,\\sdotnasvfa\sdot_vol1\H8\PROD\ATTACHMENTS\COL_DIAGRAM\77184400.bmp,0,,,0,Y,05/17/2004 07:00:00 AM +0000,5/17/2004 18:49,1,33710,At Intersection (intersection related),Daylight,LAKE WASHINGTON BLVD S AND S ORCAS ST,0,1,Y,2,\\sdotnasvfa\sdot_vol1\H8\PROD\ATTACHMENTS\COL_REPORT\1772885.pdf,1772885,Dry,18,"MOTOR VEHICLE STRUCK PEDALCYCLIST, FRONT END AT ANGLE",4138008,11246,0,2,Injury Collision,,45,Bicycle,Matched,0,1,Clear or Partly Cloudy,0,0,0,N,40199470
161068,"""(47.62652804500004, -122.29168646899996)""",18037,18037,Block,Cycles,\\sdotnasvfa\sdot_vol1\H8\PROD\ATTACHMENTS\COL_DIAGRAM\22562900.bmp,263.5,,,0,,08/04/2004 07:00:00 AM +0000,8/4/2004,1,,Mid-Block (not related to intersection),Daylight,E MADISON ST BETWEEN LAKE WASHINGTON BLVD E AND 32ND AVE E,0,1,Y,3,\\sdotnasvfa\sdot_vol1\H8\PROD\ATTACHMENTS\COL_REPORT\1216773.pdf,1216773,Dry,56,PEDALCYCLIST STRUCK MOTOR VEHICLE LEFT SIDE SIDESWIPE,4217030,14365,0,2,Injury Collision,,45,Bicycle,Matched,0,1,Clear or Partly Cloudy,0,0,0,N,04-324008