OBJECTID,Shape,INCKEY,COLDETKEY,ADDRTYPE,COLLISIONTYPE,DIAGRAMLINK,DISTANCE,EXCEPTRSNCODE,EXCEPTRSNDESC,FATALITIES,INATTENTIONIND,INCDATE,INCDTTM,INJURIES,INTKEY,JUNCTIONTYPE,LIGHTCOND,LOCATION,PEDCOUNT,PEDCYLCOUNT,PEDROWNOTGRNT,PERSONCOUNT,REPORTLINK,REPORTNO,ROADCOND,SDOT_COLCODE,SDOT_COLDESC,SDOTCOLNUM,SEGKEY,SERIOUSINJURIES,SEVERITYCODE,SEVERITYDESC,SPEEDING,ST_COLCODE,ST_COLDESC,STATUS,UNDERINFL,VEHCOUNT,WEATHER,WIDTH,SEGLANEKEY,CROSSWALKKEY,HITPARKEDCAR,SPDCASENO
161094,"""(47.61909080300006, -122.31273303199998)""",18437,18437,Block,Cycles,\\sdotnasvfa\sdot_vol1\H8\PROD\ATTACHMENTS\COL_DIAGRAM\11561900.bmp,208.5,,,0,,09/28/2004 07:00:00 AM +0000,9/28/2004 9:01,1,,Mid-Block (not related to intersection),Daylight,15TH AVE E BETWEEN E DENNY WAY AND E JOHN SR ST,0,1,,2,\\sdotnasvfa\sdot_vol1\H8\PROD\ATTACHMENTS\COL_REPORT\1789748.pdf,1789748,Dry,56,PEDALCYCLIST STRUCK MOTOR VEHICLE LEFT SIDE SIDESWIPE,4272032,2001,0,2,Injury Collision,,45,Bicycle,Matched,0,1,Overcast,0,0,0,N,04 407103
161119,"""(47.712044252000055, -122.29951197399998)""",18181,18181,Intersection,Cycles,\\sdotnasvfa\sdot_vol1\H8\PROD\ATTACHMENTS\COL_DIAGRAM\76183300.bmp,0,,,0,,05/20/2004 07:00:00 AM +0000,5/20/2004 8:50,0,36655,At Intersection (intersection related),Daylight,LAKE CITY WAY NE AND NE 115TH ST,0,1,Y,2,\\sdotnasvfa\sdot_vol1\H8\PROD\ATTACHMENTS\COL_REPORT\1774719.pdf,1774719,Dry,18,"MOTOR VEHICLE STRUCK PEDALCYCLIST, FRONT END AT ANGLE",4141022,11176,0,1,Property Damage Only Collision,,45,Bicycle,Matched,0,1,Overcast,0,0,0,N,04 203377
161150,"""(47.61223681600006, -122.33863603299994)""",203654,203794,Block,Cycles,\\sdotnasvfa\sdot_vol1\H8\PROD\ATTACHMENTS\COL_DIAGRAM\12181100.bmp,31, ,,0,,08/18/2015 07:00:00 AM +0000,8/18/2015 7:55,1,,Mid-Block (not related to intersection),Daylight,4TH AVE BETWEEN OLIVE WAY AND STEWART ST,0,1,,0,\\sdotnasvfa\sdot_vol1\H8\PROD\ATTACHMENTS\COL_REPORT\E458083.pdf,E458083,Dry,18,"MOTOR VEHICLE STRUCK PEDALCYCLIST, FRONT END AT ANGLE",,6135,0,2,Injury Collision,,45,Bicycle,Matched,N,1,Clear or Partly Cloudy,0,0,0,N,2015-287339
161186,"""(47.64626955600005, -122.32210425299996)""",204065,204205,Block,Cycles,\\sdotnasvfa\sdot_vol1\H8\PROD\ATTACHMENTS\COL_DIAGRAM\56185500.bmp,237.5, ,,0,,09/02/2015 07:00:00 AM +0000,9/2/2015 14:00,1,,Mid-Block (not related to intersection),Daylight,HARVARD AVE E BETWEEN HAMLIN ST ON RP AND E SHELBY ST,0,1,,0,\\sdotnasvfa\sdot_vol1\H8\PROD\ATTACHMENTS\COL_REPORT\E458503.pdf,E458503,Dry,18,"MOTOR VEHICLE STRUCK PEDALCYCLIST, FRONT END AT ANGLE",,10859,0,2,Injury Collision,,45,Bicycle,Matched,N,1,Clear or Partly Cloudy,0,0,0,N,
161199,"""(47.52011701300006, -122.26277739699998)""",203475,203615,Intersection,Cycles,\\sdotnasvfa\sdot_vol1\H8\PROD\ATTACHMENTS\COL_DIAGRAM\53185500.bmp,0, ,,0,,09/19/2015 07:00:00 AM +0000,9/19/2015 16:26,1,35451,At Intersection (intersection related),Daylight,RAINIER AVE S AND SEWARD PARK AVE S,0,1,,1,\\sdotnasvfa\sdot_vol1\H8\PROD\ATTACHMENTS\COL_REPORT\E463173.pdf,E463173,Dry,18,"MOTOR VEHICLE STRUCK PEDALCYCLIST, FRONT END AT ANGLE",,7746,0,2,Injury Collision,,45,Bicycle,Matched,N,1,Clear or Partly Cloudy,0,0,0,N,2015-329021
161272,"""(47.584988001000056, -122.29813430499996)""",203474,203614,Block,Cycles,\\sdotnasvfa\sdot_vol1\H8\PROD\ATTACHMENTS\COL_DIAGRAM\55185400.bmp,180, ,,0,,09/19/2015 07:00:00 AM +0000,9/19/2015 17:00,1,,Mid-Block (not related to intersection),Daylight,M L KING JR WAY S BETWEEN S PLUM ST AND S HILL ST,0,1,,1,\\sdotnasvfa\sdot_vol1\H8\PROD\ATTACHMENTS\COL_REPORT\E463166.pdf,E463166,Dry,18,"MOTOR VEHICLE STRUCK PEDALCYCLIST, FRONT END AT ANGLE",,11514,0,2,Injury Collision,,45,Bicycle,Matched,N,1,Overcast,0,0,0,N,2015-329156
161527,"""(47.567614519000074, -122.36809149299995)""",18403,18403,Intersection,Cycles,\\sdotnasvfa\sdot_vol1\H8\PROD\ATTACHMENTS\COL_DIAGRAM\33515500.bmp,0,,,0,,08/31/2004 07:00:00 AM +0000,8/31/2004 13:51,2,32134,At Intersection (intersection related),Daylight,28TH AVE SW AND SW YANCY ST,0,1,,2,\\sdotnasvfa\sdot_vol1\H8\PROD\ATTACHMENTS\COL_REPORT\1790777.pdf,1790777,Dry,51,PEDALCYCLIST STRUCK MOTOR VEHICLE FRONT END AT ANGLE,4244003,4212,1,2b,Serious Injury Collision,,45,Bicycle,Matched,0,1,Clear or Partly Cloudy,0,0,0,N,04-365502
161617,"""(47.59583727300003, -122.32637379799996)""",17545,17545,Intersection,Cycles,\\sdotnasvfa\sdot_vol1\H8\PROD\ATTACHMENTS\COL_DIAGRAM\77517100.bmp,0,,,0,,06/17/2004 07:00:00 AM +0000,6/17/2004 11:12,1,30542,At Intersection (intersection related),Daylight,6TH AVE S AND S DEARBORN ST,0,1,,1,\\sdotnasvfa\sdot_vol1\H8\PROD\ATTACHMENTS\COL_REPORT\1777048.pdf,1777048,Dry,51,PEDALCYCLIST STRUCK MOTOR VEHICLE FRONT END AT ANGLE,4169017,7987,0,2,Injury Collision,,45,Bicycle,Matched,0,0,Clear or Partly Cloudy,0,0,0,N,04-246597
161656,"""(47.546058412000036, -122.28545201999998)""",207678,207878,Intersection,Cycles,\\sdotnasvfa\sdot_vol1\H8\PROD\ATTACHMENTS\COL_DIAGRAM\77181371.bmp,0, ,,0,,11/20/2015 08:00:00 AM +0000,11/20/2015 14:12,1,485928,At Intersection (intersection related),Daylight,M L KING JR ER WAY S AND S GRAHAM ST,0,1,,0,\\sdotnasvfa\sdot_vol1\H8\PROD\ATTACHMENTS\COL_REPORT\E484673.pdf,E484673,Dry,18,"MOTOR VEHICLE STRUCK PEDALCYCLIST, FRONT END AT ANGLE",,11552,0,2,Injury Collision,,45,Bicycle,Matched,N,1,Clear or Partly Cloudy,0,0,20124,N,2015-405748
161735,"""(47.574568776000035, -122.309058059)""",17535,17535,Block,Cycles,\\sdotnasvfa\sdot_vol1\H8\PROD\ATTACHMENTS\COL_DIAGRAM\33515500.bmp,193.5,,,0,,05/12/2004 07:00:00 AM +0000,5/12/2004 17:17,1,,Mid-Block (not related to intersection),Daylight,BEACON AVE S BETWEEN S HANFORD ST AND S HORTON ST,0,1,,2,\\sdotnasvfa\sdot_vol1\H8\PROD\ATTACHMENTS\COL_REPORT\1771605.pdf,1771605,Dry,51,PEDALCYCLIST STRUCK MOTOR VEHICLE FRONT END AT ANGLE,4133006,9123,0,2,Injury Collision,,45,Bicycle,Matched,0,1,Clear or Partly Cloudy,0,0,0,N,04 191294
161783,"""(47.61421489400004, -122.34198208899994)""",207288,207488,Block,Cycles,\\sdotnasvfa\sdot_vol1\H8\PROD\ATTACHMENTS\COL_DIAGRAM\81188800.bmp,213, ,,0,,11/21/2015 08:00:00 AM +0000,11/21/2015 16:10,1,,Mid-Block (not related to intersection),Daylight,4TH AVE BETWEEN LENORA ST AND BLANCHARD ST,0,1,Y,2,\\sdotnasvfa\sdot_vol1\H8\PROD\ATTACHMENTS\COL_REPORT\3703740.pdf,3703740,Dry,18,"MOTOR VEHICLE STRUCK PEDALCYCLIST, FRONT END AT ANGLE",,6138,0,2,Injury Collision,,45,Bicycle,Matched,N,1,Clear or Partly Cloudy,0,0,0,N,2015-407097
161797,"""(47.56613850800005, -122.37167070799995)""",205153,205293,Block,Cycles,\\sdotnasvfa\sdot_vol1\H8\PROD\ATTACHMENTS\COL_DIAGRAM\33185500.bmp,581.5, ,,0,,10/01/2015 07:00:00 AM +0000,10/1/2015 5:50,1,,Mid-Block (not related to intersection),Dark - Street Lights On,SW AVALON WAY BETWEEN 30TH AVE SW AND SW GENESEE ST,0,1,,1,\\sdotnasvfa\sdot_vol1\H8\PROD\ATTACHMENTS\COL_REPORT\E467827.pdf,E467827,Dry,18,"MOTOR VEHICLE STRUCK PEDALCYCLIST, FRONT END AT ANGLE",,21819,0,2,Injury Collision,,45,Bicycle,Matched,N,1,Clear or Partly Cloudy,0,0,0,N,2015-342935
161800,"""(47.65603275500007, -122.34993767699996)""",205347,205507,Block,Cycles,\\sdotnasvfa\sdot_vol1\H8\PROD\ATTACHMENTS\COL_DIAGRAM\33513200.bmp,229.5, ,,0,Y,10/16/2015 07:00:00 AM +0000,10/16/2015 13:06,1,,Mid-Block (not related to intersection),Daylight,FREMONT AVE N BETWEEN XW N40 AND N 41ST ST,0,1,,1,\\sdotnasvfa\sdot_vol1\H8\PROD\ATTACHMENTS\COL_REPORT\E473348.pdf,E473348,Dry,51,PEDALCYCLIST STRUCK MOTOR VEHICLE FRONT END AT ANGLE,,10490,0,2,Injury Collision,,45,Bicycle,Matched,N,1,Clear or Partly Cloudy,0,0,0,N,2015-362265
161866,"""(47.60832339900003, -122.33955831299994)""",206299,206479,Block,Cycles,\\sdotnasvfa\sdot_vol1\H8\PROD\ATTACHMENTS\COL_DIAGRAM\56185500.bmp,213, ,,0,,11/02/2015 08:00:00 AM +0000,11/2/2015 16:00,1,,Mid-Block (not related to intersection),Daylight,1ST AVE BETWEEN UNION ST AND PIKE ST,0,1,,2,\\sdotnasvfa\sdot_vol1\H8\PROD\ATTACHMENTS\COL_REPORT\3788953.pdf,3788953,Wet,18,"MOTOR VEHICLE STRUCK PEDALCYCLIST, FRONT END AT ANGLE",,1008,0,2,Injury Collision,,45,Bicycle,Matched,N,1,Clear or Partly Cloudy,0,0,0,N,2015-384061
161943,"""(47.61292718100003, -122.30429445299995)""",204920,205060,Block,Cycles,\\sdotnasvfa\sdot_vol1\H8\PROD\ATTACHMENTS\COL_DIAGRAM\34183300.bmp,162, ,,0,Y,10/06/2015 07:00:00 AM +0000,10/6/2015 17:52,1,,Mid-Block (not related to intersection),Dusk,E UNION ST BETWEEN 21ST AVE AND 22ND AVE,0,1,Y,2,\\sdotnasvfa\sdot_vol1\H8\PROD\ATTACHMENTS\COL_REPORT\E472175.pdf,E472175,Dry,18,"MOTOR VEHICLE STRUCK PEDALCYCLIST, FRONT END AT ANGLE",,14899,0,2,Injury Collision,,45,Bicycle,Matched,N,1,Clear or Partly Cloudy,0,14898,0,N,2015-349881
161976,"""(47.57967346300006, -122.29915965999999)""",205837,205997,Block,Cycles,\\sdotnasvfa\sdot_vol1\H8\PROD\ATTACHMENTS\COL_DIAGRAM\55181100.bmp,542.5, ,,0,,10/28/2015 07:00:00 AM +0000,10/28/2015 15:45,1,,Mid-Block (not related to intersection),Daylight,RAINIER AVE S BETWEEN S BAYVIEW ST AND S MCCLELLAN ST,0,1,,1,\\sdotnasvfa\sdot_vol1\H8\PROD\ATTACHMENTS\COL_REPORT\E476027.pdf,E476027,Wet,18,"MOTOR VEHICLE STRUCK PEDALCYCLIST, FRONT END AT ANGLE",,12364,0,2,Injury Collision,,45,Bicycle,Matched,N,1,Overcast,0,0,0,N,2015-377827
161978,"""(47.54465308200008, -122.37253412799998)""",205618,205778,Intersection,Cycles,\\sdotnasvfa\sdot_vol1\H8\PROD\ATTACHMENTS\COL_DIAGRAM\75183571.bmp,0, ,,0,,10/27/2015 07:00:00 AM +0000,10/27/2015 8:00,0,34011,At Intersection (intersection related),Daylight,SYLVAN WAY SW AND SW MORGAN W ST,0,1,Y,2,\\sdotnasvfa\sdot_vol1\H8\PROD\ATTACHMENTS\COL_REPORT\3385864.pdf,3385864,Dry,18,"MOTOR VEHICLE STRUCK PEDALCYCLIST, FRONT END AT ANGLE",,4869,0,1,Property Damage Only Collision,,45,Bicycle,Matched,N,1,Clear or Partly Cloudy,0,0,613430,N,15-375720
162036,"""(47.61468820700003, -122.32926856599994)""",17946,17946,Block,Cycles,\\sdotnasvfa\sdot_vol1\H8\PROD\ATTACHMENTS\COL_DIAGRAM\28186600.bmp,161,,,0,,08/22/2004 07:00:00 AM +0000,8/22/2004 22:08,1,,Mid-Block (not related to intersection),Dark - Street Lights On,PINE ST BETWEEN BOREN AVE AND MINOR AVE,0,1,,2,\\sdotnasvfa\sdot_vol1\H8\PROD\ATTACHMENTS\COL_REPORT\1321791.pdf,1321791,Wet,18,"MOTOR VEHICLE STRUCK PEDALCYCLIST, FRONT END AT ANGLE",4235015,12224,0,2,Injury Collision,,45,Bicycle,Matched,0,1,Raining,0,0,0,N,04 352676
162171,"""(47.61289826800004, -122.30750481599995)""",17741,17741,Intersection,Cycles,\\sdotnasvfa\sdot_vol1\H8\PROD\ATTACHMENTS\COL_DIAGRAM\54181100.bmp,0,,,0,,08/18/2004 07:00:00 AM +0000,8/18/2004 17:07,1,30145,At Intersection (intersection related),Daylight,19TH AVE AND E UNION ST,0,1,,2,\\sdotnasvfa\sdot_vol1\H8\PROD\ATTACHMENTS\COL_REPORT\1217005.pdf,1217005,Dry,18,"MOTOR VEHICLE STRUCK PEDALCYCLIST, FRONT END AT ANGLE",4231018,2649,0,2,Injury Collision,,45,Bicycle,Matched,0,1,Clear or Partly Cloudy,0,0,0,N,4346583
162213,"""(47.58242946000007, -122.31470296799995)""",17747,17747,Block,Cycles,\\sdotnasvfa\sdot_vol1\H8\PROD\ATTACHMENTS\COL_DIAGRAM\57185500.bmp,203.5,,,0,Y,07/01/2004 07:00:00 AM +0000,7/1/2004,1,,Driveway Junction,Daylight,14TH AVE S BETWEEN S COLLEGE ST AND BEACON AVE S,0,1,,2,\\sdotnasvfa\sdot_vol1\H8\PROD\ATTACHMENTS\COL_REPORT\1787962.pdf,1787962,Dry,18,"MOTOR VEHICLE STRUCK PEDALCYCLIST, FRONT END AT ANGLE",4183021,1932,1,2b,Serious Injury Collision,,45,Bicycle,Matched,0,1,Overcast,0,0,0,N,04-269174
162227,"""(47.60862448100005, -122.32448699799994)""",17612,17612,Intersection,Cycles,\\sdotnasvfa\sdot_vol1\H8\PROD\ATTACHMENTS\COL_DIAGRAM\43186600.bmp,0,,,0,,06/15/2004 07:00:00 AM +0000,6/15/2004 8:15,0,29922,At Intersection (intersection related),Daylight,BOREN AVE AND MARION ST,0,1,Y,2,\\sdotnasvfa\sdot_vol1\H8\PROD\ATTACHMENTS\COL_REPORT\1772159.pdf,1772159,Dry,18,"MOTOR VEHICLE STRUCK PEDALCYCLIST, FRONT END AT ANGLE",4167029,9313,0,1,Property Damage Only Collision,,45,Bicycle,Matched,0,1,Clear or Partly Cloudy,0,0,0,N,04-243325
162245,"""(47.60423027200005, -122.33734868799996)""",18024,18024,Intersection,Cycles,\\sdotnasvfa\sdot_vol1\H8\PROD\ATTACHMENTS\COL_DIAGRAM\66516400.bmp,0,,,0,,08/28/2004 07:00:00 AM +0000,8/28/2004 15:41,1,29619,At Intersection (intersection related),Daylight,MADISON ST AND WESTERN AVE,0,1,,5,\\sdotnasvfa\sdot_vol1\H8\PROD\ATTACHMENTS\COL_REPORT\1777584.pdf,1777584,Dry,51,PEDALCYCLIST STRUCK MOTOR VEHICLE FRONT END AT ANGLE,4241006,11580,0,2,Injury Collision,,45,Bicycle,Matched,0,1,Clear or Partly Cloudy,0,0,0,N,04-361088
162439,"""(47.55048187400007, -122.33331954699997)""",206304,206484,Block,Cycles,\\sdotnasvfa\sdot_vol1\H8\PROD\ATTACHMENTS\COL_DIAGRAM\77185500.bmp,222.5, ,,0,,11/06/2015 08:00:00 AM +0000,11/6/2015 6:58,0,,Mid-Block (not related to intersection),Dawn,S FIDALGO ST BETWEEN 1ST AVE S AND 2ND AVE S,0,1,,1,\\sdotnasvfa\sdot_vol1\H8\PROD\ATTACHMENTS\COL_REPORT\E479083.pdf,E479083,Wet,18,"MOTOR VEHICLE STRUCK PEDALCYCLIST, FRONT END AT ANGLE",,19981,0,1,Property Damage Only Collision,,45,Bicycle,Matched,N,1,Raining,0,0,0,N,2015-388322
162588,"""(47.60352505800006, -122.31971430299996)""",17129,17129,Block,Cycles,\\sdotnasvfa\sdot_vol1\H8\PROD\ATTACHMENTS\COL_DIAGRAM\44186974.bmp,371,,,0,,09/03/2004 07:00:00 AM +0000,9/3/2004,1,,Mid-Block (not related to intersection),Dark - Street Lights On,BOREN AVE BETWEEN E FIR ST AND E ALDER ST,0,1,,2,\\sdotnasvfa\sdot_vol1\H8\PROD\ATTACHMENTS\COL_REPORT\1798936.pdf,1798936,Dry,18,"MOTOR VEHICLE STRUCK PEDALCYCLIST, FRONT END AT ANGLE",4247008,9304,0,2,Injury Collision,,45,Bicycle,Matched,0,1,Clear or Partly Cloudy,0,0,0,N,04-370781
162718,"""(47.62512051900006, -122.32916667899997)""",205626,205786,Intersection,Cycles,\\sdotnasvfa\sdot_vol1\H8\PROD\ATTACHMENTS\COL_DIAGRAM\54515500.bmp,0, ,,0,,10/25/2015 07:00:00 AM +0000,10/25/2015 15:56,1,29120,At Intersection (intersection related),Daylight,EASTLAKE AVE E AND LAKEVIEW BLVD E,0,1,,2,\\sdotnasvfa\sdot_vol1\H8\PROD\ATTACHMENTS\COL_REPORT\3732841.pdf,3732841,Wet,51,PEDALCYCLIST STRUCK MOTOR VEHICLE FRONT END AT ANGLE,,10168,0,2,Injury Collision,,45,Bicycle,Matched,N,1,Raining,0,11586,0,N,2015-373799
162821,"""(47.61062229600003, -122.34012716999996)""",16977,16977,Block,Cycles,\\sdotnasvfa\sdot_vol1\H8\PROD\ATTACHMENTS\COL_DIAGRAM\44544900.bmp,148,,,0,,12/02/2004 08:00:00 AM +0000,12/2/2004,1,,Mid-Block (not related to intersection),Daylight,2ND AVE BETWEEN PINE ST AND STEWART ST,0,1,,2,\\sdotnasvfa\sdot_vol1\H8\PROD\ATTACHMENTS\COL_REPORT\1482733.pdf,1482733,Dry,54,PEDALCYCLIST STRUCK MOTOR VEHICLE REAR END,4337020,2759,1,2b,Serious Injury Collision,,45,Bicycle,Matched,0,1,Clear or Partly Cloudy,0,0,0,N,4500563
162838,"""(47.64688578200003, -122.35552963099997)""",16969,16969,Intersection,Cycles,\\sdotnasvfa\sdot_vol1\H8\PROD\ATTACHMENTS\COL_DIAGRAM\75183300.bmp,0,,,0,,08/11/2004 07:00:00 AM +0000,8/11/2004 18:35,1,28050,At Intersection (intersection related),Daylight,1ST AVE N AND FLORENTIA ST,0,1,,3,\\sdotnasvfa\sdot_vol1\H8\PROD\ATTACHMENTS\COL_REPORT\1213255.pdf,1213255,Dry,18,"MOTOR VEHICLE STRUCK PEDALCYCLIST, FRONT END AT ANGLE",4224038,10457,1,2b,Serious Injury Collision,,45,Bicycle,Matched,0,1,Clear or Partly Cloudy,0,0,0,N,04-335859
162982,"""(47.52011557900005, -122.35513461899995)""",205637,205797,Block,Cycles,\\sdotnasvfa\sdot_vol1\H8\PROD\ATTACHMENTS\COL_DIAGRAM\55565900.bmp,335, ,,0,,10/26/2015 07:00:00 AM +0000,10/26/2015 17:18,2,,Mid-Block (not related to intersection),Daylight,16TH AVE SW BETWEEN SW BARTON ST AND SW CAMBRIDGE ST,0,2,,3,\\sdotnasvfa\sdot_vol1\H8\PROD\ATTACHMENTS\COL_REPORT\3587915.pdf,3587915,Wet,56,PEDALCYCLIST STRUCK MOTOR VEHICLE LEFT SIDE SIDESWIPE,,2349,2,2b,Serious Injury Collision,,45,Bicycle,Matched,N,1,Raining,0,0,0,Y,2015-375106
162989,"""(47.68692953900006, -122.34045581899994)""",205631,205791,Intersection,Cycles,\\sdotnasvfa\sdot_vol1\H8\PROD\ATTACHMENTS\COL_DIAGRAM\55517700.bmp,0, ,,0,,10/27/2015 07:00:00 AM +0000,10/27/2015 16:04,1,24229,At Intersection (intersection related),,GREEN LAKE DR N AND N 80TH ST,0,1,,2,\\sdotnasvfa\sdot_vol1\H8\PROD\ATTACHMENTS\COL_REPORT\3739044.pdf,3739044,,51,PEDALCYCLIST STRUCK MOTOR VEHICLE FRONT END AT ANGLE,,10682,0,2,Injury Collision,,45,Bicycle,Matched,N,1,Unknown,0,0,0,N,2015-376479
163024,"""(47.61522500500007, -122.32447263599994)""",206624,206824,Intersection,Cycles,\\sdotnasvfa\sdot_vol1\H8\PROD\ATTACHMENTS\COL_DIAGRAM\71187700.bmp,0, ,,0,,10/19/2015 07:00:00 AM +0000,10/19/2015 13:59,1,29859,At Intersection (intersection related),Daylight,BELMONT AVE AND E PINE ST,0,1,,1,\\sdotnasvfa\sdot_vol1\H8\PROD\ATTACHMENTS\COL_REPORT\E480656.pdf,E480656,Dry,18,"MOTOR VEHICLE STRUCK PEDALCYCLIST, FRONT END AT ANGLE",,9234,0,2,Injury Collision,,45,Bicycle,Matched,N,1,Clear or Partly Cloudy,0,10368,0,N,2015-366066
163040,"""(47.708554836000076, -122.31687923899995)""",207334,207534,Block,Cycles,\\sdotnasvfa\sdot_vol1\H8\PROD\ATTACHMENTS\COL_DIAGRAM\35183300.bmp,240, ,,0,,11/21/2015 08:00:00 AM +0000,11/21/2015 14:18,1,,Driveway Junction,Daylight,NE NORTHGATE WAY BETWEEN ROOSEVELT WAY NE AND 11TH AVE NE,0,1,,2,\\sdotnasvfa\sdot_vol1\H8\PROD\ATTACHMENTS\COL_REPORT\3737030.pdf,3737030,Dry,18,"MOTOR VEHICLE STRUCK PEDALCYCLIST, FRONT END AT ANGLE",,18015,0,2,Injury Collision,,45,Bicycle,Matched,N,1,Clear or Partly Cloudy,0,0,0,N,2015-407009
163074,"""(47.61041939200004, -122.33073466299999)""",207117,207317,Block,Cycles,\\sdotnasvfa\sdot_vol1\H8\PROD\ATTACHMENTS\COL_DIAGRAM\43188800.bmp,450, ,,0,Y,11/07/2015 08:00:00 AM +0000,11/7/2015 19:30,1,,Mid-Block (not related to intersection),Dark - Street Lights On,8TH AVE BETWEEN SENECA ST AND CONVENTION CTR DR,0,1,,3,\\sdotnasvfa\sdot_vol1\H8\PROD\ATTACHMENTS\COL_REPORT\3788879.pdf,3788879,Wet,18,"MOTOR VEHICLE STRUCK PEDALCYCLIST, FRONT END AT ANGLE",,8278,0,2,Injury Collision,,45,Bicycle,Matched,N,1,Raining,0,0,0,N,2015-390174
163094,"""(47.673827294000034, -122.38212731099998)""",205390,205550,Intersection,Cycles,\\sdotnasvfa\sdot_vol1\H8\PROD\ATTACHMENTS\COL_DIAGRAM\17185500.bmp,0, ,,0,,10/22/2015 07:00:00 AM +0000,10/22/2015 20:04,2,25117,At Intersection (intersection related),Dark - Street Lights On,20TH AVE NW AND NW 62ND ST,0,1,,2,\\sdotnasvfa\sdot_vol1\H8\PROD\ATTACHMENTS\COL_REPORT\3706816.pdf,3706816,Dry,18,"MOTOR VEHICLE STRUCK PEDALCYCLIST, FRONT END AT ANGLE",,3025,0,2,Injury Collision,,45,Bicycle,Matched,N,1,Clear or Partly Cloudy,0,11447,0,N,15*370434
163241,"""(47.67308877800008, -122.37621102499998)""",17170,17170,Intersection,Cycles,\\sdotnasvfa\sdot_vol1\H8\PROD\ATTACHMENTS\COL_DIAGRAM\17185770.bmp,0,,,0,,05/27/2004 07:00:00 AM +0000,5/27/2004 20:15,1,25393,At Intersection (intersection related),Dusk,15TH AVE NW AND NW 61ST ST,0,1,Y,2,\\sdotnasvfa\sdot_vol1\H8\PROD\ATTACHMENTS\COL_REPORT\1793707.pdf,1793707,Wet,18,"MOTOR VEHICLE STRUCK PEDALCYCLIST, FRONT END AT ANGLE",4148045,2108,0,2,Injury Collision,,45,Bicycle,Matched,0,1,Raining,0,0,0,N,04-214877
163252,"""(47.682351091000044, -122.28511652699996)""",17448,17448,Block,Cycles,\\sdotnasvfa\sdot_vol1\H8\PROD\ATTACHMENTS\COL_DIAGRAM\11211100.bmp,252,,,0,,09/19/2004 07:00:00 AM +0000,9/19/2004 15:01,0,,Mid-Block (not related to intersection),Daylight,40TH AVE NE BETWEEN NE 73RD N ST AND NE 75TH ST,0,1,Y,2,\\sdotnasvfa\sdot_vol1\H8\PROD\ATTACHMENTS\COL_REPORT\1795026.pdf,1795026,Dry,21,"MOTOR VEHICLE STRUCK PEDALCYCLIST, REAR END",4263009,6325,0,1,Property Damage Only Collision,,45,Bicycle,Matched,1,1,Clear or Partly Cloudy,0,0,0,N,4394393
163287,"""(47.719316165000066, -122.30186480499998)""",17149,17149,Intersection,Cycles,\\sdotnasvfa\sdot_vol1\H8\PROD\ATTACHMENTS\COL_DIAGRAM\75183300.bmp,0,,,0,,06/21/2004 07:00:00 AM +0000,6/21/2004 15:06,1,36606,At Intersection (intersection related),Daylight,25TH AVE NE AND NE 125TH ST,0,1,Y,2,\\sdotnasvfa\sdot_vol1\H8\PROD\ATTACHMENTS\COL_REPORT\1782185.pdf,1782185,Dry,18,"MOTOR VEHICLE STRUCK PEDALCYCLIST, FRONT END AT ANGLE",4173012,3746,0,2,Injury Collision,,45,Bicycle,Matched,0,1,Clear or Partly Cloudy,0,0,0,N,4253523
163304,"""(47.62347604900003, -122.29618878599996)""",17291,17291,Intersection,Cycles,\\sdotnasvfa\sdot_vol1\H8\PROD\ATTACHMENTS\COL_DIAGRAM\66185500.bmp,0,,,0,,06/10/2004 07:00:00 AM +0000,6/10/2004 17:06,1,29253,At Intersection (intersection related),Daylight,28TH AVE E AND E MADISON ST,0,1,Y,2,\\sdotnasvfa\sdot_vol1\H8\PROD\ATTACHMENTS\COL_REPORT\1472875.pdf,1472875,Dry,18,"MOTOR VEHICLE STRUCK PEDALCYCLIST, FRONT END AT ANGLE",4162021,4099,0,2,Injury Collision,,45,Bicycle,Matched,0,1,Clear or Partly Cloudy,0,0,0,N,04 236377
163312,"""(47.61523806900004, -122.32040943099997)""",214000,214260,Block,Cycles,\\sdotnasvfa\sdot_vol1\H8\PROD\ATTACHMENTS\COL_DIAGRAM\78187700.bmp,96.5, ,,0,Y,02/20/2016 08:00:00 AM +0000,2/20/2016 22:37,0,,,Dark - Street Lights Off,E PINE ST BETWEEN BROADWAY AND NAGLE PL,0,1,,2,\\sdotnasvfa\sdot_vol1\H8\PROD\ATTACHMENTS\COL_REPORT\3704205.pdf,3704205,Dry,18,"MOTOR VEHICLE STRUCK PEDALCYCLIST, FRONT END AT ANGLE",,14634,0,1,Property Damage Only Collision,,45,Bicycle,Matched,N,1,Clear or Partly Cloudy,0,6850,0,N,2016-62006