OBJECTID,Shape,INCKEY,COLDETKEY,ADDRTYPE,COLLISIONTYPE,DIAGRAMLINK,DISTANCE,EXCEPTRSNCODE,EXCEPTRSNDESC,FATALITIES,INATTENTIONIND,INCDATE,INCDTTM,INJURIES,INTKEY,JUNCTIONTYPE,LIGHTCOND,LOCATION,PEDCOUNT,PEDCYLCOUNT,PEDROWNOTGRNT,PERSONCOUNT,REPORTLINK,REPORTNO,ROADCOND,SDOT_COLCODE,SDOT_COLDESC,SDOTCOLNUM,SEGKEY,SERIOUSINJURIES,SEVERITYCODE,SEVERITYDESC,SPEEDING,ST_COLCODE,ST_COLDESC,STATUS,UNDERINFL,VEHCOUNT,WEATHER,WIDTH,SEGLANEKEY,CROSSWALKKEY,HITPARKEDCAR,SPDCASENO
164881,"""(47.66864793900004, -122.39450901099997)""",151300,151320,Intersection,Cycles,\\sdotnasvfa\sdot_vol1\H8\PROD\ATTACHMENTS\COL_DIAGRAM\44188700.bmp,0, ,,0,,07/25/2013 07:00:00 AM +0000,7/25/2013 15:01,1,25225,At Intersection (intersection related),Daylight,NW 54TH ST AND NW MARKET ST,0,1,Y,2,\\sdotnasvfa\sdot_vol1\H8\PROD\ATTACHMENTS\COL_REPORT\3642031.pdf,3642031,Dry,18,"MOTOR VEHICLE STRUCK PEDALCYCLIST, FRONT END AT ANGLE",,18440,0,2,Injury Collision,,45,Bicycle,Matched,N,1,Clear or Partly Cloudy,0,25965,0,N,2013-264848
164882,"""(47.678741294000076, -122.31740336499996)""",136700,136700,Intersection,Cycles,\\sdotnasvfa\sdot_vol1\H8\PROD\ATTACHMENTS\COL_DIAGRAM\56185500.bmp,0,,,0,,04/23/2012 07:00:00 AM +0000,4/23/2012 17:09,1,24475,At Intersection (intersection related),Daylight,ROOSEVELT WAY NE AND NE 69TH ST,0,1,Y,2,\\sdotnasvfa\sdot_vol1\H8\PROD\ATTACHMENTS\COL_REPORT\3504132.pdf,3504132,Dry,18,"MOTOR VEHICLE STRUCK PEDALCYCLIST, FRONT END AT ANGLE",12114007,12619,0,2,Injury Collision,,45,Bicycle,Matched,N,1,Clear or Partly Cloudy,0,9417,0,N,12-124232
164899,"""(47.664289868000026, -122.34068746699995)""",151900,151920,Intersection,Cycles,\\sdotnasvfa\sdot_vol1\H8\PROD\ATTACHMENTS\COL_DIAGRAM\66183300.bmp,0, ,,0,,08/07/2013 07:00:00 AM +0000,8/7/2013 12:22,1,25545,At Intersection (intersection related),Daylight,STONE WAY N AND N 49TH ST,0,1,Y,4,\\sdotnasvfa\sdot_vol1\H8\PROD\ATTACHMENTS\COL_REPORT\3502750.pdf,3502750,Dry,18,"MOTOR VEHICLE STRUCK PEDALCYCLIST, FRONT END AT ANGLE",,12973,0,2,Injury Collision,,45,Bicycle,Matched,N,1,Clear or Partly Cloudy,0,0,0,N,13 283138
164933,"""(47.697445059000074, -122.34460370599999)""",206931,207131,Block,Cycles,\\sdotnasvfa\sdot_vol1\H8\PROD\ATTACHMENTS\COL_DIAGRAM\77515500.bmp,132, ,,0,Y,11/12/2015 08:00:00 AM +0000,11/12/2015 22:34,1,,Mid-Block (not related to intersection),Dark - Street Lights On,AURORA AVE N BETWEEN N 94TH ST AND N 95TH ST,0,1,,2,\\sdotnasvfa\sdot_vol1\H8\PROD\ATTACHMENTS\COL_REPORT\3737208.pdf,3737208,Wet,51,PEDALCYCLIST STRUCK MOTOR VEHICLE FRONT END AT ANGLE,,8973,0,2,Injury Collision,,45,Bicycle,Matched,Y,1,Raining,0,0,0,N,2015-396224
164971,"""(47.604677776000074, -122.33392354199998)""",207580,207780,Block,Cycles,\\sdotnasvfa\sdot_vol1\H8\PROD\ATTACHMENTS\COL_DIAGRAM\43186600.bmp,161, ,,0,,11/16/2015 08:00:00 AM +0000,11/16/2015 18:56,1,,Driveway Junction,Dark - Street Lights On,MARION ST BETWEEN 2ND AVE AND 3RD AVE,0,1,,2,\\sdotnasvfa\sdot_vol1\H8\PROD\ATTACHMENTS\COL_REPORT\3789060.pdf,3789060,Wet,18,"MOTOR VEHICLE STRUCK PEDALCYCLIST, FRONT END AT ANGLE",,11664,0,2,Injury Collision,,45,Bicycle,Matched,N,1,Raining,0,0,0,N,2015-400767
165007,"""(47.564726188000066, -122.36491120599999)""",151100,151120,Block,Cycles,\\sdotnasvfa\sdot_vol1\H8\PROD\ATTACHMENTS\COL_DIAGRAM\34213300.bmp,135, ,,0,,07/23/2013 07:00:00 AM +0000,7/23/2013 15:48,0,,Mid-Block (not related to intersection),Daylight,SW GENESEE ST BETWEEN 25TH AVE SW AND 26TH AVE SW,0,1,,2,\\sdotnasvfa\sdot_vol1\H8\PROD\ATTACHMENTS\COL_REPORT\3465394.pdf,3465394,Dry,21,"MOTOR VEHICLE STRUCK PEDALCYCLIST, REAR END",,22200,0,1,Property Damage Only Collision,,45,Bicycle,Matched,N,1,Clear or Partly Cloudy,0,32765,0,N,2013-262213
165019,"""(47.61581794700004, -122.32080786599994)""",169200,169220,Block,Cycles,\\sdotnasvfa\sdot_vol1\H8\PROD\ATTACHMENTS\COL_DIAGRAM\55690000.bmp,213, ,,0,,06/04/2014 07:00:00 AM +0000,6/4/2014 8:45,1,,Mid-Block (not related to intersection),Daylight,BROADWAY BETWEEN E PINE ST AND XW E OLIVE ST,0,1,,1,\\sdotnasvfa\sdot_vol1\H8\PROD\ATTACHMENTS\COL_REPORT\3701739.pdf,3701739,Dry,69,PEDALCYCLIST OVERTURNED IN ROAD,,9448,0,2,Injury Collision,,45,Bicycle,Matched,N,0,Clear or Partly Cloudy,0,6853,0,N,2014-176258
165028,"""(47.624572741000065, -122.35279216099997)""",168900,168920,Intersection,Cycles,\\sdotnasvfa\sdot_vol1\H8\PROD\ATTACHMENTS\COL_DIAGRAM\11517700.bmp,0, ,,0,,05/15/2014 07:00:00 AM +0000,5/15/2014 18:22,1,28917,At Intersection (intersection related),Daylight,2ND AVE N AND MERCER ST,0,1,,2,\\sdotnasvfa\sdot_vol1\H8\PROD\ATTACHMENTS\COL_REPORT\3705199.pdf,3705199,Dry,51,PEDALCYCLIST STRUCK MOTOR VEHICLE FRONT END AT ANGLE,,2775,0,2,Injury Collision,,45,Bicycle,Matched,N,1,Clear or Partly Cloudy,0,0,523112,N,14-151689
165053,"""(47.639530078000064, -122.30208058099998)""",166200,166220,Intersection,Cycles,\\sdotnasvfa\sdot_vol1\H8\PROD\ATTACHMENTS\COL_DIAGRAM\11181800.bmp,0, ,,0,,04/09/2014 07:00:00 AM +0000,4/9/2014 13:24,2,28428,At Intersection (intersection related),Daylight,24TH AVE E AND E LYNN ST,0,1,,3,\\sdotnasvfa\sdot_vol1\H8\PROD\ATTACHMENTS\COL_REPORT\3701388.pdf,3701388,Dry,18,"MOTOR VEHICLE STRUCK PEDALCYCLIST, FRONT END AT ANGLE",,3553,0,2,Injury Collision,,45,Bicycle,Matched,N,1,Clear or Partly Cloudy,0,22316,0,N,14-108277
165065,"""(47.60004611100004, -122.335910765)""",185900,185980,Intersection,Cycles,\\sdotnasvfa\sdot_vol1\H8\PROD\ATTACHMENTS\COL_DIAGRAM\18185500.bmp,0, ,,0,,02/22/2015 08:00:00 AM +0000,2/22/2015 14:52,1,30363,At Intersection (intersection related),Daylight,ALASKAN WAY S AND S MAIN ST,0,1,,2,\\sdotnasvfa\sdot_vol1\H8\PROD\ATTACHMENTS\COL_REPORT\3641268.pdf,3641268,Dry,18,"MOTOR VEHICLE STRUCK PEDALCYCLIST, FRONT END AT ANGLE",,8737,0,2,Injury Collision,,45,Bicycle,Matched,N,1,Clear or Partly Cloudy,0,0,0,N,15-60677
165074,"""(47.613622332000034, -122.33701461599998)""",205057,205197,Intersection,Cycles,\\sdotnasvfa\sdot_vol1\H8\PROD\ATTACHMENTS\COL_DIAGRAM\66516700.bmp,0, ,,0,,10/17/2015 07:00:00 AM +0000,10/17/2015 20:30,0,29551,At Intersection (intersection related),Dark - Street Lights On,6TH AVE AND STEWART ST,0,1,,2,\\sdotnasvfa\sdot_vol1\H8\PROD\ATTACHMENTS\COL_REPORT\3703559.pdf,3703559,Wet,51,PEDALCYCLIST STRUCK MOTOR VEHICLE FRONT END AT ANGLE,,7887,0,1,Property Damage Only Collision,,45,Bicycle,Matched,N,1,Overcast,0,0,0,N,2015-364072
165119,"""(47.664940743000045, -122.31792288099996)""",206114,206294,Block,Cycles,\\sdotnasvfa\sdot_vol1\H8\PROD\ATTACHMENTS\COL_DIAGRAM\77517800.bmp,127.5, ,,0,Y,10/26/2015 07:00:00 AM +0000,10/26/2015 7:30,1,,Mid-Block (but intersection related),Dawn,NE 50TH ST BETWEEN 9TH AVE NE AND ROOSEVELT WAY NE,0,1,,2,\\sdotnasvfa\sdot_vol1\H8\PROD\ATTACHMENTS\COL_REPORT\3775690.pdf,3775690,Unknown,51,PEDALCYCLIST STRUCK MOTOR VEHICLE FRONT END AT ANGLE,,16929,0,2,Injury Collision,,45,Bicycle,Matched,N,1,Unknown,0,0,0,N,15-383667
165168,"""(47.60172233900005, -122.33417859499997)""",207583,207783,Intersection,Cycles,\\sdotnasvfa\sdot_vol1\H8\PROD\ATTACHMENTS\COL_DIAGRAM\77515500.bmp,0, ,,0,,11/18/2015 08:00:00 AM +0000,11/18/2015 12:46,1,30357,At Intersection (intersection related),Daylight,1ST AVE AND YESLER WAY,0,1,,2,\\sdotnasvfa\sdot_vol1\H8\PROD\ATTACHMENTS\COL_REPORT\3789062.pdf,3789062,Dry,51,PEDALCYCLIST STRUCK MOTOR VEHICLE FRONT END AT ANGLE,,1000,0,2,Injury Collision,,45,Bicycle,Matched,N,1,Overcast,0,0,0,N,2015-402921
165176,"""(47.566177227000026, -122.28499712599995)""",207797,207997,Intersection,Cycles,\\sdotnasvfa\sdot_vol1\H8\PROD\ATTACHMENTS\COL_DIAGRAM\33185500.bmp,0, ,,0,,11/24/2015 08:00:00 AM +0000,11/24/2015 22:30,2,32699,At Intersection (intersection related),Dark - Street Lights On,38TH AVE S AND S DAKOTA ST,0,1,,2,\\sdotnasvfa\sdot_vol1\H8\PROD\ATTACHMENTS\COL_REPORT\3725988.pdf,3725988,Dry,18,"MOTOR VEHICLE STRUCK PEDALCYCLIST, FRONT END AT ANGLE",,5899,0,2,Injury Collision,,45,Bicycle,Matched,N,1,Clear or Partly Cloudy,0,0,0,N,2015-411052
165208,"""(47.68542320600005, -122.336230194)""",204506,204646,Intersection,Cycles,\\sdotnasvfa\sdot_vol1\H8\PROD\ATTACHMENTS\COL_DIAGRAM\42188800.bmp,0, ,,0,,10/12/2015 07:00:00 AM +0000,10/12/2015 16:41,1,24245,At Intersection (intersection related),Daylight,STROUD AVE N AND EAST GREEN LAKE DR N,0,1,Y,2,\\sdotnasvfa\sdot_vol1\H8\PROD\ATTACHMENTS\COL_REPORT\3738856.pdf,3738856,Dry,18,"MOTOR VEHICLE STRUCK PEDALCYCLIST, FRONT END AT ANGLE",,12974,0,2,Injury Collision,,45,Bicycle,Matched,N,1,Clear or Partly Cloudy,0,7370,0,N,2015-357420
165244,"""(47.52286301600003, -122.35914219799997)""",206780,206980,Intersection,Cycles,\\sdotnasvfa\sdot_vol1\H8\PROD\ATTACHMENTS\COL_DIAGRAM\55187700.bmp,0, ,,0,,11/11/2015 08:00:00 AM +0000,11/11/2015 12:37,1,34870,At Intersection (intersection related),Daylight,20TH AVE SW AND SW HENDERSON ST,0,1,Y,2,\\sdotnasvfa\sdot_vol1\H8\PROD\ATTACHMENTS\COL_REPORT\3587853.pdf,3587853,Dry,18,"MOTOR VEHICLE STRUCK PEDALCYCLIST, FRONT END AT ANGLE",,3084,0,2,Injury Collision,,45,Bicycle,Matched,N,1,Clear or Partly Cloudy,0,0,0,N,15-394445
165249,"""(47.656006122000065, -122.31500036899996)""",205925,206085,Block,Cycles,\\sdotnasvfa\sdot_vol1\H8\PROD\ATTACHMENTS\COL_DIAGRAM\33185500.bmp,141.5, ,,0,Y,11/02/2015 08:00:00 AM +0000,11/2/2015 10:18,1,,Mid-Block (not related to intersection),Daylight,NE CAMPUS EB PY BETWEEN 12TH AVE NE AND BROOKLYN AVE NE,0,1,,2,\\sdotnasvfa\sdot_vol1\H8\PROD\ATTACHMENTS\COL_REPORT\3737079.pdf,3737079,Wet,18,"MOTOR VEHICLE STRUCK PEDALCYCLIST, FRONT END AT ANGLE",,17987,0,2,Injury Collision,,45,Bicycle,Matched,N,1,Overcast,0,0,0,N,2015-383639
165263,"""(47.684200393000026, -122.317508697)""",204797,204937,Block,Cycles,\\sdotnasvfa\sdot_vol1\H8\PROD\ATTACHMENTS\COL_DIAGRAM\18185500.bmp,398, ,,0,,10/15/2015 07:00:00 AM +0000,10/15/2015 8:10,1,,Mid-Block (not related to intersection),Daylight,ROOSEVELT WAY NE BETWEEN NE 75TH ST AND NE 78TH ST,0,1,Y,2,\\sdotnasvfa\sdot_vol1\H8\PROD\ATTACHMENTS\COL_REPORT\3737277.pdf,3737277,Dry,18,"MOTOR VEHICLE STRUCK PEDALCYCLIST, FRONT END AT ANGLE",,12626,0,2,Injury Collision,,45,Bicycle,Matched,N,1,Clear or Partly Cloudy,0,0,0,N,2015-360610
165272,"""(47.65945594600004, -122.31775170599997)""",205930,206090,Intersection,Cycles,\\sdotnasvfa\sdot_vol1\H8\PROD\ATTACHMENTS\COL_DIAGRAM\56185500.bmp,0, ,,0,,10/30/2015 07:00:00 AM +0000,10/30/2015 18:30,1,27079,At Intersection (intersection related),Dark - Street Lights On,ROOSEVELT WAY NE AND NE 43RD S ST,0,1,Y,2,\\sdotnasvfa\sdot_vol1\H8\PROD\ATTACHMENTS\COL_REPORT\3737335.pdf,3737335,Dry,18,"MOTOR VEHICLE STRUCK PEDALCYCLIST, FRONT END AT ANGLE",,12597,0,2,Injury Collision,,45,Bicycle,Matched,N,1,Overcast,0,8995,0,N,2015-380710
165318,"""(47.58085453500007, -122.33420024799995)""",184800,184880,Block,Cycles,\\sdotnasvfa\sdot_vol1\H8\PROD\ATTACHMENTS\COL_DIAGRAM\77181100.bmp,380, ,,0,,01/31/2015 08:00:00 AM +0000,1/31/2015 13:59,1,,Driveway Junction,Daylight,1ST AVE S BETWEEN S STACY ST AND S LANDER ST,0,1,,2,\\sdotnasvfa\sdot_vol1\H8\PROD\ATTACHMENTS\COL_REPORT\3698937.pdf,3698937,Dry,18,"MOTOR VEHICLE STRUCK PEDALCYCLIST, FRONT END AT ANGLE",,1207,0,2,Injury Collision,,45,Bicycle,Matched,N,1,Overcast,0,0,0,N,2015-35415
165324,"""(47.610395012000026, -122.31677935199997)""",147200,147220,Intersection,Cycles,\\sdotnasvfa\sdot_vol1\H8\PROD\ATTACHMENTS\COL_DIAGRAM\11511200.bmp,0, ,,0,,05/30/2013 07:00:00 AM +0000,5/30/2013 16:56,1,29783,At Intersection (intersection related),Daylight,12TH AVE AND E MARION ST,0,1,Y,2,\\sdotnasvfa\sdot_vol1\H8\PROD\ATTACHMENTS\COL_REPORT\3606084.pdf,3606084,Dry,51,PEDALCYCLIST STRUCK MOTOR VEHICLE FRONT END AT ANGLE,,1534,0,2,Injury Collision,,45,Bicycle,Matched,N,1,Clear or Partly Cloudy,0,10716,0,N,13-183906
165331,"""(47.65339944100003, -122.31333457599999)""",164700,164720,Intersection,Cycles,\\sdotnasvfa\sdot_vol1\H8\PROD\ATTACHMENTS\COL_DIAGRAM\76187700.bmp,0, ,,0,,03/14/2014 07:00:00 AM +0000,3/14/2014 14:30,1,27167,At Intersection (intersection related),Unknown,UNIVERSITY WAY NE AND NE PACIFIC ST,0,1,Y,2,\\sdotnasvfa\sdot_vol1\H8\PROD\ATTACHMENTS\COL_REPORT\3587239.pdf,3587239,Unknown,18,"MOTOR VEHICLE STRUCK PEDALCYCLIST, FRONT END AT ANGLE",,13215,0,2,Injury Collision,,45,Bicycle,Matched,N,1,Unknown,0,0,522415,N,14-79994
165375,"""(47.561071852000055, -122.38545807799994)""",146200,146220,Intersection,Cycles,\\sdotnasvfa\sdot_vol1\H8\PROD\ATTACHMENTS\COL_DIAGRAM\55187171.bmp,0, ,,0,,05/15/2013 07:00:00 AM +0000,5/15/2013 17:06,1,31917,At Intersection (intersection related),Daylight,42ND AVE SW AND SW ALASKA ST,0,1,Y,2,\\sdotnasvfa\sdot_vol1\H8\PROD\ATTACHMENTS\COL_REPORT\3505516.pdf,3505516,Wet,18,"MOTOR VEHICLE STRUCK PEDALCYCLIST, FRONT END AT ANGLE",,6599,0,2,Injury Collision,,45,Bicycle,Matched,N,1,Raining,0,0,521779,N,13-163682
165376,"""(47.54131772900007, -122.29216433899995)""",130400,130400,Block,Cycles,\\sdotnasvfa\sdot_vol1\H8\PROD\ATTACHMENTS\COL_DIAGRAM\77185974.bmp,283.5,,,0,,06/29/2011 07:00:00 AM +0000,6/29/2011 20:00,1,,Mid-Block (not related to intersection),Daylight,S BRIGHTON ST BETWEEN 30TH AVE S AND 32ND AVE S,0,1,Y,3,\\sdotnasvfa\sdot_vol1\H8\PROD\ATTACHMENTS\COL_REPORT\3545544.pdf,3545544,Dry,18,"MOTOR VEHICLE STRUCK PEDALCYCLIST, FRONT END AT ANGLE",11180005,19567,0,2,Injury Collision,,45,Bicycle,Matched,N,1,Clear or Partly Cloudy,0,0,0,N,2011-209414
165461,"""(47.627747869000075, -122.32021599599994)""",180200,180260,Block,Cycles,\\sdotnasvfa\sdot_vol1\H8\PROD\ATTACHMENTS\COL_DIAGRAM\56515900.bmp,336, ,,0,Y,12/03/2014 08:00:00 AM +0000,12/3/2014 17:53,1,,Mid-Block (not related to intersection),Dark - Street Lights On,10TH AVE E BETWEEN E ALOHA ST AND E PROSPECT ST,0,1,,2,\\sdotnasvfa\sdot_vol1\H8\PROD\ATTACHMENTS\COL_REPORT\3626381.pdf,3626381,Dry,51,PEDALCYCLIST STRUCK MOTOR VEHICLE FRONT END AT ANGLE,,1291,0,2,Injury Collision,,45,Bicycle,Matched,N,1,Clear or Partly Cloudy,0,6170,0,N,2014-401430
165468,"""(47.65339944100003, -122.31333457599999)""",160100,160120,Intersection,Cycles,\\sdotnasvfa\sdot_vol1\H8\PROD\ATTACHMENTS\COL_DIAGRAM\81187171.bmp,0, ,,0,,01/09/2014 08:00:00 AM +0000,1/9/2014 7:55,1,27167,At Intersection (intersection related),Daylight,UNIVERSITY WAY NE AND NE PACIFIC ST,0,1,,2,\\sdotnasvfa\sdot_vol1\H8\PROD\ATTACHMENTS\COL_REPORT\3646309.pdf,3646309,Dry,18,"MOTOR VEHICLE STRUCK PEDALCYCLIST, FRONT END AT ANGLE",,13215,0,2,Injury Collision,,45,Bicycle,Matched,N,1,Overcast,0,0,522415,N,14-8803
165596,"""(47.68304696300004, -122.30668856299997)""",140700,140700,Intersection,Cycles,\\sdotnasvfa\sdot_vol1\H8\PROD\ATTACHMENTS\COL_DIAGRAM\11513300.bmp,0, ,,0,,07/24/2012 07:00:00 AM +0000,7/24/2012 17:34,1,24760,At Intersection (intersection related),Daylight,20TH AVE NE AND NE 75TH ST,0,1,Y,2,\\sdotnasvfa\sdot_vol1\H8\PROD\ATTACHMENTS\COL_REPORT\3504261.pdf,3504261,Dry,51,PEDALCYCLIST STRUCK MOTOR VEHICLE FRONT END AT ANGLE,12206022,2975,0,2,Injury Collision,,45,Bicycle,Matched,N,1,Clear or Partly Cloudy,0,0,524374,N,2012-240030
165668,"""(47.67292260200003, -122.33355319199995)""",123900,123900,Intersection,Cycles,\\sdotnasvfa\sdot_vol1\H8\PROD\ATTACHMENTS\COL_DIAGRAM\11185400.bmp,0,,,0,,08/17/2011 07:00:00 AM +0000,8/17/2011 21:00,1,25478,At Intersection (intersection related),Dark - Street Lights On,MERIDIAN AVE N AND N 61ST ST,0,1,Y,2,\\sdotnasvfa\sdot_vol1\H8\PROD\ATTACHMENTS\COL_REPORT\3466580.pdf,3466580,Dry,18,"MOTOR VEHICLE STRUCK PEDALCYCLIST, FRONT END AT ANGLE",11229018,11805,0,2,Injury Collision,Y,45,Bicycle,Matched,Y,1,Clear or Partly Cloudy,0,31796,0,N,2011-270456
165670,"""(47.65957519300008, -122.34457937299999)""",124600,124600,Intersection,Cycles,\\sdotnasvfa\sdot_vol1\H8\PROD\ATTACHMENTS\COL_DIAGRAM\18185500.bmp,0,,,0,,12/07/2011 08:00:00 AM +0000,12/7/2011 21:57,1,26818,At Intersection (intersection related),Dark - Street Lights On,WOODLAND PARK AVE N AND N 43RD N ST,0,1,Y,2,\\sdotnasvfa\sdot_vol1\H8\PROD\ATTACHMENTS\COL_REPORT\3562409.pdf,3562409,Dry,18,"MOTOR VEHICLE STRUCK PEDALCYCLIST, FRONT END AT ANGLE",11341002,13659,0,2,Injury Collision,,45,Bicycle,Matched,N,1,Clear or Partly Cloudy,0,0,0,N,2011 393887
165677,"""(47.49962344800008, -122.37790463899995)""",95700,95700,Block,Cycles,\\sdotnasvfa\sdot_vol1\H8\PROD\ATTACHMENTS\COL_DIAGRAM\33516500.bmp,525,,,0,,04/04/2009 07:00:00 AM +0000,4/4/2009,1,,Mid-Block (not related to intersection),Daylight,MARINE VIEW DR SW BETWEEN SW OCEAN VIEW DR AND 35TH AVE SW,0,1,Y,3,\\sdotnasvfa\sdot_vol1\H8\PROD\ATTACHMENTS\COL_REPORT\2792944.pdf,2792944,Dry,51,PEDALCYCLIST STRUCK MOTOR VEHICLE FRONT END AT ANGLE,9094007,11657,1,2b,Serious Injury Collision,,45,Bicycle,Matched,0,1,Clear or Partly Cloudy,0,31380,0,N,2009-113547
165685,"""(47.54263110100004, -122.32748207299994)""",82300,82300,Block,Cycles,\\sdotnasvfa\sdot_vol1\H8\PROD\ATTACHMENTS\COL_DIAGRAM\44214400.bmp,606.5,,,0,,08/05/2008 07:00:00 AM +0000,8/5/2008,1,,Mid-Block (but intersection related),Daylight,EAST MARGINAL WAY S BETWEEN S RIVER ST AND S BRIGHTON ST,0,1,,2,\\sdotnasvfa\sdot_vol1\H8\PROD\ATTACHMENTS\COL_REPORT\2894257.pdf,2894257,Dry,21,"MOTOR VEHICLE STRUCK PEDALCYCLIST, REAR END",8218038,14410,0,2,Injury Collision,,45,Bicycle,Matched,0,1,Clear or Partly Cloudy,0,20579,0,N,08-289824
165917,"""(47.61849175700007, -122.33072296099999)""",204355,204495,Intersection,Cycles,\\sdotnasvfa\sdot_vol1\H8\PROD\ATTACHMENTS\COL_DIAGRAM\77516600.bmp,0, ,,0,,10/09/2015 07:00:00 AM +0000,10/9/2015 5:02,1,29168,At Intersection (intersection related),Dawn,DENNY WAY AND STEWART ST,0,1,,2,\\sdotnasvfa\sdot_vol1\H8\PROD\ATTACHMENTS\COL_REPORT\3613447.pdf,3613447,Dry,51,PEDALCYCLIST STRUCK MOTOR VEHICLE FRONT END AT ANGLE,,10023,0,2,Injury Collision,,45,Bicycle,Matched,N,1,Clear or Partly Cloudy,0,0,0,N,2015-353009
165936,"""(47.618154047000075, -122.32084513599995)""",205275,205435,Block,Cycles,\\sdotnasvfa\sdot_vol1\H8\PROD\ATTACHMENTS\COL_DIAGRAM\54511100.bmp,213, ,,0,,09/30/2015 07:00:00 AM +0000,9/30/2015 10:53,1,,Mid-Block (not related to intersection),Daylight,BROADWAY BETWEEN E HOWELL ST AND E DENNY WAY,0,1,,2,\\sdotnasvfa\sdot_vol1\H8\PROD\ATTACHMENTS\COL_REPORT\3571447.pdf,3571447,Dry,51,PEDALCYCLIST STRUCK MOTOR VEHICLE FRONT END AT ANGLE,,9450,0,2,Injury Collision,,45,Bicycle,Matched,N,1,Overcast,0,0,0,N,15-341981
165949,"""(47.56021698200004, -122.38680395099999)""",205456,205616,Block,Cycles,\\sdotnasvfa\sdot_vol1\H8\PROD\ATTACHMENTS\COL_DIAGRAM\11561900.bmp,325, ,,0,Y,10/23/2015 07:00:00 AM +0000,10/23/2015 19:30,1,,Mid-Block (not related to intersection),Dusk,CALIFORNIA AVE SW BETWEEN SW ALASKA ST AND ERSKINE WAY SW,0,1,,2,\\sdotnasvfa\sdot_vol1\H8\PROD\ATTACHMENTS\COL_REPORT\3731573.pdf,3731573,Dry,56,PEDALCYCLIST STRUCK MOTOR VEHICLE LEFT SIDE SIDESWIPE,,9554,0,2,Injury Collision,,45,Bicycle,Matched,N,1,Clear or Partly Cloudy,0,0,0,N,15-371712
165971,"""(47.579809597000065, -122.32952440699995)""",206786,206986,Block,Cycles,\\sdotnasvfa\sdot_vol1\H8\PROD\ATTACHMENTS\COL_DIAGRAM\78187700.bmp,115, ,,0,Y,11/10/2015 08:00:00 AM +0000,11/10/2015 12:01,1,,Mid-Block (not related to intersection),Daylight,S LANDER ST BETWEEN 3RD AVE S AND 4TH AVE S,0,1,Y,2,\\sdotnasvfa\sdot_vol1\H8\PROD\ATTACHMENTS\COL_REPORT\3587831.pdf,3587831,Dry,18,"MOTOR VEHICLE STRUCK PEDALCYCLIST, FRONT END AT ANGLE",,20625,0,2,Injury Collision,,45,Bicycle,Matched,N,1,Clear or Partly Cloudy,0,0,0,N,2015-393159
166007,"""(47.62735267000005, -122.32922868899999)""",206219,206399,Block,Cycles,\\sdotnasvfa\sdot_vol1\H8\PROD\ATTACHMENTS\COL_DIAGRAM\12181100.bmp,174, ,,0,,11/04/2015 08:00:00 AM +0000,11/4/2015 7:24,1,,Mid-Block (not related to intersection),Daylight,EASTLAKE AVE E BETWEEN ALOHA ST AND WARD ST,0,1,Y,2,\\sdotnasvfa\sdot_vol1\H8\PROD\ATTACHMENTS\COL_REPORT\3736385.pdf,3736385,Dry,18,"MOTOR VEHICLE STRUCK PEDALCYCLIST, FRONT END AT ANGLE",,10169,0,2,Injury Collision,,45,Bicycle,Matched,N,1,Clear or Partly Cloudy,0,0,0,N,15-385944
166038,"""(47.66399488800005, -122.31308797799994)""",204534,204674,Block,Cycles,\\sdotnasvfa\sdot_vol1\H8\PROD\ATTACHMENTS\COL_DIAGRAM\55549500.bmp,330, ,,0,,09/28/2015 07:00:00 AM +0000,9/28/2015 17:30,0,,Mid-Block (not related to intersection),Daylight,UNIVERSITY WAY NE BETWEEN NE 47TH ST AND NE 50TH ST,0,1,,2,\\sdotnasvfa\sdot_vol1\H8\PROD\ATTACHMENTS\COL_REPORT\3775545.pdf,3775545,Unknown,54,PEDALCYCLIST STRUCK MOTOR VEHICLE REAR END,,13223,0,1,Property Damage Only Collision,,45,Bicycle,Matched,N,1,Unknown,0,0,0,Y,2015-353529
166068,"""(47.67578344000003, -122.31192972199995)""",204357,204497,Intersection,Cycles,\\sdotnasvfa\sdot_vol1\H8\PROD\ATTACHMENTS\COL_DIAGRAM\78187700.bmp,0, ,,0,Y,10/09/2015 07:00:00 AM +0000,10/9/2015 12:20,1,24506,At Intersection (intersection related),Dawn,15TH AVE NE AND NE 65TH ST,0,1,,2,\\sdotnasvfa\sdot_vol1\H8\PROD\ATTACHMENTS\COL_REPORT\3695514.pdf,3695514,Wet,18,"MOTOR VEHICLE STRUCK PEDALCYCLIST, FRONT END AT ANGLE",,2048,0,2,Injury Collision,,45,Bicycle,Matched,N,1,Overcast,0,0,0,N,2015-353377